** Drc report for FOBtool_HW.kicad_pcb **
** Created on 2026-10-06T22:52:58 **
** Report includes: Errors, Warnings **

** Found 886 DRC violations **
[annular_width]: Annular width (board setup constraints min annular width 0.1500 mm; actual 0.1250 mm)
    Rule: board setup constraints; error
    @(310.9000 mm, 82.9750 mm): PTH pad A1 [GND] of J7
[annular_width]: Annular width (board setup constraints min annular width 0.1500 mm; actual 0.1250 mm)
    Rule: board setup constraints; error
    @(310.9000 mm, 82.1250 mm): PTH pad A4 [+5V_USB] of J7
[annular_width]: Annular width (board setup constraints min annular width 0.1500 mm; actual 0.1250 mm)
    Rule: board setup constraints; error
    @(310.9000 mm, 81.2750 mm): PTH pad A5 [/WIRED_IO/USBC_CC1] of J7
[annular_width]: Annular width (board setup constraints min annular width 0.1500 mm; actual 0.1250 mm)
    Rule: board setup constraints; error
    @(310.9000 mm, 80.4250 mm): PTH pad A6 [/WIRED_IO/USBC_D_P] of J7
[annular_width]: Annular width (board setup constraints min annular width 0.1500 mm; actual 0.1250 mm)
    Rule: board setup constraints; error
    @(310.9000 mm, 79.5750 mm): PTH pad A7 [/WIRED_IO/USBC_D_N] of J7
[annular_width]: Annular width (board setup constraints min annular width 0.1500 mm; actual 0.1250 mm)
    Rule: board setup constraints; error
    @(310.9000 mm, 78.7250 mm): PTH pad A8 [unconnected-(J7-SBU1-PadA8)] of J7
[annular_width]: Annular width (board setup constraints min annular width 0.1500 mm; actual 0.1250 mm)
    Rule: board setup constraints; error
    @(310.9000 mm, 77.8750 mm): PTH pad A9 [+5V_USB] of J7
[annular_width]: Annular width (board setup constraints min annular width 0.1500 mm; actual 0.1250 mm)
    Rule: board setup constraints; error
    @(310.9000 mm, 77.0250 mm): PTH pad A12 [GND] of J7
[annular_width]: Annular width (board setup constraints min annular width 0.1500 mm; actual 0.1250 mm)
    Rule: board setup constraints; error
    @(312.2500 mm, 77.0250 mm): PTH pad B1 [GND] of J7
[annular_width]: Annular width (board setup constraints min annular width 0.1500 mm; actual 0.1250 mm)
    Rule: board setup constraints; error
    @(312.2500 mm, 77.8750 mm): PTH pad B4 [+5V_USB] of J7
[annular_width]: Annular width (board setup constraints min annular width 0.1500 mm; actual 0.1250 mm)
    Rule: board setup constraints; error
    @(312.2500 mm, 78.7250 mm): PTH pad B5 [/WIRED_IO/USBC_CC2] of J7
[annular_width]: Annular width (board setup constraints min annular width 0.1500 mm; actual 0.1250 mm)
    Rule: board setup constraints; error
    @(312.2500 mm, 79.5750 mm): PTH pad B6 [/WIRED_IO/USBC_D_P] of J7
[annular_width]: Annular width (board setup constraints min annular width 0.1500 mm; actual 0.1250 mm)
    Rule: board setup constraints; error
    @(312.2500 mm, 80.4250 mm): PTH pad B7 [/WIRED_IO/USBC_D_N] of J7
[annular_width]: Annular width (board setup constraints min annular width 0.1500 mm; actual 0.1250 mm)
    Rule: board setup constraints; error
    @(312.2500 mm, 81.2750 mm): PTH pad B8 [unconnected-(J7-SBU2-PadB8)] of J7
[annular_width]: Annular width (board setup constraints min annular width 0.1500 mm; actual 0.1250 mm)
    Rule: board setup constraints; error
    @(312.2500 mm, 82.1250 mm): PTH pad B9 [+5V_USB] of J7
[annular_width]: Annular width (board setup constraints min annular width 0.1500 mm; actual 0.1250 mm)
    Rule: board setup constraints; error
    @(312.2500 mm, 82.9750 mm): PTH pad B12 [GND] of J7
[annular_width]: Annular width (board setup constraints min annular width 0.1500 mm; actual 0.0500 mm)
    Rule: board setup constraints; error
    @(269.6400 mm, 65.3000 mm): PTH pad V1 [GND] of U14
[annular_width]: Annular width (board setup constraints min annular width 0.1500 mm; actual 0.0500 mm)
    Rule: board setup constraints; error
    @(269.0000 mm, 65.3000 mm): PTH pad V2 [GND] of U14
[annular_width]: Annular width (board setup constraints min annular width 0.1500 mm; actual 0.0500 mm)
    Rule: board setup constraints; error
    @(268.3600 mm, 65.3000 mm): PTH pad V3 [GND] of U14
[annular_width]: Annular width (board setup constraints min annular width 0.1500 mm; actual 0.0500 mm)
    Rule: board setup constraints; error
    @(285.6400 mm, 65.2000 mm): PTH pad V1 [GND] of U17
[annular_width]: Annular width (board setup constraints min annular width 0.1500 mm; actual 0.0500 mm)
    Rule: board setup constraints; error
    @(285.0000 mm, 65.2000 mm): PTH pad V2 [GND] of U17
[annular_width]: Annular width (board setup constraints min annular width 0.1500 mm; actual 0.0500 mm)
    Rule: board setup constraints; error
    @(284.3600 mm, 65.2000 mm): PTH pad V3 [GND] of U17
[clearance]: Clearance violation ( clearance 0.2000 mm; actual 0.1650 mm)
    Local override; error
    @(289.2500 mm, 141.5650 mm): Pad 1 [/POWER/VSYS] of U23 on B.Cu
    @(290.0000 mm, 143.0000 mm): Pad 17 [GND] of U23 on B.Cu
[clearance]: Clearance violation ( clearance 0.2000 mm; actual 0.1650 mm)
    Local override; error
    @(289.7500 mm, 141.5650 mm): Pad 2 [/POWER/VSYS] of U23 on B.Cu
    @(290.0000 mm, 143.0000 mm): Pad 17 [GND] of U23 on B.Cu
[clearance]: Clearance violation ( clearance 0.2000 mm; actual 0.1650 mm)
    Local override; error
    @(290.2500 mm, 141.5650 mm): Pad 3 [/POWER/VSYS] of U23 on B.Cu
    @(290.0000 mm, 143.0000 mm): Pad 17 [GND] of U23 on B.Cu
[clearance]: Clearance violation ( clearance 0.2000 mm; actual 0.1650 mm)
    Local override; error
    @(290.7500 mm, 141.5650 mm): Pad 4 [/POWER/BB3V3_EN] of U23 on B.Cu
    @(290.0000 mm, 143.0000 mm): Pad 17 [GND] of U23 on B.Cu
[clearance]: Clearance violation ( clearance 0.2000 mm; actual 0.1650 mm)
    Local override; error
    @(291.4350 mm, 142.2500 mm): Pad 5 [/POWER/VSYS] of U23 on B.Cu
    @(290.0000 mm, 143.0000 mm): Pad 17 [GND] of U23 on B.Cu
[clearance]: Clearance violation ( clearance 0.2000 mm; actual 0.1650 mm)
    Local override; error
    @(291.4350 mm, 142.7500 mm): Pad 6 [/POWER/BB3V3_RT] of U23 on B.Cu
    @(290.0000 mm, 143.0000 mm): Pad 17 [GND] of U23 on B.Cu
[clearance]: Clearance violation ( clearance 0.2000 mm; actual 0.1650 mm)
    Local override; error
    @(291.4350 mm, 143.7500 mm): Pad 8 [/POWER/VSYS] of U23 on B.Cu
    @(290.0000 mm, 143.0000 mm): Pad 17 [GND] of U23 on B.Cu
[clearance]: Clearance violation ( clearance 0.2000 mm; actual 0.1650 mm)
    Local override; error
    @(290.7500 mm, 144.4350 mm): Pad 9 [/POWER/BB3V3_FB] of U23 on B.Cu
    @(290.0000 mm, 143.0000 mm): Pad 17 [GND] of U23 on B.Cu
[clearance]: Clearance violation ( clearance 0.2000 mm; actual 0.1650 mm)
    Local override; error
    @(290.2500 mm, 144.4350 mm): Pad 10 [/POWER/BB3V3_VC] of U23 on B.Cu
    @(290.0000 mm, 143.0000 mm): Pad 17 [GND] of U23 on B.Cu
[clearance]: Clearance violation ( clearance 0.2000 mm; actual 0.1650 mm)
    Local override; error
    @(289.7500 mm, 144.4350 mm): Pad 11 [+3V3] of U23 on B.Cu
    @(290.0000 mm, 143.0000 mm): Pad 17 [GND] of U23 on B.Cu
[clearance]: Clearance violation ( clearance 0.2000 mm; actual 0.1650 mm)
    Local override; error
    @(289.2500 mm, 144.4350 mm): Pad 12 [+3V3] of U23 on B.Cu
    @(290.0000 mm, 143.0000 mm): Pad 17 [GND] of U23 on B.Cu
[clearance]: Clearance violation ( clearance 0.2000 mm; actual 0.1650 mm)
    Local override; error
    @(288.5650 mm, 143.7500 mm): Pad 13 [/POWER/BB3V3_SW2] of U23 on B.Cu
    @(290.0000 mm, 143.0000 mm): Pad 17 [GND] of U23 on B.Cu
[clearance]: Clearance violation ( clearance 0.2000 mm; actual 0.1650 mm)
    Local override; error
    @(288.5650 mm, 142.2500 mm): Pad 16 [/POWER/BB3V3_SW1] of U23 on B.Cu
    @(290.0000 mm, 143.0000 mm): Pad 17 [GND] of U23 on B.Cu
[clearance]: Clearance violation ( clearance 0.2000 mm; actual 0.1500 mm)
    Local override; error
    @(277.8000 mm, 151.1000 mm): Pad 1 [/SUB_GHZ_RF/CC1101_B_POSTPA_868_LPF_OUT] of U30 on F.Cu
    @(277.8000 mm, 151.5000 mm): Pad 2 [GND] of U30 on F.Cu
[clearance]: Clearance violation ( clearance 0.2000 mm; actual 0.1500 mm)
    Local override; error
    @(277.8000 mm, 151.1000 mm): Pad 1 [/SUB_GHZ_RF/CC1101_B_POSTPA_868_LPF_OUT] of U30 on F.Cu
    @(278.2000 mm, 151.1000 mm): Pad 6 [/SUB_GHZ_RF/RFX_SAW_B_SEL1] of U30 on F.Cu
[clearance]: Clearance violation ( clearance 0.2000 mm; actual 0.1500 mm)
    Local override; error
    @(277.8000 mm, 151.5000 mm): Pad 2 [GND] of U30 on F.Cu
    @(278.2000 mm, 151.5000 mm): Pad 5 [/SUB_GHZ_RF/CC1101_B_POSTPA_SW_OUT] of U30 on F.Cu
[clearance]: Clearance violation ( clearance 0.2000 mm; actual 0.1500 mm)
    Local override; error
    @(277.8000 mm, 151.5000 mm): Pad 2 [GND] of U30 on F.Cu
    @(277.8000 mm, 151.9000 mm): Pad 3 [/SUB_GHZ_RF/CC1101_B_POSTPA_315_LPF_OUT] of U30 on F.Cu
[clearance]: Clearance violation ( clearance 0.2000 mm; actual 0.1500 mm)
    Local override; error
    @(277.8000 mm, 151.9000 mm): Pad 3 [/SUB_GHZ_RF/CC1101_B_POSTPA_315_LPF_OUT] of U30 on F.Cu
    @(278.2000 mm, 151.9000 mm): Pad 4 [/SUB_GHZ_RF/VCC_CC1101_B] of U30 on F.Cu
[clearance]: Clearance violation ( clearance 0.2000 mm; actual 0.1500 mm)
    Local override; error
    @(278.2000 mm, 151.9000 mm): Pad 4 [/SUB_GHZ_RF/VCC_CC1101_B] of U30 on F.Cu
    @(278.2000 mm, 151.5000 mm): Pad 5 [/SUB_GHZ_RF/CC1101_B_POSTPA_SW_OUT] of U30 on F.Cu
[clearance]: Clearance violation ( clearance 0.2000 mm; actual 0.1500 mm)
    Local override; error
    @(278.2000 mm, 151.5000 mm): Pad 5 [/SUB_GHZ_RF/CC1101_B_POSTPA_SW_OUT] of U30 on F.Cu
    @(278.2000 mm, 151.1000 mm): Pad 6 [/SUB_GHZ_RF/RFX_SAW_B_SEL1] of U30 on F.Cu
[clearance]: Clearance violation ( clearance 0.2000 mm; actual 0.1500 mm)
    Local override; error
    @(265.0000 mm, 158.1000 mm): Pad 2 [GND] of U31 on F.Cu
    @(265.4000 mm, 158.1000 mm): Pad 1 [/SUB_GHZ_RF/CC1101_B_POSTPA_SW_OUT] of U31 on F.Cu
[clearance]: Clearance violation ( clearance 0.2000 mm; actual 0.1500 mm)
    Local override; error
    @(288.7000 mm, 73.1000 mm): Pad 1 [/SUB_GHZ_RF/VCC_CC1101_C] of U21 on F.Cu
    @(288.7000 mm, 73.5000 mm): Pad 2 [/SUB_GHZ_RF/RFX_SAW_C_SEL1] of U21 on F.Cu
[clearance]: Clearance violation ( clearance 0.2000 mm; actual 0.1500 mm)
    Local override; error
    @(264.6000 mm, 158.1000 mm): Pad 3 [/SUB_GHZ_RF/CC1101_B_POSTPA_433_LPF_OUT] of U31 on F.Cu
    @(265.0000 mm, 158.1000 mm): Pad 2 [GND] of U31 on F.Cu
[clearance]: Clearance violation ( clearance 0.2000 mm; actual 0.1500 mm)
    Local override; error
    @(288.7000 mm, 73.5000 mm): Pad 2 [/SUB_GHZ_RF/RFX_SAW_C_SEL1] of U21 on F.Cu
    @(288.7000 mm, 73.9000 mm): Pad 3 [/SUB_GHZ_RF/RFX_SAW_C_SEL0] of U21 on F.Cu
[clearance]: Clearance violation ( clearance 0.2000 mm; actual 0.1500 mm)
    Local override; error
    @(289.1000 mm, 73.9000 mm): Pad 4 [/SUB_GHZ_RF/CC1101_C_868_PRE_FILT] of U21 on F.Cu
    @(288.7000 mm, 73.9000 mm): Pad 3 [/SUB_GHZ_RF/RFX_SAW_C_SEL0] of U21 on F.Cu
[clearance]: Clearance violation ( clearance 0.2000 mm; actual 0.1500 mm)
    Local override; error
    @(264.6000 mm, 158.5000 mm): Pad 4 [/SUB_GHZ_RF/VCC_CC1101_B] of U31 on F.Cu
    @(264.6000 mm, 158.1000 mm): Pad 3 [/SUB_GHZ_RF/CC1101_B_POSTPA_433_LPF_OUT] of U31 on F.Cu
[clearance]: Clearance violation ( clearance 0.2000 mm; actual 0.1500 mm)
    Local override; error
    @(265.0000 mm, 158.5000 mm): Pad 5 [/SUB_GHZ_RF/CC1101_B_SMA2_FE] of U31 on F.Cu
    @(265.0000 mm, 158.1000 mm): Pad 2 [GND] of U31 on F.Cu
[clearance]: Clearance violation ( clearance 0.2000 mm; actual 0.1500 mm)
    Local override; error
    @(289.5000 mm, 73.9000 mm): Pad 5 [/SUB_GHZ_RF/CC1101_C_315_PRE_FILT] of U21 on F.Cu
    @(289.1000 mm, 73.9000 mm): Pad 4 [/SUB_GHZ_RF/CC1101_C_868_PRE_FILT] of U21 on F.Cu
[clearance]: Clearance violation ( clearance 0.2000 mm; actual 0.1800 mm)
    Local override; error
    @(257.7500 mm, 125.4300 mm): Pad 1 [/POSITIONING/UWB_ANT2_PORT] of R143 on F.Cu
    @(257.7500 mm, 126.0700 mm): Pad 2 [/POSITIONING/UWB_ANT2_FTE] of R143 on F.Cu
[clearance]: Clearance violation ( clearance 0.2000 mm; actual 0.1500 mm)
    Local override; error
    @(265.0000 mm, 158.5000 mm): Pad 5 [/SUB_GHZ_RF/CC1101_B_SMA2_FE] of U31 on F.Cu
    @(264.6000 mm, 158.5000 mm): Pad 4 [/SUB_GHZ_RF/VCC_CC1101_B] of U31 on F.Cu
[clearance]: Clearance violation ( clearance 0.2000 mm; actual 0.1500 mm)
    Local override; error
    @(265.4000 mm, 158.5000 mm): Pad 6 [/SUB_GHZ_RF/RFX_SAW_B_SEL0] of U31 on F.Cu
    @(265.4000 mm, 158.1000 mm): Pad 1 [/SUB_GHZ_RF/CC1101_B_POSTPA_SW_OUT] of U31 on F.Cu
[clearance]: Clearance violation ( clearance 0.2000 mm; actual 0.1500 mm)
    Local override; error
    @(289.5000 mm, 73.5000 mm): Pad 6 [/SUB_GHZ_RF/CC1101_C_PRE_SAW_IN] of U21 on F.Cu
    @(289.5000 mm, 73.9000 mm): Pad 5 [/SUB_GHZ_RF/CC1101_C_315_PRE_FILT] of U21 on F.Cu
[clearance]: Clearance violation ( clearance 0.2000 mm; actual 0.1500 mm)
    Local override; error
    @(267.0000 mm, 107.5000 mm): Pad 1 [/SUB_GHZ_RF/VCC_CC1101_B] of U20 on F.Cu
    @(267.0000 mm, 107.9000 mm): Pad 2 [/SUB_GHZ_RF/RFX_SAW_B_SEL1] of U20 on F.Cu
[clearance]: Clearance violation ( clearance 0.2000 mm; actual 0.1500 mm)
    Local override; error
    @(265.4000 mm, 158.5000 mm): Pad 6 [/SUB_GHZ_RF/RFX_SAW_B_SEL0] of U31 on F.Cu
    @(265.0000 mm, 158.5000 mm): Pad 5 [/SUB_GHZ_RF/CC1101_B_SMA2_FE] of U31 on F.Cu
[clearance]: Clearance violation ( clearance 0.2000 mm; actual 0.1500 mm)
    Local override; error
    @(289.5000 mm, 73.1000 mm): Pad 7 [/SUB_GHZ_RF/CC1101_C_433_PRE_FILT] of U21 on F.Cu
    @(289.5000 mm, 73.5000 mm): Pad 6 [/SUB_GHZ_RF/CC1101_C_PRE_SAW_IN] of U21 on F.Cu
[clearance]: Clearance violation ( clearance 0.2000 mm; actual 0.1500 mm)
    Local override; error
    @(267.0000 mm, 107.5000 mm): Pad 1 [/SUB_GHZ_RF/VCC_CC1101_B] of U20 on F.Cu
    @(267.4000 mm, 107.5000 mm): Pad 8 [GND] of U20 on F.Cu
[clearance]: Clearance violation ( clearance 0.2000 mm; actual 0.1500 mm)
    Local override; error
    @(289.1000 mm, 73.1000 mm): Pad 8 [GND] of U21 on F.Cu
    @(289.5000 mm, 73.1000 mm): Pad 7 [/SUB_GHZ_RF/CC1101_C_433_PRE_FILT] of U21 on F.Cu
[clearance]: Clearance violation ( clearance 0.2000 mm; actual 0.1500 mm)
    Local override; error
    @(267.0000 mm, 107.9000 mm): Pad 2 [/SUB_GHZ_RF/RFX_SAW_B_SEL1] of U20 on F.Cu
    @(267.0000 mm, 108.3000 mm): Pad 3 [/SUB_GHZ_RF/RFX_SAW_B_SEL0] of U20 on F.Cu
[clearance]: Clearance violation ( clearance 0.2000 mm; actual 0.1500 mm)
    Local override; error
    @(289.1000 mm, 73.1000 mm): Pad 8 [GND] of U21 on F.Cu
    @(288.7000 mm, 73.1000 mm): Pad 1 [/SUB_GHZ_RF/VCC_CC1101_C] of U21 on F.Cu
[clearance]: Clearance violation ( clearance 0.2000 mm; actual 0.1500 mm)
    Local override; error
    @(267.0000 mm, 108.3000 mm): Pad 3 [/SUB_GHZ_RF/RFX_SAW_B_SEL0] of U20 on F.Cu
    @(267.4000 mm, 108.3000 mm): Pad 4 [/SUB_GHZ_RF/CC1101_B_868_PRE_FILT] of U20 on F.Cu
[clearance]: Clearance violation ( clearance 0.2000 mm; actual 0.1500 mm)
    Local override; error
    @(267.4000 mm, 108.3000 mm): Pad 4 [/SUB_GHZ_RF/CC1101_B_868_PRE_FILT] of U20 on F.Cu
    @(267.8000 mm, 108.3000 mm): Pad 5 [/SUB_GHZ_RF/CC1101_B_315_PRE_FILT] of U20 on F.Cu
[clearance]: Clearance violation ( clearance 0.2000 mm; actual 0.1500 mm)
    Local override; error
    @(267.8000 mm, 108.3000 mm): Pad 5 [/SUB_GHZ_RF/CC1101_B_315_PRE_FILT] of U20 on F.Cu
    @(267.8000 mm, 107.9000 mm): Pad 6 [/SUB_GHZ_RF/CC1101_B_PRE_SAW_IN] of U20 on F.Cu
[clearance]: Clearance violation ( clearance 0.2000 mm; actual 0.1500 mm)
    Local override; error
    @(285.1000 mm, 156.2000 mm): Pad 1 [/SUB_GHZ_RF/SI4463_TX_SWITCH_RF] of U7 on F.Cu
    @(284.7000 mm, 156.2000 mm): Pad 2 [GND] of U7 on F.Cu
[clearance]: Clearance violation ( clearance 0.2000 mm; actual 0.1500 mm)
    Local override; error
    @(267.8000 mm, 107.9000 mm): Pad 6 [/SUB_GHZ_RF/CC1101_B_PRE_SAW_IN] of U20 on F.Cu
    @(267.8000 mm, 107.5000 mm): Pad 7 [/SUB_GHZ_RF/CC1101_B_433_PRE_FILT] of U20 on F.Cu
[clearance]: Clearance violation ( clearance 0.2000 mm; actual 0.1500 mm)
    Local override; error
    @(267.8000 mm, 107.5000 mm): Pad 7 [/SUB_GHZ_RF/CC1101_B_433_PRE_FILT] of U20 on F.Cu
    @(267.4000 mm, 107.5000 mm): Pad 8 [GND] of U20 on F.Cu
[clearance]: Clearance violation ( clearance 0.2000 mm; actual 0.1500 mm)
    Local override; error
    @(285.1000 mm, 156.2000 mm): Pad 1 [/SUB_GHZ_RF/SI4463_TX_SWITCH_RF] of U7 on F.Cu
    @(285.1000 mm, 156.6000 mm): Pad 6 [/SUB_GHZ_RF/SI4463_TRSW_CTRL] of U7 on F.Cu
[clearance]: Clearance violation ( clearance 0.2000 mm; actual 0.1500 mm)
    Local override; error
    @(284.7000 mm, 156.2000 mm): Pad 2 [GND] of U7 on F.Cu
    @(284.3000 mm, 156.2000 mm): Pad 3 [/SUB_GHZ_RF/SI4463_RX_SWITCH_RF] of U7 on F.Cu
[clearance]: Clearance violation ( clearance 0.2000 mm; actual 0.1750 mm)
    Local override; error
    @(263.2875 mm, 158.9500 mm): Pad 1 [GND] of D2 on F.Cu
    @(263.7125 mm, 158.9500 mm): Pad 2 [/SUB_GHZ_RF/CC1101_B_SMA2_FE] of D2 on F.Cu
[clearance]: Clearance violation ( clearance 0.2000 mm; actual 0.1500 mm)
    Local override; error
    @(284.7000 mm, 156.2000 mm): Pad 2 [GND] of U7 on F.Cu
    @(284.7000 mm, 156.6000 mm): Pad 5 [/SUB_GHZ_RF/SI4463_ANT_RF] of U7 on F.Cu
[clearance]: Clearance violation ( clearance 0.2000 mm; actual 0.1500 mm)
    Local override; error
    @(281.4000 mm, 73.1000 mm): Pad 1 [/SUB_GHZ_RF/VCC_CC1101_C] of U18 on F.Cu
    @(281.4000 mm, 73.5000 mm): Pad 2 [/SUB_GHZ_RF/RFX_SAW_C_SEL1] of U18 on F.Cu
[clearance]: Clearance violation ( clearance 0.2000 mm; actual 0.1500 mm)
    Local override; error
    @(284.3000 mm, 156.2000 mm): Pad 3 [/SUB_GHZ_RF/SI4463_RX_SWITCH_RF] of U7 on F.Cu
    @(284.3000 mm, 156.6000 mm): Pad 4 [/SUB_GHZ_RF/VCC_SI4463] of U7 on F.Cu
[clearance]: Clearance violation ( clearance 0.2000 mm; actual 0.1500 mm)
    Local override; error
    @(284.3000 mm, 156.6000 mm): Pad 4 [/SUB_GHZ_RF/VCC_SI4463] of U7 on F.Cu
    @(284.7000 mm, 156.6000 mm): Pad 5 [/SUB_GHZ_RF/SI4463_ANT_RF] of U7 on F.Cu
[clearance]: Clearance violation ( clearance 0.2000 mm; actual 0.1500 mm)
    Local override; error
    @(281.4000 mm, 73.1000 mm): Pad 1 [/SUB_GHZ_RF/VCC_CC1101_C] of U18 on F.Cu
    @(281.8000 mm, 73.1000 mm): Pad 8 [GND] of U18 on F.Cu
[clearance]: Clearance violation ( clearance 0.2000 mm; actual 0.1500 mm)
    Local override; error
    @(285.1000 mm, 156.6000 mm): Pad 6 [/SUB_GHZ_RF/SI4463_TRSW_CTRL] of U7 on F.Cu
    @(284.7000 mm, 156.6000 mm): Pad 5 [/SUB_GHZ_RF/SI4463_ANT_RF] of U7 on F.Cu
[clearance]: Clearance violation ( clearance 0.2000 mm; actual 0.1500 mm)
    Local override; error
    @(281.4000 mm, 73.5000 mm): Pad 2 [/SUB_GHZ_RF/RFX_SAW_C_SEL1] of U18 on F.Cu
    @(281.4000 mm, 73.9000 mm): Pad 3 [/SUB_GHZ_RF/RFX_SAW_C_SEL0] of U18 on F.Cu
[clearance]: Clearance violation ( clearance 0.2000 mm; actual 0.1500 mm)
    Local override; error
    @(281.4000 mm, 73.9000 mm): Pad 3 [/SUB_GHZ_RF/RFX_SAW_C_SEL0] of U18 on F.Cu
    @(281.8000 mm, 73.9000 mm): Pad 4 [/SUB_GHZ_RF/CC1101_C_868_POST_FILT] of U18 on F.Cu
[clearance]: Clearance violation ( clearance 0.2000 mm; actual 0.1500 mm)
    Local override; error
    @(281.8000 mm, 73.9000 mm): Pad 4 [/SUB_GHZ_RF/CC1101_C_868_POST_FILT] of U18 on F.Cu
    @(282.2000 mm, 73.9000 mm): Pad 5 [/SUB_GHZ_RF/CC1101_C_315_POST_FILT] of U18 on F.Cu
[clearance]: Clearance violation ( clearance 0.2000 mm; actual 0.1500 mm)
    Local override; error
    @(282.2000 mm, 73.5000 mm): Pad 6 [/SUB_GHZ_RF/CC1101_C_LNA_OUT] of U18 on F.Cu
    @(282.2000 mm, 73.1000 mm): Pad 7 [/SUB_GHZ_RF/CC1101_C_433_POST_FILT] of U18 on F.Cu
[clearance]: Clearance violation ( clearance 0.2000 mm; actual 0.1500 mm)
    Local override; error
    @(282.2000 mm, 73.5000 mm): Pad 6 [/SUB_GHZ_RF/CC1101_C_LNA_OUT] of U18 on F.Cu
    @(282.2000 mm, 73.9000 mm): Pad 5 [/SUB_GHZ_RF/CC1101_C_315_POST_FILT] of U18 on F.Cu
[clearance]: Clearance violation ( clearance 0.2000 mm; actual 0.1500 mm)
    Local override; error
    @(282.2000 mm, 73.1000 mm): Pad 7 [/SUB_GHZ_RF/CC1101_C_433_POST_FILT] of U18 on F.Cu
    @(281.8000 mm, 73.1000 mm): Pad 8 [GND] of U18 on F.Cu
[clearance]: Clearance violation ( clearance 0.2000 mm; actual 0.1500 mm)
    Local override; error
    @(260.1000 mm, 73.5000 mm): Pad 1 [/SUB_GHZ_RF/VCC_CC1101_A] of U9 on F.Cu
    @(260.1000 mm, 73.9000 mm): Pad 2 [/SUB_GHZ_RF/RFX_SAW_A_SEL1] of U9 on F.Cu
[clearance]: Clearance violation ( clearance 0.2000 mm; actual 0.1500 mm)
    Local override; error
    @(260.1000 mm, 73.5000 mm): Pad 1 [/SUB_GHZ_RF/VCC_CC1101_A] of U9 on F.Cu
    @(260.5000 mm, 73.5000 mm): Pad 8 [GND] of U9 on F.Cu
[clearance]: Clearance violation ( clearance 0.2000 mm; actual 0.1500 mm)
    Local override; error
    @(260.1000 mm, 73.9000 mm): Pad 2 [/SUB_GHZ_RF/RFX_SAW_A_SEL1] of U9 on F.Cu
    @(260.1000 mm, 74.3000 mm): Pad 3 [/SUB_GHZ_RF/RFX_SAW_A_SEL0] of U9 on F.Cu
[clearance]: Clearance violation ( clearance 0.2000 mm; actual 0.1500 mm)
    Local override; error
    @(260.1000 mm, 74.3000 mm): Pad 3 [/SUB_GHZ_RF/RFX_SAW_A_SEL0] of U9 on F.Cu
    @(260.5000 mm, 74.3000 mm): Pad 4 [/SUB_GHZ_RF/CC1101_A_868_POST_FILT] of U9 on F.Cu
[clearance]: Clearance violation ( clearance 0.2000 mm; actual 0.1500 mm)
    Local override; error
    @(260.5000 mm, 74.3000 mm): Pad 4 [/SUB_GHZ_RF/CC1101_A_868_POST_FILT] of U9 on F.Cu
    @(260.9000 mm, 74.3000 mm): Pad 5 [/SUB_GHZ_RF/CC1101_A_315_POST_FILT] of U9 on F.Cu
[clearance]: Clearance violation ( clearance 0.2000 mm; actual 0.1500 mm)
    Local override; error
    @(267.6000 mm, 152.1000 mm): Pad 1 [/SUB_GHZ_RF/CC1101_B_POSTPA_SW_IN] of U28 on F.Cu
    @(267.6000 mm, 151.7000 mm): Pad 2 [GND] of U28 on F.Cu
[clearance]: Clearance violation ( clearance 0.2000 mm; actual 0.1500 mm)
    Local override; error
    @(260.9000 mm, 74.3000 mm): Pad 5 [/SUB_GHZ_RF/CC1101_A_315_POST_FILT] of U9 on F.Cu
    @(260.9000 mm, 73.9000 mm): Pad 6 [/SUB_GHZ_RF/CC1101_A_BAND_OUT] of U9 on F.Cu
[clearance]: Clearance violation ( clearance 0.2000 mm; actual 0.1500 mm)
    Local override; error
    @(267.6000 mm, 152.1000 mm): Pad 1 [/SUB_GHZ_RF/CC1101_B_POSTPA_SW_IN] of U28 on F.Cu
    @(267.2000 mm, 152.1000 mm): Pad 6 [/SUB_GHZ_RF/RFX_SAW_B_SEL0] of U28 on F.Cu
[clearance]: Clearance violation ( clearance 0.2000 mm; actual 0.1800 mm)
    Local override; error
    @(257.7500 mm, 143.4300 mm): Pad 1 [/POSITIONING/UWB_ANT1_PORT] of R142 on F.Cu
    @(257.7500 mm, 144.0700 mm): Pad 2 [/POSITIONING/UWB_ANT1_FTE] of R142 on F.Cu
[clearance]: Clearance violation ( clearance 0.2000 mm; actual 0.1500 mm)
    Local override; error
    @(267.6000 mm, 151.7000 mm): Pad 2 [GND] of U28 on F.Cu
    @(267.6000 mm, 151.3000 mm): Pad 3 [/SUB_GHZ_RF/CC1101_B_POSTPA_433_LPF_IN] of U28 on F.Cu
[clearance]: Clearance violation ( clearance 0.2000 mm; actual 0.1500 mm)
    Local override; error
    @(259.7000 mm, 108.8000 mm): Pad 2 [/SUB_GHZ_RF/RFX_SAW_B_SEL1] of U19 on F.Cu
    @(259.7000 mm, 108.4000 mm): Pad 1 [/SUB_GHZ_RF/VCC_CC1101_B] of U19 on F.Cu
[clearance]: Clearance violation ( clearance 0.2000 mm; actual 0.1500 mm)
    Local override; error
    @(259.7000 mm, 109.2000 mm): Pad 3 [/SUB_GHZ_RF/RFX_SAW_B_SEL0] of U19 on F.Cu
    @(259.7000 mm, 108.8000 mm): Pad 2 [/SUB_GHZ_RF/RFX_SAW_B_SEL1] of U19 on F.Cu
[clearance]: Clearance violation ( clearance 0.2000 mm; actual 0.1500 mm)
    Local override; error
    @(267.6000 mm, 151.7000 mm): Pad 2 [GND] of U28 on F.Cu
    @(267.2000 mm, 151.7000 mm): Pad 5 [/SUB_GHZ_RF/CC1101_B_PA_RAW_OUT] of U28 on F.Cu
[clearance]: Clearance violation ( clearance 0.2000 mm; actual 0.1500 mm)
    Local override; error
    @(260.1000 mm, 109.2000 mm): Pad 4 [/SUB_GHZ_RF/CC1101_B_868_POST_FILT] of U19 on F.Cu
    @(259.7000 mm, 109.2000 mm): Pad 3 [/SUB_GHZ_RF/RFX_SAW_B_SEL0] of U19 on F.Cu
[clearance]: Clearance violation ( clearance 0.2000 mm; actual 0.1500 mm)
    Local override; error
    @(260.9000 mm, 73.9000 mm): Pad 6 [/SUB_GHZ_RF/CC1101_A_BAND_OUT] of U9 on F.Cu
    @(260.9000 mm, 73.5000 mm): Pad 7 [/SUB_GHZ_RF/CC1101_A_433_POST_FILT] of U9 on F.Cu
[clearance]: Clearance violation ( clearance 0.2000 mm; actual 0.1500 mm)
    Local override; error
    @(267.6000 mm, 151.3000 mm): Pad 3 [/SUB_GHZ_RF/CC1101_B_POSTPA_433_LPF_IN] of U28 on F.Cu
    @(267.2000 mm, 151.3000 mm): Pad 4 [/SUB_GHZ_RF/VCC_CC1101_B] of U28 on F.Cu
[clearance]: Clearance violation ( clearance 0.2000 mm; actual 0.1500 mm)
    Local override; error
    @(260.9000 mm, 73.5000 mm): Pad 7 [/SUB_GHZ_RF/CC1101_A_433_POST_FILT] of U9 on F.Cu
    @(260.5000 mm, 73.5000 mm): Pad 8 [GND] of U9 on F.Cu
[clearance]: Clearance violation ( clearance 0.2000 mm; actual 0.1500 mm)
    Local override; error
    @(260.5000 mm, 109.2000 mm): Pad 5 [/SUB_GHZ_RF/CC1101_B_315_POST_FILT] of U19 on F.Cu
    @(260.1000 mm, 109.2000 mm): Pad 4 [/SUB_GHZ_RF/CC1101_B_868_POST_FILT] of U19 on F.Cu
[clearance]: Clearance violation ( clearance 0.2000 mm; actual 0.1500 mm)
    Local override; error
    @(267.2000 mm, 151.3000 mm): Pad 4 [/SUB_GHZ_RF/VCC_CC1101_B] of U28 on F.Cu
    @(267.2000 mm, 151.7000 mm): Pad 5 [/SUB_GHZ_RF/CC1101_B_PA_RAW_OUT] of U28 on F.Cu
[clearance]: Clearance violation ( clearance 0.2000 mm; actual 0.1500 mm)
    Local override; error
    @(260.5000 mm, 108.8000 mm): Pad 6 [/SUB_GHZ_RF/CC1101_B_BAND_OUT] of U19 on F.Cu
    @(260.5000 mm, 109.2000 mm): Pad 5 [/SUB_GHZ_RF/CC1101_B_315_POST_FILT] of U19 on F.Cu
[clearance]: Clearance violation ( clearance 0.2000 mm; actual 0.1500 mm)
    Local override; error
    @(295.5000 mm, 75.8300 mm): Pad 8 [/SUB_GHZ_RF/CC1101_C_XOSC_Q1] of U5 on F.Cu
    @(295.5000 mm, 77.7000 mm): Pad 21 [GND] of U5 on F.Cu
[clearance]: Clearance violation ( clearance 0.2000 mm; actual 0.1500 mm)
    Local override; error
    @(260.5000 mm, 108.4000 mm): Pad 7 [/SUB_GHZ_RF/CC1101_B_433_POST_FILT] of U19 on F.Cu
    @(260.5000 mm, 108.8000 mm): Pad 6 [/SUB_GHZ_RF/CC1101_B_BAND_OUT] of U19 on F.Cu
[clearance]: Clearance violation ( clearance 0.2000 mm; actual 0.1500 mm)
    Local override; error
    @(260.5000 mm, 108.4000 mm): Pad 7 [/SUB_GHZ_RF/CC1101_B_433_POST_FILT] of U19 on F.Cu
    @(260.1000 mm, 108.4000 mm): Pad 8 [GND] of U19 on F.Cu
[clearance]: Clearance violation ( clearance 0.2000 mm; actual 0.1500 mm)
    Local override; error
    @(260.1000 mm, 108.4000 mm): Pad 8 [GND] of U19 on F.Cu
    @(259.7000 mm, 108.4000 mm): Pad 1 [/SUB_GHZ_RF/VCC_CC1101_B] of U19 on F.Cu
[clearance]: Clearance violation ( clearance 0.2000 mm; actual 0.1500 mm)
    Local override; error
    @(267.2000 mm, 151.7000 mm): Pad 5 [/SUB_GHZ_RF/CC1101_B_PA_RAW_OUT] of U28 on F.Cu
    @(267.2000 mm, 152.1000 mm): Pad 6 [/SUB_GHZ_RF/RFX_SAW_B_SEL0] of U28 on F.Cu
[clearance]: Clearance violation ( clearance 0.2000 mm; actual 0.1500 mm)
    Local override; error
    @(267.6000 mm, 73.5000 mm): Pad 1 [/SUB_GHZ_RF/VCC_CC1101_A] of U8 on F.Cu
    @(267.6000 mm, 73.9000 mm): Pad 2 [/SUB_GHZ_RF/RFX_SAW_A_SEL1] of U8 on F.Cu
[clearance]: Clearance violation ( clearance 0.2000 mm; actual 0.1500 mm)
    Local override; error
    @(295.0000 mm, 75.8300 mm): Pad 9 [/SUB_GHZ_RF/VCC_CC1101_C] of U5 on F.Cu
    @(295.5000 mm, 77.7000 mm): Pad 21 [GND] of U5 on F.Cu
[clearance]: Clearance violation ( clearance 0.2000 mm; actual 0.1500 mm)
    Local override; error
    @(267.6000 mm, 73.9000 mm): Pad 2 [/SUB_GHZ_RF/RFX_SAW_A_SEL1] of U8 on F.Cu
    @(267.6000 mm, 74.3000 mm): Pad 3 [/SUB_GHZ_RF/RFX_SAW_A_SEL0] of U8 on F.Cu
[clearance]: Clearance violation ( clearance 0.2000 mm; actual 0.1500 mm)
    Local override; error
    @(294.5000 mm, 75.8300 mm): Pad 10 [/SUB_GHZ_RF/CC1101_C_XOSC_Q2] of U5 on F.Cu
    @(295.5000 mm, 77.7000 mm): Pad 21 [GND] of U5 on F.Cu
[clearance]: Clearance violation ( clearance 0.2000 mm; actual 0.1500 mm)
    Local override; error
    @(267.6000 mm, 74.3000 mm): Pad 3 [/SUB_GHZ_RF/RFX_SAW_A_SEL0] of U8 on F.Cu
    @(268.0000 mm, 74.3000 mm): Pad 4 [/SUB_GHZ_RF/CC1101_A_868_PRE_FILT] of U8 on F.Cu
[clearance]: Clearance violation ( clearance 0.2000 mm; actual 0.1750 mm)
    Local override; error
    @(263.2875 mm, 59.4000 mm): Pad 1 [GND] of D15 on F.Cu
    @(263.7125 mm, 59.4000 mm): Pad 2 [/SUB_GHZ_RF/CC1101_A_SMA1_PORT] of D15 on F.Cu
[clearance]: Clearance violation ( clearance 0.2000 mm; actual 0.1500 mm)
    Local override; error
    @(293.6300 mm, 76.7000 mm): Pad 11 [/SUB_GHZ_RF/VCC_CC1101_C] of U5 on F.Cu
    @(295.5000 mm, 77.7000 mm): Pad 21 [GND] of U5 on F.Cu
[clearance]: Clearance violation ( clearance 0.2000 mm; actual 0.1500 mm)
    Local override; error
    @(268.0000 mm, 74.3000 mm): Pad 4 [/SUB_GHZ_RF/CC1101_A_868_PRE_FILT] of U8 on F.Cu
    @(268.4000 mm, 74.3000 mm): Pad 5 [/SUB_GHZ_RF/CC1101_A_315_PRE_FILT] of U8 on F.Cu
[clearance]: Clearance violation ( clearance 0.2000 mm; actual 0.1500 mm)
    Local override; error
    @(268.4000 mm, 74.3000 mm): Pad 5 [/SUB_GHZ_RF/CC1101_A_315_PRE_FILT] of U8 on F.Cu
    @(268.4000 mm, 73.9000 mm): Pad 6 [/SUB_GHZ_RF/CC1101_A_PRE_SAW_IN] of U8 on F.Cu
[clearance]: Clearance violation ( clearance 0.2000 mm; actual 0.1500 mm)
    Local override; error
    @(265.8000 mm, 155.0000 mm): Pad 2 [GND] of U29 on F.Cu
    @(265.8000 mm, 154.6000 mm): Pad 1 [/SUB_GHZ_RF/CC1101_B_POSTPA_868_LPF_IN] of U29 on F.Cu
[clearance]: Clearance violation ( clearance 0.2000 mm; actual 0.1500 mm)
    Local override; error
    @(265.8000 mm, 155.0000 mm): Pad 2 [GND] of U29 on F.Cu
    @(265.8000 mm, 155.4000 mm): Pad 3 [/SUB_GHZ_RF/CC1101_B_POSTPA_315_LPF_IN] of U29 on F.Cu
[clearance]: Clearance violation ( clearance 0.2000 mm; actual 0.1500 mm)
    Local override; error
    @(268.4000 mm, 73.5000 mm): Pad 7 [/SUB_GHZ_RF/CC1101_A_433_PRE_FILT] of U8 on F.Cu
    @(268.4000 mm, 73.9000 mm): Pad 6 [/SUB_GHZ_RF/CC1101_A_PRE_SAW_IN] of U8 on F.Cu
[clearance]: Clearance violation ( clearance 0.2000 mm; actual 0.1500 mm)
    Local override; error
    @(293.6300 mm, 77.2000 mm): Pad 12 [/SUB_GHZ_RF/CC1101_C_TRX_DIFF_P] of U5 on F.Cu
    @(295.5000 mm, 77.7000 mm): Pad 21 [GND] of U5 on F.Cu
[clearance]: Clearance violation ( clearance 0.2000 mm; actual 0.1500 mm)
    Local override; error
    @(265.8000 mm, 155.4000 mm): Pad 3 [/SUB_GHZ_RF/CC1101_B_POSTPA_315_LPF_IN] of U29 on F.Cu
    @(266.2000 mm, 155.4000 mm): Pad 4 [/SUB_GHZ_RF/VCC_CC1101_B] of U29 on F.Cu
[clearance]: Clearance violation ( clearance 0.2000 mm; actual 0.1500 mm)
    Local override; error
    @(293.6300 mm, 77.7000 mm): Pad 13 [/SUB_GHZ_RF/CC1101_C_TRX_DIFF_N] of U5 on F.Cu
    @(295.5000 mm, 77.7000 mm): Pad 21 [GND] of U5 on F.Cu
[clearance]: Clearance violation ( clearance 0.2000 mm; actual 0.1500 mm)
    Local override; error
    @(268.4000 mm, 73.5000 mm): Pad 7 [/SUB_GHZ_RF/CC1101_A_433_PRE_FILT] of U8 on F.Cu
    @(268.0000 mm, 73.5000 mm): Pad 8 [GND] of U8 on F.Cu
[clearance]: Clearance violation ( clearance 0.2000 mm; actual 0.1500 mm)
    Local override; error
    @(293.6300 mm, 78.2000 mm): Pad 14 [/SUB_GHZ_RF/VCC_CC1101_C] of U5 on F.Cu
    @(295.5000 mm, 77.7000 mm): Pad 21 [GND] of U5 on F.Cu
[clearance]: Clearance violation ( clearance 0.2000 mm; actual 0.1500 mm)
    Local override; error
    @(268.0000 mm, 73.5000 mm): Pad 8 [GND] of U8 on F.Cu
    @(267.6000 mm, 73.5000 mm): Pad 1 [/SUB_GHZ_RF/VCC_CC1101_A] of U8 on F.Cu
[clearance]: Clearance violation ( clearance 0.2000 mm; actual 0.1500 mm)
    Local override; error
    @(266.2000 mm, 155.0000 mm): Pad 5 [/SUB_GHZ_RF/CC1101_B_POSTPA_SW_IN] of U29 on F.Cu
    @(266.2000 mm, 155.4000 mm): Pad 4 [/SUB_GHZ_RF/VCC_CC1101_B] of U29 on F.Cu
[clearance]: Clearance violation ( clearance 0.2000 mm; actual 0.1500 mm)
    Local override; error
    @(266.2000 mm, 155.0000 mm): Pad 5 [/SUB_GHZ_RF/CC1101_B_POSTPA_SW_IN] of U29 on F.Cu
    @(265.8000 mm, 155.0000 mm): Pad 2 [GND] of U29 on F.Cu
[clearance]: Clearance violation ( clearance 0.2000 mm; actual 0.1500 mm)
    Local override; error
    @(266.2000 mm, 154.6000 mm): Pad 6 [/SUB_GHZ_RF/RFX_SAW_B_SEL1] of U29 on F.Cu
    @(265.8000 mm, 154.6000 mm): Pad 1 [/SUB_GHZ_RF/CC1101_B_POSTPA_868_LPF_IN] of U29 on F.Cu
[clearance]: Clearance violation ( clearance 0.2000 mm; actual 0.1500 mm)
    Local override; error
    @(293.6300 mm, 78.7000 mm): Pad 15 [/SUB_GHZ_RF/VCC_CC1101_C] of U5 on F.Cu
    @(295.5000 mm, 77.7000 mm): Pad 21 [GND] of U5 on F.Cu
[clearance]: Clearance violation ( clearance 0.2000 mm; actual 0.1500 mm)
    Local override; error
    @(266.2000 mm, 154.6000 mm): Pad 6 [/SUB_GHZ_RF/RFX_SAW_B_SEL1] of U29 on F.Cu
    @(266.2000 mm, 155.0000 mm): Pad 5 [/SUB_GHZ_RF/CC1101_B_POSTPA_SW_IN] of U29 on F.Cu
[clearance]: Clearance violation ( clearance 0.2000 mm; actual 0.1500 mm)
    Local override; error
    @(295.0000 mm, 79.5700 mm): Pad 17 [/SUB_GHZ_RF/CC1101_C_RBIAS] of U5 on F.Cu
    @(295.5000 mm, 77.7000 mm): Pad 21 [GND] of U5 on F.Cu
[clearance]: Clearance violation ( clearance 0.2000 mm; actual 0.1500 mm)
    Local override; error
    @(266.8000 mm, 131.0625 mm): Pad 1 [/UWB_IRQ] of U35 on F.Cu
    @(266.4000 mm, 131.0625 mm): Pad 2 [unconnected-(U35-GPIO6-Pad2)] of U35 on F.Cu
[clearance]: Clearance violation ( clearance 0.2000 mm; actual 0.1500 mm)
    Local override; error
    @(266.4000 mm, 131.0625 mm): Pad 2 [unconnected-(U35-GPIO6-Pad2)] of U35 on F.Cu
    @(266.0000 mm, 131.0625 mm): Pad 3 [unconnected-(U35-GPIO0-Pad3)] of U35 on F.Cu
[clearance]: Clearance violation ( clearance 0.2000 mm; actual 0.1500 mm)
    Local override; error
    @(295.5000 mm, 79.5700 mm): Pad 18 [/SUB_GHZ_RF/VCC_CC1101_C] of U5 on F.Cu
    @(295.5000 mm, 77.7000 mm): Pad 21 [GND] of U5 on F.Cu
[clearance]: Clearance violation ( clearance 0.2000 mm; actual 0.1500 mm)
    Local override; error
    @(266.0000 mm, 131.0625 mm): Pad 3 [unconnected-(U35-GPIO0-Pad3)] of U35 on F.Cu
    @(265.6000 mm, 131.0625 mm): Pad 4 [unconnected-(U35-GPIO1-Pad4)] of U35 on F.Cu
[clearance]: Clearance violation ( clearance 0.2000 mm; actual 0.1500 mm)
    Local override; error
    @(265.6000 mm, 131.0625 mm): Pad 4 [unconnected-(U35-GPIO1-Pad4)] of U35 on F.Cu
    @(265.2000 mm, 131.0625 mm): Pad 5 [unconnected-(U35-GPIO5-Pad5)] of U35 on F.Cu
[clearance]: Clearance violation ( clearance 0.2000 mm; actual 0.1500 mm)
    Local override; error
    @(296.5000 mm, 79.5700 mm): Pad 20 [/SPI_MOSI] of U5 on F.Cu
    @(295.5000 mm, 77.7000 mm): Pad 21 [GND] of U5 on F.Cu
[clearance]: Clearance violation ( clearance 0.2000 mm; actual 0.1500 mm)
    Local override; error
    @(295.5000 mm, 77.7000 mm): Pad 21 [GND] of U5 on F.Cu
    @(297.3700 mm, 78.7000 mm): Pad 1 [/SPI_SCK] of U5 on F.Cu
[clearance]: Clearance violation ( clearance 0.2000 mm; actual 0.1500 mm)
    Local override; error
    @(295.5000 mm, 77.7000 mm): Pad 21 [GND] of U5 on F.Cu
    @(297.3700 mm, 78.2000 mm): Pad 2 [/SPI_MISO] of U5 on F.Cu
[clearance]: Clearance violation ( clearance 0.2000 mm; actual 0.1500 mm)
    Local override; error
    @(295.5000 mm, 77.7000 mm): Pad 21 [GND] of U5 on F.Cu
    @(297.3700 mm, 77.7000 mm): Pad 3 [unconnected-(U5-GDO2-Pad3)] of U5 on F.Cu
[clearance]: Clearance violation ( clearance 0.2000 mm; actual 0.1500 mm)
    Local override; error
    @(295.5000 mm, 77.7000 mm): Pad 21 [GND] of U5 on F.Cu
    @(297.3700 mm, 77.2000 mm): Pad 4 [/SUB_GHZ_RF/VCC_CC1101_C] of U5 on F.Cu
[clearance]: Clearance violation ( clearance 0.2000 mm; actual 0.1500 mm)
    Local override; error
    @(295.5000 mm, 77.7000 mm): Pad 21 [GND] of U5 on F.Cu
    @(297.3700 mm, 76.7000 mm): Pad 5 [/SUB_GHZ_RF/CC1101_C_DCOUPL] of U5 on F.Cu
[clearance]: Clearance violation ( clearance 0.2000 mm; actual 0.1500 mm)
    Local override; error
    @(265.2000 mm, 131.0625 mm): Pad 5 [unconnected-(U35-GPIO5-Pad5)] of U35 on F.Cu
    @(264.8000 mm, 131.0625 mm): Pad 6 [unconnected-(U35-GPIO2-Pad6)] of U35 on F.Cu
[clearance]: Clearance violation ( clearance 0.2000 mm; actual 0.1500 mm)
    Local override; error
    @(278.3000 mm, 78.7000 mm): Pad 1 [/SPI_SCK] of U3 on F.Cu
    @(276.4300 mm, 77.7000 mm): Pad 21 [GND] of U3 on F.Cu
[clearance]: Clearance violation ( clearance 0.2000 mm; actual 0.1500 mm)
    Local override; error
    @(295.5000 mm, 77.7000 mm): Pad 21 [GND] of U5 on F.Cu
    @(296.5000 mm, 75.8300 mm): Pad 6 [/CC1101_C_GDO0] of U5 on F.Cu
[clearance]: Clearance violation ( clearance 0.2000 mm; actual 0.1500 mm)
    Local override; error
    @(295.5000 mm, 77.7000 mm): Pad 21 [GND] of U5 on F.Cu
    @(296.0000 mm, 75.8300 mm): Pad 7 [/nCS_CC1101_C] of U5 on F.Cu
[clearance]: Clearance violation ( clearance 0.2000 mm; actual 0.1500 mm)
    Local override; error
    @(264.8000 mm, 131.0625 mm): Pad 6 [unconnected-(U35-GPIO2-Pad6)] of U35 on F.Cu
    @(264.4000 mm, 131.0625 mm): Pad 7 [unconnected-(U35-GPIO3-Pad7)] of U35 on F.Cu
[clearance]: Clearance violation ( clearance 0.2000 mm; actual 0.1500 mm)
    Local override; error
    @(278.3000 mm, 78.2000 mm): Pad 2 [/SPI_MISO] of U3 on F.Cu
    @(276.4300 mm, 77.7000 mm): Pad 21 [GND] of U3 on F.Cu
[clearance]: Clearance violation ( clearance 0.2000 mm; actual 0.1500 mm)
    Local override; error
    @(264.4000 mm, 131.0625 mm): Pad 7 [unconnected-(U35-GPIO3-Pad7)] of U35 on F.Cu
    @(264.0000 mm, 131.0625 mm): Pad 8 [unconnected-(U35-GPIO4-Pad8)] of U35 on F.Cu
[clearance]: Clearance violation ( clearance 0.2000 mm; actual 0.1500 mm)
    Local override; error
    @(264.0000 mm, 131.0625 mm): Pad 8 [unconnected-(U35-GPIO4-Pad8)] of U35 on F.Cu
    @(263.6000 mm, 131.0625 mm): Pad 9 [unconnected-(U35-GPIO7-Pad9)] of U35 on F.Cu
[clearance]: Clearance violation ( clearance 0.2000 mm; actual 0.1500 mm)
    Local override; error
    @(266.1000 mm, 67.1000 mm): Pad 1 [/SUB_GHZ_RF/CC1101_A_PA_IN] of U10 on F.Cu
    @(266.5000 mm, 67.1000 mm): Pad 2 [GND] of U10 on F.Cu
[clearance]: Clearance violation ( clearance 0.2000 mm; actual 0.1500 mm)
    Local override; error
    @(278.3000 mm, 77.7000 mm): Pad 3 [unconnected-(U3-GDO2-Pad3)] of U3 on F.Cu
    @(276.4300 mm, 77.7000 mm): Pad 21 [GND] of U3 on F.Cu
[clearance]: Clearance violation ( clearance 0.2000 mm; actual 0.1500 mm)
    Local override; error
    @(263.6000 mm, 131.0625 mm): Pad 9 [unconnected-(U35-GPIO7-Pad9)] of U35 on F.Cu
    @(263.2000 mm, 131.0625 mm): Pad 10 [GND] of U35 on F.Cu
[clearance]: Clearance violation ( clearance 0.2000 mm; actual 0.1500 mm)
    Local override; error
    @(266.1000 mm, 67.1000 mm): Pad 1 [/SUB_GHZ_RF/CC1101_A_PA_IN] of U10 on F.Cu
    @(266.1000 mm, 66.7000 mm): Pad 6 [/RF_SW_A] of U10 on F.Cu
[clearance]: Clearance violation ( clearance 0.2000 mm; actual 0.1500 mm)
    Local override; error
    @(266.5000 mm, 67.1000 mm): Pad 2 [GND] of U10 on F.Cu
    @(266.9000 mm, 67.1000 mm): Pad 3 [/SUB_GHZ_RF/CC1101_A_LNA_OUT] of U10 on F.Cu
[clearance]: Clearance violation ( clearance 0.2000 mm; actual 0.1500 mm)
    Local override; error
    @(278.3000 mm, 77.2000 mm): Pad 4 [/SUB_GHZ_RF/VCC_CC1101_A] of U3 on F.Cu
    @(276.4300 mm, 77.7000 mm): Pad 21 [GND] of U3 on F.Cu
[clearance]: Clearance violation ( clearance 0.2000 mm; actual 0.1500 mm)
    Local override; error
    @(266.5000 mm, 67.1000 mm): Pad 2 [GND] of U10 on F.Cu
    @(266.5000 mm, 66.7000 mm): Pad 5 [/SUB_GHZ_RF/CC1101_A_BAND_OUT] of U10 on F.Cu
[clearance]: Clearance violation ( clearance 0.2000 mm; actual 0.1500 mm)
    Local override; error
    @(266.9000 mm, 67.1000 mm): Pad 3 [/SUB_GHZ_RF/CC1101_A_LNA_OUT] of U10 on F.Cu
    @(266.9000 mm, 66.7000 mm): Pad 4 [/SUB_GHZ_RF/VCC_CC1101_A] of U10 on F.Cu
[clearance]: Clearance violation ( clearance 0.2000 mm; actual 0.1500 mm)
    Local override; error
    @(278.3000 mm, 76.7000 mm): Pad 5 [/SUB_GHZ_RF/CC1101_A_DCOUPL] of U3 on F.Cu
    @(276.4300 mm, 77.7000 mm): Pad 21 [GND] of U3 on F.Cu
[clearance]: Clearance violation ( clearance 0.2000 mm; actual 0.1500 mm)
    Local override; error
    @(266.9000 mm, 66.7000 mm): Pad 4 [/SUB_GHZ_RF/VCC_CC1101_A] of U10 on F.Cu
    @(266.5000 mm, 66.7000 mm): Pad 5 [/SUB_GHZ_RF/CC1101_A_BAND_OUT] of U10 on F.Cu
[clearance]: Clearance violation ( clearance 0.2000 mm; actual 0.1500 mm)
    Local override; error
    @(266.5000 mm, 66.7000 mm): Pad 5 [/SUB_GHZ_RF/CC1101_A_BAND_OUT] of U10 on F.Cu
    @(266.1000 mm, 66.7000 mm): Pad 6 [/RF_SW_A] of U10 on F.Cu
[clearance]: Clearance violation ( clearance 0.2000 mm; actual 0.1500 mm)
    Local override; error
    @(262.5625 mm, 132.1000 mm): Pad 12 [GND] of U35 on F.Cu
    @(262.5625 mm, 132.5000 mm): Pad 13 [/POSITIONING/UWB_RF2_IC] of U35 on F.Cu
[clearance]: Clearance violation ( clearance 0.2000 mm; actual 0.1500 mm)
    Local override; error
    @(277.4300 mm, 75.8300 mm): Pad 6 [/CC1101_A_GDO0] of U3 on F.Cu
    @(276.4300 mm, 77.7000 mm): Pad 21 [GND] of U3 on F.Cu
[clearance]: Clearance violation ( clearance 0.2000 mm; actual 0.1500 mm)
    Local override; error
    @(271.9300 mm, 114.0000 mm): Pad 15 [/SUB_GHZ_RF/VCC_CC1101_B] of U4 on F.Cu
    @(273.8000 mm, 113.0000 mm): Pad 21 [GND] of U4 on F.Cu
[clearance]: Clearance violation ( clearance 0.2000 mm; actual 0.1500 mm)
    Local override; error
    @(262.5625 mm, 132.5000 mm): Pad 13 [/POSITIONING/UWB_RF2_IC] of U35 on F.Cu
    @(262.5625 mm, 132.9000 mm): Pad 14 [GND] of U35 on F.Cu
[clearance]: Clearance violation ( clearance 0.2000 mm; actual 0.1500 mm)
    Local override; error
    @(276.9300 mm, 75.8300 mm): Pad 7 [/nCS_CC1101_A] of U3 on F.Cu
    @(276.4300 mm, 77.7000 mm): Pad 21 [GND] of U3 on F.Cu
[clearance]: Clearance violation ( clearance 0.2000 mm; actual 0.1500 mm)
    Local override; error
    @(276.4300 mm, 75.8300 mm): Pad 8 [/SUB_GHZ_RF/CC1101_A_XOSC_Q1] of U3 on F.Cu
    @(276.4300 mm, 77.7000 mm): Pad 21 [GND] of U3 on F.Cu
[clearance]: Clearance violation ( clearance 0.2000 mm; actual 0.1500 mm)
    Local override; error
    @(275.9300 mm, 75.8300 mm): Pad 9 [/SUB_GHZ_RF/VCC_CC1101_A] of U3 on F.Cu
    @(276.4300 mm, 77.7000 mm): Pad 21 [GND] of U3 on F.Cu
[clearance]: Clearance violation ( clearance 0.2000 mm; actual 0.1500 mm)
    Local override; error
    @(273.3000 mm, 114.8700 mm): Pad 17 [/SUB_GHZ_RF/CC1101_B_RBIAS] of U4 on F.Cu
    @(273.8000 mm, 113.0000 mm): Pad 21 [GND] of U4 on F.Cu
[clearance]: Clearance violation ( clearance 0.2000 mm; actual 0.1500 mm)
    Local override; error
    @(275.4300 mm, 75.8300 mm): Pad 10 [/SUB_GHZ_RF/CC1101_A_XOSC_Q2] of U3 on F.Cu
    @(276.4300 mm, 77.7000 mm): Pad 21 [GND] of U3 on F.Cu
[clearance]: Clearance violation ( clearance 0.2000 mm; actual 0.1500 mm)
    Local override; error
    @(273.8000 mm, 114.8700 mm): Pad 18 [/SUB_GHZ_RF/VCC_CC1101_B] of U4 on F.Cu
    @(273.8000 mm, 113.0000 mm): Pad 21 [GND] of U4 on F.Cu
[clearance]: Clearance violation ( clearance 0.2000 mm; actual 0.1500 mm)
    Local override; error
    @(274.5600 mm, 76.7000 mm): Pad 11 [/SUB_GHZ_RF/VCC_CC1101_A] of U3 on F.Cu
    @(276.4300 mm, 77.7000 mm): Pad 21 [GND] of U3 on F.Cu
[clearance]: Clearance violation ( clearance 0.2000 mm; actual 0.1500 mm)
    Local override; error
    @(262.5625 mm, 134.1000 mm): Pad 17 [GND] of U35 on F.Cu
    @(262.5625 mm, 134.5000 mm): Pad 18 [/POSITIONING/UWB_RF1_IC] of U35 on F.Cu
[clearance]: Clearance violation ( clearance 0.2000 mm; actual 0.1500 mm)
    Local override; error
    @(274.5600 mm, 77.2000 mm): Pad 12 [/SUB_GHZ_RF/CC1101_A_TRX_DIFF_P] of U3 on F.Cu
    @(276.4300 mm, 77.7000 mm): Pad 21 [GND] of U3 on F.Cu
[clearance]: Clearance violation ( clearance 0.2000 mm; actual 0.1500 mm)
    Local override; error
    @(274.8000 mm, 114.8700 mm): Pad 20 [/SPI_MOSI] of U4 on F.Cu
    @(273.8000 mm, 113.0000 mm): Pad 21 [GND] of U4 on F.Cu
[clearance]: Clearance violation ( clearance 0.2000 mm; actual 0.1500 mm)
    Local override; error
    @(262.5625 mm, 134.5000 mm): Pad 18 [/POSITIONING/UWB_RF1_IC] of U35 on F.Cu
    @(262.5625 mm, 134.9000 mm): Pad 19 [GND] of U35 on F.Cu
[clearance]: Clearance violation ( clearance 0.2000 mm; actual 0.1500 mm)
    Local override; error
    @(273.8000 mm, 113.0000 mm): Pad 21 [GND] of U4 on F.Cu
    @(275.6700 mm, 114.0000 mm): Pad 1 [/SPI_SCK] of U4 on F.Cu
[clearance]: Clearance violation ( clearance 0.2000 mm; actual 0.1500 mm)
    Local override; error
    @(274.5600 mm, 77.7000 mm): Pad 13 [/SUB_GHZ_RF/CC1101_A_TRX_DIFF_N] of U3 on F.Cu
    @(276.4300 mm, 77.7000 mm): Pad 21 [GND] of U3 on F.Cu
[clearance]: Clearance violation ( clearance 0.2000 mm; actual 0.1500 mm)
    Local override; error
    @(273.8000 mm, 113.0000 mm): Pad 21 [GND] of U4 on F.Cu
    @(271.9300 mm, 112.0000 mm): Pad 11 [/SUB_GHZ_RF/VCC_CC1101_B] of U4 on F.Cu
[clearance]: Clearance violation ( clearance 0.2000 mm; actual 0.1550 mm)
    Local override; error
    @(310.8000 mm, 152.5000 mm): Pad 9 [GND] of U11 on F.Cu
    @(309.8150 mm, 152.2500 mm): Pad 2 [/POWER/VBAT] of U11 on F.Cu
[clearance]: Clearance violation ( clearance 0.2000 mm; actual 0.1550 mm)
    Local override; error
    @(310.8000 mm, 152.5000 mm): Pad 9 [GND] of U11 on F.Cu
    @(309.8150 mm, 152.7500 mm): Pad 3 [/POWER/VBAT] of U11 on F.Cu
[clearance]: Clearance violation ( clearance 0.2000 mm; actual 0.1500 mm)
    Local override; error
    @(274.5600 mm, 78.2000 mm): Pad 14 [/SUB_GHZ_RF/VCC_CC1101_A] of U3 on F.Cu
    @(276.4300 mm, 77.7000 mm): Pad 21 [GND] of U3 on F.Cu
[clearance]: Clearance violation ( clearance 0.2000 mm; actual 0.1500 mm)
    Local override; error
    @(273.8000 mm, 113.0000 mm): Pad 21 [GND] of U4 on F.Cu
    @(271.9300 mm, 112.5000 mm): Pad 12 [/SUB_GHZ_RF/CC1101_B_TRX_DIFF_P] of U4 on F.Cu
[clearance]: Clearance violation ( clearance 0.2000 mm; actual 0.1550 mm)
    Local override; error
    @(310.8000 mm, 152.5000 mm): Pad 9 [GND] of U11 on F.Cu
    @(311.7850 mm, 153.2500 mm): Pad 5 [unconnected-(U11-~{ALERT}-Pad5)] of U11 on F.Cu
[clearance]: Clearance violation ( clearance 0.2000 mm; actual 0.1500 mm)
    Local override; error
    @(273.8000 mm, 113.0000 mm): Pad 21 [GND] of U4 on F.Cu
    @(271.9300 mm, 113.0000 mm): Pad 13 [/SUB_GHZ_RF/CC1101_B_TRX_DIFF_N] of U4 on F.Cu
[clearance]: Clearance violation ( clearance 0.2000 mm; actual 0.1550 mm)
    Local override; error
    @(310.8000 mm, 152.5000 mm): Pad 9 [GND] of U11 on F.Cu
    @(311.7850 mm, 152.2500 mm): Pad 7 [/I2C_SCL] of U11 on F.Cu
[clearance]: Clearance violation ( clearance 0.2000 mm; actual 0.1500 mm)
    Local override; error
    @(273.8000 mm, 113.0000 mm): Pad 21 [GND] of U4 on F.Cu
    @(271.9300 mm, 113.5000 mm): Pad 14 [/SUB_GHZ_RF/VCC_CC1101_B] of U4 on F.Cu
[clearance]: Clearance violation ( clearance 0.2000 mm; actual 0.1950 mm)
    Local override; error
    @(258.0500 mm, 148.2500 mm): Pad 1 [/SUB_GHZ_RF/CC1101_B_PA2_VBIAS] of U22 on F.Cu
    @(260.0000 mm, 149.5000 mm): Pad 25 [GND] of U22 on F.Cu
[clearance]: Clearance violation ( clearance 0.2000 mm; actual 0.1550 mm)
    Local override; error
    @(310.8000 mm, 152.5000 mm): Pad 9 [GND] of U11 on F.Cu
    @(311.7850 mm, 151.7500 mm): Pad 8 [/I2C_SDA] of U11 on F.Cu
[clearance]: Clearance violation ( clearance 0.2000 mm; actual 0.1500 mm)
    Local override; error
    @(273.8000 mm, 113.0000 mm): Pad 21 [GND] of U4 on F.Cu
    @(275.6700 mm, 113.5000 mm): Pad 2 [/SPI_MISO] of U4 on F.Cu
[clearance]: Clearance violation ( clearance 0.2000 mm; actual 0.1500 mm)
    Local override; error
    @(275.9300 mm, 79.5700 mm): Pad 17 [/SUB_GHZ_RF/CC1101_A_RBIAS] of U3 on F.Cu
    @(276.4300 mm, 77.7000 mm): Pad 21 [GND] of U3 on F.Cu
[clearance]: Clearance violation ( clearance 0.2000 mm; actual 0.1932 mm)
    Local override; error
    @(262.5625 mm, 135.3000 mm): Pad 20 [GND] of U35 on F.Cu
    @(263.2000 mm, 135.9375 mm): Pad 21 [/POSITIONING/UWB_XTI_IC] of U35 on F.Cu
[clearance]: Clearance violation ( clearance 0.2000 mm; actual 0.1500 mm)
    Local override; error
    @(277.4300 mm, 79.5700 mm): Pad 20 [/SPI_MOSI] of U3 on F.Cu
    @(276.4300 mm, 77.7000 mm): Pad 21 [GND] of U3 on F.Cu
[clearance]: Clearance violation ( clearance 0.2000 mm; actual 0.1500 mm)
    Local override; error
    @(273.8000 mm, 113.0000 mm): Pad 21 [GND] of U4 on F.Cu
    @(272.8000 mm, 111.1300 mm): Pad 10 [/SUB_GHZ_RF/CC1101_B_XOSC_Q2] of U4 on F.Cu
[clearance]: Clearance violation ( clearance 0.2000 mm; actual 0.1950 mm)
    Local override; error
    @(258.0500 mm, 149.7500 mm): Pad 4 [/SUB_GHZ_RF/CC1101_B_PA2_RF_IN] of U22 on F.Cu
    @(260.0000 mm, 149.5000 mm): Pad 25 [GND] of U22 on F.Cu
[clearance]: Clearance violation ( clearance 0.2000 mm; actual 0.1500 mm)
    Local override; error
    @(276.4300 mm, 77.7000 mm): Pad 21 [GND] of U3 on F.Cu
    @(274.5600 mm, 78.7000 mm): Pad 15 [/SUB_GHZ_RF/VCC_CC1101_A] of U3 on F.Cu
[clearance]: Clearance violation ( clearance 0.2000 mm; actual 0.1500 mm)
    Local override; error
    @(264.6000 mm, 62.4000 mm): Pad 1 [/SUB_GHZ_RF/CC1101_A_PA_OUT] of U12 on F.Cu
    @(264.6000 mm, 62.0000 mm): Pad 6 [/RF_SW_A] of U12 on F.Cu
[clearance]: Clearance violation ( clearance 0.2000 mm; actual 0.1500 mm)
    Local override; error
    @(263.2000 mm, 135.9375 mm): Pad 21 [/POSITIONING/UWB_XTI_IC] of U35 on F.Cu
    @(263.6000 mm, 135.9375 mm): Pad 22 [/POSITIONING/UWB_XTO_IC] of U35 on F.Cu
[clearance]: Clearance violation ( clearance 0.2000 mm; actual 0.1500 mm)
    Local override; error
    @(276.4300 mm, 77.7000 mm): Pad 21 [GND] of U3 on F.Cu
    @(276.4300 mm, 79.5700 mm): Pad 18 [/SUB_GHZ_RF/VCC_CC1101_A] of U3 on F.Cu
[clearance]: Clearance violation ( clearance 0.2000 mm; actual 0.1950 mm)
    Local override; error
    @(258.0500 mm, 150.2500 mm): Pad 5 [/SUB_GHZ_RF/CC1101_B_PA2_RF_IN] of U22 on F.Cu
    @(260.0000 mm, 149.5000 mm): Pad 25 [GND] of U22 on F.Cu
[clearance]: Clearance violation ( clearance 0.2000 mm; actual 0.1500 mm)
    Local override; error
    @(264.6000 mm, 62.4000 mm): Pad 1 [/SUB_GHZ_RF/CC1101_A_PA_OUT] of U12 on F.Cu
    @(265.0000 mm, 62.4000 mm): Pad 2 [GND] of U12 on F.Cu
[clearance]: Clearance violation ( clearance 0.2000 mm; actual 0.1500 mm)
    Local override; error
    @(273.8000 mm, 113.0000 mm): Pad 21 [GND] of U4 on F.Cu
    @(275.6700 mm, 113.0000 mm): Pad 3 [unconnected-(U4-GDO2-Pad3)] of U4 on F.Cu
[clearance]: Clearance violation ( clearance 0.2000 mm; actual 0.1500 mm)
    Local override; error
    @(273.8000 mm, 113.0000 mm): Pad 21 [GND] of U4 on F.Cu
    @(275.6700 mm, 112.5000 mm): Pad 4 [/SUB_GHZ_RF/VCC_CC1101_B] of U4 on F.Cu
[clearance]: Clearance violation ( clearance 0.2000 mm; actual 0.1500 mm)
    Local override; error
    @(263.6000 mm, 135.9375 mm): Pad 22 [/POSITIONING/UWB_XTO_IC] of U35 on F.Cu
    @(264.0000 mm, 135.9375 mm): Pad 23 [+3V3] of U35 on F.Cu
[clearance]: Clearance violation ( clearance 0.2000 mm; actual 0.1500 mm)
    Local override; error
    @(273.8000 mm, 113.0000 mm): Pad 21 [GND] of U4 on F.Cu
    @(275.6700 mm, 112.0000 mm): Pad 5 [/SUB_GHZ_RF/CC1101_B_DCOUPL] of U4 on F.Cu
[clearance]: Clearance violation ( clearance 0.2000 mm; actual 0.1500 mm)
    Local override; error
    @(265.0000 mm, 62.4000 mm): Pad 2 [GND] of U12 on F.Cu
    @(265.4000 mm, 62.4000 mm): Pad 3 [/SUB_GHZ_RF/CC1101_A_LNA_IN] of U12 on F.Cu
[clearance]: Clearance violation ( clearance 0.2000 mm; actual 0.1500 mm)
    Local override; error
    @(273.8000 mm, 113.0000 mm): Pad 21 [GND] of U4 on F.Cu
    @(274.8000 mm, 111.1300 mm): Pad 6 [/CC1101_B_GDO0] of U4 on F.Cu
[clearance]: Clearance violation ( clearance 0.2000 mm; actual 0.1500 mm)
    Local override; error
    @(273.8000 mm, 113.0000 mm): Pad 21 [GND] of U4 on F.Cu
    @(274.3000 mm, 111.1300 mm): Pad 7 [/nCS_CC1101_B] of U4 on F.Cu
[clearance]: Clearance violation ( clearance 0.2000 mm; actual 0.1500 mm)
    Local override; error
    @(265.4000 mm, 62.0000 mm): Pad 4 [/SUB_GHZ_RF/VCC_CC1101_A] of U12 on F.Cu
    @(265.4000 mm, 62.4000 mm): Pad 3 [/SUB_GHZ_RF/CC1101_A_LNA_IN] of U12 on F.Cu
[clearance]: Clearance violation ( clearance 0.2000 mm; actual 0.1500 mm)
    Local override; error
    @(273.8000 mm, 113.0000 mm): Pad 21 [GND] of U4 on F.Cu
    @(273.8000 mm, 111.1300 mm): Pad 8 [/SUB_GHZ_RF/CC1101_B_XOSC_Q1] of U4 on F.Cu
[clearance]: Clearance violation ( clearance 0.2000 mm; actual 0.1500 mm)
    Local override; error
    @(273.8000 mm, 113.0000 mm): Pad 21 [GND] of U4 on F.Cu
    @(273.3000 mm, 111.1300 mm): Pad 9 [/SUB_GHZ_RF/VCC_CC1101_B] of U4 on F.Cu
[clearance]: Clearance violation ( clearance 0.2000 mm; actual 0.1500 mm)
    Local override; error
    @(265.0000 mm, 62.0000 mm): Pad 5 [/SUB_GHZ_RF/CC1101_A_SMA1_FE] of U12 on F.Cu
    @(265.4000 mm, 62.0000 mm): Pad 4 [/SUB_GHZ_RF/VCC_CC1101_A] of U12 on F.Cu
[clearance]: Clearance violation ( clearance 0.2000 mm; actual 0.1500 mm)
    Local override; error
    @(264.0000 mm, 135.9375 mm): Pad 23 [+3V3] of U35 on F.Cu
    @(264.4000 mm, 135.9375 mm): Pad 24 [GND] of U35 on F.Cu
[clearance]: Clearance violation ( clearance 0.2000 mm; actual 0.1500 mm)
    Local override; error
    @(265.0000 mm, 62.0000 mm): Pad 5 [/SUB_GHZ_RF/CC1101_A_SMA1_FE] of U12 on F.Cu
    @(264.6000 mm, 62.0000 mm): Pad 6 [/RF_SW_A] of U12 on F.Cu
[clearance]: Clearance violation ( clearance 0.2000 mm; actual 0.1500 mm)
    Local override; error
    @(265.0000 mm, 62.0000 mm): Pad 5 [/SUB_GHZ_RF/CC1101_A_SMA1_FE] of U12 on F.Cu
    @(265.0000 mm, 62.4000 mm): Pad 2 [GND] of U12 on F.Cu
[clearance]: Clearance violation ( clearance 0.2000 mm; actual 0.1950 mm)
    Local override; error
    @(261.9500 mm, 150.2500 mm): Pad 14 [/SUB_GHZ_RF/CC1101_B_PA2_RF_OUT_BIASED] of U22 on F.Cu
    @(260.0000 mm, 149.5000 mm): Pad 25 [GND] of U22 on F.Cu
[clearance]: Clearance violation ( clearance 0.2000 mm; actual 0.1500 mm)
    Local override; error
    @(265.2000 mm, 135.9375 mm): Pad 26 [+3V3] of U35 on F.Cu
    @(264.8000 mm, 135.9375 mm): Pad 25 [GND] of U35 on F.Cu
[clearance]: Clearance violation ( clearance 0.2000 mm; actual 0.1950 mm)
    Local override; error
    @(261.9500 mm, 149.7500 mm): Pad 15 [/SUB_GHZ_RF/CC1101_B_PA2_RF_OUT_BIASED] of U22 on F.Cu
    @(260.0000 mm, 149.5000 mm): Pad 25 [GND] of U22 on F.Cu
[clearance]: Clearance violation ( clearance 0.2000 mm; actual 0.1500 mm)
    Local override; error
    @(265.6000 mm, 135.9375 mm): Pad 27 [/POSITIONING/UWB_VTX_D] of U35 on F.Cu
    @(266.0000 mm, 135.9375 mm): Pad 28 [/POSITIONING/UWB_VDD2A] of U35 on F.Cu
[clearance]: Clearance violation ( clearance 0.2000 mm; actual 0.1950 mm)
    Local override; error
    @(261.9500 mm, 149.2500 mm): Pad 16 [/SUB_GHZ_RF/CC1101_B_PA2_RF_OUT_BIASED] of U22 on F.Cu
    @(260.0000 mm, 149.5000 mm): Pad 25 [GND] of U22 on F.Cu
[clearance]: Clearance violation ( clearance 0.2000 mm; actual 0.1500 mm)
    Local override; error
    @(265.6000 mm, 135.9375 mm): Pad 27 [/POSITIONING/UWB_VTX_D] of U35 on F.Cu
    @(265.2000 mm, 135.9375 mm): Pad 26 [+3V3] of U35 on F.Cu
[clearance]: Clearance violation ( clearance 0.2000 mm; actual 0.1950 mm)
    Local override; error
    @(261.9500 mm, 148.2500 mm): Pad 18 [/SUB_GHZ_RF/CC1101_B_PA2_IREF] of U22 on F.Cu
    @(260.0000 mm, 149.5000 mm): Pad 25 [GND] of U22 on F.Cu
[clearance]: Clearance violation ( clearance 0.2000 mm; actual 0.1500 mm)
    Local override; error
    @(266.0000 mm, 135.9375 mm): Pad 28 [/POSITIONING/UWB_VDD2A] of U35 on F.Cu
    @(266.4000 mm, 135.9375 mm): Pad 29 [+3V3] of U35 on F.Cu
[clearance]: Clearance violation ( clearance 0.2000 mm; actual 0.1500 mm)
    Local override; error
    @(266.4000 mm, 135.9375 mm): Pad 29 [+3V3] of U35 on F.Cu
    @(266.8000 mm, 135.9375 mm): Pad 30 [GND] of U35 on F.Cu
[clearance]: Clearance violation ( clearance 0.2000 mm; actual 0.1932 mm)
    Local override; error
    @(266.8000 mm, 135.9375 mm): Pad 30 [GND] of U35 on F.Cu
    @(267.4375 mm, 135.3000 mm): Pad 31 [unconnected-(U35-EXTON-Pad31)] of U35 on F.Cu
[clearance]: Clearance violation ( clearance 0.2000 mm; actual 0.1500 mm)
    Local override; error
    @(267.4375 mm, 135.3000 mm): Pad 31 [unconnected-(U35-EXTON-Pad31)] of U35 on F.Cu
    @(267.4375 mm, 134.9000 mm): Pad 32 [GND] of U35 on F.Cu
[clearance]: Clearance violation ( clearance 0.2000 mm; actual 0.1500 mm)
    Local override; error
    @(267.4375 mm, 134.9000 mm): Pad 32 [GND] of U35 on F.Cu
    @(267.4375 mm, 134.5000 mm): Pad 33 [/POSITIONING/UWB_RST_IC] of U35 on F.Cu
[clearance]: Clearance violation ( clearance 0.2000 mm; actual 0.1500 mm)
    Local override; error
    @(267.4375 mm, 134.5000 mm): Pad 33 [/POSITIONING/UWB_RST_IC] of U35 on F.Cu
    @(267.4375 mm, 134.1000 mm): Pad 34 [/SPI_SCK] of U35 on F.Cu
[clearance]: Clearance violation ( clearance 0.2000 mm; actual 0.1500 mm)
    Local override; error
    @(267.4375 mm, 134.1000 mm): Pad 34 [/SPI_SCK] of U35 on F.Cu
    @(267.4375 mm, 133.7000 mm): Pad 35 [/SPI_MOSI] of U35 on F.Cu
[clearance]: Clearance violation ( clearance 0.2000 mm; actual 0.1500 mm)
    Local override; error
    @(267.4375 mm, 133.7000 mm): Pad 35 [/SPI_MOSI] of U35 on F.Cu
    @(267.4375 mm, 133.3000 mm): Pad 36 [/SPI_MISO] of U35 on F.Cu
[clearance]: Clearance violation ( clearance 0.2000 mm; actual 0.1500 mm)
    Local override; error
    @(267.4375 mm, 133.3000 mm): Pad 36 [/SPI_MISO] of U35 on F.Cu
    @(267.4375 mm, 132.9000 mm): Pad 37 [/nCS_UWB] of U35 on F.Cu
[clearance]: Clearance violation ( clearance 0.2000 mm; actual 0.1500 mm)
    Local override; error
    @(267.4375 mm, 132.5000 mm): Pad 38 [/POSITIONING/UWB_VIO_D] of U35 on F.Cu
    @(267.4375 mm, 132.9000 mm): Pad 37 [/nCS_UWB] of U35 on F.Cu
[clearance]: Clearance violation ( clearance 0.2000 mm; actual 0.1500 mm)
    Local override; error
    @(267.4375 mm, 132.5000 mm): Pad 38 [/POSITIONING/UWB_VIO_D] of U35 on F.Cu
    @(267.4375 mm, 132.1000 mm): Pad 39 [GND] of U35 on F.Cu
[clearance]: Clearance violation ( clearance 0.2000 mm; actual 0.1932 mm)
    Local override; error
    @(267.4375 mm, 131.7000 mm): Pad 40 [GND] of U35 on F.Cu
    @(266.8000 mm, 131.0625 mm): Pad 1 [/UWB_IRQ] of U35 on F.Cu
[copper_edge_clearance]: Board edge clearance violation (board setup constraints edge clearance 0.3000 mm; actual 0.0000 mm)
    Rule: board setup constraints edge; error
    @(253.0000 mm, 53.0000 mm): Rectangle on Edge.Cuts
    @(265.0000 mm, 162.4600 mm): Pad 1 [/SUB_GHZ_RF/CC1101_B_SMA2_FE] of J5 on F.Cu
[copper_edge_clearance]: Board edge clearance violation (board setup constraints edge clearance 0.3000 mm; actual 0.0000 mm)
    Rule: board setup constraints edge; error
    @(253.0000 mm, 53.0000 mm): Rectangle on Edge.Cuts
    @(269.2500 mm, 162.4600 mm): Pad 2 [GND] of J5 on F.Cu
[copper_edge_clearance]: Board edge clearance violation (board setup constraints edge clearance 0.3000 mm; actual 0.0000 mm)
    Rule: board setup constraints edge; error
    @(253.0000 mm, 53.0000 mm): Rectangle on Edge.Cuts
    @(269.2500 mm, 162.4600 mm): Pad 2 [GND] of J5 on B.Cu
[copper_edge_clearance]: Board edge clearance violation (board setup constraints edge clearance 0.3000 mm; actual 0.0000 mm)
    Rule: board setup constraints edge; error
    @(253.0000 mm, 53.0000 mm): Rectangle on Edge.Cuts
    @(260.7500 mm, 162.4600 mm): Pad 2 [GND] of J5 on F.Cu
[copper_edge_clearance]: Board edge clearance violation (board setup constraints edge clearance 0.3000 mm; actual 0.0000 mm)
    Rule: board setup constraints edge; error
    @(253.0000 mm, 53.0000 mm): Rectangle on Edge.Cuts
    @(260.7500 mm, 162.4600 mm): Pad 2 [GND] of J5 on B.Cu
[copper_edge_clearance]: Board edge clearance violation (board setup constraints edge clearance 0.3000 mm; actual 0.0000 mm)
    Rule: board setup constraints edge; error
    @(253.0000 mm, 53.0000 mm): Rectangle on Edge.Cuts
    @(305.0000 mm, 162.4600 mm): Pad 1 [unconnected-(J18-In-Pad1)] of J18 on F.Cu
[copper_edge_clearance]: Board edge clearance violation (board setup constraints edge clearance 0.3000 mm; actual 0.0000 mm)
    Rule: board setup constraints edge; error
    @(253.0000 mm, 53.0000 mm): Rectangle on Edge.Cuts
    @(309.2500 mm, 162.4600 mm): Pad 2 [GND] of J18 on F.Cu
[copper_edge_clearance]: Board edge clearance violation (board setup constraints edge clearance 0.3000 mm; actual 0.0000 mm)
    Rule: board setup constraints edge; error
    @(253.0000 mm, 53.0000 mm): Rectangle on Edge.Cuts
    @(309.2500 mm, 162.4600 mm): Pad 2 [GND] of J18 on B.Cu
[copper_edge_clearance]: Board edge clearance violation (board setup constraints edge clearance 0.3000 mm; actual 0.0000 mm)
    Rule: board setup constraints edge; error
    @(253.0000 mm, 53.0000 mm): Rectangle on Edge.Cuts
    @(300.7500 mm, 162.4600 mm): Pad 2 [GND] of J18 on F.Cu
[copper_edge_clearance]: Board edge clearance violation (board setup constraints edge clearance 0.3000 mm; actual 0.0000 mm)
    Rule: board setup constraints edge; error
    @(253.0000 mm, 53.0000 mm): Rectangle on Edge.Cuts
    @(300.7500 mm, 162.4600 mm): Pad 2 [GND] of J18 on B.Cu
[copper_edge_clearance]: Board edge clearance violation (board setup constraints edge clearance 0.3000 mm; actual 0.0000 mm)
    Rule: board setup constraints edge; error
    @(253.0000 mm, 53.0000 mm): Rectangle on Edge.Cuts
    @(265.0000 mm, 55.5400 mm): Pad 1 [/SUB_GHZ_RF/CC1101_A_SMA1_PORT] of J4 on F.Cu
[copper_edge_clearance]: Board edge clearance violation (board setup constraints edge clearance 0.3000 mm; actual 0.0000 mm)
    Rule: board setup constraints edge; error
    @(253.0000 mm, 53.0000 mm): Rectangle on Edge.Cuts
    @(260.7500 mm, 55.5400 mm): Pad 2 [GND] of J4 on F.Cu
[copper_edge_clearance]: Board edge clearance violation (board setup constraints edge clearance 0.3000 mm; actual 0.0000 mm)
    Rule: board setup constraints edge; error
    @(253.0000 mm, 53.0000 mm): Rectangle on Edge.Cuts
    @(260.7500 mm, 55.5400 mm): Pad 2 [GND] of J4 on B.Cu
[copper_edge_clearance]: Board edge clearance violation (board setup constraints edge clearance 0.3000 mm; actual 0.0000 mm)
    Rule: board setup constraints edge; error
    @(253.0000 mm, 53.0000 mm): Rectangle on Edge.Cuts
    @(269.2500 mm, 55.5400 mm): Pad 2 [GND] of J4 on F.Cu
[copper_edge_clearance]: Board edge clearance violation (board setup constraints edge clearance 0.3000 mm; actual 0.0000 mm)
    Rule: board setup constraints edge; error
    @(253.0000 mm, 53.0000 mm): Rectangle on Edge.Cuts
    @(269.2500 mm, 55.5400 mm): Pad 2 [GND] of J4 on B.Cu
[copper_edge_clearance]: Board edge clearance violation (board setup constraints edge clearance 0.3000 mm; actual 0.0000 mm)
    Rule: board setup constraints edge; error
    @(253.0000 mm, 53.0000 mm): Rectangle on Edge.Cuts
    @(285.0000 mm, 162.4600 mm): Pad 1 [/SUB_GHZ_RF/SI4463_SMA4_PORT] of J3 on F.Cu
[copper_edge_clearance]: Board edge clearance violation (board setup constraints edge clearance 0.3000 mm; actual 0.0000 mm)
    Rule: board setup constraints edge; error
    @(253.0000 mm, 53.0000 mm): Rectangle on Edge.Cuts
    @(289.2500 mm, 162.4600 mm): Pad 2 [GND] of J3 on F.Cu
[copper_edge_clearance]: Board edge clearance violation (board setup constraints edge clearance 0.3000 mm; actual 0.0000 mm)
    Rule: board setup constraints edge; error
    @(253.0000 mm, 53.0000 mm): Rectangle on Edge.Cuts
    @(289.2500 mm, 162.4600 mm): Pad 2 [GND] of J3 on B.Cu
[copper_edge_clearance]: Board edge clearance violation (board setup constraints edge clearance 0.3000 mm; actual 0.0000 mm)
    Rule: board setup constraints edge; error
    @(253.0000 mm, 53.0000 mm): Rectangle on Edge.Cuts
    @(280.7500 mm, 162.4600 mm): Pad 2 [GND] of J3 on F.Cu
[copper_edge_clearance]: Board edge clearance violation (board setup constraints edge clearance 0.3000 mm; actual 0.0000 mm)
    Rule: board setup constraints edge; error
    @(253.0000 mm, 53.0000 mm): Rectangle on Edge.Cuts
    @(280.7500 mm, 162.4600 mm): Pad 2 [GND] of J3 on B.Cu
[copper_edge_clearance]: Board edge clearance violation (board setup constraints edge clearance 0.3000 mm; actual 0.0000 mm)
    Rule: board setup constraints edge; error
    @(253.0000 mm, 53.0000 mm): Rectangle on Edge.Cuts
    @(285.0000 mm, 55.5400 mm): Pad 1 [/SUB_GHZ_RF/CC1101_C_SMA3_FE] of J6 on F.Cu
[copper_edge_clearance]: Board edge clearance violation (board setup constraints edge clearance 0.3000 mm; actual 0.0000 mm)
    Rule: board setup constraints edge; error
    @(253.0000 mm, 53.0000 mm): Rectangle on Edge.Cuts
    @(280.7500 mm, 55.5400 mm): Pad 2 [GND] of J6 on F.Cu
[copper_edge_clearance]: Board edge clearance violation (board setup constraints edge clearance 0.3000 mm; actual 0.0000 mm)
    Rule: board setup constraints edge; error
    @(253.0000 mm, 53.0000 mm): Rectangle on Edge.Cuts
    @(280.7500 mm, 55.5400 mm): Pad 2 [GND] of J6 on B.Cu
[copper_edge_clearance]: Board edge clearance violation (board setup constraints edge clearance 0.3000 mm; actual 0.0000 mm)
    Rule: board setup constraints edge; error
    @(253.0000 mm, 53.0000 mm): Rectangle on Edge.Cuts
    @(289.2500 mm, 55.5400 mm): Pad 2 [GND] of J6 on F.Cu
[copper_edge_clearance]: Board edge clearance violation (board setup constraints edge clearance 0.3000 mm; actual 0.0000 mm)
    Rule: board setup constraints edge; error
    @(253.0000 mm, 53.0000 mm): Rectangle on Edge.Cuts
    @(289.2500 mm, 55.5400 mm): Pad 2 [GND] of J6 on B.Cu
[copper_edge_clearance]: Board edge clearance violation (board setup constraints edge clearance 0.3000 mm; actual 0.0000 mm)
    Rule: board setup constraints edge; error
    @(253.0000 mm, 53.0000 mm): Rectangle on Edge.Cuts
    @(305.0000 mm, 55.5400 mm): Pad 1 [unconnected-(J17-In-Pad1)] of J17 on F.Cu
[copper_edge_clearance]: Board edge clearance violation (board setup constraints edge clearance 0.3000 mm; actual 0.0000 mm)
    Rule: board setup constraints edge; error
    @(253.0000 mm, 53.0000 mm): Rectangle on Edge.Cuts
    @(300.7500 mm, 55.5400 mm): Pad 2 [GND] of J17 on F.Cu
[copper_edge_clearance]: Board edge clearance violation (board setup constraints edge clearance 0.3000 mm; actual 0.0000 mm)
    Rule: board setup constraints edge; error
    @(253.0000 mm, 53.0000 mm): Rectangle on Edge.Cuts
    @(300.7500 mm, 55.5400 mm): Pad 2 [GND] of J17 on B.Cu
[copper_edge_clearance]: Board edge clearance violation (board setup constraints edge clearance 0.3000 mm; actual 0.0000 mm)
    Rule: board setup constraints edge; error
    @(253.0000 mm, 53.0000 mm): Rectangle on Edge.Cuts
    @(309.2500 mm, 55.5400 mm): Pad 2 [GND] of J17 on F.Cu
[copper_edge_clearance]: Board edge clearance violation (board setup constraints edge clearance 0.3000 mm; actual 0.0000 mm)
    Rule: board setup constraints edge; error
    @(253.0000 mm, 53.0000 mm): Rectangle on Edge.Cuts
    @(309.2500 mm, 55.5400 mm): Pad 2 [GND] of J17 on B.Cu
[solder_mask_bridge]: Front solder mask aperture bridges items with different nets
    Rule: board setup solder mask min width; error
    @(292.4500 mm, 94.4000 mm): Pad 37 [/DOCK_LINK_B] of U2 on F.Cu
    @(292.4500 mm, 94.8000 mm): Pad 36 [/DOCK_LINK_A] of U2 on F.Cu
[solder_mask_bridge]: Front solder mask aperture bridges items with different nets
    Rule: board setup solder mask min width; error
    @(265.4000 mm, 158.1000 mm): Pad 1 [/SUB_GHZ_RF/CC1101_B_POSTPA_SW_OUT] of U31 on F.Cu
    @(265.0000 mm, 158.1000 mm): Pad 2 [GND] of U31 on F.Cu
[solder_mask_bridge]: Front solder mask aperture bridges items with different nets
    Rule: board setup solder mask min width; error
    @(266.2000 mm, 155.4000 mm): Pad 4 [/SUB_GHZ_RF/VCC_CC1101_B] of U29 on F.Cu
    @(265.8000 mm, 155.4000 mm): Pad 3 [/SUB_GHZ_RF/CC1101_B_POSTPA_315_LPF_IN] of U29 on F.Cu
[solder_mask_bridge]: Front solder mask aperture bridges items with different nets
    Rule: board setup solder mask min width; error
    @(292.4500 mm, 94.4000 mm): Pad 37 [/DOCK_LINK_B] of U2 on F.Cu
    @(292.4500 mm, 94.0000 mm): Pad 38 [+3V3] of U2 on F.Cu
[solder_mask_bridge]: Front solder mask aperture bridges items with different nets
    Rule: board setup solder mask min width; error
    @(265.4000 mm, 158.1000 mm): Pad 1 [/SUB_GHZ_RF/CC1101_B_POSTPA_SW_OUT] of U31 on F.Cu
    @(265.4000 mm, 158.5000 mm): Pad 6 [/SUB_GHZ_RF/RFX_SAW_B_SEL0] of U31 on F.Cu
[solder_mask_bridge]: Front solder mask aperture bridges items with different nets
    Rule: board setup solder mask min width; error
    @(266.2000 mm, 155.4000 mm): Pad 4 [/SUB_GHZ_RF/VCC_CC1101_B] of U29 on F.Cu
    @(266.2000 mm, 155.0000 mm): Pad 5 [/SUB_GHZ_RF/CC1101_B_POSTPA_SW_IN] of U29 on F.Cu
[solder_mask_bridge]: Front solder mask aperture bridges items with different nets
    Rule: board setup solder mask min width; error
    @(292.4500 mm, 94.0000 mm): Pad 38 [+3V3] of U2 on F.Cu
    @(292.4500 mm, 93.6000 mm): Pad 39 [RP2350_1V1] of U2 on F.Cu
[solder_mask_bridge]: Front solder mask aperture bridges items with different nets
    Rule: board setup solder mask min width; error
    @(266.2000 mm, 155.0000 mm): Pad 5 [/SUB_GHZ_RF/CC1101_B_POSTPA_SW_IN] of U29 on F.Cu
    @(265.8000 mm, 155.0000 mm): Pad 2 [GND] of U29 on F.Cu
[solder_mask_bridge]: Front solder mask aperture bridges items with different nets
    Rule: board setup solder mask min width; error
    @(265.0000 mm, 158.1000 mm): Pad 2 [GND] of U31 on F.Cu
    @(265.0000 mm, 158.5000 mm): Pad 5 [/SUB_GHZ_RF/CC1101_B_SMA2_FE] of U31 on F.Cu
[solder_mask_bridge]: Front solder mask aperture bridges items with different nets
    Rule: board setup solder mask min width; error
    @(292.4500 mm, 93.6000 mm): Pad 39 [RP2350_1V1] of U2 on F.Cu
    @(292.4500 mm, 93.2000 mm): Pad 40 [/USBC_CC1_SENSE] of U2 on F.Cu
[solder_mask_bridge]: Front solder mask aperture bridges items with different nets
    Rule: board setup solder mask min width; error
    @(299.5000 mm, 89.6500 mm): Pad 1 [/HMI/HAPTIC_REG] of U38 on F.Cu
    @(300.0000 mm, 89.6500 mm): Pad 2 [/I2C_SCL] of U38 on F.Cu
[solder_mask_bridge]: Front solder mask aperture bridges items with different nets
    Rule: board setup solder mask min width; error
    @(292.4500 mm, 93.2000 mm): Pad 40 [/USBC_CC1_SENSE] of U2 on F.Cu
    @(292.4500 mm, 92.8000 mm): Pad 41 [/USBC_CC2_SENSE] of U2 on F.Cu
[solder_mask_bridge]: Front solder mask aperture bridges items with different nets
    Rule: board setup solder mask min width; error
    @(266.2000 mm, 155.0000 mm): Pad 5 [/SUB_GHZ_RF/CC1101_B_POSTPA_SW_IN] of U29 on F.Cu
    @(266.2000 mm, 154.6000 mm): Pad 6 [/SUB_GHZ_RF/RFX_SAW_B_SEL1] of U29 on F.Cu
[solder_mask_bridge]: Front solder mask aperture bridges items with different nets
    Rule: board setup solder mask min width; error
    @(300.0000 mm, 89.6500 mm): Pad 2 [/I2C_SCL] of U38 on F.Cu
    @(300.5000 mm, 89.6500 mm): Pad 3 [/I2C_SDA] of U38 on F.Cu
[solder_mask_bridge]: Front solder mask aperture bridges items with different nets
    Rule: board setup solder mask min width; error
    @(292.4500 mm, 92.8000 mm): Pad 41 [/USBC_CC2_SENSE] of U2 on F.Cu
    @(292.4500 mm, 92.4000 mm): Pad 42 [/DOCK_VBUS_EN] of U2 on F.Cu
[solder_mask_bridge]: Front solder mask aperture bridges items with different nets
    Rule: board setup solder mask min width; error
    @(269.8000 mm, 77.9900 mm): Pad 3 [/SUB_GHZ_RF/CC1101_A_BALUN_DIFF_N] of T1 on F.Cu
    @(269.1400 mm, 77.9900 mm): Pad 2 [GND] of T1 on F.Cu
[solder_mask_bridge]: Front solder mask aperture bridges items with different nets
    Rule: board setup solder mask min width; error
    @(300.5000 mm, 89.6500 mm): Pad 3 [/I2C_SDA] of U38 on F.Cu
    @(301.0000 mm, 89.6500 mm): Pad 4 [/HAPTIC_TRIG] of U38 on F.Cu
[solder_mask_bridge]: Front solder mask aperture bridges items with different nets
    Rule: board setup solder mask min width; error
    @(301.0000 mm, 89.6500 mm): Pad 4 [/HAPTIC_TRIG] of U38 on F.Cu
    @(301.5000 mm, 89.6500 mm): Pad 5 [+3V3] of U38 on F.Cu
[solder_mask_bridge]: Front solder mask aperture bridges items with different nets
    Rule: board setup solder mask min width; error
    @(269.8000 mm, 77.0000 mm): Pad 4 [/SUB_GHZ_RF/CC1101_A_BALUN_DIFF_P] of T1 on F.Cu
    @(269.1400 mm, 77.0000 mm): Pad 5 [unconnected-(T1-NC_5-Pad5)] of T1 on F.Cu
[solder_mask_bridge]: Front solder mask aperture bridges items with different nets
    Rule: board setup solder mask min width; error
    @(266.2000 mm, 154.6000 mm): Pad 6 [/SUB_GHZ_RF/RFX_SAW_B_SEL1] of U29 on F.Cu
    @(265.8000 mm, 154.6000 mm): Pad 1 [/SUB_GHZ_RF/CC1101_B_POSTPA_868_LPF_IN] of U29 on F.Cu
[solder_mask_bridge]: Front solder mask aperture bridges items with different nets
    Rule: board setup solder mask min width; error
    @(301.5000 mm, 85.3500 mm): Pad 6 [+3V3] of U38 on F.Cu
    @(301.0000 mm, 85.3500 mm): Pad 7 [/HMI/HAPTIC_OUT_P] of U38 on F.Cu
[solder_mask_bridge]: Front solder mask aperture bridges items with different nets
    Rule: board setup solder mask min width; error
    @(269.1400 mm, 77.0000 mm): Pad 5 [unconnected-(T1-NC_5-Pad5)] of T1 on F.Cu
    @(268.4800 mm, 77.0000 mm): Pad 6 [unconnected-(T1-NC_6-Pad6)] of T1 on F.Cu
[solder_mask_bridge]: Front solder mask aperture bridges items with different nets
    Rule: board setup solder mask min width; error
    @(265.0000 mm, 158.1000 mm): Pad 2 [GND] of U31 on F.Cu
    @(264.6000 mm, 158.1000 mm): Pad 3 [/SUB_GHZ_RF/CC1101_B_POSTPA_433_LPF_OUT] of U31 on F.Cu
[solder_mask_bridge]: Front solder mask aperture bridges items with different nets
    Rule: board setup solder mask min width; error
    @(292.4500 mm, 92.4000 mm): Pad 42 [/DOCK_VBUS_EN] of U2 on F.Cu
    @(292.4500 mm, 92.0000 mm): Pad 43 [/DOCK_FAULT_N] of U2 on F.Cu
[solder_mask_bridge]: Front solder mask aperture bridges items with different nets
    Rule: board setup solder mask min width; error
    @(292.4500 mm, 92.0000 mm): Pad 43 [/DOCK_FAULT_N] of U2 on F.Cu
    @(292.4500 mm, 91.6000 mm): Pad 44 [+3V3] of U2 on F.Cu
[solder_mask_bridge]: Front solder mask aperture bridges items with different nets
    Rule: board setup solder mask min width; error
    @(264.6000 mm, 158.1000 mm): Pad 3 [/SUB_GHZ_RF/CC1101_B_POSTPA_433_LPF_OUT] of U31 on F.Cu
    @(264.6000 mm, 158.5000 mm): Pad 4 [/SUB_GHZ_RF/VCC_CC1101_B] of U31 on F.Cu
[solder_mask_bridge]: Front solder mask aperture bridges items with different nets
    Rule: board setup solder mask min width; error
    @(263.2875 mm, 59.4000 mm): Pad 1 [GND] of D15 on F.Cu
    @(263.7125 mm, 59.4000 mm): Pad 2 [/SUB_GHZ_RF/CC1101_A_SMA1_PORT] of D15 on F.Cu
[solder_mask_bridge]: Front solder mask aperture bridges items with different nets
    Rule: board setup solder mask min width; error
    @(266.8000 mm, 131.0625 mm): Pad 1 [/UWB_IRQ] of U35 on F.Cu
    @(266.4000 mm, 131.0625 mm): Pad 2 [unconnected-(U35-GPIO6-Pad2)] of U35 on F.Cu
[solder_mask_bridge]: Front solder mask aperture bridges items with different nets
    Rule: board setup solder mask min width; error
    @(301.0000 mm, 85.3500 mm): Pad 7 [/HMI/HAPTIC_OUT_P] of U38 on F.Cu
    @(300.5000 mm, 85.3500 mm): Pad 8 [GND] of U38 on F.Cu
[solder_mask_bridge]: Front solder mask aperture bridges items with different nets
    Rule: board setup solder mask min width; error
    @(310.9000 mm, 82.9750 mm): PTH pad A1 [GND] of J7
    @(310.9000 mm, 82.1250 mm): PTH pad A4 [+5V_USB] of J7
[solder_mask_bridge]: Front solder mask aperture bridges items with different nets
    Rule: board setup solder mask min width; error
    @(266.8000 mm, 131.0625 mm): Pad 1 [/UWB_IRQ] of U35 on F.Cu
    @(267.4375 mm, 131.7000 mm): Pad 40 [GND] of U35 on F.Cu
[solder_mask_bridge]: Rear solder mask aperture bridges items with different nets
    Rule: board setup solder mask min width; error
    @(310.9000 mm, 82.9750 mm): PTH pad A1 [GND] of J7
    @(310.9000 mm, 82.1250 mm): PTH pad A4 [+5V_USB] of J7
[solder_mask_bridge]: Front solder mask aperture bridges items with different nets
    Rule: board setup solder mask min width; error
    @(310.9000 mm, 82.1250 mm): PTH pad A4 [+5V_USB] of J7
    @(310.9000 mm, 81.2750 mm): PTH pad A5 [/WIRED_IO/USBC_CC1] of J7
[solder_mask_bridge]: Rear solder mask aperture bridges items with different nets
    Rule: board setup solder mask min width; error
    @(310.9000 mm, 82.1250 mm): PTH pad A4 [+5V_USB] of J7
    @(310.9000 mm, 81.2750 mm): PTH pad A5 [/WIRED_IO/USBC_CC1] of J7
[solder_mask_bridge]: Front solder mask aperture bridges items with different nets
    Rule: board setup solder mask min width; error
    @(266.4000 mm, 131.0625 mm): Pad 2 [unconnected-(U35-GPIO6-Pad2)] of U35 on F.Cu
    @(266.0000 mm, 131.0625 mm): Pad 3 [unconnected-(U35-GPIO0-Pad3)] of U35 on F.Cu
[solder_mask_bridge]: Front solder mask aperture bridges items with different nets
    Rule: board setup solder mask min width; error
    @(310.9000 mm, 81.2750 mm): PTH pad A5 [/WIRED_IO/USBC_CC1] of J7
    @(310.9000 mm, 80.4250 mm): PTH pad A6 [/WIRED_IO/USBC_D_P] of J7
[solder_mask_bridge]: Rear solder mask aperture bridges items with different nets
    Rule: board setup solder mask min width; error
    @(310.9000 mm, 81.2750 mm): PTH pad A5 [/WIRED_IO/USBC_CC1] of J7
    @(310.9000 mm, 80.4250 mm): PTH pad A6 [/WIRED_IO/USBC_D_P] of J7
[solder_mask_bridge]: Front solder mask aperture bridges items with different nets
    Rule: board setup solder mask min width; error
    @(310.9000 mm, 80.4250 mm): PTH pad A6 [/WIRED_IO/USBC_D_P] of J7
    @(310.9000 mm, 79.5750 mm): PTH pad A7 [/WIRED_IO/USBC_D_N] of J7
[solder_mask_bridge]: Front solder mask aperture bridges items with different nets
    Rule: board setup solder mask min width; error
    @(266.0000 mm, 131.0625 mm): Pad 3 [unconnected-(U35-GPIO0-Pad3)] of U35 on F.Cu
    @(265.6000 mm, 131.0625 mm): Pad 4 [unconnected-(U35-GPIO1-Pad4)] of U35 on F.Cu
[solder_mask_bridge]: Rear solder mask aperture bridges items with different nets
    Rule: board setup solder mask min width; error
    @(310.9000 mm, 80.4250 mm): PTH pad A6 [/WIRED_IO/USBC_D_P] of J7
    @(310.9000 mm, 79.5750 mm): PTH pad A7 [/WIRED_IO/USBC_D_N] of J7
[solder_mask_bridge]: Front solder mask aperture bridges items with different nets
    Rule: board setup solder mask min width; error
    @(310.9000 mm, 79.5750 mm): PTH pad A7 [/WIRED_IO/USBC_D_N] of J7
    @(310.9000 mm, 78.7250 mm): PTH pad A8 [unconnected-(J7-SBU1-PadA8)] of J7
[solder_mask_bridge]: Front solder mask aperture bridges items with different nets
    Rule: board setup solder mask min width; error
    @(267.6000 mm, 73.5000 mm): Pad 1 [/SUB_GHZ_RF/VCC_CC1101_A] of U8 on F.Cu
    @(267.6000 mm, 73.9000 mm): Pad 2 [/SUB_GHZ_RF/RFX_SAW_A_SEL1] of U8 on F.Cu
[solder_mask_bridge]: Rear solder mask aperture bridges items with different nets
    Rule: board setup solder mask min width; error
    @(310.9000 mm, 79.5750 mm): PTH pad A7 [/WIRED_IO/USBC_D_N] of J7
    @(310.9000 mm, 78.7250 mm): PTH pad A8 [unconnected-(J7-SBU1-PadA8)] of J7
[solder_mask_bridge]: Front solder mask aperture bridges items with different nets
    Rule: board setup solder mask min width; error
    @(265.6000 mm, 131.0625 mm): Pad 4 [unconnected-(U35-GPIO1-Pad4)] of U35 on F.Cu
    @(265.2000 mm, 131.0625 mm): Pad 5 [unconnected-(U35-GPIO5-Pad5)] of U35 on F.Cu
[solder_mask_bridge]: Front solder mask aperture bridges items with different nets
    Rule: board setup solder mask min width; error
    @(310.9000 mm, 78.7250 mm): PTH pad A8 [unconnected-(J7-SBU1-PadA8)] of J7
    @(310.9000 mm, 77.8750 mm): PTH pad A9 [+5V_USB] of J7
[solder_mask_bridge]: Rear solder mask aperture bridges items with different nets
    Rule: board setup solder mask min width; error
    @(310.9000 mm, 78.7250 mm): PTH pad A8 [unconnected-(J7-SBU1-PadA8)] of J7
    @(310.9000 mm, 77.8750 mm): PTH pad A9 [+5V_USB] of J7
[solder_mask_bridge]: Front solder mask aperture bridges items with different nets
    Rule: board setup solder mask min width; error
    @(267.6000 mm, 73.5000 mm): Pad 1 [/SUB_GHZ_RF/VCC_CC1101_A] of U8 on F.Cu
    @(268.0000 mm, 73.5000 mm): Pad 8 [GND] of U8 on F.Cu
[solder_mask_bridge]: Front solder mask aperture bridges items with different nets
    Rule: board setup solder mask min width; error
    @(310.9000 mm, 77.8750 mm): PTH pad A9 [+5V_USB] of J7
    @(310.9000 mm, 77.0250 mm): PTH pad A12 [GND] of J7
[solder_mask_bridge]: Front solder mask aperture bridges items with different nets
    Rule: board setup solder mask min width; error
    @(265.2000 mm, 131.0625 mm): Pad 5 [unconnected-(U35-GPIO5-Pad5)] of U35 on F.Cu
    @(264.8000 mm, 131.0625 mm): Pad 6 [unconnected-(U35-GPIO2-Pad6)] of U35 on F.Cu
[solder_mask_bridge]: Rear solder mask aperture bridges items with different nets
    Rule: board setup solder mask min width; error
    @(310.9000 mm, 77.8750 mm): PTH pad A9 [+5V_USB] of J7
    @(310.9000 mm, 77.0250 mm): PTH pad A12 [GND] of J7
[solder_mask_bridge]: Front solder mask aperture bridges items with different nets
    Rule: board setup solder mask min width; error
    @(267.6000 mm, 73.9000 mm): Pad 2 [/SUB_GHZ_RF/RFX_SAW_A_SEL1] of U8 on F.Cu
    @(267.6000 mm, 74.3000 mm): Pad 3 [/SUB_GHZ_RF/RFX_SAW_A_SEL0] of U8 on F.Cu
[solder_mask_bridge]: Front solder mask aperture bridges items with different nets
    Rule: board setup solder mask min width; error
    @(312.2500 mm, 77.0250 mm): PTH pad B1 [GND] of J7
    @(312.2500 mm, 77.8750 mm): PTH pad B4 [+5V_USB] of J7
[solder_mask_bridge]: Front solder mask aperture bridges items with different nets
    Rule: board setup solder mask min width; error
    @(264.8000 mm, 131.0625 mm): Pad 6 [unconnected-(U35-GPIO2-Pad6)] of U35 on F.Cu
    @(264.4000 mm, 131.0625 mm): Pad 7 [unconnected-(U35-GPIO3-Pad7)] of U35 on F.Cu
[solder_mask_bridge]: Rear solder mask aperture bridges items with different nets
    Rule: board setup solder mask min width; error
    @(312.2500 mm, 77.0250 mm): PTH pad B1 [GND] of J7
    @(312.2500 mm, 77.8750 mm): PTH pad B4 [+5V_USB] of J7
[solder_mask_bridge]: Front solder mask aperture bridges items with different nets
    Rule: board setup solder mask min width; error
    @(312.2500 mm, 77.8750 mm): PTH pad B4 [+5V_USB] of J7
    @(312.2500 mm, 78.7250 mm): PTH pad B5 [/WIRED_IO/USBC_CC2] of J7
[solder_mask_bridge]: Front solder mask aperture bridges items with different nets
    Rule: board setup solder mask min width; error
    @(267.6000 mm, 74.3000 mm): Pad 3 [/SUB_GHZ_RF/RFX_SAW_A_SEL0] of U8 on F.Cu
    @(268.0000 mm, 74.3000 mm): Pad 4 [/SUB_GHZ_RF/CC1101_A_868_PRE_FILT] of U8 on F.Cu
[solder_mask_bridge]: Rear solder mask aperture bridges items with different nets
    Rule: board setup solder mask min width; error
    @(312.2500 mm, 77.8750 mm): PTH pad B4 [+5V_USB] of J7
    @(312.2500 mm, 78.7250 mm): PTH pad B5 [/WIRED_IO/USBC_CC2] of J7
[solder_mask_bridge]: Front solder mask aperture bridges items with different nets
    Rule: board setup solder mask min width; error
    @(312.2500 mm, 78.7250 mm): PTH pad B5 [/WIRED_IO/USBC_CC2] of J7
    @(312.2500 mm, 79.5750 mm): PTH pad B6 [/WIRED_IO/USBC_D_P] of J7
[solder_mask_bridge]: Front solder mask aperture bridges items with different nets
    Rule: board setup solder mask min width; error
    @(264.4000 mm, 131.0625 mm): Pad 7 [unconnected-(U35-GPIO3-Pad7)] of U35 on F.Cu
    @(264.0000 mm, 131.0625 mm): Pad 8 [unconnected-(U35-GPIO4-Pad8)] of U35 on F.Cu
[solder_mask_bridge]: Rear solder mask aperture bridges items with different nets
    Rule: board setup solder mask min width; error
    @(312.2500 mm, 78.7250 mm): PTH pad B5 [/WIRED_IO/USBC_CC2] of J7
    @(312.2500 mm, 79.5750 mm): PTH pad B6 [/WIRED_IO/USBC_D_P] of J7
[solder_mask_bridge]: Front solder mask aperture bridges items with different nets
    Rule: board setup solder mask min width; error
    @(312.2500 mm, 79.5750 mm): PTH pad B6 [/WIRED_IO/USBC_D_P] of J7
    @(312.2500 mm, 80.4250 mm): PTH pad B7 [/WIRED_IO/USBC_D_N] of J7
[solder_mask_bridge]: Front solder mask aperture bridges items with different nets
    Rule: board setup solder mask min width; error
    @(268.0000 mm, 74.3000 mm): Pad 4 [/SUB_GHZ_RF/CC1101_A_868_PRE_FILT] of U8 on F.Cu
    @(268.4000 mm, 74.3000 mm): Pad 5 [/SUB_GHZ_RF/CC1101_A_315_PRE_FILT] of U8 on F.Cu
[solder_mask_bridge]: Rear solder mask aperture bridges items with different nets
    Rule: board setup solder mask min width; error
    @(312.2500 mm, 79.5750 mm): PTH pad B6 [/WIRED_IO/USBC_D_P] of J7
    @(312.2500 mm, 80.4250 mm): PTH pad B7 [/WIRED_IO/USBC_D_N] of J7
[solder_mask_bridge]: Front solder mask aperture bridges items with different nets
    Rule: board setup solder mask min width; error
    @(300.5000 mm, 85.3500 mm): Pad 8 [GND] of U38 on F.Cu
    @(300.0000 mm, 85.3500 mm): Pad 9 [/HMI/HAPTIC_OUT_N] of U38 on F.Cu
[solder_mask_bridge]: Front solder mask aperture bridges items with different nets
    Rule: board setup solder mask min width; error
    @(264.6000 mm, 158.5000 mm): Pad 4 [/SUB_GHZ_RF/VCC_CC1101_B] of U31 on F.Cu
    @(265.0000 mm, 158.5000 mm): Pad 5 [/SUB_GHZ_RF/CC1101_B_SMA2_FE] of U31 on F.Cu
[solder_mask_bridge]: Front solder mask aperture bridges items with different nets
    Rule: board setup solder mask min width; error
    @(312.2500 mm, 80.4250 mm): PTH pad B7 [/WIRED_IO/USBC_D_N] of J7
    @(312.2500 mm, 81.2750 mm): PTH pad B8 [unconnected-(J7-SBU2-PadB8)] of J7
[solder_mask_bridge]: Rear solder mask aperture bridges items with different nets
    Rule: board setup solder mask min width; error
    @(312.2500 mm, 80.4250 mm): PTH pad B7 [/WIRED_IO/USBC_D_N] of J7
    @(312.2500 mm, 81.2750 mm): PTH pad B8 [unconnected-(J7-SBU2-PadB8)] of J7
[solder_mask_bridge]: Front solder mask aperture bridges items with different nets
    Rule: board setup solder mask min width; error
    @(291.8000 mm, 90.5500 mm): Pad 46 [Net-(U2-VREG_AVDD)] of U2 on F.Cu
    @(291.4000 mm, 90.5500 mm): Pad 47 [GND] of U2 on F.Cu
[solder_mask_bridge]: Front solder mask aperture bridges items with different nets
    Rule: board setup solder mask min width; error
    @(312.2500 mm, 81.2750 mm): PTH pad B8 [unconnected-(J7-SBU2-PadB8)] of J7
    @(312.2500 mm, 82.1250 mm): PTH pad B9 [+5V_USB] of J7
[solder_mask_bridge]: Front solder mask aperture bridges items with different nets
    Rule: board setup solder mask min width; error
    @(264.0000 mm, 131.0625 mm): Pad 8 [unconnected-(U35-GPIO4-Pad8)] of U35 on F.Cu
    @(263.6000 mm, 131.0625 mm): Pad 9 [unconnected-(U35-GPIO7-Pad9)] of U35 on F.Cu
[solder_mask_bridge]: Rear solder mask aperture bridges items with different nets
    Rule: board setup solder mask min width; error
    @(312.2500 mm, 81.2750 mm): PTH pad B8 [unconnected-(J7-SBU2-PadB8)] of J7
    @(312.2500 mm, 82.1250 mm): PTH pad B9 [+5V_USB] of J7
[solder_mask_bridge]: Front solder mask aperture bridges items with different nets
    Rule: board setup solder mask min width; error
    @(268.4000 mm, 74.3000 mm): Pad 5 [/SUB_GHZ_RF/CC1101_A_315_PRE_FILT] of U8 on F.Cu
    @(268.4000 mm, 73.9000 mm): Pad 6 [/SUB_GHZ_RF/CC1101_A_PRE_SAW_IN] of U8 on F.Cu
[solder_mask_bridge]: Front solder mask aperture bridges items with different nets
    Rule: board setup solder mask min width; error
    @(312.2500 mm, 82.1250 mm): PTH pad B9 [+5V_USB] of J7
    @(312.2500 mm, 82.9750 mm): PTH pad B12 [GND] of J7
[solder_mask_bridge]: Front solder mask aperture bridges items with different nets
    Rule: board setup solder mask min width; error
    @(300.0000 mm, 85.3500 mm): Pad 9 [/HMI/HAPTIC_OUT_N] of U38 on F.Cu
    @(299.5000 mm, 85.3500 mm): Pad 10 [+3V3] of U38 on F.Cu
[solder_mask_bridge]: Front solder mask aperture bridges items with different nets
    Rule: board setup solder mask min width; error
    @(268.4000 mm, 73.9000 mm): Pad 6 [/SUB_GHZ_RF/CC1101_A_PRE_SAW_IN] of U8 on F.Cu
    @(268.4000 mm, 73.5000 mm): Pad 7 [/SUB_GHZ_RF/CC1101_A_433_PRE_FILT] of U8 on F.Cu
[solder_mask_bridge]: Rear solder mask aperture bridges items with different nets
    Rule: board setup solder mask min width; error
    @(312.2500 mm, 82.1250 mm): PTH pad B9 [+5V_USB] of J7
    @(312.2500 mm, 82.9750 mm): PTH pad B12 [GND] of J7
[solder_mask_bridge]: Front solder mask aperture bridges items with different nets
    Rule: board setup solder mask min width; error
    @(291.4000 mm, 90.5500 mm): Pad 47 [GND] of U2 on F.Cu
    @(291.0000 mm, 90.5500 mm): Pad 48 [/RP2350_COPROCESSOR/VREG_LX] of U2 on F.Cu
[solder_mask_bridge]: Rear solder mask aperture bridges items with different nets
    Rule: board setup solder mask min width; error
    @(292.2000 mm, 66.0000 mm): Pad 1 [GND] of D16 on B.Cu
    @(291.8000 mm, 66.0000 mm): Pad 2 [/ANCHOR_DOCK/DOCK_LINK_A_RAW] of D16 on B.Cu
[solder_mask_bridge]: Front solder mask aperture bridges items with different nets
    Rule: board setup solder mask min width; error
    @(265.0000 mm, 158.5000 mm): Pad 5 [/SUB_GHZ_RF/CC1101_B_SMA2_FE] of U31 on F.Cu
    @(265.4000 mm, 158.5000 mm): Pad 6 [/SUB_GHZ_RF/RFX_SAW_B_SEL0] of U31 on F.Cu
[solder_mask_bridge]: Front solder mask aperture bridges items with different nets
    Rule: board setup solder mask min width; error
    @(263.6000 mm, 131.0625 mm): Pad 9 [unconnected-(U35-GPIO7-Pad9)] of U35 on F.Cu
    @(263.2000 mm, 131.0625 mm): Pad 10 [GND] of U35 on F.Cu
[solder_mask_bridge]: Front solder mask aperture bridges items with different nets
    Rule: board setup solder mask min width; error
    @(285.7500 mm, 64.2050 mm): Pad 1 [GND] of U17 on F.Cu
    @(285.2500 mm, 64.2050 mm): Pad 2 [/SUB_GHZ_RF/CC1101_C_LNA_RF_IN_BLOCKED] of U17 on F.Cu
[solder_mask_bridge]: Front solder mask aperture bridges items with different nets
    Rule: board setup solder mask min width; error
    @(268.4000 mm, 73.5000 mm): Pad 7 [/SUB_GHZ_RF/CC1101_A_433_PRE_FILT] of U8 on F.Cu
    @(268.0000 mm, 73.5000 mm): Pad 8 [GND] of U8 on F.Cu
[solder_mask_bridge]: Front solder mask aperture bridges items with different nets
    Rule: board setup solder mask min width; error
    @(285.2500 mm, 64.2050 mm): Pad 2 [/SUB_GHZ_RF/CC1101_C_LNA_RF_IN_BLOCKED] of U17 on F.Cu
    @(285.0000 mm, 65.2000 mm): Pad 9 [GND] of U17 on F.Cu
[solder_mask_bridge]: Front solder mask aperture bridges items with different nets
    Rule: board setup solder mask min width; error
    @(291.0000 mm, 90.5500 mm): Pad 48 [/RP2350_COPROCESSOR/VREG_LX] of U2 on F.Cu
    @(290.6000 mm, 90.5500 mm): Pad 49 [+3V3] of U2 on F.Cu
[solder_mask_bridge]: Front solder mask aperture bridges items with different nets
    Rule: board setup solder mask min width; error
    @(262.5625 mm, 132.1000 mm): Pad 12 [GND] of U35 on F.Cu
    @(262.5625 mm, 132.5000 mm): Pad 13 [/POSITIONING/UWB_RF2_IC] of U35 on F.Cu
[solder_mask_bridge]: Front solder mask aperture bridges items with different nets
    Rule: board setup solder mask min width; error
    @(285.2500 mm, 64.2050 mm): Pad 2 [/SUB_GHZ_RF/CC1101_C_LNA_RF_IN_BLOCKED] of U17 on F.Cu
    @(284.7500 mm, 64.2050 mm): Pad 3 [GND] of U17 on F.Cu
[solder_mask_bridge]: Front solder mask aperture bridges items with different nets
    Rule: board setup solder mask min width; error
    @(290.6000 mm, 90.5500 mm): Pad 49 [+3V3] of U2 on F.Cu
    @(290.2000 mm, 90.5500 mm): Pad 50 [RP2350_1V1] of U2 on F.Cu
[solder_mask_bridge]: Front solder mask aperture bridges items with different nets
    Rule: board setup solder mask min width; error
    @(284.2500 mm, 66.1950 mm): Pad 5 [GND] of U17 on F.Cu
    @(284.7500 mm, 66.1950 mm): Pad 6 [/SUB_GHZ_RF/CC1101_C_LNA_SD_NODE] of U17 on F.Cu
[solder_mask_bridge]: Front solder mask aperture bridges items with different nets
    Rule: board setup solder mask min width; error
    @(262.5625 mm, 132.5000 mm): Pad 13 [/POSITIONING/UWB_RF2_IC] of U35 on F.Cu
    @(262.5625 mm, 132.9000 mm): Pad 14 [GND] of U35 on F.Cu
[solder_mask_bridge]: Front solder mask aperture bridges items with different nets
    Rule: board setup solder mask min width; error
    @(284.7500 mm, 66.1950 mm): Pad 6 [/SUB_GHZ_RF/CC1101_C_LNA_SD_NODE] of U17 on F.Cu
    @(285.2500 mm, 66.1950 mm): Pad 7 [/SUB_GHZ_RF/CC1101_C_LNA_RF_OUT_BIASED] of U17 on F.Cu
[solder_mask_bridge]: Front solder mask aperture bridges items with different nets
    Rule: board setup solder mask min width; error
    @(284.7500 mm, 66.1950 mm): Pad 6 [/SUB_GHZ_RF/CC1101_C_LNA_SD_NODE] of U17 on F.Cu
    @(285.0000 mm, 65.2000 mm): Pad 9 [GND] of U17 on F.Cu
[solder_mask_bridge]: Front solder mask aperture bridges items with different nets
    Rule: board setup solder mask min width; error
    @(285.2500 mm, 66.1950 mm): Pad 7 [/SUB_GHZ_RF/CC1101_C_LNA_RF_OUT_BIASED] of U17 on F.Cu
    @(285.7500 mm, 66.1950 mm): Pad 8 [GND] of U17 on F.Cu
[solder_mask_bridge]: Front solder mask aperture bridges items with different nets
    Rule: board setup solder mask min width; error
    @(285.2500 mm, 66.1950 mm): Pad 7 [/SUB_GHZ_RF/CC1101_C_LNA_RF_OUT_BIASED] of U17 on F.Cu
    @(285.0000 mm, 65.2000 mm): Pad 9 [GND] of U17 on F.Cu
[solder_mask_bridge]: Front solder mask aperture bridges items with different nets
    Rule: board setup solder mask min width; error
    @(262.5625 mm, 134.1000 mm): Pad 17 [GND] of U35 on F.Cu
    @(262.5625 mm, 134.5000 mm): Pad 18 [/POSITIONING/UWB_RF1_IC] of U35 on F.Cu
[solder_mask_bridge]: Front solder mask aperture bridges items with different nets
    Rule: board setup solder mask min width; error
    @(290.2000 mm, 90.5500 mm): Pad 50 [RP2350_1V1] of U2 on F.Cu
    @(289.8000 mm, 90.5500 mm): Pad 51 [/RP2350_COPROCESSOR/RP_USB_D_N] of U2 on F.Cu
[solder_mask_bridge]: Front solder mask aperture bridges items with different nets
    Rule: board setup solder mask min width; error
    @(262.5625 mm, 134.5000 mm): Pad 18 [/POSITIONING/UWB_RF1_IC] of U35 on F.Cu
    @(262.5625 mm, 134.9000 mm): Pad 19 [GND] of U35 on F.Cu
[solder_mask_bridge]: Front solder mask aperture bridges items with different nets
    Rule: board setup solder mask min width; error
    @(264.6000 mm, 62.4000 mm): Pad 1 [/SUB_GHZ_RF/CC1101_A_PA_OUT] of U12 on F.Cu
    @(265.0000 mm, 62.4000 mm): Pad 2 [GND] of U12 on F.Cu
[solder_mask_bridge]: Front solder mask aperture bridges items with different nets
    Rule: board setup solder mask min width; error
    @(289.8000 mm, 90.5500 mm): Pad 51 [/RP2350_COPROCESSOR/RP_USB_D_N] of U2 on F.Cu
    @(289.4000 mm, 90.5500 mm): Pad 52 [/RP2350_COPROCESSOR/RP_USB_D_P] of U2 on F.Cu
[solder_mask_bridge]: Front solder mask aperture bridges items with different nets
    Rule: board setup solder mask min width; error
    @(289.4000 mm, 90.5500 mm): Pad 52 [/RP2350_COPROCESSOR/RP_USB_D_P] of U2 on F.Cu
    @(289.0000 mm, 90.5500 mm): Pad 53 [+3V3] of U2 on F.Cu
[solder_mask_bridge]: Front solder mask aperture bridges items with different nets
    Rule: board setup solder mask min width; error
    @(262.5625 mm, 135.3000 mm): Pad 20 [GND] of U35 on F.Cu
    @(263.2000 mm, 135.9375 mm): Pad 21 [/POSITIONING/UWB_XTI_IC] of U35 on F.Cu
[solder_mask_bridge]: Front solder mask aperture bridges items with different nets
    Rule: board setup solder mask min width; error
    @(281.4000 mm, 73.1000 mm): Pad 1 [/SUB_GHZ_RF/VCC_CC1101_C] of U18 on F.Cu
    @(281.4000 mm, 73.5000 mm): Pad 2 [/SUB_GHZ_RF/RFX_SAW_C_SEL1] of U18 on F.Cu
[solder_mask_bridge]: Front solder mask aperture bridges items with different nets
    Rule: board setup solder mask min width; error
    @(288.6000 mm, 90.5500 mm): Pad 54 [+3V3] of U2 on F.Cu
    @(288.2000 mm, 90.5500 mm): Pad 55 [/RP2350_COPROCESSOR/QSPI_SD3] of U2 on F.Cu
[solder_mask_bridge]: Front solder mask aperture bridges items with different nets
    Rule: board setup solder mask min width; error
    @(263.2000 mm, 135.9375 mm): Pad 21 [/POSITIONING/UWB_XTI_IC] of U35 on F.Cu
    @(263.6000 mm, 135.9375 mm): Pad 22 [/POSITIONING/UWB_XTO_IC] of U35 on F.Cu
[solder_mask_bridge]: Front solder mask aperture bridges items with different nets
    Rule: board setup solder mask min width; error
    @(264.6000 mm, 62.4000 mm): Pad 1 [/SUB_GHZ_RF/CC1101_A_PA_OUT] of U12 on F.Cu
    @(264.6000 mm, 62.0000 mm): Pad 6 [/RF_SW_A] of U12 on F.Cu
[solder_mask_bridge]: Front solder mask aperture bridges items with different nets
    Rule: board setup solder mask min width; error
    @(263.6000 mm, 135.9375 mm): Pad 22 [/POSITIONING/UWB_XTO_IC] of U35 on F.Cu
    @(264.0000 mm, 135.9375 mm): Pad 23 [+3V3] of U35 on F.Cu
[solder_mask_bridge]: Front solder mask aperture bridges items with different nets
    Rule: board setup solder mask min width; error
    @(281.4000 mm, 73.1000 mm): Pad 1 [/SUB_GHZ_RF/VCC_CC1101_C] of U18 on F.Cu
    @(281.8000 mm, 73.1000 mm): Pad 8 [GND] of U18 on F.Cu
[solder_mask_bridge]: Front solder mask aperture bridges items with different nets
    Rule: board setup solder mask min width; error
    @(265.0000 mm, 62.4000 mm): Pad 2 [GND] of U12 on F.Cu
    @(265.4000 mm, 62.4000 mm): Pad 3 [/SUB_GHZ_RF/CC1101_A_LNA_IN] of U12 on F.Cu
[solder_mask_bridge]: Front solder mask aperture bridges items with different nets
    Rule: board setup solder mask min width; error
    @(281.4000 mm, 73.5000 mm): Pad 2 [/SUB_GHZ_RF/RFX_SAW_C_SEL1] of U18 on F.Cu
    @(281.4000 mm, 73.9000 mm): Pad 3 [/SUB_GHZ_RF/RFX_SAW_C_SEL0] of U18 on F.Cu
[solder_mask_bridge]: Front solder mask aperture bridges items with different nets
    Rule: board setup solder mask min width; error
    @(288.2000 mm, 90.5500 mm): Pad 55 [/RP2350_COPROCESSOR/QSPI_SD3] of U2 on F.Cu
    @(287.8000 mm, 90.5500 mm): Pad 56 [/RP2350_COPROCESSOR/QSPI_SCLK] of U2 on F.Cu
[solder_mask_bridge]: Front solder mask aperture bridges items with different nets
    Rule: board setup solder mask min width; error
    @(265.0000 mm, 62.4000 mm): Pad 2 [GND] of U12 on F.Cu
    @(265.0000 mm, 62.0000 mm): Pad 5 [/SUB_GHZ_RF/CC1101_A_SMA1_FE] of U12 on F.Cu
[solder_mask_bridge]: Front solder mask aperture bridges items with different nets
    Rule: board setup solder mask min width; error
    @(287.8000 mm, 90.5500 mm): Pad 56 [/RP2350_COPROCESSOR/QSPI_SCLK] of U2 on F.Cu
    @(287.4000 mm, 90.5500 mm): Pad 57 [/RP2350_COPROCESSOR/QSPI_SD0] of U2 on F.Cu
[solder_mask_bridge]: Front solder mask aperture bridges items with different nets
    Rule: board setup solder mask min width; error
    @(281.4000 mm, 73.9000 mm): Pad 3 [/SUB_GHZ_RF/RFX_SAW_C_SEL0] of U18 on F.Cu
    @(281.8000 mm, 73.9000 mm): Pad 4 [/SUB_GHZ_RF/CC1101_C_868_POST_FILT] of U18 on F.Cu
[solder_mask_bridge]: Front solder mask aperture bridges items with different nets
    Rule: board setup solder mask min width; error
    @(287.4000 mm, 90.5500 mm): Pad 57 [/RP2350_COPROCESSOR/QSPI_SD0] of U2 on F.Cu
    @(287.0000 mm, 90.5500 mm): Pad 58 [/RP2350_COPROCESSOR/QSPI_SD2] of U2 on F.Cu
[solder_mask_bridge]: Front solder mask aperture bridges items with different nets
    Rule: board setup solder mask min width; error
    @(265.4000 mm, 62.4000 mm): Pad 3 [/SUB_GHZ_RF/CC1101_A_LNA_IN] of U12 on F.Cu
    @(265.4000 mm, 62.0000 mm): Pad 4 [/SUB_GHZ_RF/VCC_CC1101_A] of U12 on F.Cu
[solder_mask_bridge]: Front solder mask aperture bridges items with different nets
    Rule: board setup solder mask min width; error
    @(287.0000 mm, 90.5500 mm): Pad 58 [/RP2350_COPROCESSOR/QSPI_SD2] of U2 on F.Cu
    @(286.6000 mm, 90.5500 mm): Pad 59 [/RP2350_COPROCESSOR/QSPI_SD1] of U2 on F.Cu
[solder_mask_bridge]: Front solder mask aperture bridges items with different nets
    Rule: board setup solder mask min width; error
    @(297.3700 mm, 78.7000 mm): Pad 1 [/SPI_SCK] of U5 on F.Cu
    @(297.3700 mm, 78.2000 mm): Pad 2 [/SPI_MISO] of U5 on F.Cu
[solder_mask_bridge]: Front solder mask aperture bridges items with different nets
    Rule: board setup solder mask min width; error
    @(264.0000 mm, 135.9375 mm): Pad 23 [+3V3] of U35 on F.Cu
    @(264.4000 mm, 135.9375 mm): Pad 24 [GND] of U35 on F.Cu
[solder_mask_bridge]: Front solder mask aperture bridges items with different nets
    Rule: board setup solder mask min width; error
    @(297.3700 mm, 78.7000 mm): Pad 1 [/SPI_SCK] of U5 on F.Cu
    @(295.5000 mm, 77.7000 mm): Pad 21 [GND] of U5 on F.Cu
[solder_mask_bridge]: Front solder mask aperture bridges items with different nets
    Rule: board setup solder mask min width; error
    @(281.8000 mm, 73.9000 mm): Pad 4 [/SUB_GHZ_RF/CC1101_C_868_POST_FILT] of U18 on F.Cu
    @(282.2000 mm, 73.9000 mm): Pad 5 [/SUB_GHZ_RF/CC1101_C_315_POST_FILT] of U18 on F.Cu
[solder_mask_bridge]: Front solder mask aperture bridges items with different nets
    Rule: board setup solder mask min width; error
    @(265.4000 mm, 62.0000 mm): Pad 4 [/SUB_GHZ_RF/VCC_CC1101_A] of U12 on F.Cu
    @(265.0000 mm, 62.0000 mm): Pad 5 [/SUB_GHZ_RF/CC1101_A_SMA1_FE] of U12 on F.Cu
[solder_mask_bridge]: Front solder mask aperture bridges items with different nets
    Rule: board setup solder mask min width; error
    @(286.6000 mm, 90.5500 mm): Pad 59 [/RP2350_COPROCESSOR/QSPI_SD1] of U2 on F.Cu
    @(286.2000 mm, 90.5500 mm): Pad 60 [/RP2350_COPROCESSOR/QSPI_SS] of U2 on F.Cu
[solder_mask_bridge]: Front solder mask aperture bridges items with different nets
    Rule: board setup solder mask min width; error
    @(265.0000 mm, 62.0000 mm): Pad 5 [/SUB_GHZ_RF/CC1101_A_SMA1_FE] of U12 on F.Cu
    @(264.6000 mm, 62.0000 mm): Pad 6 [/RF_SW_A] of U12 on F.Cu
[solder_mask_bridge]: Front solder mask aperture bridges items with different nets
    Rule: board setup solder mask min width; error
    @(297.3700 mm, 78.2000 mm): Pad 2 [/SPI_MISO] of U5 on F.Cu
    @(297.3700 mm, 77.7000 mm): Pad 3 [unconnected-(U5-GDO2-Pad3)] of U5 on F.Cu
[solder_mask_bridge]: Front solder mask aperture bridges items with different nets
    Rule: board setup solder mask min width; error
    @(264.8000 mm, 135.9375 mm): Pad 25 [GND] of U35 on F.Cu
    @(265.2000 mm, 135.9375 mm): Pad 26 [+3V3] of U35 on F.Cu
[solder_mask_bridge]: Front solder mask aperture bridges items with different nets
    Rule: board setup solder mask min width; error
    @(282.2000 mm, 73.9000 mm): Pad 5 [/SUB_GHZ_RF/CC1101_C_315_POST_FILT] of U18 on F.Cu
    @(282.2000 mm, 73.5000 mm): Pad 6 [/SUB_GHZ_RF/CC1101_C_LNA_OUT] of U18 on F.Cu
[solder_mask_bridge]: Front solder mask aperture bridges items with different nets
    Rule: board setup solder mask min width; error
    @(297.3700 mm, 78.2000 mm): Pad 2 [/SPI_MISO] of U5 on F.Cu
    @(295.5000 mm, 77.7000 mm): Pad 21 [GND] of U5 on F.Cu
[solder_mask_bridge]: Front solder mask aperture bridges items with different nets
    Rule: board setup solder mask min width; error
    @(297.3700 mm, 77.7000 mm): Pad 3 [unconnected-(U5-GDO2-Pad3)] of U5 on F.Cu
    @(297.3700 mm, 77.2000 mm): Pad 4 [/SUB_GHZ_RF/VCC_CC1101_C] of U5 on F.Cu
[solder_mask_bridge]: Rear solder mask aperture bridges items with different nets
    Rule: board setup solder mask min width; error
    @(292.2000 mm, 76.2000 mm): Pad 1 [GND] of D18 on B.Cu
    @(291.8000 mm, 76.2000 mm): Pad 2 [/ANCHOR_DOCK/DOCK_SENSE_RAW] of D18 on B.Cu
[solder_mask_bridge]: Front solder mask aperture bridges items with different nets
    Rule: board setup solder mask min width; error
    @(265.2000 mm, 135.9375 mm): Pad 26 [+3V3] of U35 on F.Cu
    @(265.6000 mm, 135.9375 mm): Pad 27 [/POSITIONING/UWB_VTX_D] of U35 on F.Cu
[solder_mask_bridge]: Front solder mask aperture bridges items with different nets
    Rule: board setup solder mask min width; error
    @(297.3700 mm, 77.7000 mm): Pad 3 [unconnected-(U5-GDO2-Pad3)] of U5 on F.Cu
    @(295.5000 mm, 77.7000 mm): Pad 21 [GND] of U5 on F.Cu
[solder_mask_bridge]: Rear solder mask aperture bridges items with different nets
    Rule: board setup solder mask min width; error
    @(292.2000 mm, 72.8000 mm): Pad 1 [GND] of D19 on B.Cu
    @(291.8000 mm, 72.8000 mm): Pad 2 [/ANCHOR_DOCK/DOCK_SYNC_RAW] of D19 on B.Cu
[solder_mask_bridge]: Front solder mask aperture bridges items with different nets
    Rule: board setup solder mask min width; error
    @(282.2000 mm, 73.5000 mm): Pad 6 [/SUB_GHZ_RF/CC1101_C_LNA_OUT] of U18 on F.Cu
    @(282.2000 mm, 73.1000 mm): Pad 7 [/SUB_GHZ_RF/CC1101_C_433_POST_FILT] of U18 on F.Cu
[solder_mask_bridge]: Front solder mask aperture bridges items with different nets
    Rule: board setup solder mask min width; error
    @(297.3700 mm, 77.2000 mm): Pad 4 [/SUB_GHZ_RF/VCC_CC1101_C] of U5 on F.Cu
    @(297.3700 mm, 76.7000 mm): Pad 5 [/SUB_GHZ_RF/CC1101_C_DCOUPL] of U5 on F.Cu
[solder_mask_bridge]: Front solder mask aperture bridges items with different nets
    Rule: board setup solder mask min width; error
    @(297.3700 mm, 77.2000 mm): Pad 4 [/SUB_GHZ_RF/VCC_CC1101_C] of U5 on F.Cu
    @(295.5000 mm, 77.7000 mm): Pad 21 [GND] of U5 on F.Cu
[solder_mask_bridge]: Front solder mask aperture bridges items with different nets
    Rule: board setup solder mask min width; error
    @(297.3700 mm, 76.7000 mm): Pad 5 [/SUB_GHZ_RF/CC1101_C_DCOUPL] of U5 on F.Cu
    @(295.5000 mm, 77.7000 mm): Pad 21 [GND] of U5 on F.Cu
[solder_mask_bridge]: Front solder mask aperture bridges items with different nets
    Rule: board setup solder mask min width; error
    @(282.2000 mm, 73.1000 mm): Pad 7 [/SUB_GHZ_RF/CC1101_C_433_POST_FILT] of U18 on F.Cu
    @(281.8000 mm, 73.1000 mm): Pad 8 [GND] of U18 on F.Cu
[solder_mask_bridge]: Front solder mask aperture bridges items with different nets
    Rule: board setup solder mask min width; error
    @(277.8000 mm, 151.1000 mm): Pad 1 [/SUB_GHZ_RF/CC1101_B_POSTPA_868_LPF_OUT] of U30 on F.Cu
    @(277.8000 mm, 151.5000 mm): Pad 2 [GND] of U30 on F.Cu
[solder_mask_bridge]: Front solder mask aperture bridges items with different nets
    Rule: board setup solder mask min width; error
    @(265.6000 mm, 135.9375 mm): Pad 27 [/POSITIONING/UWB_VTX_D] of U35 on F.Cu
    @(266.0000 mm, 135.9375 mm): Pad 28 [/POSITIONING/UWB_VDD2A] of U35 on F.Cu
[solder_mask_bridge]: Front solder mask aperture bridges items with different nets
    Rule: board setup solder mask min width; error
    @(296.5000 mm, 75.8300 mm): Pad 6 [/CC1101_C_GDO0] of U5 on F.Cu
    @(296.0000 mm, 75.8300 mm): Pad 7 [/nCS_CC1101_C] of U5 on F.Cu
[solder_mask_bridge]: Front solder mask aperture bridges items with different nets
    Rule: board setup solder mask min width; error
    @(258.0500 mm, 148.2500 mm): Pad 1 [/SUB_GHZ_RF/CC1101_B_PA2_VBIAS] of U22 on F.Cu
    @(258.0500 mm, 148.7500 mm): Pad 2 [GND] of U22 on F.Cu
[solder_mask_bridge]: Front solder mask aperture bridges items with different nets
    Rule: board setup solder mask min width; error
    @(266.1000 mm, 67.1000 mm): Pad 1 [/SUB_GHZ_RF/CC1101_A_PA_IN] of U10 on F.Cu
    @(266.5000 mm, 67.1000 mm): Pad 2 [GND] of U10 on F.Cu
[solder_mask_bridge]: Front solder mask aperture bridges items with different nets
    Rule: board setup solder mask min width; error
    @(296.5000 mm, 75.8300 mm): Pad 6 [/CC1101_C_GDO0] of U5 on F.Cu
    @(295.5000 mm, 77.7000 mm): Pad 21 [GND] of U5 on F.Cu
[solder_mask_bridge]: Front solder mask aperture bridges items with different nets
    Rule: board setup solder mask min width; error
    @(266.0000 mm, 135.9375 mm): Pad 28 [/POSITIONING/UWB_VDD2A] of U35 on F.Cu
    @(266.4000 mm, 135.9375 mm): Pad 29 [+3V3] of U35 on F.Cu
[solder_mask_bridge]: Front solder mask aperture bridges items with different nets
    Rule: board setup solder mask min width; error
    @(258.0500 mm, 148.2500 mm): Pad 1 [/SUB_GHZ_RF/CC1101_B_PA2_VBIAS] of U22 on F.Cu
    @(260.0000 mm, 149.5000 mm): Pad 25 [GND] of U22 on F.Cu
[solder_mask_bridge]: Front solder mask aperture bridges items with different nets
    Rule: board setup solder mask min width; error
    @(296.0000 mm, 75.8300 mm): Pad 7 [/nCS_CC1101_C] of U5 on F.Cu
    @(295.5000 mm, 75.8300 mm): Pad 8 [/SUB_GHZ_RF/CC1101_C_XOSC_Q1] of U5 on F.Cu
[solder_mask_bridge]: Front solder mask aperture bridges items with different nets
    Rule: board setup solder mask min width; error
    @(258.0500 mm, 149.2500 mm): Pad 3 [GND] of U22 on F.Cu
    @(258.0500 mm, 149.7500 mm): Pad 4 [/SUB_GHZ_RF/CC1101_B_PA2_RF_IN] of U22 on F.Cu
[solder_mask_bridge]: Front solder mask aperture bridges items with different nets
    Rule: board setup solder mask min width; error
    @(258.0500 mm, 149.7500 mm): Pad 4 [/SUB_GHZ_RF/CC1101_B_PA2_RF_IN] of U22 on F.Cu
    @(260.0000 mm, 149.5000 mm): Pad 25 [GND] of U22 on F.Cu
[solder_mask_bridge]: Front solder mask aperture bridges items with different nets
    Rule: board setup solder mask min width; error
    @(258.0500 mm, 150.2500 mm): Pad 5 [/SUB_GHZ_RF/CC1101_B_PA2_RF_IN] of U22 on F.Cu
    @(260.0000 mm, 149.5000 mm): Pad 25 [GND] of U22 on F.Cu
[solder_mask_bridge]: Front solder mask aperture bridges items with different nets
    Rule: board setup solder mask min width; error
    @(296.0000 mm, 75.8300 mm): Pad 7 [/nCS_CC1101_C] of U5 on F.Cu
    @(295.5000 mm, 77.7000 mm): Pad 21 [GND] of U5 on F.Cu
[solder_mask_bridge]: Front solder mask aperture bridges items with different nets
    Rule: board setup solder mask min width; error
    @(266.4000 mm, 135.9375 mm): Pad 29 [+3V3] of U35 on F.Cu
    @(266.8000 mm, 135.9375 mm): Pad 30 [GND] of U35 on F.Cu
[solder_mask_bridge]: Front solder mask aperture bridges items with different nets
    Rule: board setup solder mask min width; error
    @(258.0500 mm, 150.2500 mm): Pad 5 [/SUB_GHZ_RF/CC1101_B_PA2_RF_IN] of U22 on F.Cu
    @(258.0500 mm, 150.7500 mm): Pad 6 [GND] of U22 on F.Cu
[solder_mask_bridge]: Front solder mask aperture bridges items with different nets
    Rule: board setup solder mask min width; error
    @(266.1000 mm, 67.1000 mm): Pad 1 [/SUB_GHZ_RF/CC1101_A_PA_IN] of U10 on F.Cu
    @(266.1000 mm, 66.7000 mm): Pad 6 [/RF_SW_A] of U10 on F.Cu
[solder_mask_bridge]: Front solder mask aperture bridges items with different nets
    Rule: board setup solder mask min width; error
    @(295.5000 mm, 75.8300 mm): Pad 8 [/SUB_GHZ_RF/CC1101_C_XOSC_Q1] of U5 on F.Cu
    @(295.0000 mm, 75.8300 mm): Pad 9 [/SUB_GHZ_RF/VCC_CC1101_C] of U5 on F.Cu
[solder_mask_bridge]: Front solder mask aperture bridges items with different nets
    Rule: board setup solder mask min width; error
    @(261.9500 mm, 150.7500 mm): Pad 13 [GND] of U22 on F.Cu
    @(261.9500 mm, 150.2500 mm): Pad 14 [/SUB_GHZ_RF/CC1101_B_PA2_RF_OUT_BIASED] of U22 on F.Cu
[solder_mask_bridge]: Front solder mask aperture bridges items with different nets
    Rule: board setup solder mask min width; error
    @(295.5000 mm, 75.8300 mm): Pad 8 [/SUB_GHZ_RF/CC1101_C_XOSC_Q1] of U5 on F.Cu
    @(295.5000 mm, 77.7000 mm): Pad 21 [GND] of U5 on F.Cu
[solder_mask_bridge]: Front solder mask aperture bridges items with different nets
    Rule: board setup solder mask min width; error
    @(266.5000 mm, 67.1000 mm): Pad 2 [GND] of U10 on F.Cu
    @(266.9000 mm, 67.1000 mm): Pad 3 [/SUB_GHZ_RF/CC1101_A_LNA_OUT] of U10 on F.Cu
[solder_mask_bridge]: Front solder mask aperture bridges items with different nets
    Rule: board setup solder mask min width; error
    @(277.8000 mm, 151.1000 mm): Pad 1 [/SUB_GHZ_RF/CC1101_B_POSTPA_868_LPF_OUT] of U30 on F.Cu
    @(278.2000 mm, 151.1000 mm): Pad 6 [/SUB_GHZ_RF/RFX_SAW_B_SEL1] of U30 on F.Cu
[solder_mask_bridge]: Front solder mask aperture bridges items with different nets
    Rule: board setup solder mask min width; error
    @(266.8000 mm, 135.9375 mm): Pad 30 [GND] of U35 on F.Cu
    @(267.4375 mm, 135.3000 mm): Pad 31 [unconnected-(U35-EXTON-Pad31)] of U35 on F.Cu
[solder_mask_bridge]: Front solder mask aperture bridges items with different nets
    Rule: board setup solder mask min width; error
    @(261.9500 mm, 150.2500 mm): Pad 14 [/SUB_GHZ_RF/CC1101_B_PA2_RF_OUT_BIASED] of U22 on F.Cu
    @(260.0000 mm, 149.5000 mm): Pad 25 [GND] of U22 on F.Cu
[solder_mask_bridge]: Front solder mask aperture bridges items with different nets
    Rule: board setup solder mask min width; error
    @(277.8000 mm, 151.5000 mm): Pad 2 [GND] of U30 on F.Cu
    @(277.8000 mm, 151.9000 mm): Pad 3 [/SUB_GHZ_RF/CC1101_B_POSTPA_315_LPF_OUT] of U30 on F.Cu
[solder_mask_bridge]: Front solder mask aperture bridges items with different nets
    Rule: board setup solder mask min width; error
    @(261.9500 mm, 149.7500 mm): Pad 15 [/SUB_GHZ_RF/CC1101_B_PA2_RF_OUT_BIASED] of U22 on F.Cu
    @(260.0000 mm, 149.5000 mm): Pad 25 [GND] of U22 on F.Cu
[solder_mask_bridge]: Front solder mask aperture bridges items with different nets
    Rule: board setup solder mask min width; error
    @(295.0000 mm, 75.8300 mm): Pad 9 [/SUB_GHZ_RF/VCC_CC1101_C] of U5 on F.Cu
    @(294.5000 mm, 75.8300 mm): Pad 10 [/SUB_GHZ_RF/CC1101_C_XOSC_Q2] of U5 on F.Cu
[solder_mask_bridge]: Front solder mask aperture bridges items with different nets
    Rule: board setup solder mask min width; error
    @(261.9500 mm, 149.2500 mm): Pad 16 [/SUB_GHZ_RF/CC1101_B_PA2_RF_OUT_BIASED] of U22 on F.Cu
    @(261.9500 mm, 148.7500 mm): Pad 17 [GND] of U22 on F.Cu
[solder_mask_bridge]: Front solder mask aperture bridges items with different nets
    Rule: board setup solder mask min width; error
    @(261.9500 mm, 149.2500 mm): Pad 16 [/SUB_GHZ_RF/CC1101_B_PA2_RF_OUT_BIASED] of U22 on F.Cu
    @(260.0000 mm, 149.5000 mm): Pad 25 [GND] of U22 on F.Cu
[solder_mask_bridge]: Front solder mask aperture bridges items with different nets
    Rule: board setup solder mask min width; error
    @(261.9500 mm, 148.7500 mm): Pad 17 [GND] of U22 on F.Cu
    @(261.9500 mm, 148.2500 mm): Pad 18 [/SUB_GHZ_RF/CC1101_B_PA2_IREF] of U22 on F.Cu
[solder_mask_bridge]: Front solder mask aperture bridges items with different nets
    Rule: board setup solder mask min width; error
    @(295.0000 mm, 75.8300 mm): Pad 9 [/SUB_GHZ_RF/VCC_CC1101_C] of U5 on F.Cu
    @(295.5000 mm, 77.7000 mm): Pad 21 [GND] of U5 on F.Cu
[solder_mask_bridge]: Front solder mask aperture bridges items with different nets
    Rule: board setup solder mask min width; error
    @(261.9500 mm, 148.2500 mm): Pad 18 [/SUB_GHZ_RF/CC1101_B_PA2_IREF] of U22 on F.Cu
    @(260.0000 mm, 149.5000 mm): Pad 25 [GND] of U22 on F.Cu
[solder_mask_bridge]: Front solder mask aperture bridges items with different nets
    Rule: board setup solder mask min width; error
    @(277.8000 mm, 151.5000 mm): Pad 2 [GND] of U30 on F.Cu
    @(278.2000 mm, 151.5000 mm): Pad 5 [/SUB_GHZ_RF/CC1101_B_POSTPA_SW_OUT] of U30 on F.Cu
[solder_mask_bridge]: Front solder mask aperture bridges items with different nets
    Rule: board setup solder mask min width; error
    @(266.5000 mm, 67.1000 mm): Pad 2 [GND] of U10 on F.Cu
    @(266.5000 mm, 66.7000 mm): Pad 5 [/SUB_GHZ_RF/CC1101_A_BAND_OUT] of U10 on F.Cu
[solder_mask_bridge]: Front solder mask aperture bridges items with different nets
    Rule: board setup solder mask min width; error
    @(267.4375 mm, 135.3000 mm): Pad 31 [unconnected-(U35-EXTON-Pad31)] of U35 on F.Cu
    @(267.4375 mm, 134.9000 mm): Pad 32 [GND] of U35 on F.Cu
[solder_mask_bridge]: Front solder mask aperture bridges items with different nets
    Rule: board setup solder mask min width; error
    @(294.5000 mm, 75.8300 mm): Pad 10 [/SUB_GHZ_RF/CC1101_C_XOSC_Q2] of U5 on F.Cu
    @(295.5000 mm, 77.7000 mm): Pad 21 [GND] of U5 on F.Cu
[solder_mask_bridge]: Front solder mask aperture bridges items with different nets
    Rule: board setup solder mask min width; error
    @(277.8000 mm, 151.9000 mm): Pad 3 [/SUB_GHZ_RF/CC1101_B_POSTPA_315_LPF_OUT] of U30 on F.Cu
    @(278.2000 mm, 151.9000 mm): Pad 4 [/SUB_GHZ_RF/VCC_CC1101_B] of U30 on F.Cu
[solder_mask_bridge]: Front solder mask aperture bridges items with different nets
    Rule: board setup solder mask min width; error
    @(266.9000 mm, 67.1000 mm): Pad 3 [/SUB_GHZ_RF/CC1101_A_LNA_OUT] of U10 on F.Cu
    @(266.9000 mm, 66.7000 mm): Pad 4 [/SUB_GHZ_RF/VCC_CC1101_A] of U10 on F.Cu
[solder_mask_bridge]: Front solder mask aperture bridges items with different nets
    Rule: board setup solder mask min width; error
    @(263.2875 mm, 158.9500 mm): Pad 1 [GND] of D2 on F.Cu
    @(263.7125 mm, 158.9500 mm): Pad 2 [/SUB_GHZ_RF/CC1101_B_SMA2_FE] of D2 on F.Cu
[solder_mask_bridge]: Front solder mask aperture bridges items with different nets
    Rule: board setup solder mask min width; error
    @(293.6300 mm, 76.7000 mm): Pad 11 [/SUB_GHZ_RF/VCC_CC1101_C] of U5 on F.Cu
    @(293.6300 mm, 77.2000 mm): Pad 12 [/SUB_GHZ_RF/CC1101_C_TRX_DIFF_P] of U5 on F.Cu
[solder_mask_bridge]: Front solder mask aperture bridges items with different nets
    Rule: board setup solder mask min width; error
    @(278.2000 mm, 151.9000 mm): Pad 4 [/SUB_GHZ_RF/VCC_CC1101_B] of U30 on F.Cu
    @(278.2000 mm, 151.5000 mm): Pad 5 [/SUB_GHZ_RF/CC1101_B_POSTPA_SW_OUT] of U30 on F.Cu
[solder_mask_bridge]: Front solder mask aperture bridges items with different nets
    Rule: board setup solder mask min width; error
    @(293.6300 mm, 76.7000 mm): Pad 11 [/SUB_GHZ_RF/VCC_CC1101_C] of U5 on F.Cu
    @(295.5000 mm, 77.7000 mm): Pad 21 [GND] of U5 on F.Cu
[solder_mask_bridge]: Front solder mask aperture bridges items with different nets
    Rule: board setup solder mask min width; error
    @(293.6300 mm, 77.2000 mm): Pad 12 [/SUB_GHZ_RF/CC1101_C_TRX_DIFF_P] of U5 on F.Cu
    @(293.6300 mm, 77.7000 mm): Pad 13 [/SUB_GHZ_RF/CC1101_C_TRX_DIFF_N] of U5 on F.Cu
[solder_mask_bridge]: Front solder mask aperture bridges items with different nets
    Rule: board setup solder mask min width; error
    @(266.9000 mm, 66.7000 mm): Pad 4 [/SUB_GHZ_RF/VCC_CC1101_A] of U10 on F.Cu
    @(266.5000 mm, 66.7000 mm): Pad 5 [/SUB_GHZ_RF/CC1101_A_BAND_OUT] of U10 on F.Cu
[solder_mask_bridge]: Rear solder mask aperture bridges items with different nets
    Rule: board setup solder mask min width; error
    @(292.2000 mm, 67.9000 mm): Pad 1 [GND] of D17 on B.Cu
    @(291.8000 mm, 67.9000 mm): Pad 2 [/ANCHOR_DOCK/DOCK_LINK_B_RAW] of D17 on B.Cu
[solder_mask_bridge]: Front solder mask aperture bridges items with different nets
    Rule: board setup solder mask min width; error
    @(293.6300 mm, 77.2000 mm): Pad 12 [/SUB_GHZ_RF/CC1101_C_TRX_DIFF_P] of U5 on F.Cu
    @(295.5000 mm, 77.7000 mm): Pad 21 [GND] of U5 on F.Cu
[solder_mask_bridge]: Front solder mask aperture bridges items with different nets
    Rule: board setup solder mask min width; error
    @(267.4375 mm, 134.9000 mm): Pad 32 [GND] of U35 on F.Cu
    @(267.4375 mm, 134.5000 mm): Pad 33 [/POSITIONING/UWB_RST_IC] of U35 on F.Cu
[solder_mask_bridge]: Front solder mask aperture bridges items with different nets
    Rule: board setup solder mask min width; error
    @(293.6300 mm, 77.7000 mm): Pad 13 [/SUB_GHZ_RF/CC1101_C_TRX_DIFF_N] of U5 on F.Cu
    @(293.6300 mm, 78.2000 mm): Pad 14 [/SUB_GHZ_RF/VCC_CC1101_C] of U5 on F.Cu
[solder_mask_bridge]: Front solder mask aperture bridges items with different nets
    Rule: board setup solder mask min width; error
    @(278.2000 mm, 151.5000 mm): Pad 5 [/SUB_GHZ_RF/CC1101_B_POSTPA_SW_OUT] of U30 on F.Cu
    @(278.2000 mm, 151.1000 mm): Pad 6 [/SUB_GHZ_RF/RFX_SAW_B_SEL1] of U30 on F.Cu
[solder_mask_bridge]: Front solder mask aperture bridges items with different nets
    Rule: board setup solder mask min width; error
    @(293.6300 mm, 77.7000 mm): Pad 13 [/SUB_GHZ_RF/CC1101_C_TRX_DIFF_N] of U5 on F.Cu
    @(295.5000 mm, 77.7000 mm): Pad 21 [GND] of U5 on F.Cu
[solder_mask_bridge]: Front solder mask aperture bridges items with different nets
    Rule: board setup solder mask min width; error
    @(266.5000 mm, 66.7000 mm): Pad 5 [/SUB_GHZ_RF/CC1101_A_BAND_OUT] of U10 on F.Cu
    @(266.1000 mm, 66.7000 mm): Pad 6 [/RF_SW_A] of U10 on F.Cu
[solder_mask_bridge]: Front solder mask aperture bridges items with different nets
    Rule: board setup solder mask min width; error
    @(267.4375 mm, 134.5000 mm): Pad 33 [/POSITIONING/UWB_RST_IC] of U35 on F.Cu
    @(267.4375 mm, 134.1000 mm): Pad 34 [/SPI_SCK] of U35 on F.Cu
[solder_mask_bridge]: Front solder mask aperture bridges items with different nets
    Rule: board setup solder mask min width; error
    @(267.0000 mm, 107.5000 mm): Pad 1 [/SUB_GHZ_RF/VCC_CC1101_B] of U20 on F.Cu
    @(267.0000 mm, 107.9000 mm): Pad 2 [/SUB_GHZ_RF/RFX_SAW_B_SEL1] of U20 on F.Cu
[solder_mask_bridge]: Front solder mask aperture bridges items with different nets
    Rule: board setup solder mask min width; error
    @(293.6300 mm, 78.2000 mm): Pad 14 [/SUB_GHZ_RF/VCC_CC1101_C] of U5 on F.Cu
    @(295.5000 mm, 77.7000 mm): Pad 21 [GND] of U5 on F.Cu
[solder_mask_bridge]: Front solder mask aperture bridges items with different nets
    Rule: board setup solder mask min width; error
    @(267.0000 mm, 107.5000 mm): Pad 1 [/SUB_GHZ_RF/VCC_CC1101_B] of U20 on F.Cu
    @(267.4000 mm, 107.5000 mm): Pad 8 [GND] of U20 on F.Cu
[solder_mask_bridge]: Front solder mask aperture bridges items with different nets
    Rule: board setup solder mask min width; error
    @(293.6300 mm, 78.7000 mm): Pad 15 [/SUB_GHZ_RF/VCC_CC1101_C] of U5 on F.Cu
    @(295.5000 mm, 77.7000 mm): Pad 21 [GND] of U5 on F.Cu
[solder_mask_bridge]: Front solder mask aperture bridges items with different nets
    Rule: board setup solder mask min width; error
    @(294.5000 mm, 79.5700 mm): Pad 16 [GND] of U5 on F.Cu
    @(295.0000 mm, 79.5700 mm): Pad 17 [/SUB_GHZ_RF/CC1101_C_RBIAS] of U5 on F.Cu
[solder_mask_bridge]: Front solder mask aperture bridges items with different nets
    Rule: board setup solder mask min width; error
    @(267.4375 mm, 134.1000 mm): Pad 34 [/SPI_SCK] of U35 on F.Cu
    @(267.4375 mm, 133.7000 mm): Pad 35 [/SPI_MOSI] of U35 on F.Cu
[solder_mask_bridge]: Front solder mask aperture bridges items with different nets
    Rule: board setup solder mask min width; error
    @(267.0000 mm, 107.9000 mm): Pad 2 [/SUB_GHZ_RF/RFX_SAW_B_SEL1] of U20 on F.Cu
    @(267.0000 mm, 108.3000 mm): Pad 3 [/SUB_GHZ_RF/RFX_SAW_B_SEL0] of U20 on F.Cu
[solder_mask_bridge]: Front solder mask aperture bridges items with different nets
    Rule: board setup solder mask min width; error
    @(295.0000 mm, 79.5700 mm): Pad 17 [/SUB_GHZ_RF/CC1101_C_RBIAS] of U5 on F.Cu
    @(295.5000 mm, 79.5700 mm): Pad 18 [/SUB_GHZ_RF/VCC_CC1101_C] of U5 on F.Cu
[solder_mask_bridge]: Front solder mask aperture bridges items with different nets
    Rule: board setup solder mask min width; error
    @(295.0000 mm, 79.5700 mm): Pad 17 [/SUB_GHZ_RF/CC1101_C_RBIAS] of U5 on F.Cu
    @(295.5000 mm, 77.7000 mm): Pad 21 [GND] of U5 on F.Cu
[solder_mask_bridge]: Front solder mask aperture bridges items with different nets
    Rule: board setup solder mask min width; error
    @(295.5000 mm, 79.5700 mm): Pad 18 [/SUB_GHZ_RF/VCC_CC1101_C] of U5 on F.Cu
    @(295.5000 mm, 77.7000 mm): Pad 21 [GND] of U5 on F.Cu
[solder_mask_bridge]: Front solder mask aperture bridges items with different nets
    Rule: board setup solder mask min width; error
    @(295.5000 mm, 79.5700 mm): Pad 18 [/SUB_GHZ_RF/VCC_CC1101_C] of U5 on F.Cu
    @(296.0000 mm, 79.5700 mm): Pad 19 [GND] of U5 on F.Cu
[solder_mask_bridge]: Front solder mask aperture bridges items with different nets
    Rule: board setup solder mask min width; error
    @(267.0000 mm, 108.3000 mm): Pad 3 [/SUB_GHZ_RF/RFX_SAW_B_SEL0] of U20 on F.Cu
    @(267.4000 mm, 108.3000 mm): Pad 4 [/SUB_GHZ_RF/CC1101_B_868_PRE_FILT] of U20 on F.Cu
[solder_mask_bridge]: Front solder mask aperture bridges items with different nets
    Rule: board setup solder mask min width; error
    @(267.4375 mm, 133.7000 mm): Pad 35 [/SPI_MOSI] of U35 on F.Cu
    @(267.4375 mm, 133.3000 mm): Pad 36 [/SPI_MISO] of U35 on F.Cu
[solder_mask_bridge]: Front solder mask aperture bridges items with different nets
    Rule: board setup solder mask min width; error
    @(296.0000 mm, 79.5700 mm): Pad 19 [GND] of U5 on F.Cu
    @(296.5000 mm, 79.5700 mm): Pad 20 [/SPI_MOSI] of U5 on F.Cu
[silk_edge_clearance]: Silkscreen clipped by board edge (board setup constraints silk clearance 0.1500 mm; actual 0.0000 mm)
    Rule: board setup constraints silk; warning
    @(253.0000 mm, 53.0000 mm): Rectangle on Edge.Cuts
    @(310.0000 mm, 60.1500 mm): Segment of D9 on F.Silkscreen
[silk_edge_clearance]: Silkscreen clipped by board edge (board setup constraints silk clearance 0.1500 mm; actual 0.0000 mm)
    Rule: board setup constraints silk; warning
    @(253.0000 mm, 53.0000 mm): Rectangle on Edge.Cuts
    @(316.5500 mm, 65.6500 mm): Segment of D9 on F.Silkscreen
[silk_edge_clearance]: Silkscreen clipped by board edge (board setup constraints silk clearance 0.1500 mm; actual 0.0000 mm)
    Rule: board setup constraints silk; warning
    @(253.0000 mm, 53.0000 mm): Rectangle on Edge.Cuts
    @(317.0000 mm, 65.2000 mm): Segment of D9 on F.Silkscreen
[silk_edge_clearance]: Silkscreen clipped by board edge (board setup constraints silk clearance 0.1500 mm; actual 0.0000 mm)
    Rule: board setup constraints silk; warning
    @(253.0000 mm, 53.0000 mm): Rectangle on Edge.Cuts
    @(312.2000 mm, 93.3400 mm): Segment of J8 on F.Silkscreen
[silk_edge_clearance]: Silkscreen clipped by board edge (board setup constraints silk clearance 0.1500 mm; actual 0.0000 mm)
    Rule: board setup constraints silk; warning
    @(253.0000 mm, 53.0000 mm): Rectangle on Edge.Cuts
    @(320.3100 mm, 106.6600 mm): Segment of J8 on F.Silkscreen
[silk_edge_clearance]: Silkscreen clipped by board edge (board setup constraints silk clearance 0.1500 mm; actual 0.0000 mm)
    Rule: board setup constraints silk; warning
    @(253.0000 mm, 53.0000 mm): Rectangle on Edge.Cuts
    @(316.6500 mm, 84.4700 mm): Segment of J7 on F.Silkscreen
[silk_edge_clearance]: Silkscreen clipped by board edge (board setup constraints silk clearance 0.1500 mm; actual 0.0000 mm)
    Rule: board setup constraints silk; warning
    @(253.0000 mm, 53.0000 mm): Rectangle on Edge.Cuts
    @(317.0000 mm, 75.5300 mm): Segment of J7 on F.Silkscreen
[silk_edge_clearance]: Silkscreen clipped by board edge (board setup constraints silk clearance 0.1500 mm; actual 0.0000 mm)
    Rule: board setup constraints silk; warning
    @(253.0000 mm, 53.0000 mm): Rectangle on Edge.Cuts
    @(317.0000 mm, 84.4700 mm): Segment of J7 on F.Silkscreen
[silk_edge_clearance]: Silkscreen clipped by board edge (board setup constraints silk clearance 0.1500 mm; actual 0.0902 mm)
    Rule: board setup constraints silk; warning
    @(253.0000 mm, 53.0000 mm): Rectangle on Edge.Cuts
    @(252.3800 mm, 142.0000 mm): Reference field of AE1
[silk_edge_clearance]: Silkscreen clipped by board edge (board setup constraints silk clearance 0.1500 mm; actual 0.0000 mm)
    Rule: board setup constraints silk; warning
    @(253.0000 mm, 53.0000 mm): Rectangle on Edge.Cuts
    @(252.8500 mm, 82.8000 mm): Segment of U1 on F.Silkscreen
[silk_edge_clearance]: Silkscreen clipped by board edge (board setup constraints silk clearance 0.1500 mm; actual 0.0900 mm)
    Rule: board setup constraints silk; warning
    @(253.0000 mm, 53.0000 mm): Rectangle on Edge.Cuts
    @(252.8500 mm, 101.2000 mm): Segment of U1 on F.Silkscreen
[silk_edge_clearance]: Silkscreen clipped by board edge (board setup constraints silk clearance 0.1500 mm; actual 0.0000 mm)
    Rule: board setup constraints silk; warning
    @(253.0000 mm, 53.0000 mm): Rectangle on Edge.Cuts
    @(252.8500 mm, 101.2000 mm): Segment of U1 on F.Silkscreen
[silk_edge_clearance]: Silkscreen clipped by board edge (board setup constraints silk clearance 0.1500 mm; actual 0.0000 mm)
    Rule: board setup constraints silk; warning
    @(253.0000 mm, 53.0000 mm): Rectangle on Edge.Cuts
    @(252.7400 mm, 150.0000 mm): Reference field of C55
[silk_edge_clearance]: Silkscreen clipped by board edge (board setup constraints silk clearance 0.1500 mm; actual 0.0000 mm)
    Rule: board setup constraints silk; warning
    @(253.0000 mm, 53.0000 mm): Rectangle on Edge.Cuts
    @(254.1500 mm, 62.3600 mm): Reference field of C101
[silk_edge_clearance]: Silkscreen clipped by board edge (board setup constraints silk clearance 0.1500 mm; actual 0.0000 mm)
    Rule: board setup constraints silk; warning
    @(253.0000 mm, 53.0000 mm): Rectangle on Edge.Cuts
    @(317.4300 mm, 131.5000 mm): Reference field of R84
[silk_edge_clearance]: Silkscreen clipped by board edge (board setup constraints silk clearance 0.1500 mm; actual 0.0902 mm)
    Rule: board setup constraints silk; warning
    @(253.0000 mm, 53.0000 mm): Rectangle on Edge.Cuts
    @(252.3800 mm, 124.0000 mm): Reference field of AE2
[silk_edge_clearance]: Silkscreen clipped by board edge (board setup constraints silk clearance 0.1500 mm; actual 0.0000 mm)
    Rule: board setup constraints silk; warning
    @(253.0000 mm, 53.0000 mm): Rectangle on Edge.Cuts
    @(317.3000 mm, 153.0000 mm): Reference field of J16
[silk_edge_clearance]: Silkscreen clipped by board edge (board setup constraints silk clearance 0.1500 mm; actual 0.0000 mm)
    Rule: board setup constraints silk; warning
    @(253.0000 mm, 53.0000 mm): Rectangle on Edge.Cuts
    @(317.4800 mm, 116.5000 mm): Reference field of C171
[text_height]: Text height out of range (board setup constraints silk text height min height 0.8000 mm; actual 0.7874 mm)
    Rule: board setup constraints silk text height; warning
    @(259.6100 mm, 146.1350 mm): Reference field of U22
[text_height]: Text height out of range (board setup constraints silk text height min height 0.8000 mm; actual 0.6400 mm)
    Rule: board setup constraints silk text height; warning
    @(270.7884 mm, 65.2320 mm): Reference field of U14
[text_thickness]: Text thickness out of range (board setup constraints silk text thickness min thickness 0.1500 mm; actual 0.1200 mm)
    Rule: board setup constraints silk text thickness; warning
    @(280.8000 mm, 114.6000 mm): Footprint text of SW1 (1)
[text_height]: Text height out of range (board setup constraints silk text height min height 0.8000 mm; actual 0.6400 mm)
    Rule: board setup constraints silk text height; warning
    @(286.7884 mm, 65.1320 mm): Reference field of U17
[text_height]: Text height out of range (board setup constraints silk text height min height 0.8000 mm; actual 0.7874 mm)
    Rule: board setup constraints silk text height; warning
    @(287.0000 mm, 143.3950 mm): Reference field of U23
[silk_over_copper]: Silkscreen clipped by solder mask
    Local override; warning
    @(300.2600 mm, 75.0000 mm): Reference field of C137
[silk_over_copper]: Silkscreen clipped by solder mask
    Local override; warning
    @(282.7000 mm, 114.1300 mm): Reference field of C176
[silk_over_copper]: Silkscreen clipped by solder mask
    Local override; warning
    @(255.4600 mm, 152.2000 mm): Reference field of C54
[silk_over_copper]: Silkscreen clipped by solder mask
    Local override; warning
    @(284.0900 mm, 68.0500 mm): Reference field of C144
[silk_over_copper]: Silkscreen clipped by solder mask
    Local override; warning
    @(270.3600 mm, 140.4000 mm): Reference field of C192
[silk_over_copper]: Silkscreen clipped by solder mask
    Local override; warning
    @(282.0000 mm, 89.4000 mm): Reference field of Q2
[silk_over_copper]: Silkscreen clipped by solder mask
    Local override; warning
    @(282.4300 mm, 94.0000 mm): Reference field of R39
[silk_over_copper]: Silkscreen clipped by solder mask
    Local override; warning
    @(271.9200 mm, 140.4000 mm): Reference field of C186
[silk_over_copper]: Silkscreen clipped by solder mask
    Local override; warning
    @(298.0500 mm, 87.5000 mm): Reference field of U38
[silk_over_copper]: Silkscreen clipped by solder mask
    Local override; warning
    @(309.5000 mm, 61.3000 mm): Footprint text of D9 (1)
[silk_over_copper]: Silkscreen clipped by solder mask
    Local override; warning
    @(262.1600 mm, 142.5000 mm): Reference field of C201
[silk_over_copper]: Silkscreen clipped by solder mask
    Local override; warning
    @(272.1400 mm, 109.4000 mm): Reference field of C86
[silk_over_copper]: Silkscreen clipped by solder mask
    Local override; warning
    @(278.4000 mm, 82.7300 mm): Reference field of R18
[silk_over_copper]: Silkscreen clipped by solder mask
    Local override; warning
    @(266.2700 mm, 69.8000 mm): Reference field of R41
[silk_over_copper]: Silkscreen clipped by solder mask
    Local override; warning
    @(274.1600 mm, 79.5200 mm): Reference field of C105
[silk_over_copper]: Silkscreen clipped by solder mask
    Local override; warning
    @(293.2700 mm, 150.8000 mm): Reference field of C45
[silk_over_copper]: Silkscreen clipped by solder mask
    Local override; warning
    @(291.0000 mm, 87.6700 mm): Reference field of C32
[silk_over_copper]: Silkscreen clipped by solder mask
    Local override; warning
    @(302.0300 mm, 75.5000 mm): Reference field of R81
[silk_over_copper]: Silkscreen clipped by solder mask
    Local override; warning
    @(301.8300 mm, 72.3000 mm): Reference field of C132
[silk_over_copper]: Silkscreen clipped by solder mask
    Local override; warning
    @(264.7000 mm, 69.2900 mm): Reference field of L20
[silk_over_copper]: Silkscreen clipped by solder mask
    Local override; warning
    @(268.0000 mm, 158.5000 mm): Reference field of J5
[silk_over_copper]: Silkscreen clipped by solder mask
    Local override; warning
    @(263.4000 mm, 62.2000 mm): Reference field of U12
[silk_over_copper]: Silkscreen clipped by solder mask
    Local override; warning
    @(269.7000 mm, 133.1300 mm): Reference field of R140
[silk_over_copper]: Silkscreen clipped by solder mask
    Local override; warning
    @(272.6400 mm, 156.1000 mm): Reference field of C69
[silk_over_copper]: Silkscreen clipped by solder mask
    Local override; warning
    @(277.8000 mm, 104.0300 mm): Reference field of C79
[silk_over_copper]: Silkscreen clipped by solder mask
    Local override; warning
    @(265.9400 mm, 148.0000 mm): Reference field of C73
[silk_over_copper]: Silkscreen clipped by solder mask
    Local override; warning
    @(298.8000 mm, 134.0000 mm): Reference field of L1
[silk_over_copper]: Silkscreen clipped by solder mask
    Local override; warning
    @(290.1600 mm, 156.3000 mm): Reference field of C52
[silk_over_copper]: Silkscreen clipped by solder mask
    Local override; warning
    @(302.0000 mm, 104.4300 mm): Reference field of C158
[silk_over_copper]: Silkscreen clipped by solder mask
    Local override; warning
    @(292.4100 mm, 79.7200 mm): Reference field of C129
[silk_over_copper]: Silkscreen clipped by solder mask
    Local override; warning
    @(271.5000 mm, 76.8400 mm): Reference field of C115
[silk_over_copper]: Silkscreen clipped by solder mask
    Local override; warning
    @(283.5000 mm, 78.8000 mm): Reference field of FL7
[silk_over_copper]: Silkscreen clipped by solder mask
    Local override; warning
    @(266.2600 mm, 138.5000 mm): Reference field of C194
[silk_over_copper]: Silkscreen clipped by solder mask
    Local override; warning
    @(261.9600 mm, 136.9000 mm): Reference field of C197
[silk_over_copper]: Silkscreen clipped by solder mask
    Local override; warning
    @(276.2900 mm, 112.4000 mm): Reference field of C80
[silk_over_copper]: Silkscreen clipped by solder mask
    Local override; warning
    @(270.7100 mm, 115.0200 mm): Reference field of C84
[silk_over_copper]: Silkscreen clipped by solder mask
    Local override; warning
    @(264.0000 mm, 101.5700 mm): Reference field of C23
[silk_over_copper]: Silkscreen clipped by solder mask
    Local override; warning
    @(313.0000 mm, 72.7500 mm): Reference field of D4
[silk_over_copper]: Silkscreen clipped by solder mask
    Local override; warning
    @(309.6000 mm, 145.0000 mm): Reference field of J9
[silk_over_copper]: Silkscreen clipped by solder mask
    Local override; warning
    @(277.5300 mm, 139.5000 mm): Reference field of R122
[silk_over_copper]: Silkscreen clipped by solder mask
    Local override; warning
    @(261.9300 mm, 139.5000 mm): Reference field of R114
[silk_over_copper]: Silkscreen clipped by solder mask
    Local override; warning
    @(267.0033 mm, 76.8395 mm): Reference field of T1
[silk_over_copper]: Silkscreen clipped by solder mask
    Local override; warning
    @(302.3000 mm, 97.6300 mm): Reference field of R76
[silk_over_copper]: Silkscreen clipped by solder mask
    Local override; warning
    @(306.7050 mm, 81.8500 mm): Reference field of J7
[silk_over_copper]: Silkscreen clipped by solder mask
    Local override; warning
    @(264.0000 mm, 73.3500 mm): Reference field of FL3
[silk_over_copper]: Silkscreen clipped by solder mask
    Local override; warning
    @(266.3400 mm, 156.1000 mm): Reference field of C67
[silk_over_copper]: Silkscreen clipped by solder mask
    Local override; warning
    @(295.9300 mm, 97.0000 mm): Reference field of C151
[silk_over_copper]: Silkscreen clipped by solder mask
    Local override; warning
    @(293.2300 mm, 72.3700 mm): Reference field of C136
[silk_over_copper]: Silkscreen clipped by solder mask
    Local override; warning
    @(269.0000 mm, 152.4700 mm): Reference field of L27
[silk_over_copper]: Silkscreen clipped by solder mask
    Local override; warning
    @(263.5000 mm, 80.7500 mm): Reference field of FL2
[silk_over_copper]: Silkscreen clipped by solder mask
    Local override; warning
    @(288.2000 mm, 81.5700 mm): Reference field of L18
[silk_over_copper]: Silkscreen clipped by solder mask
    Local override; warning
    @(293.4600 mm, 79.7200 mm): Reference field of C130
[silk_over_copper]: Silkscreen clipped by solder mask
    Local override; warning
    @(271.5000 mm, 75.8400 mm): Reference field of C113
[silk_over_copper]: Silkscreen clipped by solder mask
    Local override; warning
    @(260.4800 mm, 73.1600 mm): Reference field of C95
[silk_over_copper]: Silkscreen clipped by solder mask
    Local override; warning
    @(306.4700 mm, 150.2000 mm): Reference field of C16
[silk_over_copper]: Silkscreen clipped by solder mask
    Local override; warning
    @(263.7000 mm, 148.8300 mm): Reference field of L36
[silk_over_copper]: Silkscreen clipped by solder mask
    Local override; warning
    @(277.5300 mm, 132.9000 mm): Reference field of R119
[silk_over_copper]: Silkscreen clipped by solder mask
    Local override; warning
    @(259.1600 mm, 130.9000 mm): Reference field of C258
[silk_over_copper]: Silkscreen clipped by solder mask
    Local override; warning
    @(272.0400 mm, 67.5000 mm): Reference field of C123
[silk_over_copper]: Silkscreen clipped by solder mask
    Local override; warning
    @(312.7150 mm, 23.6000 mm): Reference field of C162
[silk_over_copper]: Silkscreen clipped by solder mask
    Local override; warning
    @(264.9000 mm, 66.9000 mm): Reference field of U10
[silk_over_copper]: Silkscreen clipped by solder mask
    Local override; warning
    @(302.4700 mm, 75.7000 mm): Reference field of C156
[silk_over_copper]: Silkscreen clipped by solder mask
    Local override; warning
    @(271.5600 mm, 140.4000 mm): Reference field of C184
[silk_over_copper]: Silkscreen clipped by solder mask
    Local override; warning
    @(267.4000 mm, 107.1600 mm): Reference field of C90
[silk_over_copper]: Silkscreen clipped by solder mask
    Local override; warning
    @(256.1100 mm, 154.4000 mm): Reference field of C53
[silk_over_copper]: Silkscreen clipped by solder mask
    Local override; warning
    @(264.0000 mm, 77.0500 mm): Reference field of FL4
[silk_over_copper]: Silkscreen clipped by solder mask
    Local override; warning
    @(311.5000 mm, 125.3800 mm): Reference field of C159
[silk_over_copper]: Silkscreen clipped by solder mask
    Local override; warning
    @(307.5000 mm, 138.8520 mm): Reference field of TP1
[silk_over_copper]: Silkscreen clipped by solder mask
    Local override; warning
    @(275.7550 mm, 81.3350 mm): Reference field of U3
[silk_over_copper]: Silkscreen clipped by solder mask
    Local override; warning
    @(279.5400 mm, 78.7000 mm): Circle of U3 on F.Silkscreen
[silk_over_copper]: Silkscreen clipped by solder mask
    Local override; warning
    @(294.8200 mm, 82.6600 mm): Reference field of C131
[silk_over_copper]: Silkscreen clipped by solder mask
    Local override; warning
    @(263.6900 mm, 66.2000 mm): Reference field of C96
[silk_over_copper]: Silkscreen clipped by solder mask
    Local override; warning
    @(284.4300 mm, 68.6000 mm): Reference field of R60
[silk_over_copper]: Silkscreen clipped by solder mask
    Local override; warning
    @(273.1250 mm, 116.6350 mm): Reference field of U4
[silk_over_copper]: Silkscreen clipped by solder mask
    Local override; warning
    @(295.8250 mm, 124.4300 mm): Reference field of R101
[silk_over_copper]: Silkscreen clipped by solder mask
    Local override; warning
    @(311.5700 mm, 137.5000 mm): Reference field of C160
[silk_over_copper]: Silkscreen clipped by solder mask
    Local override; warning
    @(274.1600 mm, 72.3700 mm): Reference field of C117
[silk_over_copper]: Silkscreen clipped by solder mask
    Local override; warning
    @(291.5600 mm, 154.1000 mm): Reference field of C50
[silk_over_copper]: Silkscreen clipped by solder mask
    Local override; warning
    @(285.7000 mm, 74.8000 mm): Reference field of FL8
[silk_over_copper]: Silkscreen clipped by solder mask
    Local override; warning
    @(300.0000 mm, 123.4000 mm): Reference field of SW2
[silk_over_copper]: Silkscreen clipped by solder mask
    Local override; warning
    @(302.3000 mm, 99.6300 mm): Reference field of R78
[silk_over_copper]: Silkscreen clipped by solder mask
    Local override; warning
    @(268.0900 mm, 68.1500 mm): Reference field of C125
[silk_over_copper]: Silkscreen clipped by solder mask
    Local override; warning
    @(289.2700 mm, 74.6000 mm): Reference field of R62
[silk_over_copper]: Silkscreen clipped by solder mask
    Local override; warning
    @(268.8000 mm, 133.5000 mm): Reference field of U35
[silk_over_copper]: Silkscreen clipped by solder mask
    Local override; warning
    @(292.3000 mm, 146.7700 mm): Reference field of R34
[silk_over_copper]: Silkscreen clipped by solder mask
    Local override; warning
    @(271.7600 mm, 115.0200 mm): Reference field of C85
[silk_over_copper]: Silkscreen clipped by solder mask
    Local override; warning
    @(280.4050 mm, 130.4650 mm): Reference field of U47
[silk_over_copper]: Silkscreen clipped by solder mask
    Local override; warning
    @(276.7600 mm, 131.6400 mm): Circle of U47 on F.Silkscreen
[silk_over_copper]: Silkscreen clipped by solder mask
    Local override; warning
    @(267.8400 mm, 152.1000 mm): Reference field of C70
[silk_over_copper]: Silkscreen clipped by solder mask
    Local override; warning
    @(291.0000 mm, 142.4000 mm): Reference field of SW5
[silk_over_copper]: Silkscreen clipped by solder mask
    Local override; warning
    @(257.5700 mm, 65.3000 mm): Reference field of R36
[silk_over_copper]: Silkscreen clipped by solder mask
    Local override; warning
    @(276.0000 mm, 68.8500 mm): Reference field of Y1
[silk_over_copper]: Silkscreen clipped by solder mask
    Local override; warning
    @(276.4400 mm, 107.1000 mm): Reference field of R53
[silk_over_copper]: Silkscreen clipped by solder mask
    Local override; warning
    @(291.7700 mm, 157.8000 mm): Reference field of L9
[silk_over_copper]: Silkscreen clipped by solder mask
    Local override; warning
    @(254.2000 mm, 144.1500 mm): Circle of AE1 on F.Silkscreen
[silk_over_copper]: Silkscreen clipped by solder mask
    Local override; warning
    @(289.6000 mm, 110.3700 mm): Reference field of R113
[silk_over_copper]: Silkscreen clipped by solder mask
    Local override; warning
    @(311.5200 mm, 68.4000 mm): Reference field of L33
[silk_over_copper]: Silkscreen clipped by solder mask
    Local override; warning
    @(270.0700 mm, 143.0000 mm): Reference field of R106
[silk_over_copper]: Silkscreen clipped by solder mask
    Local override; warning
    @(271.9400 mm, 77.5000 mm): Reference field of C114
[silk_over_copper]: Silkscreen clipped by solder mask
    Local override; warning
    @(270.0000 mm, 114.6600 mm): Reference field of C77
[silk_over_copper]: Silkscreen clipped by solder mask
    Local override; warning
    @(303.0000 mm, 140.8200 mm): Reference field of D13
[silk_over_copper]: Silkscreen clipped by solder mask
    Local override; warning
    @(277.1500 mm, 102.5000 mm): Reference field of U1
[silk_over_copper]: Silkscreen clipped by solder mask
    Local override; warning
    @(273.0000 mm, 131.1200 mm): Reference field of C190
[silk_over_copper]: Silkscreen clipped by solder mask
    Local override; warning
    @(289.0000 mm, 60.4000 mm): Footprint text of D10 (1)
[silk_over_copper]: Silkscreen clipped by solder mask
    Local override; warning
    @(279.7500 mm, 147.8200 mm): Reference field of R107
[silk_over_copper]: Silkscreen clipped by solder mask
    Local override; warning
    @(256.4000 mm, 154.7400 mm): Reference field of C62
[silk_over_copper]: Silkscreen clipped by solder mask
    Local override; warning
    @(272.6400 mm, 152.1000 mm): Reference field of C72
[silk_over_copper]: Silkscreen clipped by solder mask
    Local override; warning
    @(263.5000 mm, 58.4500 mm): Reference field of D15
[silk_over_copper]: Silkscreen clipped by solder mask
    Local override; warning
    @(303.8200 mm, 141.5000 mm): Reference field of R109
[silk_over_copper]: Silkscreen clipped by solder mask
    Local override; warning
    @(284.5700 mm, 136.2000 mm): Reference field of R121
[silk_over_copper]: Silkscreen clipped by solder mask
    Local override; warning
    @(273.9300 mm, 60.9000 mm): Reference field of C167
[silk_over_copper]: Silkscreen clipped by solder mask
    Local override; warning
    @(277.8400 mm, 71.5200 mm): Reference field of C116
[silk_over_copper]: Silkscreen clipped by solder mask
    Local override; warning
    @(292.2400 mm, 68.5000 mm): Reference field of C134
[silk_over_copper]: Silkscreen clipped by solder mask
    Local override; warning
    @(255.8000 mm, 148.8300 mm): Reference field of R47
[silk_over_copper]: Silkscreen clipped by solder mask
    Local override; warning
    @(283.0600 mm, 71.2000 mm): Reference field of C147
[silk_over_copper]: Silkscreen clipped by solder mask
    Local override; warning
    @(259.2600 mm, 155.8000 mm): Reference field of C61
[silk_over_copper]: Silkscreen clipped by solder mask
    Local override; warning
    @(281.1600 mm, 76.0000 mm): Reference field of C118
[silk_over_copper]: Silkscreen clipped by solder mask
    Local override; warning
    @(268.2200 mm, 75.0000 mm): Reference field of R37
[silk_over_copper]: Silkscreen clipped by solder mask
    Local override; warning
    @(268.0000 mm, 72.6000 mm): Reference field of U8
[silk_over_copper]: Silkscreen clipped by solder mask
    Local override; warning
    @(288.7600 mm, 99.1500 mm): Reference field of C35
[silk_over_copper]: Silkscreen clipped by solder mask
    Local override; warning
    @(288.1300 mm, 154.0500 mm): Reference field of L8
[silk_over_copper]: Silkscreen clipped by solder mask
    Local override; warning
    @(263.5800 mm, 114.4000 mm): Reference field of L17
[silk_over_copper]: Silkscreen clipped by solder mask
    Local override; warning
    @(261.8000 mm, 114.1000 mm): Reference field of FL10
[silk_over_copper]: Silkscreen clipped by solder mask
    Local override; warning
    @(259.1700 mm, 65.3000 mm): Reference field of U15
[silk_over_copper]: Silkscreen clipped by solder mask
    Local override; warning
    @(261.4900 mm, 67.4400 mm): Polygon of U15 on F.Silkscreen
[silk_over_copper]: Silkscreen clipped by solder mask
    Local override; warning
    @(294.8250 mm, 81.3350 mm): Reference field of U5
[silk_over_copper]: Silkscreen clipped by solder mask
    Local override; warning
    @(291.7000 mm, 79.3600 mm): Reference field of C139
[silk_over_copper]: Silkscreen clipped by solder mask
    Local override; warning
    @(255.5000 mm, 146.8400 mm): Reference field of C59
[silk_over_copper]: Silkscreen clipped by solder mask
    Local override; warning
    @(295.2200 mm, 132.6000 mm): Reference field of C7
[silk_over_copper]: Silkscreen clipped by solder mask
    Local override; warning
    @(266.6600 mm, 148.2500 mm): Reference field of C66
[silk_over_copper]: Silkscreen clipped by solder mask
    Local override; warning
    @(275.7500 mm, 82.6600 mm): Reference field of C104
[silk_over_copper]: Silkscreen clipped by solder mask
    Local override; warning
    @(271.4500 mm, 74.6650 mm): Reference field of C110
[silk_over_copper]: Silkscreen clipped by solder mask
    Local override; warning
    @(254.4300 mm, 152.2000 mm): Reference field of R46
[silk_over_copper]: Silkscreen clipped by solder mask
    Local override; warning
    @(267.4000 mm, 153.3000 mm): Reference field of U28
[silk_over_copper]: Silkscreen clipped by solder mask
    Local override; warning
    @(281.1600 mm, 78.0000 mm): Reference field of C108
[silk_over_copper]: Silkscreen clipped by solder mask
    Local override; warning
    @(297.2700 mm, 133.8000 mm): Reference field of C3
[silk_over_copper]: Silkscreen clipped by solder mask
    Local override; warning
    @(254.1500 mm, 62.3600 mm): Reference field of C101
[silk_over_copper]: Silkscreen clipped by solder mask
    Local override; warning
    @(264.2000 mm, 158.2600 mm): Reference field of C63
[silk_over_copper]: Silkscreen clipped by solder mask
    Local override; warning
    @(290.3600 mm, 99.1500 mm): Reference field of C28
[silk_over_copper]: Silkscreen clipped by solder mask
    Local override; warning
    @(296.9100 mm, 71.5200 mm): Reference field of C135
[silk_over_copper]: Silkscreen clipped by solder mask
    Local override; warning
    @(295.0000 mm, 89.8400 mm): Reference field of C38
[silk_over_copper]: Silkscreen clipped by solder mask
    Local override; warning
    @(306.7700 mm, 77.0000 mm): Reference field of C153
[silk_over_copper]: Silkscreen clipped by solder mask
    Local override; warning
    @(291.7000 mm, 78.3600 mm): Reference field of C138
[silk_over_copper]: Silkscreen clipped by solder mask
    Local override; warning
    @(275.5000 mm, 69.8300 mm): Reference field of C124
[silk_over_copper]: Silkscreen clipped by solder mask
    Local override; warning
    @(277.8000 mm, 106.1700 mm): Reference field of FB2
[silk_over_copper]: Silkscreen clipped by solder mask
    Local override; warning
    @(284.0000 mm, 58.4500 mm): Reference field of D3
[silk_over_copper]: Silkscreen clipped by solder mask
    Local override; warning
    @(274.7700 mm, 74.1000 mm): Reference field of C106
[silk_over_copper]: Silkscreen clipped by solder mask
    Local override; warning
    @(260.5000 mm, 72.6000 mm): Reference field of U9
[silk_over_copper]: Silkscreen clipped by solder mask
    Local override; warning
    @(275.2100 mm, 106.8200 mm): Reference field of C81
[silk_over_copper]: Silkscreen clipped by solder mask
    Local override; warning
    @(301.8750 mm, 103.1650 mm): Reference field of U25
[silk_over_copper]: Silkscreen clipped by solder mask
    Local override; warning
    @(266.7600 mm, 140.4000 mm): Reference field of C195
[silk_over_copper]: Silkscreen clipped by solder mask
    Local override; warning
    @(294.8000 mm, 130.6300 mm): Reference field of C174
[silk_over_copper]: Silkscreen clipped by solder mask
    Local override; warning
    @(312.8000 mm, 67.3000 mm): Reference field of J13
[silk_over_copper]: Silkscreen clipped by solder mask
    Local override; warning
    @(266.9000 mm, 78.4900 mm): Reference field of C109
[silk_over_copper]: Silkscreen clipped by solder mask
    Local override; warning
    @(286.1700 mm, 158.2000 mm): Reference field of L11
[silk_over_copper]: Silkscreen clipped by solder mask
    Local override; warning
    @(266.1600 mm, 59.8000 mm): Reference field of C120
[silk_over_copper]: Silkscreen clipped by solder mask
    Local override; warning
    @(307.7000 mm, 81.8000 mm): Reference field of U32
[silk_over_copper]: Silkscreen clipped by solder mask
    Local override; warning
    @(303.0000 mm, 142.4000 mm): Reference field of SW8
[silk_over_copper]: Silkscreen clipped by solder mask
    Local override; warning
    @(273.1600 mm, 79.5200 mm): Reference field of C103
[silk_over_copper]: Silkscreen clipped by solder mask
    Local override; warning
    @(265.7000 mm, 151.1600 mm): Reference field of C64
[silk_over_copper]: Silkscreen clipped by solder mask
    Local override; warning
    @(288.9900 mm, 78.0000 mm): Reference field of C140
[silk_over_copper]: Silkscreen clipped by solder mask
    Local override; warning
    @(296.2000 mm, 89.3300 mm): Reference field of R24
[silk_over_copper]: Silkscreen clipped by solder mask
    Local override; warning
    @(281.8000 mm, 72.2000 mm): Reference field of U18
[silk_over_copper]: Silkscreen clipped by solder mask
    Local override; warning
    @(263.5000 mm, 120.7300 mm): Reference field of Y5
[silk_over_copper]: Silkscreen clipped by solder mask
    Local override; warning
    @(260.6250 mm, 120.0550 mm): Segment of Y5 on F.Silkscreen
[silk_over_copper]: Silkscreen clipped by solder mask
    Local override; warning
    @(262.3750 mm, 120.0550 mm): Segment of Y5 on F.Silkscreen
[silk_over_copper]: Silkscreen clipped by solder mask
    Local override; warning
    @(287.3400 mm, 75.3000 mm): Reference field of C146
[silk_over_copper]: Silkscreen clipped by solder mask
    Local override; warning
    @(302.5700 mm, 72.0000 mm): Reference field of R79
[silk_over_copper]: Silkscreen clipped by solder mask
    Local override; warning
    @(314.9000 mm, 68.5300 mm): Reference field of C205
[silk_over_copper]: Silkscreen clipped by solder mask
    Local override; warning
    @(285.2800 mm, 79.1000 mm): Reference field of L19
[silk_over_copper]: Silkscreen clipped by solder mask
    Local override; warning
    @(271.5300 mm, 107.6700 mm): Reference field of C82
[silk_over_copper]: Silkscreen clipped by solder mask
    Local override; warning
    @(261.1000 mm, 141.5500 mm): Reference field of Y7
[silk_over_copper]: Silkscreen clipped by solder mask
    Local override; warning
    @(262.4000 mm, 63.5300 mm): Reference field of C100
[silk_over_copper]: Silkscreen clipped by solder mask
    Local override; warning
    @(263.5000 mm, 158.0000 mm): Reference field of D2
[silk_over_copper]: Silkscreen clipped by solder mask
    Local override; warning
    @(290.6000 mm, 154.5300 mm): Reference field of L7
[silk_over_copper]: Silkscreen clipped by solder mask
    Local override; warning
    @(277.5300 mm, 136.2000 mm): Reference field of R120
[silk_over_copper]: Silkscreen clipped by solder mask
    Local override; warning
    @(272.2000 mm, 156.4700 mm): Reference field of L25
[silk_over_copper]: Silkscreen clipped by solder mask
    Local override; warning
    @(264.7500 mm, 59.2500 mm): Segment of J4 on F.Silkscreen
[silk_over_copper]: Silkscreen clipped by solder mask
    Local override; warning
    @(265.0000 mm, 58.7500 mm): Segment of J4 on F.Silkscreen
[silk_over_copper]: Silkscreen clipped by solder mask
    Local override; warning
    @(265.2500 mm, 59.2500 mm): Segment of J4 on F.Silkscreen
[silk_over_copper]: Silkscreen clipped by solder mask
    Local override; warning
    @(296.8000 mm, 68.8600 mm): Reference field of C203
[silk_over_copper]: Silkscreen clipped by solder mask
    Local override; warning
    @(285.5000 mm, 155.8000 mm): Polygon of U7 on F.Silkscreen
[silk_over_copper]: Silkscreen clipped by solder mask
    Local override; warning
    @(273.1500 mm, 82.7800 mm): Reference field of R40
[silk_over_copper]: Silkscreen clipped by solder mask
    Local override; warning
    @(264.4633 mm, 112.6445 mm): Reference field of T2
[silk_over_copper]: Silkscreen clipped by solder mask
    Local override; warning
    @(288.1400 mm, 66.4000 mm): Reference field of C142
[silk_over_copper]: Silkscreen clipped by solder mask
    Local override; warning
    @(272.2000 mm, 152.4700 mm): Reference field of L28
[silk_over_copper]: Silkscreen clipped by solder mask
    Local override; warning
    @(295.0000 mm, 90.8400 mm): Reference field of C175
[silk_over_copper]: Silkscreen clipped by solder mask
    Local override; warning
    @(265.5000 mm, 141.0900 mm): Reference field of C202
[silk_over_copper]: Silkscreen clipped by solder mask
    Local override; warning
    @(278.1000 mm, 107.5000 mm): Reference field of U39
[silk_over_copper]: Silkscreen clipped by solder mask
    Local override; warning
    @(288.0000 mm, 158.5000 mm): Reference field of J3
[silk_over_copper]: Silkscreen clipped by solder mask
    Local override; warning
    @(284.7500 mm, 158.7500 mm): Segment of J3 on F.Silkscreen
[silk_over_copper]: Silkscreen clipped by solder mask
    Local override; warning
    @(285.0000 mm, 159.2500 mm): Segment of J3 on F.Silkscreen
[silk_over_copper]: Silkscreen clipped by solder mask
    Local override; warning
    @(285.2500 mm, 158.7500 mm): Segment of J3 on F.Silkscreen
[silk_over_copper]: Silkscreen clipped by solder mask
    Local override; warning
    @(266.5000 mm, 116.8700 mm): Reference field of L16
[silk_over_copper]: Silkscreen clipped by solder mask
    Local override; warning
    @(297.0000 mm, 134.6700 mm): Reference field of U13
[silk_over_copper]: Silkscreen clipped by solder mask
    Local override; warning
    @(294.3600 mm, 136.7500 mm): Polygon of U13 on F.Silkscreen
[silk_over_copper]: Silkscreen clipped by solder mask
    Local override; warning
    @(285.0000 mm, 112.5000 mm): Reference field of SW1
[silk_over_copper]: Silkscreen clipped by solder mask
    Local override; warning
    @(280.8000 mm, 114.6000 mm): Footprint text of SW1 (1)
[silk_over_copper]: Silkscreen clipped by solder mask
    Local override; warning
    @(286.7884 mm, 65.1320 mm): Reference field of U17
[silk_overlap]: Silkscreen clearance (board setup constraints silk clearance 0.1500 mm; actual 0.1107 mm)
    Rule: board setup constraints silk; warning
    @(262.1600 mm, 142.5000 mm): Reference field of C201
    @(261.8900 mm, 142.9600 mm): Segment of Y7 on F.Silkscreen
[silk_overlap]: Silkscreen clearance (board setup constraints silk clearance 0.1500 mm; actual 0.1208 mm)
    Rule: board setup constraints silk; warning
    @(262.1600 mm, 142.5000 mm): Reference field of C201
    @(261.9300 mm, 139.5000 mm): Reference field of R114
[silk_overlap]: Silkscreen clearance (board setup constraints silk clearance 0.1500 mm; actual 0.0460 mm)
    Rule: board setup constraints silk; warning
    @(266.2600 mm, 138.5000 mm): Reference field of C194
    @(265.9600 mm, 140.2922 mm): Segment of C195 on F.Silkscreen
[silk_overlap]: Silkscreen clearance (board setup constraints silk clearance 0.1500 mm; actual 0.0000 mm)
    Rule: board setup constraints silk; warning
    @(266.2600 mm, 138.5000 mm): Reference field of C194
    @(265.2300 mm, 138.3700 mm): Reference field of R117
[silk_overlap]: Silkscreen clearance (board setup constraints silk clearance 0.1500 mm; actual 0.0000 mm)
    Rule: board setup constraints silk; warning
    @(266.2600 mm, 138.5000 mm): Reference field of C194
    @(266.7600 mm, 140.4000 mm): Reference field of C195
[silk_overlap]: Silkscreen clearance (board setup constraints silk clearance 0.1500 mm; actual 0.0505 mm)
    Rule: board setup constraints silk; warning
    @(266.2600 mm, 138.5000 mm): Reference field of C194
    @(267.4600 mm, 138.2000 mm): Reference field of C183
[silk_overlap]: Silkscreen clearance (board setup constraints silk clearance 0.1500 mm; actual 0.0412 mm)
    Rule: board setup constraints silk; warning
    @(266.7600 mm, 140.4000 mm): Reference field of C195
    @(267.0000 mm, 142.4000 mm): Reference field of SW3
[silk_overlap]: Silkscreen clearance (board setup constraints silk clearance 0.1500 mm; actual 0.0721 mm)
    Rule: board setup constraints silk; warning
    @(266.7600 mm, 140.4000 mm): Reference field of C195
    @(265.5000 mm, 141.0900 mm): Reference field of C202
[silk_overlap]: Silkscreen clearance (board setup constraints silk clearance 0.1500 mm; actual 0.0280 mm)
    Rule: board setup constraints silk; warning
    @(266.2600 mm, 138.5000 mm): Reference field of C194
    @(266.4400 mm, 140.2922 mm): Segment of C187 on F.Silkscreen
[silk_overlap]: Silkscreen clearance (board setup constraints silk clearance 0.1500 mm; actual 0.0798 mm)
    Rule: board setup constraints silk; warning
    @(264.3100 mm, 142.9600 mm): Segment of Y7 on F.Silkscreen
    @(265.5000 mm, 141.0900 mm): Reference field of C202
[silk_overlap]: Silkscreen clearance (board setup constraints silk clearance 0.1500 mm; actual 0.0552 mm)
    Rule: board setup constraints silk; warning
    @(261.9300 mm, 139.5000 mm): Reference field of R114
    @(261.9600 mm, 136.9000 mm): Reference field of C197
[silk_overlap]: Silkscreen clearance (board setup constraints silk clearance 0.1500 mm; actual 0.1257 mm)
    Rule: board setup constraints silk; warning
    @(262.6225 mm, 138.1327 mm): Segment of R116 on F.Silkscreen
    @(261.9300 mm, 139.5000 mm): Reference field of R114
[silk_overlap]: Silkscreen clearance (board setup constraints silk clearance 0.1500 mm; actual 0.0000 mm)
    Rule: board setup constraints silk; warning
    @(266.6600 mm, 148.2500 mm): Reference field of C66
    @(265.9400 mm, 148.0000 mm): Reference field of C73
[silk_overlap]: Silkscreen clearance (board setup constraints silk clearance 0.1500 mm; actual 0.1446 mm)
    Rule: board setup constraints silk; warning
    @(266.6600 mm, 148.2500 mm): Reference field of C66
    @(266.7400 mm, 148.1078 mm): Segment of C73 on F.Silkscreen
[silk_overlap]: Silkscreen clearance (board setup constraints silk clearance 0.1500 mm; actual 0.1016 mm)
    Rule: board setup constraints silk; warning
    @(264.7600 mm, 148.2500 mm): Reference field of C65
    @(265.9400 mm, 148.0000 mm): Reference field of C73
[silk_overlap]: Silkscreen clearance (board setup constraints silk clearance 0.1500 mm; actual 0.0000 mm)
    Rule: board setup constraints silk; warning
    @(264.7600 mm, 148.2500 mm): Reference field of C65
    @(263.7000 mm, 148.8300 mm): Reference field of L36
[silk_overlap]: Silkscreen clearance (board setup constraints silk clearance 0.1500 mm; actual 0.1198 mm)
    Rule: board setup constraints silk; warning
    @(265.9400 mm, 148.0000 mm): Reference field of C73
    @(265.1400 mm, 148.1422 mm): Segment of C66 on F.Silkscreen
[silk_overlap]: Silkscreen clearance (board setup constraints silk clearance 0.1500 mm; actual 0.0000 mm)
    Rule: board setup constraints silk; warning
    @(264.7600 mm, 148.2500 mm): Reference field of C65
    @(265.1400 mm, 148.1422 mm): Segment of C66 on F.Silkscreen
[silk_overlap]: Silkscreen clearance (board setup constraints silk clearance 0.1500 mm; actual 0.1407 mm)
    Rule: board setup constraints silk; warning
    @(265.9400 mm, 148.0000 mm): Reference field of C73
    @(265.8600 mm, 148.1422 mm): Segment of C66 on F.Silkscreen
[silk_overlap]: Silkscreen clearance (board setup constraints silk clearance 0.1500 mm; actual 0.1198 mm)
    Rule: board setup constraints silk; warning
    @(266.6600 mm, 148.2500 mm): Reference field of C66
    @(265.8600 mm, 148.1422 mm): Segment of C66 on F.Silkscreen
[silk_overlap]: Silkscreen clearance (board setup constraints silk clearance 0.1500 mm; actual 0.0000 mm)
    Rule: board setup constraints silk; warning
    @(263.7000 mm, 148.8300 mm): Reference field of L36
    @(263.2400 mm, 148.1422 mm): Segment of C65 on F.Silkscreen
[silk_overlap]: Silkscreen clearance (board setup constraints silk clearance 0.1500 mm; actual 0.0000 mm)
    Rule: board setup constraints silk; warning
    @(263.7000 mm, 148.8300 mm): Reference field of L36
    @(263.9600 mm, 148.1422 mm): Segment of C65 on F.Silkscreen
[silk_overlap]: Silkscreen clearance (board setup constraints silk clearance 0.1500 mm; actual 0.0000 mm)
    Rule: board setup constraints silk; warning
    @(270.3600 mm, 140.4000 mm): Reference field of C192
    @(270.0700 mm, 143.0000 mm): Reference field of R106
[silk_overlap]: Silkscreen clearance (board setup constraints silk clearance 0.1500 mm; actual 0.0000 mm)
    Rule: board setup constraints silk; warning
    @(269.8000 mm, 141.5150 mm): Segment of D7 on F.Silkscreen
    @(270.3600 mm, 140.4000 mm): Reference field of C192
[silk_overlap]: Silkscreen clearance (board setup constraints silk clearance 0.1500 mm; actual 0.1357 mm)
    Rule: board setup constraints silk; warning
    @(269.8000 mm, 141.5150 mm): Segment of D7 on F.Silkscreen
    @(270.0700 mm, 143.0000 mm): Reference field of R106
[silk_overlap]: Silkscreen clearance (board setup constraints silk clearance 0.1500 mm; actual 0.0000 mm)
    Rule: board setup constraints silk; warning
    @(269.0000 mm, 140.8200 mm): Reference field of D7
    @(270.0700 mm, 143.0000 mm): Reference field of R106
[silk_overlap]: Silkscreen clearance (board setup constraints silk clearance 0.1500 mm; actual 0.1359 mm)
    Rule: board setup constraints silk; warning
    @(266.7600 mm, 140.4000 mm): Reference field of C195
    @(267.9600 mm, 140.4000 mm): Reference field of C187
[silk_overlap]: Silkscreen clearance (board setup constraints silk clearance 0.1500 mm; actual 0.0906 mm)
    Rule: board setup constraints silk; warning
    @(270.0700 mm, 143.0000 mm): Reference field of R106
    @(267.5150 mm, 142.9850 mm): Segment of D7 on F.Silkscreen
[silk_overlap]: Silkscreen clearance (board setup constraints silk clearance 0.1500 mm; actual 0.0000 mm)
    Rule: board setup constraints silk; warning
    @(264.8000 mm, 146.7000 mm): Segment of SW3 on F.Silkscreen
    @(265.9400 mm, 148.0000 mm): Reference field of C73
[silk_overlap]: Silkscreen clearance (board setup constraints silk clearance 0.1500 mm; actual 0.0000 mm)
    Rule: board setup constraints silk; warning
    @(262.1600 mm, 142.5000 mm): Reference field of C201
    @(261.1000 mm, 141.5500 mm): Reference field of Y7
[silk_overlap]: Silkscreen clearance (board setup constraints silk clearance 0.1500 mm; actual 0.0000 mm)
    Rule: board setup constraints silk; warning
    @(261.1000 mm, 141.5500 mm): Reference field of Y7
    @(260.6400 mm, 142.3922 mm): Segment of C201 on F.Silkscreen
[silk_overlap]: Silkscreen clearance (board setup constraints silk clearance 0.1500 mm; actual 0.0000 mm)
    Rule: board setup constraints silk; warning
    @(261.9300 mm, 139.5000 mm): Reference field of R114
    @(261.1000 mm, 141.5500 mm): Reference field of Y7
[silk_overlap]: Silkscreen clearance (board setup constraints silk clearance 0.1500 mm; actual 0.0000 mm)
    Rule: board setup constraints silk; warning
    @(271.5600 mm, 140.4000 mm): Reference field of C184
    @(271.9200 mm, 140.4000 mm): Reference field of C186
[silk_overlap]: Silkscreen clearance (board setup constraints silk clearance 0.1500 mm; actual 0.0500 mm)
    Rule: board setup constraints silk; warning
    @(271.5600 mm, 140.4000 mm): Reference field of C184
    @(270.3600 mm, 140.4000 mm): Reference field of C192
[silk_overlap]: Silkscreen clearance (board setup constraints silk clearance 0.1500 mm; actual 0.0000 mm)
    Rule: board setup constraints silk; warning
    @(270.0000 mm, 132.2400 mm): Reference field of C196
    @(269.7000 mm, 133.1300 mm): Reference field of R140
[silk_overlap]: Silkscreen clearance (board setup constraints silk clearance 0.1500 mm; actual 0.0765 mm)
    Rule: board setup constraints silk; warning
    @(269.7000 mm, 133.1300 mm): Reference field of R140
    @(269.8922 mm, 133.0400 mm): Segment of C196 on F.Silkscreen
[silk_overlap]: Silkscreen clearance (board setup constraints silk clearance 0.1500 mm; actual 0.0707 mm)
    Rule: board setup constraints silk; warning
    @(272.0700 mm, 134.9000 mm): Reference field of FB8
    @(271.9200 mm, 136.5000 mm): Reference field of C189
[silk_overlap]: Silkscreen clearance (board setup constraints silk clearance 0.1500 mm; actual 0.1415 mm)
    Rule: board setup constraints silk; warning
    @(269.9373 mm, 132.2225 mm): Segment of R140 on F.Silkscreen
    @(268.8000 mm, 133.5000 mm): Reference field of U35
[silk_overlap]: Silkscreen clearance (board setup constraints silk clearance 0.1500 mm; actual 0.0000 mm)
    Rule: board setup constraints silk; warning
    @(270.0000 mm, 132.2400 mm): Reference field of C196
    @(269.9373 mm, 132.2225 mm): Segment of R140 on F.Silkscreen
[silk_overlap]: Silkscreen clearance (board setup constraints silk clearance 0.1500 mm; actual 0.1037 mm)
    Rule: board setup constraints silk; warning
    @(270.0000 mm, 132.2400 mm): Reference field of C196
    @(273.0000 mm, 131.1200 mm): Reference field of C190
[silk_overlap]: Silkscreen clearance (board setup constraints silk clearance 0.1500 mm; actual 0.0000 mm)
    Rule: board setup constraints silk; warning
    @(269.7000 mm, 133.1300 mm): Reference field of R140
    @(268.8000 mm, 133.5000 mm): Reference field of U35
[silk_overlap]: Silkscreen clearance (board setup constraints silk clearance 0.1500 mm; actual 0.0000 mm)
    Rule: board setup constraints silk; warning
    @(270.0000 mm, 132.2400 mm): Reference field of C196
    @(268.8000 mm, 133.5000 mm): Reference field of U35
[silk_overlap]: Silkscreen clearance (board setup constraints silk clearance 0.1500 mm; actual 0.0000 mm)
    Rule: board setup constraints silk; warning
    @(266.2600 mm, 138.5000 mm): Reference field of C194
    @(266.6600 mm, 138.0922 mm): Segment of C183 on F.Silkscreen
[silk_overlap]: Silkscreen clearance (board setup constraints silk clearance 0.1500 mm; actual 0.1121 mm)
    Rule: board setup constraints silk; warning
    @(277.5300 mm, 139.5000 mm): Reference field of R122
    @(277.5300 mm, 136.2000 mm): Reference field of R120
[silk_overlap]: Silkscreen clearance (board setup constraints silk clearance 0.1500 mm; actual 0.1298 mm)
    Rule: board setup constraints silk; warning
    @(277.1400 mm, 137.4200 mm): Polygon of U48 on F.Silkscreen
    @(277.5300 mm, 136.2000 mm): Reference field of R120
[silk_overlap]: Silkscreen clearance (board setup constraints silk clearance 0.1500 mm; actual 0.1448 mm)
    Rule: board setup constraints silk; warning
    @(277.5300 mm, 139.5000 mm): Reference field of R122
    @(277.1400 mm, 137.4200 mm): Polygon of U48 on F.Silkscreen
[silk_overlap]: Silkscreen clearance (board setup constraints silk clearance 0.1500 mm; actual 0.0699 mm)
    Rule: board setup constraints silk; warning
    @(276.7600 mm, 131.6400 mm): Circle of U47 on F.Silkscreen
    @(277.5300 mm, 132.9000 mm): Reference field of R119
[silk_overlap]: Silkscreen clearance (board setup constraints silk clearance 0.1500 mm; actual 0.0300 mm)
    Rule: board setup constraints silk; warning
    @(277.5300 mm, 132.9000 mm): Reference field of R119
    @(277.5300 mm, 136.2000 mm): Reference field of R120
[silk_overlap]: Silkscreen clearance (board setup constraints silk clearance 0.1500 mm; actual 0.0905 mm)
    Rule: board setup constraints silk; warning
    @(269.7887 mm, 130.6100 mm): Segment of C193 on F.Silkscreen
    @(273.0000 mm, 131.1200 mm): Reference field of C190
[silk_overlap]: Silkscreen clearance (board setup constraints silk clearance 0.1500 mm; actual 0.1409 mm)
    Rule: board setup constraints silk; warning
    @(266.7600 mm, 140.4000 mm): Reference field of C195
    @(267.4600 mm, 138.2000 mm): Reference field of C183
[silk_overlap]: Silkscreen clearance (board setup constraints silk clearance 0.1500 mm; actual 0.1119 mm)
    Rule: board setup constraints silk; warning
    @(267.4600 mm, 138.2000 mm): Reference field of C183
    @(267.9600 mm, 140.4000 mm): Reference field of C187
[silk_overlap]: Silkscreen clearance (board setup constraints silk clearance 0.1500 mm; actual 0.0532 mm)
    Rule: board setup constraints silk; warning
    @(267.4600 mm, 138.2000 mm): Reference field of C183
    @(267.1400 mm, 138.0922 mm): Segment of C191 on F.Silkscreen
[silk_overlap]: Silkscreen clearance (board setup constraints silk clearance 0.1500 mm; actual 0.0000 mm)
    Rule: board setup constraints silk; warning
    @(267.8600 mm, 138.0922 mm): Segment of C191 on F.Silkscreen
    @(267.4600 mm, 138.2000 mm): Reference field of C183
[silk_overlap]: Silkscreen clearance (board setup constraints silk clearance 0.1500 mm; actual 0.0500 mm)
    Rule: board setup constraints silk; warning
    @(268.6600 mm, 138.2000 mm): Reference field of C191
    @(267.4600 mm, 138.2000 mm): Reference field of C183
[silk_overlap]: Silkscreen clearance (board setup constraints silk clearance 0.1500 mm; actual 0.0907 mm)
    Rule: board setup constraints silk; warning
    @(268.6600 mm, 138.2000 mm): Reference field of C191
    @(267.9600 mm, 140.4000 mm): Reference field of C187
[silk_overlap]: Silkscreen clearance (board setup constraints silk clearance 0.1500 mm; actual 0.0665 mm)
    Rule: board setup constraints silk; warning
    @(270.3600 mm, 140.4000 mm): Reference field of C192
    @(270.0400 mm, 140.2922 mm): Segment of C184 on F.Silkscreen
[silk_overlap]: Silkscreen clearance (board setup constraints silk clearance 0.1500 mm; actual 0.0068 mm)
    Rule: board setup constraints silk; warning
    @(269.0000 mm, 140.8200 mm): Reference field of D7
    @(270.3600 mm, 140.4000 mm): Reference field of C192
[silk_overlap]: Silkscreen clearance (board setup constraints silk clearance 0.1500 mm; actual 0.0621 mm)
    Rule: board setup constraints silk; warning
    @(269.0000 mm, 140.8200 mm): Reference field of D7
    @(268.8400 mm, 140.2922 mm): Segment of C192 on F.Silkscreen
[silk_overlap]: Silkscreen clearance (board setup constraints silk clearance 0.1500 mm; actual 0.0000 mm)
    Rule: board setup constraints silk; warning
    @(269.0000 mm, 140.8200 mm): Reference field of D7
    @(269.5600 mm, 140.2922 mm): Segment of C192 on F.Silkscreen
[silk_overlap]: Silkscreen clearance (board setup constraints silk clearance 0.1500 mm; actual 0.1495 mm)
    Rule: board setup constraints silk; warning
    @(269.0000 mm, 148.4700 mm): Reference field of L30
    @(269.4400 mm, 148.0000 mm): Reference field of C74
[silk_overlap]: Silkscreen clearance (board setup constraints silk clearance 0.1500 mm; actual 0.0704 mm)
    Rule: board setup constraints silk; warning
    @(268.8372 mm, 149.3900 mm): Segment of L30 on F.Silkscreen
    @(269.4400 mm, 148.0000 mm): Reference field of C74
[silk_overlap]: Silkscreen clearance (board setup constraints silk clearance 0.1500 mm; actual 0.0336 mm)
    Rule: board setup constraints silk; warning
    @(269.0000 mm, 148.4700 mm): Reference field of L30
    @(270.2400 mm, 148.1078 mm): Segment of C74 on F.Silkscreen
[silk_overlap]: Silkscreen clearance (board setup constraints silk clearance 0.1500 mm; actual 0.0000 mm)
    Rule: board setup constraints silk; warning
    @(270.9600 mm, 148.1078 mm): Segment of C74 on F.Silkscreen
    @(272.2000 mm, 148.4700 mm): Reference field of L31
[silk_overlap]: Silkscreen clearance (board setup constraints silk clearance 0.1500 mm; actual 0.0013 mm)
    Rule: board setup constraints silk; warning
    @(264.8000 mm, 146.7000 mm): Segment of SW3 on F.Silkscreen
    @(269.4400 mm, 148.0000 mm): Reference field of C74
[silk_overlap]: Silkscreen clearance (board setup constraints silk clearance 0.1500 mm; actual 0.0013 mm)
    Rule: board setup constraints silk; warning
    @(269.4400 mm, 148.0000 mm): Reference field of C74
    @(269.2000 mm, 146.7000 mm): Segment of SW3 on F.Silkscreen
[silk_overlap]: Silkscreen clearance (board setup constraints silk clearance 0.1500 mm; actual 0.0000 mm)
    Rule: board setup constraints silk; warning
    @(270.3600 mm, 140.4000 mm): Reference field of C192
    @(270.7600 mm, 140.2922 mm): Segment of C184 on F.Silkscreen
[silk_overlap]: Silkscreen clearance (board setup constraints silk clearance 0.1500 mm; actual 0.0724 mm)
    Rule: board setup constraints silk; warning
    @(269.0000 mm, 140.8200 mm): Reference field of D7
    @(270.0400 mm, 140.2922 mm): Segment of C184 on F.Silkscreen
[silk_overlap]: Silkscreen clearance (board setup constraints silk clearance 0.1500 mm; actual 0.0922 mm)
    Rule: board setup constraints silk; warning
    @(272.6400 mm, 148.0000 mm): Reference field of C75
    @(272.2000 mm, 148.4700 mm): Reference field of L31
[silk_overlap]: Silkscreen clearance (board setup constraints silk clearance 0.1500 mm; actual 0.0407 mm)
    Rule: board setup constraints silk; warning
    @(272.6400 mm, 148.0000 mm): Reference field of C75
    @(272.0372 mm, 149.3900 mm): Segment of L31 on F.Silkscreen
[silk_overlap]: Silkscreen clearance (board setup constraints silk clearance 0.1500 mm; actual 0.0000 mm)
    Rule: board setup constraints silk; warning
    @(274.1600 mm, 148.1078 mm): Segment of C75 on F.Silkscreen
    @(275.4000 mm, 148.4700 mm): Reference field of L32
[silk_overlap]: Silkscreen clearance (board setup constraints silk clearance 0.1500 mm; actual 0.0752 mm)
    Rule: board setup constraints silk; warning
    @(279.7500 mm, 147.8200 mm): Reference field of R107
    @(277.5150 mm, 148.4850 mm): Segment of D11 on F.Silkscreen
[silk_overlap]: Silkscreen clearance (board setup constraints silk clearance 0.1500 mm; actual 0.1248 mm)
    Rule: board setup constraints silk; warning
    @(279.7500 mm, 147.8200 mm): Reference field of R107
    @(279.8000 mm, 147.0150 mm): Segment of D11 on F.Silkscreen
[silk_overlap]: Silkscreen clearance (board setup constraints silk clearance 0.1500 mm; actual 0.0000 mm)
    Rule: board setup constraints silk; warning
    @(279.0000 mm, 146.3200 mm): Reference field of D11
    @(276.8000 mm, 146.7000 mm): Segment of SW4 on F.Silkscreen
[silk_overlap]: Silkscreen clearance (board setup constraints silk clearance 0.1500 mm; actual 0.1225 mm)
    Rule: board setup constraints silk; warning
    @(279.5127 mm, 148.7275 mm): Segment of R107 on F.Silkscreen
    @(277.5150 mm, 148.4850 mm): Segment of D11 on F.Silkscreen
[silk_overlap]: Silkscreen clearance (board setup constraints silk clearance 0.1500 mm; actual 0.1387 mm)
    Rule: board setup constraints silk; warning
    @(287.4300 mm, 139.5000 mm): Reference field of C206
    @(288.5000 mm, 138.1300 mm): Reference field of R3
[silk_overlap]: Silkscreen clearance (board setup constraints silk clearance 0.1500 mm; actual 0.0000 mm)
    Rule: board setup constraints silk; warning
    @(288.5000 mm, 138.1300 mm): Reference field of R3
    @(290.0000 mm, 138.5700 mm): Reference field of R108
[silk_overlap]: Silkscreen clearance (board setup constraints silk clearance 0.1500 mm; actual 0.1281 mm)
    Rule: board setup constraints silk; warning
    @(281.0000 mm, 136.2500 mm): Reference field of U48
    @(278.8000 mm, 136.4000 mm): Segment of U47 on F.Silkscreen
[silk_overlap]: Silkscreen clearance (board setup constraints silk clearance 0.1500 mm; actual 0.1252 mm)
    Rule: board setup constraints silk; warning
    @(281.0000 mm, 136.2500 mm): Reference field of U48
    @(278.6900 mm, 136.9650 mm): Segment of U48 on F.Silkscreen
[silk_overlap]: Silkscreen clearance (board setup constraints silk clearance 0.1500 mm; actual 0.0000 mm)
    Rule: board setup constraints silk; warning
    @(261.5775 mm, 138.1327 mm): Segment of R116 on F.Silkscreen
    @(261.9300 mm, 139.5000 mm): Reference field of R114
[silk_overlap]: Silkscreen clearance (board setup constraints silk clearance 0.1500 mm; actual 0.0867 mm)
    Rule: board setup constraints silk; warning
    @(258.1000 mm, 133.9300 mm): Reference field of R115
    @(260.8000 mm, 133.6600 mm): Reference field of C199
[silk_overlap]: Silkscreen clearance (board setup constraints silk clearance 0.1500 mm; actual 0.0902 mm)
    Rule: board setup constraints silk; warning
    @(266.2600 mm, 138.5000 mm): Reference field of C194
    @(265.9400 mm, 138.0922 mm): Segment of C183 on F.Silkscreen
[silk_overlap]: Silkscreen clearance (board setup constraints silk clearance 0.1500 mm; actual 0.1202 mm)
    Rule: board setup constraints silk; warning
    @(265.9400 mm, 138.0922 mm): Segment of C183 on F.Silkscreen
    @(265.2300 mm, 138.3700 mm): Reference field of R117
[silk_overlap]: Silkscreen clearance (board setup constraints silk clearance 0.1500 mm; actual 0.0898 mm)
    Rule: board setup constraints silk; warning
    @(265.4600 mm, 138.3922 mm): Segment of C194 on F.Silkscreen
    @(265.2300 mm, 138.3700 mm): Reference field of R117
[silk_overlap]: Silkscreen clearance (board setup constraints silk clearance 0.1500 mm; actual 0.1287 mm)
    Rule: board setup constraints silk; warning
    @(262.6225 mm, 138.1327 mm): Segment of R116 on F.Silkscreen
    @(261.9600 mm, 136.9000 mm): Reference field of C197
[silk_overlap]: Silkscreen clearance (board setup constraints silk clearance 0.1500 mm; actual 0.1327 mm)
    Rule: board setup constraints silk; warning
    @(261.5775 mm, 138.1327 mm): Segment of R116 on F.Silkscreen
    @(261.9600 mm, 136.9000 mm): Reference field of C197
[silk_overlap]: Silkscreen clearance (board setup constraints silk clearance 0.1500 mm; actual 0.0265 mm)
    Rule: board setup constraints silk; warning
    @(262.3900 mm, 136.1100 mm): Segment of U35 on F.Silkscreen
    @(261.9600 mm, 136.9000 mm): Reference field of C197
[silk_overlap]: Silkscreen clearance (board setup constraints silk clearance 0.1500 mm; actual 0.0265 mm)
    Rule: board setup constraints silk; warning
    @(262.8150 mm, 136.1100 mm): Segment of U35 on F.Silkscreen
    @(261.9600 mm, 136.9000 mm): Reference field of C197
[silk_overlap]: Silkscreen clearance (board setup constraints silk clearance 0.1500 mm; actual 0.0000 mm)
    Rule: board setup constraints silk; warning
    @(265.5000 mm, 141.0900 mm): Reference field of C202
    @(265.2400 mm, 140.2922 mm): Segment of C195 on F.Silkscreen
[silk_overlap]: Silkscreen clearance (board setup constraints silk clearance 0.1500 mm; actual 0.0967 mm)
    Rule: board setup constraints silk; warning
    @(265.2300 mm, 138.3700 mm): Reference field of R117
    @(265.2400 mm, 140.2922 mm): Segment of C195 on F.Silkscreen
[silk_overlap]: Silkscreen clearance (board setup constraints silk clearance 0.1500 mm; actual 0.0801 mm)
    Rule: board setup constraints silk; warning
    @(263.2775 mm, 138.1327 mm): Segment of R117 on F.Silkscreen
    @(263.5300 mm, 138.3700 mm): Reference field of R116
[silk_overlap]: Silkscreen clearance (board setup constraints silk clearance 0.1500 mm; actual 0.0795 mm)
    Rule: board setup constraints silk; warning
    @(264.7400 mm, 138.3922 mm): Segment of C194 on F.Silkscreen
    @(265.2300 mm, 138.3700 mm): Reference field of R117
[silk_overlap]: Silkscreen clearance (board setup constraints silk clearance 0.1500 mm; actual 0.0000 mm)
    Rule: board setup constraints silk; warning
    @(266.7600 mm, 140.4000 mm): Reference field of C195
    @(267.1600 mm, 140.2922 mm): Segment of C187 on F.Silkscreen
[silk_overlap]: Silkscreen clearance (board setup constraints silk clearance 0.1500 mm; actual 0.1337 mm)
    Rule: board setup constraints silk; warning
    @(266.7600 mm, 140.4000 mm): Reference field of C195
    @(266.4400 mm, 140.2922 mm): Segment of C187 on F.Silkscreen
[silk_overlap]: Silkscreen clearance (board setup constraints silk clearance 0.1500 mm; actual 0.0653 mm)
    Rule: board setup constraints silk; warning
    @(265.9600 mm, 140.2922 mm): Segment of C195 on F.Silkscreen
    @(265.5000 mm, 141.0900 mm): Reference field of C202
[silk_overlap]: Silkscreen clearance (board setup constraints silk clearance 0.1500 mm; actual 0.1442 mm)
    Rule: board setup constraints silk; warning
    @(284.7000 mm, 150.5000 mm): Reference field of U6
    @(283.0000 mm, 151.3700 mm): Reference field of R141
[silk_overlap]: Silkscreen clearance (board setup constraints silk clearance 0.1500 mm; actual 0.1169 mm)
    Rule: board setup constraints silk; warning
    @(284.2100 mm, 151.0100 mm): Segment of Y4 on F.Silkscreen
    @(284.7000 mm, 150.5000 mm): Reference field of U6
[silk_overlap]: Silkscreen clearance (board setup constraints silk clearance 0.1500 mm; actual 0.0121 mm)
    Rule: board setup constraints silk; warning
    @(284.2100 mm, 151.0100 mm): Segment of Y4 on F.Silkscreen
    @(283.0000 mm, 151.3700 mm): Reference field of R141
[silk_overlap]: Silkscreen clearance (board setup constraints silk clearance 0.1500 mm; actual 0.0098 mm)
    Rule: board setup constraints silk; warning
    @(287.4400 mm, 154.7078 mm): Segment of C49 on F.Silkscreen
    @(288.1300 mm, 154.0500 mm): Reference field of L8
[silk_overlap]: Silkscreen clearance (board setup constraints silk clearance 0.1500 mm; actual 0.0000 mm)
    Rule: board setup constraints silk; warning
    @(288.1600 mm, 154.7078 mm): Segment of C49 on F.Silkscreen
    @(288.1300 mm, 154.0500 mm): Reference field of L8
[silk_overlap]: Silkscreen clearance (board setup constraints silk clearance 0.1500 mm; actual 0.1088 mm)
    Rule: board setup constraints silk; warning
    @(286.6400 mm, 154.6000 mm): Reference field of C49
    @(287.0000 mm, 153.1100 mm): Polygon of U6 on F.Silkscreen
[silk_overlap]: Silkscreen clearance (board setup constraints silk clearance 0.1500 mm; actual 0.0071 mm)
    Rule: board setup constraints silk; warning
    @(286.3000 mm, 156.4000 mm): Reference field of U7
    @(286.1700 mm, 158.2000 mm): Reference field of L11
[silk_overlap]: Silkscreen clearance (board setup constraints silk clearance 0.1500 mm; actual 0.0000 mm)
    Rule: board setup constraints silk; warning
    @(286.3000 mm, 156.4000 mm): Reference field of U7
    @(286.0000 mm, 156.2700 mm): Reference field of L6
[silk_overlap]: Silkscreen clearance (board setup constraints silk clearance 0.1500 mm; actual 0.1348 mm)
    Rule: board setup constraints silk; warning
    @(286.3000 mm, 156.4000 mm): Reference field of U7
    @(285.4850 mm, 156.0150 mm): Segment of U7 on F.Silkscreen
[silk_overlap]: Silkscreen clearance (board setup constraints silk clearance 0.1500 mm; actual 0.0000 mm)
    Rule: board setup constraints silk; warning
    @(285.4850 mm, 156.0150 mm): Segment of U7 on F.Silkscreen
    @(286.0000 mm, 156.2700 mm): Reference field of L6
[silk_overlap]: Silkscreen clearance (board setup constraints silk clearance 0.1500 mm; actual 0.0179 mm)
    Rule: board setup constraints silk; warning
    @(285.5000 mm, 155.8000 mm): Polygon of U7 on F.Silkscreen
    @(286.0000 mm, 156.2700 mm): Reference field of L6
[silk_overlap]: Silkscreen clearance (board setup constraints silk clearance 0.1500 mm; actual 0.1298 mm)
    Rule: board setup constraints silk; warning
    @(285.5000 mm, 155.8000 mm): Polygon of U7 on F.Silkscreen
    @(286.3000 mm, 156.4000 mm): Reference field of U7
[silk_overlap]: Silkscreen clearance (board setup constraints silk clearance 0.1500 mm; actual 0.1252 mm)
    Rule: board setup constraints silk; warning
    @(283.9150 mm, 156.9850 mm): Segment of U7 on F.Silkscreen
    @(286.0000 mm, 156.2700 mm): Reference field of L6
[silk_overlap]: Silkscreen clearance (board setup constraints silk clearance 0.1500 mm; actual 0.1405 mm)
    Rule: board setup constraints silk; warning
    @(283.9000 mm, 155.3600 mm): Reference field of C48
    @(286.0000 mm, 156.2700 mm): Reference field of L6
[silk_overlap]: Silkscreen clearance (board setup constraints silk clearance 0.1500 mm; actual 0.0000 mm)
    Rule: board setup constraints silk; warning
    @(283.9150 mm, 155.8150 mm): Segment of U7 on F.Silkscreen
    @(286.0000 mm, 156.2700 mm): Reference field of L6
[silk_overlap]: Silkscreen clearance (board setup constraints silk clearance 0.1500 mm; actual 0.1415 mm)
    Rule: board setup constraints silk; warning
    @(286.6400 mm, 154.6000 mm): Reference field of C49
    @(286.0000 mm, 156.2700 mm): Reference field of L6
[silk_overlap]: Silkscreen clearance (board setup constraints silk clearance 0.1500 mm; actual 0.0000 mm)
    Rule: board setup constraints silk; warning
    @(286.3000 mm, 156.4000 mm): Reference field of U7
    @(286.6400 mm, 154.6000 mm): Reference field of C49
[silk_overlap]: Silkscreen clearance (board setup constraints silk clearance 0.1500 mm; actual 0.0364 mm)
    Rule: board setup constraints silk; warning
    @(286.6400 mm, 154.6000 mm): Reference field of C49
    @(286.2000 mm, 152.8300 mm): Reference field of L5
[silk_overlap]: Silkscreen clearance (board setup constraints silk clearance 0.1500 mm; actual 0.0053 mm)
    Rule: board setup constraints silk; warning
    @(286.2000 mm, 152.8300 mm): Reference field of L5
    @(287.0000 mm, 153.1100 mm): Polygon of U6 on F.Silkscreen
[silk_overlap]: Silkscreen clearance (board setup constraints silk clearance 0.1500 mm; actual 0.0000 mm)
    Rule: board setup constraints silk; warning
    @(286.6150 mm, 152.6100 mm): Segment of U6 on F.Silkscreen
    @(286.2000 mm, 152.8300 mm): Reference field of L5
[silk_overlap]: Silkscreen clearance (board setup constraints silk clearance 0.1500 mm; actual 0.0557 mm)
    Rule: board setup constraints silk; warning
    @(283.9150 mm, 155.8150 mm): Segment of U7 on F.Silkscreen
    @(283.9000 mm, 155.3600 mm): Reference field of C48
[silk_overlap]: Silkscreen clearance (board setup constraints silk clearance 0.1500 mm; actual 0.1252 mm)
    Rule: board setup constraints silk; warning
    @(283.9000 mm, 155.3600 mm): Reference field of C48
    @(283.4000 mm, 156.5400 mm): Reference field of C43
[silk_overlap]: Silkscreen clearance (board setup constraints silk clearance 0.1500 mm; actual 0.1198 mm)
    Rule: board setup constraints silk; warning
    @(289.3600 mm, 156.1922 mm): Segment of C52 on F.Silkscreen
    @(290.1600 mm, 156.3000 mm): Reference field of C52
[silk_overlap]: Silkscreen clearance (board setup constraints silk clearance 0.1500 mm; actual 0.1169 mm)
    Rule: board setup constraints silk; warning
    @(290.6000 mm, 154.5300 mm): Reference field of L7
    @(290.1600 mm, 156.3000 mm): Reference field of C52
[silk_overlap]: Silkscreen clearance (board setup constraints silk clearance 0.1500 mm; actual 0.0000 mm)
    Rule: board setup constraints silk; warning
    @(291.5600 mm, 154.1000 mm): Reference field of C50
    @(290.6000 mm, 154.5300 mm): Reference field of L7
[silk_overlap]: Silkscreen clearance (board setup constraints silk clearance 0.1500 mm; actual 0.0000 mm)
    Rule: board setup constraints silk; warning
    @(291.5600 mm, 154.1000 mm): Reference field of C50
    @(292.0000 mm, 152.8100 mm): Reference field of C47
[silk_overlap]: Silkscreen clearance (board setup constraints silk clearance 0.1500 mm; actual 0.1198 mm)
    Rule: board setup constraints silk; warning
    @(291.5600 mm, 154.1000 mm): Reference field of C50
    @(290.7600 mm, 153.9922 mm): Segment of C50 on F.Silkscreen
[silk_overlap]: Silkscreen clearance (board setup constraints silk clearance 0.1500 mm; actual 0.0000 mm)
    Rule: board setup constraints silk; warning
    @(290.6000 mm, 154.5300 mm): Reference field of L7
    @(290.0400 mm, 153.9922 mm): Segment of C50 on F.Silkscreen
[silk_overlap]: Silkscreen clearance (board setup constraints silk clearance 0.1500 mm; actual 0.0000 mm)
    Rule: board setup constraints silk; warning
    @(290.6000 mm, 154.5300 mm): Reference field of L7
    @(290.7600 mm, 153.9922 mm): Segment of C50 on F.Silkscreen
[silk_overlap]: Silkscreen clearance (board setup constraints silk clearance 0.1500 mm; actual 0.0000 mm)
    Rule: board setup constraints silk; warning
    @(292.4000 mm, 157.8600 mm): Reference field of C51
    @(291.7700 mm, 157.8000 mm): Reference field of L9
[silk_overlap]: Silkscreen clearance (board setup constraints silk clearance 0.1500 mm; actual 0.1169 mm)
    Rule: board setup constraints silk; warning
    @(291.7700 mm, 157.8000 mm): Reference field of L9
    @(292.5078 mm, 157.0600 mm): Segment of C51 on F.Silkscreen
[silk_overlap]: Silkscreen clearance (board setup constraints silk clearance 0.1500 mm; actual 0.1412 mm)
    Rule: board setup constraints silk; warning
    @(292.4000 mm, 157.8600 mm): Reference field of C51
    @(292.5078 mm, 157.0600 mm): Segment of C51 on F.Silkscreen
[silk_overlap]: Silkscreen clearance (board setup constraints silk clearance 0.1500 mm; actual 0.0000 mm)
    Rule: board setup constraints silk; warning
    @(286.1700 mm, 158.2000 mm): Reference field of L11
    @(287.8000 mm, 158.9700 mm): Reference field of L10
[silk_overlap]: Silkscreen clearance (board setup constraints silk clearance 0.1500 mm; actual 0.0000 mm)
    Rule: board setup constraints silk; warning
    @(288.0000 mm, 158.5000 mm): Reference field of J3
    @(287.8000 mm, 158.9700 mm): Reference field of L10
[silk_overlap]: Silkscreen clearance (board setup constraints silk clearance 0.1500 mm; actual 0.0000 mm)
    Rule: board setup constraints silk; warning
    @(286.2000 mm, 159.9500 mm): Reference field of D1
    @(287.8000 mm, 158.9700 mm): Reference field of L10
[silk_overlap]: Silkscreen clearance (board setup constraints silk clearance 0.1500 mm; actual 0.0000 mm)
    Rule: board setup constraints silk; warning
    @(286.7600 mm, 158.9000 mm): Segment of D1 on F.Silkscreen
    @(287.8000 mm, 158.9700 mm): Reference field of L10
[silk_overlap]: Silkscreen clearance (board setup constraints silk clearance 0.1500 mm; actual 0.0002 mm)
    Rule: board setup constraints silk; warning
    @(286.7600 mm, 158.9000 mm): Segment of D1 on F.Silkscreen
    @(286.1700 mm, 158.2000 mm): Reference field of L11
[silk_overlap]: Silkscreen clearance (board setup constraints silk clearance 0.1500 mm; actual 0.0000 mm)
    Rule: board setup constraints silk; warning
    @(286.1700 mm, 158.2000 mm): Reference field of L11
    @(286.2000 mm, 159.9500 mm): Reference field of D1
[silk_overlap]: Silkscreen clearance (board setup constraints silk clearance 0.1500 mm; actual 0.0405 mm)
    Rule: board setup constraints silk; warning
    @(283.4000 mm, 156.5400 mm): Reference field of C43
    @(283.9150 mm, 155.8150 mm): Segment of U7 on F.Silkscreen
[silk_overlap]: Silkscreen clearance (board setup constraints silk clearance 0.1500 mm; actual 0.0000 mm)
    Rule: board setup constraints silk; warning
    @(282.7500 mm, 157.5600 mm): Reference field of C42
    @(283.9150 mm, 155.8150 mm): Segment of U7 on F.Silkscreen
[silk_overlap]: Silkscreen clearance (board setup constraints silk clearance 0.1500 mm; actual 0.0643 mm)
    Rule: board setup constraints silk; warning
    @(283.9000 mm, 155.3600 mm): Reference field of C48
    @(283.9150 mm, 155.8150 mm): Segment of U7 on F.Silkscreen
[silk_overlap]: Silkscreen clearance (board setup constraints silk clearance 0.1500 mm; actual 0.0448 mm)
    Rule: board setup constraints silk; warning
    @(283.9150 mm, 155.8150 mm): Segment of U7 on F.Silkscreen
    @(283.4000 mm, 156.5400 mm): Reference field of C43
[silk_overlap]: Silkscreen clearance (board setup constraints silk clearance 0.1500 mm; actual 0.0000 mm)
    Rule: board setup constraints silk; warning
    @(283.4000 mm, 156.5400 mm): Reference field of C43
    @(283.9150 mm, 156.9850 mm): Segment of U7 on F.Silkscreen
[silk_overlap]: Silkscreen clearance (board setup constraints silk clearance 0.1500 mm; actual 0.0000 mm)
    Rule: board setup constraints silk; warning
    @(283.4000 mm, 157.5900 mm): Reference field of C44
    @(283.9150 mm, 156.9850 mm): Segment of U7 on F.Silkscreen
[silk_overlap]: Silkscreen clearance (board setup constraints silk clearance 0.1500 mm; actual 0.0000 mm)
    Rule: board setup constraints silk; warning
    @(282.7500 mm, 157.5600 mm): Reference field of C42
    @(283.9150 mm, 156.9850 mm): Segment of U7 on F.Silkscreen
[silk_overlap]: Silkscreen clearance (board setup constraints silk clearance 0.1500 mm; actual 0.0000 mm)
    Rule: board setup constraints silk; warning
    @(283.4000 mm, 157.5900 mm): Reference field of C44
    @(283.4000 mm, 156.5400 mm): Reference field of C43
[silk_overlap]: Silkscreen clearance (board setup constraints silk clearance 0.1500 mm; actual 0.1274 mm)
    Rule: board setup constraints silk; warning
    @(282.7500 mm, 157.5600 mm): Reference field of C42
    @(283.4000 mm, 156.5400 mm): Reference field of C43
[silk_overlap]: Silkscreen clearance (board setup constraints silk clearance 0.1500 mm; actual 0.0046 mm)
    Rule: board setup constraints silk; warning
    @(283.4000 mm, 156.5400 mm): Reference field of C43
    @(282.8578 mm, 156.7600 mm): Segment of C42 on F.Silkscreen
[silk_overlap]: Silkscreen clearance (board setup constraints silk clearance 0.1500 mm; actual 0.0000 mm)
    Rule: board setup constraints silk; warning
    @(282.8578 mm, 156.0400 mm): Segment of C42 on F.Silkscreen
    @(283.4000 mm, 156.5400 mm): Reference field of C43
[silk_overlap]: Silkscreen clearance (board setup constraints silk clearance 0.1500 mm; actual 0.0846 mm)
    Rule: board setup constraints silk; warning
    @(283.4000 mm, 157.5900 mm): Reference field of C44
    @(282.7500 mm, 157.5600 mm): Reference field of C42
[silk_overlap]: Silkscreen clearance (board setup constraints silk clearance 0.1500 mm; actual 0.1426 mm)
    Rule: board setup constraints silk; warning
    @(282.7500 mm, 157.5600 mm): Reference field of C42
    @(283.2922 mm, 157.3400 mm): Segment of C43 on F.Silkscreen
[silk_overlap]: Silkscreen clearance (board setup constraints silk clearance 0.1500 mm; actual 0.1172 mm)
    Rule: board setup constraints silk; warning
    @(283.9000 mm, 155.3600 mm): Reference field of C48
    @(282.8578 mm, 156.0400 mm): Segment of C42 on F.Silkscreen
[silk_overlap]: Silkscreen clearance (board setup constraints silk clearance 0.1500 mm; actual 0.0722 mm)
    Rule: board setup constraints silk; warning
    @(283.9000 mm, 155.3600 mm): Reference field of C48
    @(284.0078 mm, 154.5600 mm): Segment of C48 on F.Silkscreen
[silk_overlap]: Silkscreen clearance (board setup constraints silk clearance 0.1500 mm; actual 0.0000 mm)
    Rule: board setup constraints silk; warning
    @(282.8000 mm, 151.8000 mm): Reference field of Y4
    @(283.0000 mm, 151.3700 mm): Reference field of R141
[silk_overlap]: Silkscreen clearance (board setup constraints silk clearance 0.1500 mm; actual 0.0482 mm)
    Rule: board setup constraints silk; warning
    @(282.8000 mm, 151.8000 mm): Reference field of Y4
    @(282.7627 mm, 152.2775 mm): Segment of R141 on F.Silkscreen
[silk_overlap]: Silkscreen clearance (board setup constraints silk clearance 0.1500 mm; actual 0.0722 mm)
    Rule: board setup constraints silk; warning
    @(282.7500 mm, 157.5600 mm): Reference field of C42
    @(282.8578 mm, 156.7600 mm): Segment of C42 on F.Silkscreen
[silk_overlap]: Silkscreen clearance (board setup constraints silk clearance 0.1500 mm; actual 0.0000 mm)
    Rule: board setup constraints silk; warning
    @(283.4000 mm, 157.5900 mm): Reference field of C44
    @(283.2922 mm, 157.3400 mm): Segment of C43 on F.Silkscreen
[silk_overlap]: Silkscreen clearance (board setup constraints silk clearance 0.1500 mm; actual 0.0000 mm)
    Rule: board setup constraints silk; warning
    @(282.7500 mm, 157.5600 mm): Reference field of C42
    @(283.2922 mm, 158.0600 mm): Segment of C43 on F.Silkscreen
[silk_overlap]: Silkscreen clearance (board setup constraints silk clearance 0.1500 mm; actual 0.0000 mm)
    Rule: board setup constraints silk; warning
    @(283.4000 mm, 157.5900 mm): Reference field of C44
    @(283.2922 mm, 158.0600 mm): Segment of C43 on F.Silkscreen
[silk_overlap]: Silkscreen clearance (board setup constraints silk clearance 0.1500 mm; actual 0.0920 mm)
    Rule: board setup constraints silk; warning
    @(278.0000 mm, 149.9000 mm): Reference field of U30
    @(279.5127 mm, 149.7725 mm): Segment of R107 on F.Silkscreen
[silk_overlap]: Silkscreen clearance (board setup constraints silk clearance 0.1500 mm; actual 0.1129 mm)
    Rule: board setup constraints silk; warning
    @(278.0000 mm, 149.9000 mm): Reference field of U30
    @(277.4000 mm, 150.7000 mm): Polygon of U30 on F.Silkscreen
[silk_overlap]: Silkscreen clearance (board setup constraints silk clearance 0.1500 mm; actual 0.1052 mm)
    Rule: board setup constraints silk; warning
    @(290.8000 mm, 140.7650 mm): Segment of D12 on F.Silkscreen
    @(290.0000 mm, 140.0700 mm): Reference field of D12
[silk_overlap]: Silkscreen clearance (board setup constraints silk clearance 0.1500 mm; actual 0.0898 mm)
    Rule: board setup constraints silk; warning
    @(291.5700 mm, 141.5000 mm): Reference field of R1
    @(288.5150 mm, 142.2350 mm): Segment of D12 on F.Silkscreen
[silk_overlap]: Silkscreen clearance (board setup constraints silk clearance 0.1500 mm; actual 0.0000 mm)
    Rule: board setup constraints silk; warning
    @(291.5700 mm, 141.5000 mm): Reference field of R1
    @(291.0000 mm, 142.4000 mm): Reference field of SW5
[silk_overlap]: Silkscreen clearance (board setup constraints silk clearance 0.1500 mm; actual 0.1052 mm)
    Rule: board setup constraints silk; warning
    @(279.0000 mm, 146.3200 mm): Reference field of D11
    @(279.8000 mm, 147.0150 mm): Segment of D11 on F.Silkscreen
[silk_overlap]: Silkscreen clearance (board setup constraints silk clearance 0.1500 mm; actual 0.0000 mm)
    Rule: board setup constraints silk; warning
    @(283.3100 mm, 142.4350 mm): Segment of U48 on F.Silkscreen
    @(279.0000 mm, 142.4000 mm): Reference field of SW4
[silk_overlap]: Silkscreen clearance (board setup constraints silk clearance 0.1500 mm; actual 0.0000 mm)
    Rule: board setup constraints silk; warning
    @(288.5150 mm, 142.2350 mm): Segment of D12 on F.Silkscreen
    @(291.0000 mm, 142.4000 mm): Reference field of SW5
[silk_overlap]: Silkscreen clearance (board setup constraints silk clearance 0.1500 mm; actual 0.1225 mm)
    Rule: board setup constraints silk; warning
    @(290.8000 mm, 140.7650 mm): Segment of D12 on F.Silkscreen
    @(289.7627 mm, 140.5225 mm): Segment of R108 on F.Silkscreen
[silk_overlap]: Silkscreen clearance (board setup constraints silk clearance 0.1500 mm; actual 0.0000 mm)
    Rule: board setup constraints silk; warning
    @(290.0000 mm, 140.0700 mm): Reference field of D12
    @(289.7627 mm, 140.5225 mm): Segment of R108 on F.Silkscreen
[silk_overlap]: Silkscreen clearance (board setup constraints silk clearance 0.1500 mm; actual 0.0000 mm)
    Rule: board setup constraints silk; warning
    @(290.0000 mm, 140.0700 mm): Reference field of D12
    @(289.7627 mm, 139.4775 mm): Segment of R108 on F.Silkscreen
[silk_overlap]: Silkscreen clearance (board setup constraints silk clearance 0.1500 mm; actual 0.0207 mm)
    Rule: board setup constraints silk; warning
    @(292.0627 mm, 148.7225 mm): Segment of R34 on F.Silkscreen
    @(292.0000 mm, 149.0900 mm): Reference field of C46
[silk_overlap]: Silkscreen clearance (board setup constraints silk clearance 0.1500 mm; actual 0.0649 mm)
    Rule: board setup constraints silk; warning
    @(305.6000 mm, 125.5600 mm): Polygon of U42 on F.Silkscreen
    @(304.5000 mm, 126.5250 mm): Reference field of U42
[silk_overlap]: Silkscreen clearance (board setup constraints silk clearance 0.1500 mm; actual 0.0000 mm)
    Rule: board setup constraints silk; warning
    @(303.0000 mm, 140.8200 mm): Reference field of D13
    @(303.8200 mm, 141.5000 mm): Reference field of R109
[silk_overlap]: Silkscreen clearance (board setup constraints silk clearance 0.1500 mm; actual 0.1107 mm)
    Rule: board setup constraints silk; warning
    @(303.9600 mm, 136.1600 mm): Segment of L1 on F.Silkscreen
    @(302.5000 mm, 135.6500 mm): Reference field of C5
[silk_overlap]: Silkscreen clearance (board setup constraints silk clearance 0.1500 mm; actual 0.0000 mm)
    Rule: board setup constraints silk; warning
    @(311.5700 mm, 137.5000 mm): Reference field of C160
    @(310.5000 mm, 137.3520 mm): Reference field of TP6
[silk_overlap]: Silkscreen clearance (board setup constraints silk clearance 0.1500 mm; actual 0.0000 mm)
    Rule: board setup constraints silk; warning
    @(311.5700 mm, 137.5000 mm): Reference field of C160
    @(310.5000 mm, 136.0000 mm): Circle of TP7 on F.Silkscreen
[silk_overlap]: Silkscreen clearance (board setup constraints silk clearance 0.1500 mm; actual 0.1358 mm)
    Rule: board setup constraints silk; warning
    @(310.5000 mm, 137.3520 mm): Reference field of TP6
    @(310.5000 mm, 136.0000 mm): Circle of TP7 on F.Silkscreen
[silk_overlap]: Silkscreen clearance (board setup constraints silk clearance 0.1500 mm; actual 0.0000 mm)
    Rule: board setup constraints silk; warning
    @(307.5000 mm, 137.5000 mm): Circle of TP2 on F.Silkscreen
    @(307.5000 mm, 138.8520 mm): Reference field of TP1
[silk_overlap]: Silkscreen clearance (board setup constraints silk clearance 0.1500 mm; actual 0.1052 mm)
    Rule: board setup constraints silk; warning
    @(303.0000 mm, 140.8200 mm): Reference field of D13
    @(303.8000 mm, 141.5150 mm): Segment of D13 on F.Silkscreen
[silk_overlap]: Silkscreen clearance (board setup constraints silk clearance 0.1500 mm; actual 0.0000 mm)
    Rule: board setup constraints silk; warning
    @(303.0000 mm, 142.4000 mm): Reference field of SW8
    @(303.8200 mm, 141.5000 mm): Reference field of R109
[silk_overlap]: Silkscreen clearance (board setup constraints silk clearance 0.1500 mm; actual 0.0807 mm)
    Rule: board setup constraints silk; warning
    @(310.5000 mm, 134.3520 mm): Reference field of TP7
    @(309.7627 mm, 134.0225 mm): Segment of R86 on F.Silkscreen
[silk_overlap]: Silkscreen clearance (board setup constraints silk clearance 0.1500 mm; actual 0.1199 mm)
    Rule: board setup constraints silk; warning
    @(297.4300 mm, 126.0000 mm): Reference field of R100
    @(295.8250 mm, 124.4300 mm): Reference field of R101
[silk_overlap]: Silkscreen clearance (board setup constraints silk clearance 0.1500 mm; actual 0.0597 mm)
    Rule: board setup constraints silk; warning
    @(297.8000 mm, 124.3000 mm): Segment of SW2 on F.Silkscreen
    @(297.4300 mm, 126.0000 mm): Reference field of R100
[silk_overlap]: Silkscreen clearance (board setup constraints silk clearance 0.1500 mm; actual 0.0000 mm)
    Rule: board setup constraints silk; warning
    @(302.2000 mm, 124.3000 mm): Segment of SW2 on F.Silkscreen
    @(297.4300 mm, 126.0000 mm): Reference field of R100
[silk_overlap]: Silkscreen clearance (board setup constraints silk clearance 0.1500 mm; actual 0.0000 mm)
    Rule: board setup constraints silk; warning
    @(297.4300 mm, 126.0000 mm): Reference field of R100
    @(297.8000 mm, 125.4300 mm): Segment of SW2 on F.Silkscreen
[silk_overlap]: Silkscreen clearance (board setup constraints silk clearance 0.1500 mm; actual 0.0000 mm)
    Rule: board setup constraints silk; warning
    @(300.0000 mm, 123.4000 mm): Reference field of SW2
    @(299.8594 mm, 123.5100 mm): Segment of C177 on F.Silkscreen
[silk_overlap]: Silkscreen clearance (board setup constraints silk clearance 0.1500 mm; actual 0.1200 mm)
    Rule: board setup constraints silk; warning
    @(298.8000 mm, 120.3000 mm): Reference field of C18
    @(300.0000 mm, 121.5700 mm): Reference field of C177
[silk_overlap]: Silkscreen clearance (board setup constraints silk clearance 0.1500 mm; actual 0.0000 mm)
    Rule: board setup constraints silk; warning
    @(297.4300 mm, 126.0000 mm): Reference field of R100
    @(297.8000 mm, 127.7000 mm): Segment of SW2 on F.Silkscreen
[silk_overlap]: Silkscreen clearance (board setup constraints silk clearance 0.1500 mm; actual 0.0000 mm)
    Rule: board setup constraints silk; warning
    @(297.4300 mm, 126.0000 mm): Reference field of R100
    @(297.8000 mm, 127.5800 mm): Segment of SW2 on F.Silkscreen
[silk_overlap]: Silkscreen clearance (board setup constraints silk clearance 0.1500 mm; actual 0.0955 mm)
    Rule: board setup constraints silk; warning
    @(299.2100 mm, 133.9406 mm): Segment of C3 on F.Silkscreen
    @(298.8000 mm, 134.0000 mm): Reference field of L1
[silk_overlap]: Silkscreen clearance (board setup constraints silk clearance 0.1500 mm; actual 0.0986 mm)
    Rule: board setup constraints silk; warning
    @(297.0000 mm, 134.6700 mm): Reference field of U13
    @(297.2700 mm, 133.8000 mm): Reference field of C3
[silk_overlap]: Silkscreen clearance (board setup constraints silk clearance 0.1500 mm; actual 0.0000 mm)
    Rule: board setup constraints silk; warning
    @(297.0000 mm, 134.6700 mm): Reference field of U13
    @(298.8000 mm, 134.0000 mm): Reference field of L1
[silk_overlap]: Silkscreen clearance (board setup constraints silk clearance 0.1500 mm; actual 0.1456 mm)
    Rule: board setup constraints silk; warning
    @(301.9000 mm, 138.8200 mm): Reference field of C6
    @(301.7887 mm, 138.4100 mm): Segment of C5 on F.Silkscreen
[silk_overlap]: Silkscreen clearance (board setup constraints silk clearance 0.1500 mm; actual 0.1126 mm)
    Rule: board setup constraints silk; warning
    @(303.0000 mm, 140.8200 mm): Reference field of D13
    @(301.6387 mm, 141.2350 mm): Segment of C6 on F.Silkscreen
[silk_overlap]: Silkscreen clearance (board setup constraints silk clearance 0.1500 mm; actual 0.1128 mm)
    Rule: board setup constraints silk; warning
    @(303.8000 mm, 141.5150 mm): Segment of D13 on F.Silkscreen
    @(303.8200 mm, 141.5000 mm): Reference field of R109
[silk_overlap]: Silkscreen clearance (board setup constraints silk clearance 0.1500 mm; actual 0.0000 mm)
    Rule: board setup constraints silk; warning
    @(295.2200 mm, 132.6000 mm): Reference field of C7
    @(295.5100 mm, 133.6113 mm): Segment of C2 on F.Silkscreen
[silk_overlap]: Silkscreen clearance (board setup constraints silk clearance 0.1500 mm; actual 0.0000 mm)
    Rule: board setup constraints silk; warning
    @(298.1900 mm, 133.9406 mm): Segment of C3 on F.Silkscreen
    @(298.8000 mm, 134.0000 mm): Reference field of L1
[silk_overlap]: Silkscreen clearance (board setup constraints silk clearance 0.1500 mm; actual 0.0492 mm)
    Rule: board setup constraints silk; warning
    @(297.0000 mm, 134.6700 mm): Reference field of U13
    @(298.1900 mm, 133.9406 mm): Segment of C3 on F.Silkscreen
[silk_overlap]: Silkscreen clearance (board setup constraints silk clearance 0.1500 mm; actual 0.0657 mm)
    Rule: board setup constraints silk; warning
    @(297.6350 mm, 132.8613 mm): Segment of C7 on F.Silkscreen
    @(297.2700 mm, 133.8000 mm): Reference field of C3
[silk_overlap]: Silkscreen clearance (board setup constraints silk clearance 0.1500 mm; actual 0.0500 mm)
    Rule: board setup constraints silk; warning
    @(294.8000 mm, 130.6300 mm): Reference field of C174
    @(298.0000 mm, 130.6300 mm): Reference field of R98
[silk_overlap]: Silkscreen clearance (board setup constraints silk clearance 0.1500 mm; actual 0.0934 mm)
    Rule: board setup constraints silk; warning
    @(273.1250 mm, 116.6350 mm): Reference field of U4
    @(273.2278 mm, 116.4400 mm): Segment of C88 on F.Silkscreen
[silk_overlap]: Silkscreen clearance (board setup constraints silk clearance 0.1500 mm; actual 0.0548 mm)
    Rule: board setup constraints silk; warning
    @(273.1250 mm, 116.6350 mm): Reference field of U4
    @(271.7600 mm, 115.0200 mm): Reference field of C85
[silk_overlap]: Silkscreen clearance (board setup constraints silk clearance 0.1500 mm; actual 0.0725 mm)
    Rule: board setup constraints silk; warning
    @(273.1250 mm, 116.6350 mm): Reference field of U4
    @(273.2278 mm, 117.1600 mm): Segment of C88 on F.Silkscreen
[silk_overlap]: Silkscreen clearance (board setup constraints silk clearance 0.1500 mm; actual 0.1198 mm)
    Rule: board setup constraints silk; warning
    @(273.1200 mm, 117.9600 mm): Reference field of C88
    @(273.2278 mm, 117.1600 mm): Segment of C88 on F.Silkscreen
[silk_overlap]: Silkscreen clearance (board setup constraints silk clearance 0.1500 mm; actual 0.1434 mm)
    Rule: board setup constraints silk; warning
    @(271.7600 mm, 115.0200 mm): Reference field of C85
    @(271.8000 mm, 115.0000 mm): Segment of U4 on F.Silkscreen

** Found 499 unconnected pads **
[unconnected_items]: Missing connection between items
    Local override; error
    @(253.9000 mm, 150.4800 mm): Pad 1 [GND] of C55 on F.Cu
    @(255.0200 mm, 148.0000 mm): Pad 1 [GND] of C59 on F.Cu
[unconnected_items]: Missing connection between items
    Local override; error
    @(255.0200 mm, 148.0000 mm): Pad 1 [GND] of C59 on F.Cu
    @(255.5250 mm, 146.8500 mm): Pad 2 [GND] of C229 on B.Cu
[unconnected_items]: Missing connection between items
    Local override; error
    @(255.2900 mm, 146.5000 mm): Pad 2 [GND] of C198 on F.Cu
    @(255.5250 mm, 146.8500 mm): Pad 2 [GND] of C229 on B.Cu
[unconnected_items]: Missing connection between items
    Local override; error
    @(257.0000 mm, 153.6300 mm): Pad 1 [GND] of C56 on F.Cu
    @(257.7250 mm, 154.1000 mm): Pad 2 [GND] of C227 on B.Cu
[unconnected_items]: Missing connection between items
    Local override; error
    @(257.0000 mm, 153.6300 mm): Pad 1 [GND] of C56 on F.Cu
    @(258.7500 mm, 151.4500 mm): Pad 7 [GND] of U22 on F.Cu
[unconnected_items]: Missing connection between items
    Local override; error
    @(257.7250 mm, 154.1000 mm): Pad 2 [GND] of C227 on B.Cu
    @(258.1000 mm, 155.3200 mm): Pad 1 [GND] of C61 on F.Cu
[unconnected_items]: Missing connection between items
    Local override; error
    @(257.9500 mm, 61.1500 mm): Pad 1 [GND] of C102 on F.Cu
    @(254.6300 mm, 61.2000 mm): Pad 1 [GND] of C101 on F.Cu
[unconnected_items]: Missing connection between items
    Local override; error
    @(258.0500 mm, 148.7500 mm): Pad 2 [GND] of U22 on F.Cu
    @(258.0500 mm, 149.2500 mm): Pad 3 [GND] of U22 on F.Cu
[unconnected_items]: Missing connection between items
    Local override; error
    @(258.0500 mm, 148.7500 mm): Pad 2 [GND] of U22 on F.Cu
    @(255.0200 mm, 148.0000 mm): Pad 1 [GND] of C59 on F.Cu
[unconnected_items]: Missing connection between items
    Local override; error
    @(258.1000 mm, 155.3200 mm): Pad 1 [GND] of C61 on F.Cu
    @(255.9200 mm, 155.9000 mm): Pad 1 [GND] of C62 on F.Cu
[unconnected_items]: Missing connection between items
    Local override; error
    @(258.7500 mm, 151.4500 mm): Pad 7 [GND] of U22 on F.Cu
    @(258.0500 mm, 150.7500 mm): Pad 6 [GND] of U22 on F.Cu
[unconnected_items]: Missing connection between items
    Local override; error
    @(259.0400 mm, 149.1800 mm): PTH pad 25 [GND] of U22
    @(258.0500 mm, 149.2500 mm): Pad 3 [GND] of U22 on F.Cu
[unconnected_items]: Missing connection between items
    Local override; error
    @(259.2500 mm, 147.5500 mm): Pad 23 [GND] of U22 on F.Cu
    @(258.7500 mm, 147.5500 mm): Pad 24 [GND] of U22 on F.Cu
[unconnected_items]: Missing connection between items
    Local override; error
    @(259.2500 mm, 151.4500 mm): Pad 8 [GND] of U22 on F.Cu
    @(259.7500 mm, 151.4500 mm): Pad 9 [GND] of U22 on F.Cu
[unconnected_items]: Missing connection between items
    Local override; error
    @(259.2500 mm, 151.4500 mm): Pad 8 [GND] of U22 on F.Cu
    @(258.7500 mm, 151.4500 mm): Pad 7 [GND] of U22 on F.Cu
[unconnected_items]: Missing connection between items
    Local override; error
    @(259.6800 mm, 148.5400 mm): PTH pad 25 [GND] of U22
    @(259.7500 mm, 147.5500 mm): Pad 22 [GND] of U22 on F.Cu
[unconnected_items]: Missing connection between items
    Local override; error
    @(259.7500 mm, 147.5500 mm): Pad 22 [GND] of U22 on F.Cu
    @(260.2500 mm, 147.5500 mm): Pad 21 [GND] of U22 on F.Cu
[unconnected_items]: Missing connection between items
    Local override; error
    @(259.7500 mm, 147.5500 mm): Pad 22 [GND] of U22 on F.Cu
    @(259.2500 mm, 147.5500 mm): Pad 23 [GND] of U22 on F.Cu
[unconnected_items]: Missing connection between items
    Local override; error
    @(260.1000 mm, 108.4000 mm): Pad 8 [GND] of U19 on F.Cu
    @(259.6000 mm, 105.4200 mm): Pad 1 [GND] of C93 on F.Cu
[unconnected_items]: Missing connection between items
    Local override; error
    @(260.2250 mm, 103.0000 mm): Pad 2 [GND] of C25 on F.Cu
    @(259.6000 mm, 105.4200 mm): Pad 1 [GND] of C93 on F.Cu
[unconnected_items]: Missing connection between items
    Local override; error
    @(260.2500 mm, 151.4500 mm): Pad 10 [GND] of U22 on F.Cu
    @(259.7500 mm, 151.4500 mm): Pad 9 [GND] of U22 on F.Cu
[unconnected_items]: Missing connection between items
    Local override; error
    @(260.2500 mm, 151.4500 mm): Pad 10 [GND] of U22 on F.Cu
    @(260.7500 mm, 151.4500 mm): Pad 11 [GND] of U22 on F.Cu
[unconnected_items]: Missing connection between items
    Local override; error
    @(260.3000 mm, 79.6800 mm): Pad 1 [GND] of C98 on F.Cu
    @(262.0500 mm, 79.5500 mm): Pad 6 [GND] of FL2 on F.Cu
[unconnected_items]: Missing connection between items
    Local override; error
    @(260.3200 mm, 130.4200 mm): Pad 2 [GND] of C258 on F.Cu
    @(261.6375 mm, 130.4750 mm): Pad 2 [GND] of U16 on B.Cu
[unconnected_items]: Missing connection between items
    Local override; error
    @(260.3200 mm, 130.4200 mm): Pad 2 [GND] of C258 on F.Cu
    @(255.2900 mm, 129.6000 mm): Pad 2 [GND] of C200 on F.Cu
[unconnected_items]: Missing connection between items
    Local override; error
    @(260.3200 mm, 150.4600 mm): PTH pad 25 [GND] of U22
    @(260.2500 mm, 151.4500 mm): Pad 10 [GND] of U22 on F.Cu
[unconnected_items]: Missing connection between items
    Local override; error
    @(260.3500 mm, 110.5000 mm): Pad 4 [GND] of FL10 on F.Cu
    @(260.3500 mm, 112.9000 mm): Pad 6 [GND] of FL10 on F.Cu
[unconnected_items]: Missing connection between items
    Local override; error
    @(260.3500 mm, 112.9000 mm): Pad 6 [GND] of FL10 on F.Cu
    @(262.8000 mm, 112.9000 mm): Pad 1 [GND] of FL10 on F.Cu
[unconnected_items]: Missing connection between items
    Local override; error
    @(260.3500 mm, 114.3000 mm): Pad 4 [GND] of FL12 on F.Cu
    @(260.4000 mm, 115.2750 mm): Pad 2 [GND] of C209 on B.Cu
[unconnected_items]: Missing connection between items
    Local override; error
    @(260.3500 mm, 114.3000 mm): Pad 4 [GND] of FL12 on F.Cu
    @(260.3500 mm, 112.9000 mm): Pad 6 [GND] of FL10 on F.Cu
[unconnected_items]: Missing connection between items
    Local override; error
    @(260.3500 mm, 116.7000 mm): Pad 6 [GND] of FL12 on F.Cu
    @(260.4000 mm, 117.4250 mm): Pad 2 [GND] of C218 on B.Cu
[unconnected_items]: Missing connection between items
    Local override; error
    @(260.4000 mm, 110.2750 mm): Pad 2 [GND] of C210 on B.Cu
    @(260.3500 mm, 110.5000 mm): Pad 4 [GND] of FL10 on F.Cu
[unconnected_items]: Missing connection between items
    Local override; error
    @(260.4000 mm, 110.2750 mm): Pad 2 [GND] of C210 on B.Cu
    @(260.1000 mm, 108.4000 mm): Pad 8 [GND] of U19 on F.Cu
[unconnected_items]: Missing connection between items
    Local override; error
    @(260.4000 mm, 115.2750 mm): Pad 2 [GND] of C209 on B.Cu
    @(260.3500 mm, 116.7000 mm): Pad 6 [GND] of FL12 on F.Cu
[unconnected_items]: Missing connection between items
    Local override; error
    @(260.4900 mm, 83.2500 mm): Pad 40 [GND] of U1 on F.Cu
    @(260.3000 mm, 79.6800 mm): Pad 1 [GND] of C98 on F.Cu
[unconnected_items]: Missing connection between items
    Local override; error
    @(260.4900 mm, 100.7500 mm): Pad 1 [GND] of U1 on F.Cu
    @(260.2250 mm, 103.0000 mm): Pad 2 [GND] of C25 on F.Cu
[unconnected_items]: Missing connection between items
    Local override; error
    @(260.5000 mm, 73.5000 mm): Pad 8 [GND] of U9 on F.Cu
    @(260.9600 mm, 72.0000 mm): Pad 1 [GND] of C95 on F.Cu
[unconnected_items]: Missing connection between items
    Local override; error
    @(260.5625 mm, 64.7900 mm): Pad 10 [GND] of U15 on F.Cu
    @(261.4900 mm, 63.8625 mm): Pad 9 [GND] of U15 on F.Cu
[unconnected_items]: Missing connection between items
    Local override; error
    @(260.5625 mm, 65.3000 mm): Pad 11 [GND] of U15 on F.Cu
    @(260.5625 mm, 65.8100 mm): Pad 12 [GND] of U15 on F.Cu
[unconnected_items]: Missing connection between items
    Local override; error
    @(260.5625 mm, 65.3000 mm): Pad 11 [GND] of U15 on F.Cu
    @(260.5625 mm, 64.7900 mm): Pad 10 [GND] of U15 on F.Cu
[unconnected_items]: Missing connection between items
    Local override; error
    @(260.7500 mm, 55.5400 mm): Pad 2 [GND] of J4 on F.Cu
    @(260.7500 mm, 55.5400 mm): Pad 2 [GND] of J4 on B.Cu
[unconnected_items]: Missing connection between items
    Local override; error
    @(260.7500 mm, 147.5500 mm): Pad 20 [GND] of U22 on F.Cu
    @(260.2500 mm, 147.5500 mm): Pad 21 [GND] of U22 on F.Cu
[unconnected_items]: Missing connection between items
    Local override; error
    @(260.7500 mm, 162.4600 mm): Pad 2 [GND] of J5 on F.Cu
    @(260.7500 mm, 162.4600 mm): Pad 2 [GND] of J5 on B.Cu
[unconnected_items]: Missing connection between items
    Local override; error
    @(261.0000 mm, 142.9800 mm): Pad 2 [GND] of C201 on F.Cu
    @(262.5500 mm, 142.2500 mm): Pad 4 [GND] of Y7 on F.Cu
[unconnected_items]: Missing connection between items
    Local override; error
    @(261.2500 mm, 147.5500 mm): Pad 19 [GND] of U22 on F.Cu
    @(260.7500 mm, 147.5500 mm): Pad 20 [GND] of U22 on F.Cu
[unconnected_items]: Missing connection between items
    Local override; error
    @(261.2500 mm, 151.4500 mm): Pad 12 [GND] of U22 on F.Cu
    @(260.7500 mm, 151.4500 mm): Pad 11 [GND] of U22 on F.Cu
[unconnected_items]: Missing connection between items
    Local override; error
    @(261.2500 mm, 151.4500 mm): Pad 12 [GND] of U22 on F.Cu
    @(261.9500 mm, 150.7500 mm): Pad 13 [GND] of U22 on F.Cu
[unconnected_items]: Missing connection between items
    Local override; error
    @(261.4900 mm, 63.8625 mm): Pad 9 [GND] of U15 on F.Cu
    @(262.0000 mm, 63.8625 mm): Pad 8 [GND] of U15 on F.Cu
[unconnected_items]: Missing connection between items
    Local override; error
    @(261.4900 mm, 63.8625 mm): Pad 9 [GND] of U15 on F.Cu
    @(257.9500 mm, 61.1500 mm): Pad 1 [GND] of C102 on F.Cu
[unconnected_items]: Missing connection between items
    Local override; error
    @(261.6375 mm, 123.9750 mm): Pad 12 [GND] of U16 on B.Cu
    @(261.6375 mm, 129.8250 mm): Pad 3 [GND] of U16 on B.Cu
[unconnected_items]: Missing connection between items
    Local override; error
    @(261.6375 mm, 129.8250 mm): Pad 3 [GND] of U16 on B.Cu
    @(261.6375 mm, 130.4750 mm): Pad 2 [GND] of U16 on B.Cu
[unconnected_items]: Missing connection between items
    Local override; error
    @(261.6375 mm, 130.4750 mm): Pad 2 [GND] of U16 on B.Cu
    @(262.5625 mm, 131.7000 mm): Pad 11 [GND] of U35 on F.Cu
[unconnected_items]: Missing connection between items
    Local override; error
    @(261.9500 mm, 148.7500 mm): Pad 17 [GND] of U22 on F.Cu
    @(260.9600 mm, 148.5400 mm): PTH pad 25 [GND] of U22
[unconnected_items]: Missing connection between items
    Local override; error
    @(262.0000 mm, 63.8625 mm): Pad 8 [GND] of U15 on F.Cu
    @(262.0000 mm, 65.3000 mm): Pad 13 [GND] of U15 on F.Cu
[unconnected_items]: Missing connection between items
    Local override; error
    @(262.0000 mm, 65.3000 mm): Pad 13 [GND] of U15 on F.Cu
    @(263.4375 mm, 65.3000 mm): Pad 5 [GND] of U15 on F.Cu
[unconnected_items]: Missing connection between items
    Local override; error
    @(262.0000 mm, 65.3000 mm): Pad 13 [GND] of U15 on F.Cu
    @(262.0000 mm, 66.7375 mm): Pad 2 [GND] of U15 on F.Cu
[unconnected_items]: Missing connection between items
    Local override; error
    @(262.0500 mm, 77.1500 mm): Pad 4 [GND] of FL2 on F.Cu
    @(262.0500 mm, 79.5500 mm): Pad 6 [GND] of FL2 on F.Cu
[unconnected_items]: Missing connection between items
    Local override; error
    @(262.5500 mm, 72.1500 mm): Pad 6 [GND] of FL3 on F.Cu
    @(262.5500 mm, 73.4500 mm): Pad 4 [GND] of FL4 on F.Cu
[unconnected_items]: Missing connection between items
    Local override; error
    @(262.5500 mm, 72.1500 mm): Pad 6 [GND] of FL3 on F.Cu
    @(260.9600 mm, 72.0000 mm): Pad 1 [GND] of C95 on F.Cu
[unconnected_items]: Missing connection between items
    Local override; error
    @(262.5500 mm, 72.1500 mm): Pad 6 [GND] of FL3 on F.Cu
    @(262.5500 mm, 69.7500 mm): Pad 4 [GND] of FL3 on F.Cu
[unconnected_items]: Missing connection between items
    Local override; error
    @(262.5500 mm, 73.4500 mm): Pad 4 [GND] of FL4 on F.Cu
    @(262.5500 mm, 75.8500 mm): Pad 6 [GND] of FL4 on F.Cu
[unconnected_items]: Missing connection between items
    Local override; error
    @(262.5500 mm, 75.8500 mm): Pad 6 [GND] of FL4 on F.Cu
    @(262.0500 mm, 77.1500 mm): Pad 4 [GND] of FL2 on F.Cu
[unconnected_items]: Missing connection between items
    Local override; error
    @(262.5500 mm, 142.2500 mm): Pad 4 [GND] of Y7 on F.Cu
    @(263.6500 mm, 140.8500 mm): Pad 2 [GND] of Y7 on F.Cu
[unconnected_items]: Missing connection between items
    Local override; error
    @(262.5625 mm, 131.7000 mm): Pad 11 [GND] of U35 on F.Cu
    @(262.5625 mm, 132.1000 mm): Pad 12 [GND] of U35 on F.Cu
[unconnected_items]: Missing connection between items
    Local override; error
    @(262.5625 mm, 132.1000 mm): Pad 12 [GND] of U35 on F.Cu
    @(262.5625 mm, 132.9000 mm): Pad 14 [GND] of U35 on F.Cu
[unconnected_items]: Missing connection between items
    Local override; error
    @(262.5625 mm, 133.3000 mm): Pad 15 [GND] of U35 on F.Cu
    @(262.5625 mm, 132.9000 mm): Pad 14 [GND] of U35 on F.Cu
[unconnected_items]: Missing connection between items
    Local override; error
    @(262.5625 mm, 133.7000 mm): Pad 16 [GND] of U35 on F.Cu
    @(262.5625 mm, 134.1000 mm): Pad 17 [GND] of U35 on F.Cu
[unconnected_items]: Missing connection between items
    Local override; error
    @(262.5625 mm, 133.7000 mm): Pad 16 [GND] of U35 on F.Cu
    @(262.5625 mm, 133.3000 mm): Pad 15 [GND] of U35 on F.Cu
[unconnected_items]: Missing connection between items
    Local override; error
    @(262.5625 mm, 134.1000 mm): Pad 17 [GND] of U35 on F.Cu
    @(262.5625 mm, 134.9000 mm): Pad 19 [GND] of U35 on F.Cu
[unconnected_items]: Missing connection between items
    Local override; error
    @(262.5625 mm, 135.3000 mm): Pad 20 [GND] of U35 on F.Cu
    @(262.5625 mm, 134.9000 mm): Pad 19 [GND] of U35 on F.Cu
[unconnected_items]: Missing connection between items
    Local override; error
    @(262.5625 mm, 135.3000 mm): Pad 20 [GND] of U35 on F.Cu
    @(258.7200 mm, 137.3800 mm): Pad 2 [GND] of C257 on F.Cu
[unconnected_items]: Missing connection between items
    Local override; error
    @(262.8000 mm, 112.9000 mm): Pad 1 [GND] of FL10 on F.Cu
    @(263.2500 mm, 110.5000 mm): Pad 3 [GND] of FL10 on F.Cu
[unconnected_items]: Missing connection between items
    Local override; error
    @(262.8000 mm, 116.7000 mm): Pad 1 [GND] of FL12 on F.Cu
    @(263.2500 mm, 114.3000 mm): Pad 3 [GND] of FL12 on F.Cu
[unconnected_items]: Missing connection between items
    Local override; error
    @(263.0250 mm, 146.0000 mm): Pad 2 [GND] of C219 on B.Cu
    @(263.6000 mm, 147.7700 mm): Pad 1 [GND] of C65 on F.Cu
[unconnected_items]: Missing connection between items
    Local override; error
    @(263.2000 mm, 131.0625 mm): Pad 10 [GND] of U35 on F.Cu
    @(262.5625 mm, 131.7000 mm): Pad 11 [GND] of U35 on F.Cu
[unconnected_items]: Missing connection between items
    Local override; error
    @(263.2500 mm, 110.5000 mm): Pad 3 [GND] of FL10 on F.Cu
    @(262.5500 mm, 108.9000 mm): Pad 6 [GND] of FL11 on F.Cu
[unconnected_items]: Missing connection between items
    Local override; error
    @(263.2500 mm, 114.3000 mm): Pad 3 [GND] of FL12 on F.Cu
    @(262.8000 mm, 112.9000 mm): Pad 1 [GND] of FL10 on F.Cu
[unconnected_items]: Missing connection between items
    Local override; error
    @(263.2500 mm, 114.3000 mm): Pad 3 [GND] of FL12 on F.Cu
    @(265.0950 mm, 114.4750 mm): Pad 6 [GND] of U46 on B.Cu
[unconnected_items]: Missing connection between items
    Local override; error
    @(263.2875 mm, 59.4000 mm): Pad 1 [GND] of D15 on F.Cu
    @(265.0000 mm, 62.4000 mm): Pad 2 [GND] of U12 on F.Cu
[unconnected_items]: Missing connection between items
    Local override; error
    @(263.2875 mm, 59.4000 mm): Pad 1 [GND] of D15 on F.Cu
    @(260.7500 mm, 55.5400 mm): Pad 2 [GND] of J4 on F.Cu
[unconnected_items]: Missing connection between items
    Local override; error
    @(263.2875 mm, 158.9500 mm): Pad 1 [GND] of D2 on F.Cu
    @(265.0000 mm, 158.1000 mm): Pad 2 [GND] of U31 on F.Cu
[unconnected_items]: Missing connection between items
    Local override; error
    @(263.2875 mm, 158.9500 mm): Pad 1 [GND] of D2 on F.Cu
    @(260.7500 mm, 162.4600 mm): Pad 2 [GND] of J5 on F.Cu
[unconnected_items]: Missing connection between items
    Local override; error
    @(263.4375 mm, 64.7900 mm): Pad 6 [GND] of U15 on F.Cu
    @(263.4375 mm, 65.3000 mm): Pad 5 [GND] of U15 on F.Cu
[unconnected_items]: Missing connection between items
    Local override; error
    @(263.4375 mm, 65.3000 mm): Pad 5 [GND] of U15 on F.Cu
    @(263.4375 mm, 65.8100 mm): Pad 4 [GND] of U15 on F.Cu
[unconnected_items]: Missing connection between items
    Local override; error
    @(263.6000 mm, 147.7700 mm): Pad 1 [GND] of C65 on F.Cu
    @(265.5000 mm, 147.7700 mm): Pad 1 [GND] of C66 on F.Cu
[unconnected_items]: Missing connection between items
    Local override; error
    @(263.6000 mm, 147.7700 mm): Pad 1 [GND] of C65 on F.Cu
    @(261.9500 mm, 148.7500 mm): Pad 17 [GND] of U22 on F.Cu
[unconnected_items]: Missing connection between items
    Local override; error
    @(263.7750 mm, 150.5950 mm): Pad 6 [GND] of U45 on B.Cu
    @(261.9500 mm, 150.7500 mm): Pad 13 [GND] of U22 on F.Cu
[unconnected_items]: Missing connection between items
    Local override; error
    @(264.4000 mm, 135.9375 mm): Pad 24 [GND] of U35 on F.Cu
    @(264.8000 mm, 135.9375 mm): Pad 25 [GND] of U35 on F.Cu
[unconnected_items]: Missing connection between items
    Local override; error
    @(264.4000 mm, 135.9375 mm): Pad 24 [GND] of U35 on F.Cu
    @(262.5625 mm, 135.3000 mm): Pad 20 [GND] of U35 on F.Cu
[unconnected_items]: Missing connection between items
    Local override; error
    @(264.4600 mm, 106.1000 mm): Pad 2 [GND] of Y10 on B.Cu
    @(265.4500 mm, 106.5000 mm): Pad 3 [GND] of FL11 on F.Cu
[unconnected_items]: Missing connection between items
    Local override; error
    @(264.4600 mm, 106.1000 mm): Pad 2 [GND] of Y10 on B.Cu
    @(262.5500 mm, 106.5000 mm): Pad 4 [GND] of FL11 on F.Cu
[unconnected_items]: Missing connection between items
    Local override; error
    @(264.4600 mm, 106.1000 mm): Pad 2 [GND] of Y10 on B.Cu
    @(264.7750 mm, 103.0000 mm): Pad 2 [GND] of C23 on F.Cu
[unconnected_items]: Missing connection between items
    Local override; error
    @(264.5250 mm, 123.9050 mm): Pad 4 [GND] of U43 on F.Cu
    @(261.6375 mm, 123.9750 mm): Pad 12 [GND] of U16 on B.Cu
[unconnected_items]: Missing connection between items
    Local override; error
    @(264.6800 mm, 157.1000 mm): Pad 1 [GND] of C63 on F.Cu
    @(265.8000 mm, 155.0000 mm): Pad 2 [GND] of U29 on F.Cu
[unconnected_items]: Missing connection between items
    Local override; error
    @(264.7750 mm, 103.0000 mm): Pad 2 [GND] of C23 on F.Cu
    @(264.4750 mm, 99.0000 mm): Pad 2 [GND] of C24 on B.Cu
[unconnected_items]: Missing connection between items
    Local override; error
    @(264.8500 mm, 65.7200 mm): Pad 2 [GND] of C96 on F.Cu
    @(263.4375 mm, 65.8100 mm): Pad 4 [GND] of U15 on F.Cu
[unconnected_items]: Missing connection between items
    Local override; error
    @(264.8500 mm, 65.7200 mm): Pad 2 [GND] of C96 on F.Cu
    @(266.3000 mm, 64.2200 mm): Pad 2 [GND] of C121 on F.Cu
[unconnected_items]: Missing connection between items
    Local override; error
    @(264.9500 mm, 77.1500 mm): Pad 3 [GND] of FL2 on F.Cu
    @(265.0000 mm, 75.8500 mm): Pad 1 [GND] of FL4 on F.Cu
[unconnected_items]: Missing connection between items
    Local override; error
    @(264.9500 mm, 77.1500 mm): Pad 3 [GND] of FL2 on F.Cu
    @(264.5000 mm, 79.5500 mm): Pad 1 [GND] of FL2 on F.Cu
[unconnected_items]: Missing connection between items
    Local override; error
    @(265.0000 mm, 72.1500 mm): Pad 1 [GND] of FL3 on F.Cu
    @(265.4500 mm, 69.7500 mm): Pad 3 [GND] of FL3 on F.Cu
[unconnected_items]: Missing connection between items
    Local override; error
    @(265.0000 mm, 75.8500 mm): Pad 1 [GND] of FL4 on F.Cu
    @(265.4500 mm, 73.4500 mm): Pad 3 [GND] of FL4 on F.Cu
[unconnected_items]: Missing connection between items
    Local override; error
    @(265.0000 mm, 75.8500 mm): Pad 1 [GND] of FL4 on F.Cu
    @(262.5500 mm, 75.8500 mm): Pad 6 [GND] of FL4 on F.Cu
[unconnected_items]: Missing connection between items
    Local override; error
    @(265.0000 mm, 108.9000 mm): Pad 1 [GND] of FL11 on F.Cu
    @(266.3650 mm, 109.5250 mm): Pad 12 [GND] of U46 on B.Cu
[unconnected_items]: Missing connection between items
    Local override; error
    @(265.0000 mm, 108.9000 mm): Pad 1 [GND] of FL11 on F.Cu
    @(263.2500 mm, 110.5000 mm): Pad 3 [GND] of FL10 on F.Cu
[unconnected_items]: Missing connection between items
    Local override; error
    @(265.0000 mm, 133.5000 mm): Pad 41 [GND] of U35 on F.Cu
    @(264.8000 mm, 135.9375 mm): Pad 25 [GND] of U35 on F.Cu
[unconnected_items]: Missing connection between items
    Local override; error
    @(265.0000 mm, 158.1000 mm): Pad 2 [GND] of U31 on F.Cu
    @(264.6800 mm, 157.1000 mm): Pad 1 [GND] of C63 on F.Cu
[unconnected_items]: Missing connection between items
    Local override; error
    @(265.0000 mm, 158.1000 mm): Pad 2 [GND] of U31 on F.Cu
    @(267.7250 mm, 158.6000 mm): Pad 2 [GND] of C226 on B.Cu
[unconnected_items]: Missing connection between items
    Local override; error
    @(265.0950 mm, 114.4750 mm): Pad 6 [GND] of U46 on B.Cu
    @(266.6000 mm, 113.7950 mm): Pad 2 [GND] of T2 on F.Cu
[unconnected_items]: Missing connection between items
    Local override; error
    @(265.1000 mm, 138.9800 mm): Pad 2 [GND] of C194 on F.Cu
    @(265.6000 mm, 140.8800 mm): Pad 2 [GND] of C195 on F.Cu
[unconnected_items]: Missing connection between items
    Local override; error
    @(265.2000 mm, 138.4800 mm): Pad 2 [GND] of C188 on B.Cu
    @(265.1000 mm, 138.9800 mm): Pad 2 [GND] of C194 on F.Cu
[unconnected_items]: Missing connection between items
    Local override; error
    @(265.4500 mm, 69.7500 mm): Pad 3 [GND] of FL3 on F.Cu
    @(267.7000 mm, 70.6250 mm): Pad 1 [GND] of R41 on F.Cu
[unconnected_items]: Missing connection between items
    Local override; error
    @(265.4500 mm, 69.7500 mm): Pad 3 [GND] of FL3 on F.Cu
    @(266.5000 mm, 67.1000 mm): Pad 2 [GND] of U10 on F.Cu
[unconnected_items]: Missing connection between items
    Local override; error
    @(265.4500 mm, 73.4500 mm): Pad 3 [GND] of FL4 on F.Cu
    @(265.0000 mm, 72.1500 mm): Pad 1 [GND] of FL3 on F.Cu
[unconnected_items]: Missing connection between items
    Local override; error
    @(265.5000 mm, 147.7700 mm): Pad 1 [GND] of C66 on F.Cu
    @(264.9250 mm, 146.0750 mm): Pad 2 [GND] of SW3 on F.Cu
[unconnected_items]: Missing connection between items
    Local override; error
    @(265.6000 mm, 140.8800 mm): Pad 2 [GND] of C195 on F.Cu
    @(263.6500 mm, 140.8500 mm): Pad 2 [GND] of Y7 on F.Cu
[unconnected_items]: Missing connection between items
    Local override; error
    @(265.8000 mm, 155.0000 mm): Pad 2 [GND] of U29 on F.Cu
    @(267.5000 mm, 155.6200 mm): Pad 2 [GND] of C67 on F.Cu
[unconnected_items]: Missing connection between items
    Local override; error
    @(265.8000 mm, 155.0000 mm): Pad 2 [GND] of U29 on F.Cu
    @(267.6000 mm, 151.7000 mm): Pad 2 [GND] of U28 on F.Cu
[unconnected_items]: Missing connection between items
    Local override; error
    @(265.9800 mm, 142.2500 mm): Pad 2 [GND] of C202 on F.Cu
    @(265.6000 mm, 140.8800 mm): Pad 2 [GND] of C195 on F.Cu
[unconnected_items]: Missing connection between items
    Local override; error
    @(265.9800 mm, 142.2500 mm): Pad 2 [GND] of C202 on F.Cu
    @(267.5250 mm, 143.8000 mm): Pad 2 [GND] of C221 on B.Cu
[unconnected_items]: Missing connection between items
    Local override; error
    @(266.0000 mm, 145.5800 mm): Pad 1 [GND] of C57 on B.Cu
    @(264.9250 mm, 146.0750 mm): Pad 2 [GND] of SW3 on F.Cu
[unconnected_items]: Missing connection between items
    Local override; error
    @(266.0000 mm, 145.5800 mm): Pad 1 [GND] of C57 on B.Cu
    @(267.5250 mm, 143.8000 mm): Pad 2 [GND] of C221 on B.Cu
[unconnected_items]: Missing connection between items
    Local override; error
    @(266.3000 mm, 138.6800 mm): Pad 2 [GND] of C183 on F.Cu
    @(265.2000 mm, 138.4800 mm): Pad 2 [GND] of C188 on B.Cu
[unconnected_items]: Missing connection between items
    Local override; error
    @(266.3650 mm, 109.5250 mm): Pad 12 [GND] of U46 on B.Cu
    @(267.4000 mm, 107.5000 mm): Pad 8 [GND] of U20 on F.Cu
[unconnected_items]: Missing connection between items
    Local override; error
    @(266.4200 mm, 79.6500 mm): Pad 1 [GND] of C109 on F.Cu
    @(264.5000 mm, 79.5500 mm): Pad 1 [GND] of FL2 on F.Cu
[unconnected_items]: Missing connection between items
    Local override; error
    @(266.5000 mm, 67.1000 mm): Pad 2 [GND] of U10 on F.Cu
    @(268.2500 mm, 66.2950 mm): Pad 5 [GND] of U14 on F.Cu
[unconnected_items]: Missing connection between items
    Local override; error
    @(266.6000 mm, 118.1800 mm): Pad 1 [GND] of C91 on F.Cu
    @(269.6950 mm, 116.8500 mm): Pad 2 [GND] of R54 on F.Cu
[unconnected_items]: Missing connection between items
    Local override; error
    @(266.8000 mm, 110.1200 mm): Pad 2 [GND] of C92 on F.Cu
    @(266.3650 mm, 109.5250 mm): Pad 12 [GND] of U46 on B.Cu
[unconnected_items]: Missing connection between items
    Local override; error
    @(266.8000 mm, 135.9375 mm): Pad 30 [GND] of U35 on F.Cu
    @(264.8000 mm, 135.9375 mm): Pad 25 [GND] of U35 on F.Cu
[unconnected_items]: Missing connection between items
    Local override; error
    @(266.8000 mm, 138.4800 mm): Pad 2 [GND] of C185 on B.Cu
    @(266.3000 mm, 138.6800 mm): Pad 2 [GND] of C183 on F.Cu
[unconnected_items]: Missing connection between items
    Local override; error
    @(266.8000 mm, 138.4800 mm): Pad 2 [GND] of C185 on B.Cu
    @(267.5000 mm, 138.6800 mm): Pad 2 [GND] of C191 on F.Cu
[unconnected_items]: Missing connection between items
    Local override; error
    @(266.8000 mm, 138.4800 mm): Pad 2 [GND] of C185 on B.Cu
    @(266.8000 mm, 135.9375 mm): Pad 30 [GND] of U35 on F.Cu
[unconnected_items]: Missing connection between items
    Local override; error
    @(266.8000 mm, 140.8800 mm): Pad 2 [GND] of C187 on F.Cu
    @(265.6000 mm, 140.8800 mm): Pad 2 [GND] of C195 on F.Cu
[unconnected_items]: Missing connection between items
    Local override; error
    @(267.0000 mm, 63.0000 mm): Pad 2 [GND] of C119 on F.Cu
    @(266.3000 mm, 64.2200 mm): Pad 2 [GND] of C121 on F.Cu
[unconnected_items]: Missing connection between items
    Local override; error
    @(267.0000 mm, 63.0000 mm): Pad 2 [GND] of C119 on F.Cu
    @(265.0000 mm, 62.4000 mm): Pad 2 [GND] of U12 on F.Cu
[unconnected_items]: Missing connection between items
    Local override; error
    @(267.1000 mm, 147.5200 mm): Pad 2 [GND] of C73 on F.Cu
    @(265.5000 mm, 147.7700 mm): Pad 1 [GND] of C66 on F.Cu
[unconnected_items]: Missing connection between items
    Local override; error
    @(267.4000 mm, 107.5000 mm): Pad 8 [GND] of U20 on F.Cu
    @(267.8800 mm, 106.0000 mm): Pad 1 [GND] of C90 on F.Cu
[unconnected_items]: Missing connection between items
    Local override; error
    @(267.4000 mm, 107.5000 mm): Pad 8 [GND] of U20 on F.Cu
    @(265.4500 mm, 106.5000 mm): Pad 3 [GND] of FL11 on F.Cu
[unconnected_items]: Missing connection between items
    Local override; error
    @(267.4375 mm, 131.7000 mm): Pad 40 [GND] of U35 on F.Cu
    @(267.3625 mm, 129.1750 mm): Pad 21 [GND] of U16 on B.Cu
[unconnected_items]: Missing connection between items
    Local override; error
    @(267.4375 mm, 132.1000 mm): Pad 39 [GND] of U35 on F.Cu
    @(267.4375 mm, 131.7000 mm): Pad 40 [GND] of U35 on F.Cu
[unconnected_items]: Missing connection between items
    Local override; error
    @(267.4375 mm, 134.9000 mm): Pad 32 [GND] of U35 on F.Cu
    @(266.8000 mm, 135.9375 mm): Pad 30 [GND] of U35 on F.Cu
[unconnected_items]: Missing connection between items
    Local override; error
    @(267.4375 mm, 134.9000 mm): Pad 32 [GND] of U35 on F.Cu
    @(267.4375 mm, 132.1000 mm): Pad 39 [GND] of U35 on F.Cu
[unconnected_items]: Missing connection between items
    Local override; error
    @(267.5000 mm, 155.6200 mm): Pad 2 [GND] of C67 on F.Cu
    @(270.6000 mm, 155.6200 mm): Pad 2 [GND] of C68 on F.Cu
[unconnected_items]: Missing connection between items
    Local override; error
    @(267.5100 mm, 94.9000 mm): PTH pad 41 [GND] of U1
    @(264.4750 mm, 99.0000 mm): Pad 2 [GND] of C24 on B.Cu
[unconnected_items]: Missing connection between items
    Local override; error
    @(267.6000 mm, 151.7000 mm): Pad 2 [GND] of U28 on F.Cu
    @(268.7250 mm, 151.8650 mm): Pad 12 [GND] of U45 on B.Cu
[unconnected_items]: Missing connection between items
    Local override; error
    @(267.9600 mm, 72.0000 mm): Pad 1 [GND] of C94 on F.Cu
    @(267.7000 mm, 70.6250 mm): Pad 1 [GND] of R41 on F.Cu
[unconnected_items]: Missing connection between items
    Local override; error
    @(268.0000 mm, 73.5000 mm): Pad 8 [GND] of U8 on F.Cu
    @(267.9600 mm, 72.0000 mm): Pad 1 [GND] of C94 on F.Cu
[unconnected_items]: Missing connection between items
    Local override; error
    @(268.2500 mm, 64.3050 mm): Pad 4 [GND] of U14 on F.Cu
    @(268.7500 mm, 64.3050 mm): Pad 3 [GND] of U14 on F.Cu
[unconnected_items]: Missing connection between items
    Local override; error
    @(268.2500 mm, 64.3050 mm): Pad 4 [GND] of U14 on F.Cu
    @(268.3600 mm, 65.3000 mm): PTH pad V3 [GND] of U14
[unconnected_items]: Missing connection between items
    Local override; error
    @(268.2500 mm, 64.3050 mm): Pad 4 [GND] of U14 on F.Cu
    @(267.0000 mm, 63.0000 mm): Pad 2 [GND] of C119 on F.Cu
[unconnected_items]: Missing connection between items
    Local override; error
    @(268.2500 mm, 66.2950 mm): Pad 5 [GND] of U14 on F.Cu
    @(268.3600 mm, 65.3000 mm): PTH pad V3 [GND] of U14
[unconnected_items]: Missing connection between items
    Local override; error
    @(269.0000 mm, 151.6200 mm): Pad 2 [GND] of C70 on F.Cu
    @(268.7250 mm, 151.8650 mm): Pad 12 [GND] of U45 on B.Cu
[unconnected_items]: Missing connection between items
    Local override; error
    @(269.0750 mm, 146.0750 mm): Pad 2 [GND] of SW3 on F.Cu
    @(269.2750 mm, 145.9000 mm): Pad 2 [GND] of C220 on B.Cu
[unconnected_items]: Missing connection between items
    Local override; error
    @(269.0750 mm, 146.0750 mm): Pad 2 [GND] of SW3 on F.Cu
    @(267.1000 mm, 147.5200 mm): Pad 2 [GND] of C73 on F.Cu
[unconnected_items]: Missing connection between items
    Local override; error
    @(269.1400 mm, 77.9900 mm): Pad 2 [GND] of T1 on F.Cu
    @(266.4200 mm, 79.6500 mm): Pad 1 [GND] of C109 on F.Cu
[unconnected_items]: Missing connection between items
    Local override; error
    @(269.2000 mm, 140.8800 mm): Pad 2 [GND] of C192 on F.Cu
    @(266.8000 mm, 140.8800 mm): Pad 2 [GND] of C187 on F.Cu
[unconnected_items]: Missing connection between items
    Local override; error
    @(269.2500 mm, 55.5400 mm): Pad 2 [GND] of J4 on F.Cu
    @(269.2500 mm, 55.5400 mm): Pad 2 [GND] of J4 on B.Cu
[unconnected_items]: Missing connection between items
    Local override; error
    @(269.2500 mm, 162.4600 mm): Pad 2 [GND] of J5 on F.Cu
    @(269.2500 mm, 162.4600 mm): Pad 2 [GND] of J5 on B.Cu
[unconnected_items]: Missing connection between items
    Local override; error
    @(269.2500 mm, 162.4600 mm): Pad 2 [GND] of J5 on B.Cu
    @(267.7250 mm, 158.6000 mm): Pad 2 [GND] of C226 on B.Cu
[unconnected_items]: Missing connection between items
    Local override; error
    @(269.5500 mm, 115.5000 mm): Pad 2 [GND] of C84 on F.Cu
    @(269.6950 mm, 116.8500 mm): Pad 2 [GND] of R54 on F.Cu
[unconnected_items]: Missing connection between items
    Local override; error
    @(269.6400 mm, 65.3000 mm): PTH pad V1 [GND] of U14
    @(269.7500 mm, 66.2950 mm): Pad 8 [GND] of U14 on F.Cu
[unconnected_items]: Missing connection between items
    Local override; error
    @(269.6950 mm, 116.8500 mm): Pad 2 [GND] of R54 on F.Cu
    @(270.7750 mm, 117.0000 mm): Pad 2 [GND] of C216 on B.Cu
[unconnected_items]: Missing connection between items
    Local override; error
    @(269.7500 mm, 64.3050 mm): Pad 1 [GND] of U14 on F.Cu
    @(268.7500 mm, 64.3050 mm): Pad 3 [GND] of U14 on F.Cu
[unconnected_items]: Missing connection between items
    Local override; error
    @(269.7500 mm, 64.3050 mm): Pad 1 [GND] of U14 on F.Cu
    @(272.5000 mm, 61.6750 mm): Pad 2 [GND] of C167 on F.Cu
[unconnected_items]: Missing connection between items
    Local override; error
    @(270.1800 mm, 131.8000 mm): Pad 1 [GND] of C149 on B.Cu
    @(270.5250 mm, 131.7000 mm): Pad 1 [GND] of R140 on F.Cu
[unconnected_items]: Missing connection between items
    Local override; error
    @(270.1800 mm, 131.8000 mm): Pad 1 [GND] of C149 on B.Cu
    @(270.4800 mm, 133.4000 mm): Pad 2 [GND] of C196 on F.Cu
[unconnected_items]: Missing connection between items
    Local override; error
    @(270.1800 mm, 131.8000 mm): Pad 1 [GND] of C149 on B.Cu
    @(267.4375 mm, 131.7000 mm): Pad 40 [GND] of U35 on F.Cu
[unconnected_items]: Missing connection between items
    Local override; error
    @(270.3200 mm, 110.3200 mm): Pad 2 [GND] of C87 on F.Cu
    @(270.3700 mm, 107.1900 mm): Pad 1 [GND] of C82 on F.Cu
[unconnected_items]: Missing connection between items
    Local override; error
    @(270.3700 mm, 107.1900 mm): Pad 1 [GND] of C82 on F.Cu
    @(267.8800 mm, 106.0000 mm): Pad 1 [GND] of C90 on F.Cu
[unconnected_items]: Missing connection between items
    Local override; error
    @(270.4000 mm, 140.8800 mm): Pad 2 [GND] of C184 on F.Cu
    @(269.2000 mm, 140.8800 mm): Pad 2 [GND] of C192 on F.Cu
[unconnected_items]: Missing connection between items
    Local override; error
    @(270.4000 mm, 140.8800 mm): Pad 2 [GND] of C184 on F.Cu
    @(272.3625 mm, 140.8000 mm): Pad 2 [GND] of U27 on B.Cu
[unconnected_items]: Missing connection between items
    Local override; error
    @(270.5000 mm, 141.8250 mm): Pad 2 [GND] of R43 on B.Cu
    @(270.4000 mm, 140.8800 mm): Pad 2 [GND] of C184 on F.Cu
[unconnected_items]: Missing connection between items
    Local override; error
    @(270.5250 mm, 131.7000 mm): Pad 1 [GND] of R140 on F.Cu
    @(271.6250 mm, 129.5000 mm): Pad 2 [GND] of R68 on B.Cu
[unconnected_items]: Missing connection between items
    Local override; error
    @(270.6000 mm, 115.5000 mm): Pad 2 [GND] of C85 on F.Cu
    @(269.5500 mm, 115.5000 mm): Pad 2 [GND] of C84 on F.Cu
[unconnected_items]: Missing connection between items
    Local override; error
    @(270.6000 mm, 147.5200 mm): Pad 2 [GND] of C74 on F.Cu
    @(269.2750 mm, 145.9000 mm): Pad 2 [GND] of C220 on B.Cu
[unconnected_items]: Missing connection between items
    Local override; error
    @(270.6000 mm, 147.5200 mm): Pad 2 [GND] of C74 on F.Cu
    @(271.8000 mm, 149.9600 mm): Pad 2 [GND] of Y9 on B.Cu
[unconnected_items]: Missing connection between items
    Local override; error
    @(270.6000 mm, 151.6200 mm): Pad 2 [GND] of C71 on F.Cu
    @(269.0000 mm, 151.6200 mm): Pad 2 [GND] of C70 on F.Cu
[unconnected_items]: Missing connection between items
    Local override; error
    @(270.6000 mm, 155.6200 mm): Pad 2 [GND] of C68 on F.Cu
    @(273.8000 mm, 155.6200 mm): Pad 2 [GND] of C69 on F.Cu
[unconnected_items]: Missing connection between items
    Local override; error
    @(270.7750 mm, 117.0000 mm): Pad 2 [GND] of C216 on B.Cu
    @(272.6400 mm, 116.8000 mm): Pad 2 [GND] of C88 on F.Cu
[unconnected_items]: Missing connection between items
    Local override; error
    @(271.0000 mm, 72.0000 mm): Pad 2 [GND] of C112 on F.Cu
    @(273.0000 mm, 71.8900 mm): Pad 1 [GND] of C117 on F.Cu
[unconnected_items]: Missing connection between items
    Local override; error
    @(271.0000 mm, 72.0000 mm): Pad 2 [GND] of C112 on F.Cu
    @(267.9600 mm, 72.0000 mm): Pad 1 [GND] of C94 on F.Cu
[unconnected_items]: Missing connection between items
    Local override; error
    @(271.5750 mm, 106.8000 mm): Pad 2 [GND] of C211 on B.Cu
    @(270.3700 mm, 107.1900 mm): Pad 1 [GND] of C82 on F.Cu
[unconnected_items]: Missing connection between items
    Local override; error
    @(271.6250 mm, 127.8000 mm): Pad 2 [GND] of R69 on B.Cu
    @(271.6250 mm, 129.5000 mm): Pad 2 [GND] of R68 on B.Cu
[unconnected_items]: Missing connection between items
    Local override; error
    @(271.6250 mm, 127.8000 mm): Pad 2 [GND] of R69 on B.Cu
    @(274.8750 mm, 127.8000 mm): Pad 2 [GND] of R74 on B.Cu
[unconnected_items]: Missing connection between items
    Local override; error
    @(271.6250 mm, 129.5000 mm): Pad 2 [GND] of R68 on B.Cu
    @(271.9750 mm, 129.7000 mm): Pad 2 [GND] of C193 on F.Cu
[unconnected_items]: Missing connection between items
    Local override; error
    @(271.8000 mm, 149.9600 mm): Pad 2 [GND] of Y9 on B.Cu
    @(270.6000 mm, 151.6200 mm): Pad 2 [GND] of C71 on F.Cu
[unconnected_items]: Missing connection between items
    Local override; error
    @(271.8000 mm, 149.9600 mm): Pad 2 [GND] of Y9 on B.Cu
    @(273.8000 mm, 151.6200 mm): Pad 2 [GND] of C72 on F.Cu
[unconnected_items]: Missing connection between items
    Local override; error
    @(271.8000 mm, 149.9600 mm): Pad 2 [GND] of Y9 on B.Cu
    @(273.8000 mm, 147.5200 mm): Pad 2 [GND] of C75 on F.Cu
[unconnected_items]: Missing connection between items
    Local override; error
    @(272.0000 mm, 80.0000 mm): Pad 2 [GND] of C103 on F.Cu
    @(272.3250 mm, 81.3500 mm): Pad 2 [GND] of R40 on F.Cu
[unconnected_items]: Missing connection between items
    Local override; error
    @(272.2700 mm, 105.7500 mm): Pad 4 [GND] of Y2 on F.Cu
    @(271.5750 mm, 106.8000 mm): Pad 2 [GND] of C211 on B.Cu
[unconnected_items]: Missing connection between items
    Local override; error
    @(272.2700 mm, 105.7500 mm): Pad 4 [GND] of Y2 on F.Cu
    @(273.6000 mm, 106.2250 mm): Pad 2 [GND] of C208 on B.Cu
[unconnected_items]: Missing connection between items
    Local override; error
    @(272.3250 mm, 81.3500 mm): Pad 2 [GND] of R40 on F.Cu
    @(273.4750 mm, 85.0000 mm): Pad 2 [GND] of R87 on B.Cu
[unconnected_items]: Missing connection between items
    Local override; error
    @(272.3625 mm, 140.8000 mm): Pad 2 [GND] of U27 on B.Cu
    @(273.6000 mm, 139.4500 mm): Pad 2 [GND] of C186 on F.Cu
[unconnected_items]: Missing connection between items
    Local override; error
    @(272.6400 mm, 116.8000 mm): Pad 2 [GND] of C88 on F.Cu
    @(272.8000 mm, 114.8700 mm): Pad 16 [GND] of U4 on F.Cu
[unconnected_items]: Missing connection between items
    Local override; error
    @(272.7250 mm, 144.4000 mm): Pad 2 [GND] of C58 on B.Cu
    @(273.8000 mm, 147.5200 mm): Pad 2 [GND] of C75 on F.Cu
[unconnected_items]: Missing connection between items
    Local override; error
    @(272.8000 mm, 135.7000 mm): Pad 2 [GND] of C60 on B.Cu
    @(273.6000 mm, 135.5500 mm): Pad 2 [GND] of C189 on F.Cu
[unconnected_items]: Missing connection between items
    Local override; error
    @(272.8000 mm, 135.7000 mm): Pad 2 [GND] of C60 on B.Cu
    @(270.4800 mm, 133.4000 mm): Pad 2 [GND] of C196 on F.Cu
[unconnected_items]: Missing connection between items
    Local override; error
    @(272.9500 mm, 75.0200 mm): Pad 2 [GND] of C107 on F.Cu
    @(271.9300 mm, 75.8250 mm): Pad 2 [GND] of C110 on F.Cu
[unconnected_items]: Missing connection between items
    Local override; error
    @(273.0000 mm, 71.8900 mm): Pad 1 [GND] of C117 on F.Cu
    @(272.9500 mm, 75.0200 mm): Pad 2 [GND] of C107 on F.Cu
[unconnected_items]: Missing connection between items
    Local override; error
    @(273.0000 mm, 80.0000 mm): Pad 2 [GND] of C105 on F.Cu
    @(272.0000 mm, 80.0000 mm): Pad 2 [GND] of C103 on F.Cu
[unconnected_items]: Missing connection between items
    Local override; error
    @(273.5750 mm, 120.0950 mm): Pad 1 [GND] of C178 on F.Cu
    @(275.5250 mm, 118.5000 mm): Pad 1 [GND] of R55 on B.Cu
[unconnected_items]: Missing connection between items
    Local override; error
    @(273.6000 mm, 135.5500 mm): Pad 2 [GND] of C189 on F.Cu
    @(276.1000 mm, 137.0250 mm): Pad 2 [GND] of R120 on F.Cu
[unconnected_items]: Missing connection between items
    Local override; error
    @(273.8000 mm, 147.5200 mm): Pad 2 [GND] of C75 on F.Cu
    @(276.9250 mm, 146.0750 mm): Pad 2 [GND] of SW4 on F.Cu
[unconnected_items]: Missing connection between items
    Local override; error
    @(273.9500 mm, 132.8000 mm): Pad 2 [GND] of C190 on F.Cu
    @(273.6000 mm, 135.5500 mm): Pad 2 [GND] of C189 on F.Cu
[unconnected_items]: Missing connection between items
    Local override; error
    @(274.3000 mm, 114.8700 mm): Pad 19 [GND] of U4 on F.Cu
    @(272.8000 mm, 114.8700 mm): Pad 16 [GND] of U4 on F.Cu
[unconnected_items]: Missing connection between items
    Local override; error
    @(274.3000 mm, 114.8700 mm): Pad 19 [GND] of U4 on F.Cu
    @(273.8000 mm, 113.0000 mm): Pad 21 [GND] of U4 on F.Cu
[unconnected_items]: Missing connection between items
    Local override; error
    @(274.4000 mm, 110.3000 mm): Pad 2 [GND] of C179 on B.Cu
    @(273.3000 mm, 108.9200 mm): Pad 2 [GND] of C86 on F.Cu
[unconnected_items]: Missing connection between items
    Local override; error
    @(274.4000 mm, 110.3000 mm): Pad 2 [GND] of C179 on B.Cu
    @(273.8000 mm, 113.0000 mm): Pad 21 [GND] of U4 on F.Cu
[unconnected_items]: Missing connection between items
    Local override; error
    @(274.4700 mm, 107.4500 mm): Pad 2 [GND] of Y2 on F.Cu
    @(273.6000 mm, 106.2250 mm): Pad 2 [GND] of C208 on B.Cu
[unconnected_items]: Missing connection between items
    Local override; error
    @(274.4700 mm, 107.4500 mm): Pad 2 [GND] of Y2 on F.Cu
    @(273.3000 mm, 108.9200 mm): Pad 2 [GND] of C86 on F.Cu
[unconnected_items]: Missing connection between items
    Local override; error
    @(274.5500 mm, 57.8000 mm): Pad 2 [GND] of C170 on F.Cu
    @(276.8250 mm, 60.2000 mm): Pad 2 [GND] of C166 on B.Cu
[unconnected_items]: Missing connection between items
    Local override; error
    @(274.5500 mm, 57.8000 mm): Pad 2 [GND] of C170 on F.Cu
    @(269.2500 mm, 55.5400 mm): Pad 2 [GND] of J4 on F.Cu
[unconnected_items]: Missing connection between items
    Local override; error
    @(274.8750 mm, 121.0000 mm): Pad 2 [GND] of R70 on B.Cu
    @(273.5750 mm, 120.0950 mm): Pad 1 [GND] of C178 on F.Cu
[unconnected_items]: Missing connection between items
    Local override; error
    @(274.8750 mm, 121.0000 mm): Pad 2 [GND] of R70 on B.Cu
    @(274.8750 mm, 122.7000 mm): Pad 2 [GND] of R71 on B.Cu
[unconnected_items]: Missing connection between items
    Local override; error
    @(274.8750 mm, 122.7000 mm): Pad 2 [GND] of R71 on B.Cu
    @(274.8750 mm, 124.4000 mm): Pad 2 [GND] of R72 on B.Cu
[unconnected_items]: Missing connection between items
    Local override; error
    @(274.8750 mm, 124.4000 mm): Pad 2 [GND] of R72 on B.Cu
    @(271.6250 mm, 124.4000 mm): Pad 2 [GND] of R67 on B.Cu
[unconnected_items]: Missing connection between items
    Local override; error
    @(274.8750 mm, 126.1000 mm): Pad 2 [GND] of R73 on B.Cu
    @(274.8750 mm, 127.8000 mm): Pad 2 [GND] of R74 on B.Cu
[unconnected_items]: Missing connection between items
    Local override; error
    @(274.9000 mm, 70.4500 mm): Pad 4 [GND] of Y1 on F.Cu
    @(273.0000 mm, 71.8900 mm): Pad 1 [GND] of C117 on F.Cu
[unconnected_items]: Missing connection between items
    Local override; error
    @(274.9000 mm, 70.4500 mm): Pad 4 [GND] of Y1 on F.Cu
    @(276.2750 mm, 68.4000 mm): Pad 1 [GND] of C124 on F.Cu
[unconnected_items]: Missing connection between items
    Local override; error
    @(274.9000 mm, 70.4500 mm): Pad 4 [GND] of Y1 on F.Cu
    @(277.1000 mm, 72.1500 mm): Pad 2 [GND] of Y1 on F.Cu
[unconnected_items]: Missing connection between items
    Local override; error
    @(274.9000 mm, 70.4500 mm): Pad 4 [GND] of Y1 on F.Cu
    @(273.2000 mm, 67.9800 mm): Pad 1 [GND] of C123 on F.Cu
[unconnected_items]: Missing connection between items
    Local override; error
    @(275.4300 mm, 79.5700 mm): Pad 16 [GND] of U3 on F.Cu
    @(276.9300 mm, 79.5700 mm): Pad 19 [GND] of U3 on F.Cu
[unconnected_items]: Missing connection between items
    Local override; error
    @(275.4300 mm, 79.5700 mm): Pad 16 [GND] of U3 on F.Cu
    @(275.2700 mm, 81.5000 mm): Pad 2 [GND] of C104 on F.Cu
[unconnected_items]: Missing connection between items
    Local override; error
    @(275.4300 mm, 79.5700 mm): Pad 16 [GND] of U3 on F.Cu
    @(273.0000 mm, 80.0000 mm): Pad 2 [GND] of C105 on F.Cu
[unconnected_items]: Missing connection between items
    Local override; error
    @(275.5750 mm, 124.7000 mm): Pad 1 [GND] of C173 on F.Cu
    @(274.8750 mm, 124.4000 mm): Pad 2 [GND] of R72 on B.Cu
[unconnected_items]: Missing connection between items
    Local override; error
    @(275.5750 mm, 124.7000 mm): Pad 1 [GND] of C173 on F.Cu
    @(274.8750 mm, 126.1000 mm): Pad 2 [GND] of R73 on B.Cu
[unconnected_items]: Missing connection between items
    Local override; error
    @(275.6000 mm, 103.0200 mm): Pad 2 [GND] of C89 on F.Cu
    @(277.0250 mm, 102.6000 mm): Pad 2 [GND] of C79 on F.Cu
[unconnected_items]: Missing connection between items
    Local override; error
    @(275.9300 mm, 73.6200 mm): Pad 2 [GND] of C106 on F.Cu
    @(277.1000 mm, 72.1500 mm): Pad 2 [GND] of Y1 on F.Cu
[unconnected_items]: Missing connection between items
    Local override; error
    @(276.1000 mm, 137.0250 mm): Pad 2 [GND] of R120 on F.Cu
    @(278.1300 mm, 135.8500 mm): Pad 7 [GND] of U47 on F.Cu
[unconnected_items]: Missing connection between items
    Local override; error
    @(276.2750 mm, 68.4000 mm): Pad 1 [GND] of C124 on F.Cu
    @(277.6050 mm, 66.3600 mm): Pad 2 [GND] of C111 on F.Cu
[unconnected_items]: Missing connection between items
    Local override; error
    @(276.3700 mm, 107.3000 mm): Pad 1 [GND] of C81 on F.Cu
    @(274.4700 mm, 107.4500 mm): Pad 2 [GND] of Y2 on F.Cu
[unconnected_items]: Missing connection between items
    Local override; error
    @(276.3700 mm, 107.3000 mm): Pad 1 [GND] of C81 on F.Cu
    @(278.2750 mm, 106.9000 mm): Pad 2 [GND] of C212 on B.Cu
[unconnected_items]: Missing connection between items
    Local override; error
    @(276.4300 mm, 77.7000 mm): Pad 21 [GND] of U3 on F.Cu
    @(276.9300 mm, 79.5700 mm): Pad 19 [GND] of U3 on F.Cu
[unconnected_items]: Missing connection between items
    Local override; error
    @(277.1000 mm, 72.1500 mm): Pad 2 [GND] of Y1 on F.Cu
    @(279.0000 mm, 72.0000 mm): Pad 1 [GND] of C116 on F.Cu
[unconnected_items]: Missing connection between items
    Local override; error
    @(277.1250 mm, 102.9000 mm): Pad 1 [GND] of C253 on B.Cu
    @(277.0250 mm, 102.6000 mm): Pad 2 [GND] of C79 on F.Cu
[unconnected_items]: Missing connection between items
    Local override; error
    @(277.2250 mm, 113.8000 mm): Pad 2 [GND] of C239 on B.Cu
    @(277.2250 mm, 115.5000 mm): Pad 2 [GND] of C240 on B.Cu
[unconnected_items]: Missing connection between items
    Local override; error
    @(277.2250 mm, 117.3000 mm): Pad 2 [GND] of C244 on B.Cu
    @(277.2250 mm, 115.5000 mm): Pad 2 [GND] of C240 on B.Cu
[unconnected_items]: Missing connection between items
    Local override; error
    @(277.2250 mm, 119.0000 mm): Pad 2 [GND] of C243 on B.Cu
    @(277.2250 mm, 117.3000 mm): Pad 2 [GND] of C244 on B.Cu
[unconnected_items]: Missing connection between items
    Local override; error
    @(277.2250 mm, 119.0000 mm): Pad 2 [GND] of C243 on B.Cu
    @(275.5250 mm, 118.5000 mm): Pad 1 [GND] of R55 on B.Cu
[unconnected_items]: Missing connection between items
    Local override; error
    @(277.4250 mm, 86.0750 mm): Pad 1 [GND] of SW7 on B.Cu
    @(273.4750 mm, 85.0000 mm): Pad 2 [GND] of R87 on B.Cu
[unconnected_items]: Missing connection between items
    Local override; error
    @(277.4500 mm, 111.9200 mm): Pad 2 [GND] of C80 on F.Cu
    @(277.2250 mm, 113.8000 mm): Pad 2 [GND] of C239 on B.Cu
[unconnected_items]: Missing connection between items
    Local override; error
    @(277.8000 mm, 151.5000 mm): Pad 2 [GND] of U30 on F.Cu
    @(273.8000 mm, 151.6200 mm): Pad 2 [GND] of C72 on F.Cu
[unconnected_items]: Missing connection between items
    Local override; error
    @(278.0000 mm, 100.5250 mm): Pad 2 [GND] of R88 on B.Cu
    @(277.0250 mm, 102.6000 mm): Pad 2 [GND] of C79 on F.Cu
[unconnected_items]: Missing connection between items
    Local override; error
    @(278.0000 mm, 100.5250 mm): Pad 2 [GND] of R88 on B.Cu
    @(280.3500 mm, 101.5000 mm): Pad 4 [GND] of Y8 on B.Cu
[unconnected_items]: Missing connection between items
    Local override; error
    @(278.0300 mm, 110.7000 mm): Pad 1 [GND] of C83 on F.Cu
    @(277.4500 mm, 111.9200 mm): Pad 2 [GND] of C80 on F.Cu
[unconnected_items]: Missing connection between items
    Local override; error
    @(278.1300 mm, 135.8500 mm): Pad 7 [GND] of U47 on F.Cu
    @(279.2000 mm, 135.7000 mm): Pad 2 [GND] of C60 on B.Cu
[unconnected_items]: Missing connection between items
    Local override; error
    @(278.1375 mm, 140.0250 mm): Pad 5 [GND] of U48 on F.Cu
    @(278.1375 mm, 140.6750 mm): Pad 6 [GND] of U48 on F.Cu
[unconnected_items]: Missing connection between items
    Local override; error
    @(278.1375 mm, 140.0250 mm): Pad 5 [GND] of U48 on F.Cu
    @(276.1000 mm, 137.0250 mm): Pad 2 [GND] of R120 on F.Cu
[unconnected_items]: Missing connection between items
    Local override; error
    @(278.1375 mm, 141.9750 mm): Pad 8 [GND] of U48 on F.Cu
    @(278.1375 mm, 140.6750 mm): Pad 6 [GND] of U48 on F.Cu
[unconnected_items]: Missing connection between items
    Local override; error
    @(278.2750 mm, 106.9000 mm): Pad 2 [GND] of C212 on B.Cu
    @(280.4250 mm, 106.4000 mm): Pad 2 [GND] of C255 on B.Cu
[unconnected_items]: Missing connection between items
    Local override; error
    @(279.0750 mm, 147.0000 mm): Pad 2 [GND] of C222 on B.Cu
    @(281.0750 mm, 146.0750 mm): Pad 2 [GND] of SW4 on F.Cu
[unconnected_items]: Missing connection between items
    Local override; error
    @(279.0750 mm, 147.0000 mm): Pad 2 [GND] of C222 on B.Cu
    @(276.9250 mm, 146.0750 mm): Pad 2 [GND] of SW4 on F.Cu
[unconnected_items]: Missing connection between items
    Local override; error
    @(279.4500 mm, 63.6500 mm): Pad 3 [GND] of D8 on F.Cu
    @(277.6050 mm, 66.3600 mm): Pad 2 [GND] of C111 on F.Cu
[unconnected_items]: Missing connection between items
    Local override; error
    @(279.4500 mm, 63.6500 mm): Pad 3 [GND] of D8 on F.Cu
    @(276.8250 mm, 60.2000 mm): Pad 2 [GND] of C166 on B.Cu
[unconnected_items]: Missing connection between items
    Local override; error
    @(279.9250 mm, 110.3625 mm): Pad 2 [GND] of U39 on F.Cu
    @(278.0300 mm, 110.7000 mm): Pad 1 [GND] of C83 on F.Cu
[unconnected_items]: Missing connection between items
    Local override; error
    @(280.0000 mm, 78.4800 mm): Pad 2 [GND] of C108 on F.Cu
    @(282.0500 mm, 79.0000 mm): Pad 4 [GND] of FL9 on F.Cu
[unconnected_items]: Missing connection between items
    Local override; error
    @(280.0000 mm, 78.4800 mm): Pad 2 [GND] of C108 on F.Cu
    @(276.9300 mm, 79.5700 mm): Pad 19 [GND] of U3 on F.Cu
[unconnected_items]: Missing connection between items
    Local override; error
    @(280.1500 mm, 110.4000 mm): Pad 2 [GND] of C238 on B.Cu
    @(279.9250 mm, 110.3625 mm): Pad 2 [GND] of U39 on F.Cu
[unconnected_items]: Missing connection between items
    Local override; error
    @(280.4250 mm, 104.7000 mm): Pad 2 [GND] of C237 on B.Cu
    @(281.4500 mm, 102.9000 mm): Pad 2 [GND] of Y8 on B.Cu
[unconnected_items]: Missing connection between items
    Local override; error
    @(280.4250 mm, 106.4000 mm): Pad 2 [GND] of C255 on B.Cu
    @(280.4250 mm, 108.1000 mm): Pad 2 [GND] of C233 on B.Cu
[unconnected_items]: Missing connection between items
    Local override; error
    @(280.4250 mm, 106.4000 mm): Pad 2 [GND] of C255 on B.Cu
    @(280.4250 mm, 104.7000 mm): Pad 2 [GND] of C237 on B.Cu
[unconnected_items]: Missing connection between items
    Local override; error
    @(280.5750 mm, 110.3625 mm): Pad 3 [GND] of U39 on F.Cu
    @(280.1500 mm, 110.4000 mm): Pad 2 [GND] of C238 on B.Cu
[unconnected_items]: Missing connection between items
    Local override; error
    @(280.5750 mm, 110.3625 mm): Pad 3 [GND] of U39 on F.Cu
    @(280.4250 mm, 108.1000 mm): Pad 2 [GND] of C233 on B.Cu
[unconnected_items]: Missing connection between items
    Local override; error
    @(280.7500 mm, 55.5400 mm): Pad 2 [GND] of J6 on F.Cu
    @(280.7500 mm, 55.5400 mm): Pad 2 [GND] of J6 on B.Cu
[unconnected_items]: Missing connection between items
    Local override; error
    @(280.7500 mm, 55.5400 mm): Pad 2 [GND] of J6 on B.Cu
    @(283.8000 mm, 59.4000 mm): Pad 1 [GND] of D3 on F.Cu
[unconnected_items]: Missing connection between items
    Local override; error
    @(280.7500 mm, 162.4600 mm): Pad 2 [GND] of J3 on F.Cu
    @(280.7500 mm, 162.4600 mm): Pad 2 [GND] of J3 on B.Cu
[unconnected_items]: Missing connection between items
    Local override; error
    @(280.7500 mm, 162.4600 mm): Pad 2 [GND] of J3 on F.Cu
    @(282.9200 mm, 158.7500 mm): Pad 1 [GND] of C44 on F.Cu
[unconnected_items]: Missing connection between items
    Local override; error
    @(280.9000 mm, 154.4250 mm): Pad 2 [GND] of R32 on F.Cu
    @(282.2700 mm, 156.4000 mm): Pad 2 [GND] of C42 on F.Cu
[unconnected_items]: Missing connection between items
    Local override; error
    @(281.0750 mm, 146.0750 mm): Pad 2 [GND] of SW4 on F.Cu
    @(281.9250 mm, 147.4000 mm): Pad 2 [GND] of C9 on B.Cu
[unconnected_items]: Missing connection between items
    Local override; error
    @(281.1750 mm, 68.8000 mm): Pad 2 [GND] of R59 on B.Cu
    @(281.9000 mm, 70.7200 mm): Pad 1 [GND] of C147 on F.Cu
[unconnected_items]: Missing connection between items
    Local override; error
    @(281.4500 mm, 102.9000 mm): Pad 2 [GND] of Y8 on B.Cu
    @(280.3500 mm, 101.5000 mm): Pad 4 [GND] of Y8 on B.Cu
[unconnected_items]: Missing connection between items
    Local override; error
    @(281.8000 mm, 73.1000 mm): Pad 8 [GND] of U18 on F.Cu
    @(282.0500 mm, 75.2000 mm): Pad 4 [GND] of FL7 on F.Cu
[unconnected_items]: Missing connection between items
    Local override; error
    @(281.8000 mm, 73.1000 mm): Pad 8 [GND] of U18 on F.Cu
    @(279.0000 mm, 72.0000 mm): Pad 1 [GND] of C116 on F.Cu
[unconnected_items]: Missing connection between items
    Local override; error
    @(281.9000 mm, 70.7200 mm): Pad 1 [GND] of C147 on F.Cu
    @(281.8000 mm, 73.1000 mm): Pad 8 [GND] of U18 on F.Cu
[unconnected_items]: Missing connection between items
    Local override; error
    @(281.9000 mm, 70.7200 mm): Pad 1 [GND] of C147 on F.Cu
    @(284.2500 mm, 71.2000 mm): Pad 4 [GND] of FL8 on F.Cu
[unconnected_items]: Missing connection between items
    Local override; error
    @(281.9750 mm, 102.4000 mm): Pad 1 [GND] of C182 on F.Cu
    @(281.4500 mm, 102.9000 mm): Pad 2 [GND] of Y8 on B.Cu
[unconnected_items]: Missing connection between items
    Local override; error
    @(281.9750 mm, 102.4000 mm): Pad 1 [GND] of C182 on F.Cu
    @(284.5750 mm, 101.5000 mm): Pad 1 [GND] of C254 on B.Cu
[unconnected_items]: Missing connection between items
    Local override; error
    @(282.0500 mm, 75.2000 mm): Pad 4 [GND] of FL7 on F.Cu
    @(280.0000 mm, 75.5200 mm): Pad 1 [GND] of C118 on F.Cu
[unconnected_items]: Missing connection between items
    Local override; error
    @(282.0500 mm, 77.6000 mm): Pad 6 [GND] of FL7 on F.Cu
    @(282.0500 mm, 75.2000 mm): Pad 4 [GND] of FL7 on F.Cu
[unconnected_items]: Missing connection between items
    Local override; error
    @(282.0500 mm, 79.0000 mm): Pad 4 [GND] of FL9 on F.Cu
    @(282.0500 mm, 77.6000 mm): Pad 6 [GND] of FL7 on F.Cu
[unconnected_items]: Missing connection between items
    Local override; error
    @(282.0500 mm, 79.0000 mm): Pad 4 [GND] of FL9 on F.Cu
    @(282.0500 mm, 81.4000 mm): Pad 6 [GND] of FL9 on F.Cu
[unconnected_items]: Missing connection between items
    Local override; error
    @(282.1000 mm, 149.2500 mm): Pad 2 [GND] of Y4 on F.Cu
    @(281.9250 mm, 147.4000 mm): Pad 2 [GND] of C9 on B.Cu
[unconnected_items]: Missing connection between items
    Local override; error
    @(282.2700 mm, 156.4000 mm): Pad 2 [GND] of C42 on F.Cu
    @(282.9200 mm, 157.7000 mm): Pad 1 [GND] of C43 on F.Cu
[unconnected_items]: Missing connection between items
    Local override; error
    @(282.5200 mm, 87.6000 mm): Pad 2 [GND] of C41 on B.Cu
    @(281.5750 mm, 86.0750 mm): Pad 1 [GND] of SW7 on B.Cu
[unconnected_items]: Missing connection between items
    Local override; error
    @(282.5200 mm, 93.0000 mm): Pad 2 [GND] of C27 on F.Cu
    @(282.5200 mm, 95.0000 mm): Pad 2 [GND] of C34 on F.Cu
[unconnected_items]: Missing connection between items
    Local override; error
    @(282.5200 mm, 93.0000 mm): Pad 2 [GND] of C27 on F.Cu
    @(283.0000 mm, 91.0000 mm): Pad 2 [GND] of C33 on F.Cu
[unconnected_items]: Missing connection between items
    Local override; error
    @(282.8250 mm, 99.0000 mm): Pad 1 [GND] of R23 on F.Cu
    @(284.5200 mm, 101.1000 mm): Pad 1 [GND] of C30 on F.Cu
[unconnected_items]: Missing connection between items
    Local override; error
    @(282.8250 mm, 99.0000 mm): Pad 1 [GND] of R23 on F.Cu
    @(282.5200 mm, 95.0000 mm): Pad 2 [GND] of C34 on F.Cu
[unconnected_items]: Missing connection between items
    Local override; error
    @(282.9200 mm, 157.7000 mm): Pad 1 [GND] of C43 on F.Cu
    @(284.7000 mm, 156.2000 mm): Pad 2 [GND] of U7 on F.Cu
[unconnected_items]: Missing connection between items
    Local override; error
    @(282.9200 mm, 158.7500 mm): Pad 1 [GND] of C44 on F.Cu
    @(282.9200 mm, 157.7000 mm): Pad 1 [GND] of C43 on F.Cu
[unconnected_items]: Missing connection between items
    Local override; error
    @(283.0000 mm, 91.0000 mm): Pad 2 [GND] of C33 on F.Cu
    @(282.5200 mm, 87.6000 mm): Pad 2 [GND] of C41 on B.Cu
[unconnected_items]: Missing connection between items
    Local override; error
    @(283.1375 mm, 61.0500 mm): Pad 1 [GND] of U37 on B.Cu
    @(283.8000 mm, 59.4000 mm): Pad 1 [GND] of D3 on F.Cu
[unconnected_items]: Missing connection between items
    Local override; error
    @(283.1375 mm, 61.0500 mm): Pad 1 [GND] of U37 on B.Cu
    @(283.1375 mm, 62.9500 mm): Pad 3 [GND] of U37 on B.Cu
[unconnected_items]: Missing connection between items
    Local override; error
    @(283.5000 mm, 150.3500 mm): Pad 4 [GND] of Y4 on F.Cu
    @(282.1000 mm, 149.2500 mm): Pad 2 [GND] of Y4 on F.Cu
[unconnected_items]: Missing connection between items
    Local override; error
    @(283.5000 mm, 150.3500 mm): Pad 4 [GND] of Y4 on F.Cu
    @(286.0750 mm, 150.5000 mm): Pad 18 [GND] of U6 on F.Cu
[unconnected_items]: Missing connection between items
    Local override; error
    @(283.8250 mm, 110.3625 mm): Pad 8 [GND] of U39 on F.Cu
    @(284.1250 mm, 111.1000 mm): Pad 2 [GND] of C232 on B.Cu
[unconnected_items]: Missing connection between items
    Local override; error
    @(283.8250 mm, 110.3625 mm): Pad 8 [GND] of U39 on F.Cu
    @(284.2500 mm, 109.4375 mm): Pad 20 [GND] of U44 on B.Cu
[unconnected_items]: Missing connection between items
    Local override; error
    @(283.8625 mm, 138.0750 mm): Pad 15 [GND] of U48 on F.Cu
    @(286.0000 mm, 133.6750 mm): Pad 2 [GND] of C207 on F.Cu
[unconnected_items]: Missing connection between items
    Local override; error
    @(283.8625 mm, 138.7250 mm): Pad 14 [GND] of U48 on F.Cu
    @(283.8625 mm, 138.0750 mm): Pad 15 [GND] of U48 on F.Cu
[unconnected_items]: Missing connection between items
    Local override; error
    @(283.8625 mm, 138.7250 mm): Pad 14 [GND] of U48 on F.Cu
    @(281.9250 mm, 139.0000 mm): Pad 2 [GND] of C12 on B.Cu
[unconnected_items]: Missing connection between items
    Local override; error
    @(283.8625 mm, 139.3750 mm): Pad 13 [GND] of U48 on F.Cu
    @(283.8625 mm, 138.7250 mm): Pad 14 [GND] of U48 on F.Cu
[unconnected_items]: Missing connection between items
    Local override; error
    @(283.8625 mm, 139.3750 mm): Pad 13 [GND] of U48 on F.Cu
    @(283.8625 mm, 140.6750 mm): Pad 11 [GND] of U48 on F.Cu
[unconnected_items]: Missing connection between items
    Local override; error
    @(283.8625 mm, 141.3250 mm): Pad 10 [GND] of U48 on F.Cu
    @(283.8625 mm, 140.6750 mm): Pad 11 [GND] of U48 on F.Cu
[unconnected_items]: Missing connection between items
    Local override; error
    @(284.1250 mm, 111.1000 mm): Pad 2 [GND] of C232 on B.Cu
    @(283.4750 mm, 112.7000 mm): Pad 1 [GND] of C176 on F.Cu
[unconnected_items]: Missing connection between items
    Local override; error
    @(284.2500 mm, 64.2050 mm): Pad 4 [GND] of U17 on F.Cu
    @(284.7500 mm, 64.2050 mm): Pad 3 [GND] of U17 on F.Cu
[unconnected_items]: Missing connection between items
    Local override; error
    @(284.2500 mm, 64.2050 mm): Pad 4 [GND] of U17 on F.Cu
    @(283.1375 mm, 62.9500 mm): Pad 3 [GND] of U37 on B.Cu
[unconnected_items]: Missing connection between items
    Local override; error
    @(284.2500 mm, 66.1950 mm): Pad 5 [GND] of U17 on F.Cu
    @(284.3600 mm, 65.2000 mm): PTH pad V3 [GND] of U17
[unconnected_items]: Missing connection between items
    Local override; error
    @(284.2500 mm, 71.2000 mm): Pad 4 [GND] of FL8 on F.Cu
    @(285.3750 mm, 72.8000 mm): Pad 2 [GND] of R155 on B.Cu
[unconnected_items]: Missing connection between items
    Local override; error
    @(284.2500 mm, 73.6000 mm): Pad 6 [GND] of FL8 on F.Cu
    @(284.9500 mm, 75.2000 mm): Pad 3 [GND] of FL7 on F.Cu
[unconnected_items]: Missing connection between items
    Local override; error
    @(284.3600 mm, 65.2000 mm): PTH pad V3 [GND] of U17
    @(284.2500 mm, 64.2050 mm): Pad 4 [GND] of U17 on F.Cu
[unconnected_items]: Missing connection between items
    Local override; error
    @(284.5000 mm, 77.6000 mm): Pad 1 [GND] of FL7 on F.Cu
    @(284.9500 mm, 79.0000 mm): Pad 3 [GND] of FL9 on F.Cu
[unconnected_items]: Missing connection between items
    Local override; error
    @(284.5000 mm, 81.4000 mm): Pad 1 [GND] of FL9 on F.Cu
    @(284.9500 mm, 79.0000 mm): Pad 3 [GND] of FL9 on F.Cu
[unconnected_items]: Missing connection between items
    Local override; error
    @(284.5200 mm, 101.1000 mm): Pad 1 [GND] of C30 on F.Cu
    @(284.5750 mm, 101.5000 mm): Pad 1 [GND] of C254 on B.Cu
[unconnected_items]: Missing connection between items
    Local override; error
    @(284.7000 mm, 108.3000 mm): PTH pad 41 [GND] of U44
    @(284.2500 mm, 109.4375 mm): Pad 20 [GND] of U44 on B.Cu
[unconnected_items]: Missing connection between items
    Local override; error
    @(284.9500 mm, 75.2000 mm): Pad 3 [GND] of FL7 on F.Cu
    @(284.5000 mm, 77.6000 mm): Pad 1 [GND] of FL7 on F.Cu
[unconnected_items]: Missing connection between items
    Local override; error
    @(285.0000 mm, 129.5000 mm): PTH pad C [GND] of SW1
    @(286.0000 mm, 133.6750 mm): Pad 2 [GND] of C207 on F.Cu
[unconnected_items]: Missing connection between items
    Local override; error
    @(285.3750 mm, 72.8000 mm): Pad 2 [GND] of R155 on B.Cu
    @(284.2500 mm, 73.6000 mm): Pad 6 [GND] of FL8 on F.Cu
[unconnected_items]: Missing connection between items
    Local override; error
    @(285.6400 mm, 65.2000 mm): PTH pad V1 [GND] of U17
    @(285.7500 mm, 66.1950 mm): Pad 8 [GND] of U17 on F.Cu
[unconnected_items]: Missing connection between items
    Local override; error
    @(285.7500 mm, 64.2050 mm): Pad 1 [GND] of U17 on F.Cu
    @(284.7500 mm, 64.2050 mm): Pad 3 [GND] of U17 on F.Cu
[unconnected_items]: Missing connection between items
    Local override; error
    @(285.7500 mm, 66.1950 mm): Pad 8 [GND] of U17 on F.Cu
    @(289.3000 mm, 66.8800 mm): Pad 1 [GND] of C142 on F.Cu
[unconnected_items]: Missing connection between items
    Local override; error
    @(286.0000 mm, 140.2750 mm): Pad 2 [GND] of C206 on F.Cu
    @(287.0250 mm, 139.0000 mm): Pad 2 [GND] of C11 on B.Cu
[unconnected_items]: Missing connection between items
    Local override; error
    @(286.0000 mm, 140.2750 mm): Pad 2 [GND] of C206 on F.Cu
    @(283.8625 mm, 140.6750 mm): Pad 11 [GND] of U48 on F.Cu
[unconnected_items]: Missing connection between items
    Local override; error
    @(286.0000 mm, 140.2750 mm): Pad 2 [GND] of C206 on F.Cu
    @(288.5650 mm, 142.7500 mm): Pad 15 [GND] of U23 on B.Cu
[unconnected_items]: Missing connection between items
    Local override; error
    @(286.0750 mm, 150.5000 mm): Pad 18 [GND] of U6 on F.Cu
    @(286.9500 mm, 149.4500 mm): PTH pad 21 [GND] of U6
[unconnected_items]: Missing connection between items
    Local override; error
    @(286.2000 mm, 100.3250 mm): Pad 2 [GND] of C256 on B.Cu
    @(287.6000 mm, 99.6300 mm): Pad 2 [GND] of C35 on F.Cu
[unconnected_items]: Missing connection between items
    Local override; error
    @(286.2000 mm, 100.3250 mm): Pad 2 [GND] of C256 on B.Cu
    @(284.5200 mm, 101.1000 mm): Pad 1 [GND] of C30 on F.Cu
[unconnected_items]: Missing connection between items
    Local override; error
    @(286.4000 mm, 159.0000 mm): Pad 1 [GND] of D1 on F.Cu
    @(284.7000 mm, 156.2000 mm): Pad 2 [GND] of U7 on F.Cu
[unconnected_items]: Missing connection between items
    Local override; error
    @(286.4000 mm, 159.0000 mm): Pad 1 [GND] of D1 on F.Cu
    @(289.2500 mm, 162.4600 mm): Pad 2 [GND] of J3 on F.Cu
[unconnected_items]: Missing connection between items
    Local override; error
    @(286.7000 mm, 73.6000 mm): Pad 1 [GND] of FL8 on F.Cu
    @(285.3750 mm, 72.8000 mm): Pad 2 [GND] of R155 on B.Cu
[unconnected_items]: Missing connection between items
    Local override; error
    @(286.7000 mm, 73.6000 mm): Pad 1 [GND] of FL8 on F.Cu
    @(288.5000 mm, 74.8200 mm): Pad 2 [GND] of C146 on F.Cu
[unconnected_items]: Missing connection between items
    Local override; error
    @(286.9500 mm, 149.4500 mm): PTH pad 21 [GND] of U6
    @(287.0250 mm, 147.4000 mm): Pad 2 [GND] of C8 on B.Cu
[unconnected_items]: Missing connection between items
    Local override; error
    @(287.1000 mm, 104.7000 mm): PTH pad 41 [GND] of U44
    @(287.6500 mm, 103.3000 mm): Pad 2 [GND] of Y6 on F.Cu
[unconnected_items]: Missing connection between items
    Local override; error
    @(287.1500 mm, 71.2000 mm): Pad 3 [GND] of FL8 on F.Cu
    @(287.8000 mm, 71.3250 mm): Pad 2 [GND] of R58 on B.Cu
[unconnected_items]: Missing connection between items
    Local override; error
    @(287.4000 mm, 112.5750 mm): Pad 2 [GND] of C234 on B.Cu
    @(287.5000 mm, 115.0000 mm): PTH pad S2 [GND] of SW1
[unconnected_items]: Missing connection between items
    Local override; error
    @(287.6000 mm, 99.6300 mm): Pad 2 [GND] of C35 on F.Cu
    @(289.2000 mm, 99.6300 mm): Pad 2 [GND] of C28 on F.Cu
[unconnected_items]: Missing connection between items
    Local override; error
    @(287.8000 mm, 155.0800 mm): Pad 1 [GND] of C49 on F.Cu
    @(289.0000 mm, 155.8200 mm): Pad 1 [GND] of C52 on F.Cu
[unconnected_items]: Missing connection between items
    Local override; error
    @(287.8000 mm, 155.0800 mm): Pad 1 [GND] of C49 on F.Cu
    @(284.7000 mm, 156.2000 mm): Pad 2 [GND] of U7 on F.Cu
[unconnected_items]: Missing connection between items
    Local override; error
    @(287.8000 mm, 155.0800 mm): Pad 1 [GND] of C49 on F.Cu
    @(286.9500 mm, 151.5500 mm): PTH pad 21 [GND] of U6
[unconnected_items]: Missing connection between items
    Local override; error
    @(288.3000 mm, 78.4950 mm): Pad 2 [GND] of T3 on F.Cu
    @(288.7250 mm, 78.2000 mm): Pad 1 [GND] of C262 on B.Cu
[unconnected_items]: Missing connection between items
    Local override; error
    @(288.3000 mm, 78.4950 mm): Pad 2 [GND] of T3 on F.Cu
    @(289.1050 mm, 80.4125 mm): Pad 4 [GND] of U26 on B.Cu
[unconnected_items]: Missing connection between items
    Local override; error
    @(288.3000 mm, 82.8800 mm): Pad 1 [GND] of C145 on F.Cu
    @(289.1050 mm, 80.4125 mm): Pad 4 [GND] of U26 on B.Cu
[unconnected_items]: Missing connection between items
    Local override; error
    @(288.3000 mm, 108.3000 mm): PTH pad 41 [GND] of U44
    @(289.4375 mm, 108.2500 mm): Pad 9 [GND] of U44 on B.Cu
[unconnected_items]: Missing connection between items
    Local override; error
    @(288.5000 mm, 62.1750 mm): Pad 2 [GND] of C169 on F.Cu
    @(285.7500 mm, 64.2050 mm): Pad 1 [GND] of U17 on F.Cu
[unconnected_items]: Missing connection between items
    Local override; error
    @(288.5000 mm, 74.8200 mm): Pad 2 [GND] of C146 on F.Cu
    @(289.1000 mm, 73.1000 mm): Pad 8 [GND] of U21 on F.Cu
[unconnected_items]: Missing connection between items
    Local override; error
    @(288.5000 mm, 74.8200 mm): Pad 2 [GND] of C146 on F.Cu
    @(288.7250 mm, 78.2000 mm): Pad 1 [GND] of C262 on B.Cu
[unconnected_items]: Missing connection between items
    Local override; error
    @(288.5650 mm, 143.2500 mm): Pad 14 [GND] of U23 on B.Cu
    @(288.5650 mm, 142.7500 mm): Pad 15 [GND] of U23 on B.Cu
[unconnected_items]: Missing connection between items
    Local override; error
    @(288.5650 mm, 143.2500 mm): Pad 14 [GND] of U23 on B.Cu
    @(290.0000 mm, 143.0000 mm): Pad 17 [GND] of U23 on B.Cu
[unconnected_items]: Missing connection between items
    Local override; error
    @(288.9250 mm, 146.0750 mm): Pad 2 [GND] of SW5 on F.Cu
    @(287.0250 mm, 147.4000 mm): Pad 2 [GND] of C8 on B.Cu
[unconnected_items]: Missing connection between items
    Local override; error
    @(288.9250 mm, 146.0750 mm): Pad 2 [GND] of SW5 on F.Cu
    @(288.5650 mm, 143.2500 mm): Pad 14 [GND] of U23 on B.Cu
[unconnected_items]: Missing connection between items
    Local override; error
    @(288.9250 mm, 146.0750 mm): Pad 2 [GND] of SW5 on F.Cu
    @(291.8000 mm, 147.5250 mm): Pad 1 [GND] of C14 on B.Cu
[unconnected_items]: Missing connection between items
    Local override; error
    @(289.2000 mm, 99.6300 mm): Pad 2 [GND] of C28 on F.Cu
    @(289.3500 mm, 101.1000 mm): Pad 4 [GND] of Y6 on F.Cu
[unconnected_items]: Missing connection between items
    Local override; error
    @(289.2500 mm, 55.5400 mm): Pad 2 [GND] of J6 on F.Cu
    @(289.2500 mm, 55.5400 mm): Pad 2 [GND] of J6 on B.Cu
[unconnected_items]: Missing connection between items
    Local override; error
    @(289.2500 mm, 55.5400 mm): Pad 2 [GND] of J6 on B.Cu
    @(288.5000 mm, 62.1750 mm): Pad 2 [GND] of C169 on F.Cu
[unconnected_items]: Missing connection between items
    Local override; error
    @(289.2500 mm, 162.4600 mm): Pad 2 [GND] of J3 on F.Cu
    @(289.2500 mm, 162.4600 mm): Pad 2 [GND] of J3 on B.Cu
[unconnected_items]: Missing connection between items
    Local override; error
    @(289.3500 mm, 101.1000 mm): Pad 4 [GND] of Y6 on F.Cu
    @(287.6500 mm, 103.3000 mm): Pad 2 [GND] of Y6 on F.Cu
[unconnected_items]: Missing connection between items
    Local override; error
    @(289.4375 mm, 105.7500 mm): Pad 4 [GND] of U44 on B.Cu
    @(288.3000 mm, 105.9000 mm): PTH pad 41 [GND] of U44
[unconnected_items]: Missing connection between items
    Local override; error
    @(289.4375 mm, 105.7500 mm): Pad 4 [GND] of U44 on B.Cu
    @(291.9800 mm, 104.3000 mm): Pad 1 [GND] of C31 on F.Cu
[unconnected_items]: Missing connection between items
    Local override; error
    @(289.5750 mm, 117.4000 mm): Pad 2 [GND] of C249 on B.Cu
    @(287.5000 mm, 115.0000 mm): PTH pad S2 [GND] of SW1
[unconnected_items]: Missing connection between items
    Local override; error
    @(289.5750 mm, 119.1000 mm): Pad 2 [GND] of C250 on B.Cu
    @(289.5750 mm, 117.4000 mm): Pad 2 [GND] of C249 on B.Cu
[unconnected_items]: Missing connection between items
    Local override; error
    @(289.5800 mm, 71.6000 mm): Pad 1 [GND] of C148 on F.Cu
    @(289.1000 mm, 73.1000 mm): Pad 8 [GND] of U21 on F.Cu
[unconnected_items]: Missing connection between items
    Local override; error
    @(289.5800 mm, 71.6000 mm): Pad 1 [GND] of C148 on F.Cu
    @(287.8000 mm, 71.3250 mm): Pad 2 [GND] of R58 on B.Cu
[unconnected_items]: Missing connection between items
    Local override; error
    @(289.5800 mm, 71.6000 mm): Pad 1 [GND] of C148 on F.Cu
    @(292.0700 mm, 71.8900 mm): Pad 1 [GND] of C136 on F.Cu
[unconnected_items]: Missing connection between items
    Local override; error
    @(289.8250 mm, 95.1000 mm): Pad 1 [GND] of C180 on B.Cu
    @(289.0000 mm, 94.0000 mm): Pad 61 [GND] of U2 on F.Cu
[unconnected_items]: Missing connection between items
    Local override; error
    @(290.0000 mm, 143.0000 mm): Pad 17 [GND] of U23 on B.Cu
    @(291.4350 mm, 143.2500 mm): Pad 7 [GND] of U23 on B.Cu
[unconnected_items]: Missing connection between items
    Local override; error
    @(290.6750 mm, 111.0000 mm): Pad 2 [GND] of C246 on B.Cu
    @(289.4375 mm, 108.2500 mm): Pad 9 [GND] of U44 on B.Cu
[unconnected_items]: Missing connection between items
    Local override; error
    @(290.6750 mm, 112.7000 mm): Pad 2 [GND] of C245 on B.Cu
    @(290.6750 mm, 111.0000 mm): Pad 2 [GND] of C246 on B.Cu
[unconnected_items]: Missing connection between items
    Local override; error
    @(290.6750 mm, 112.7000 mm): Pad 2 [GND] of C245 on B.Cu
    @(287.4000 mm, 112.5750 mm): Pad 2 [GND] of C234 on B.Cu
[unconnected_items]: Missing connection between items
    Local override; error
    @(291.2500 mm, 80.2000 mm): Pad 2 [GND] of C129 on F.Cu
    @(292.3000 mm, 80.2000 mm): Pad 2 [GND] of C130 on F.Cu
[unconnected_items]: Missing connection between items
    Local override; error
    @(291.2500 mm, 80.2000 mm): Pad 2 [GND] of C129 on F.Cu
    @(289.1050 mm, 80.4125 mm): Pad 4 [GND] of U26 on B.Cu
[unconnected_items]: Missing connection between items
    Local override; error
    @(291.3950 mm, 81.5500 mm): Pad 2 [GND] of R57 on F.Cu
    @(291.2500 mm, 80.2000 mm): Pad 2 [GND] of C129 on F.Cu
[unconnected_items]: Missing connection between items
    Local override; error
    @(291.4000 mm, 90.5500 mm): Pad 47 [GND] of U2 on F.Cu
    @(291.7750 mm, 89.1000 mm): Pad 2 [GND] of C32 on F.Cu
[unconnected_items]: Missing connection between items
    Local override; error
    @(291.4000 mm, 90.5500 mm): Pad 47 [GND] of U2 on F.Cu
    @(289.0000 mm, 94.0000 mm): Pad 61 [GND] of U2 on F.Cu
[unconnected_items]: Missing connection between items
    Local override; error
    @(291.7750 mm, 87.4000 mm): Pad 2 [GND] of C29 on F.Cu
    @(293.8000 mm, 87.6250 mm): Pad 2 [GND] of C26 on F.Cu
[unconnected_items]: Missing connection between items
    Local override; error
    @(291.7750 mm, 87.4000 mm): Pad 2 [GND] of C29 on F.Cu
    @(288.6000 mm, 88.0200 mm): Pad 2 [GND] of C39 on F.Cu
[unconnected_items]: Missing connection between items
    Local override; error
    @(291.7750 mm, 89.1000 mm): Pad 2 [GND] of C32 on F.Cu
    @(291.7750 mm, 87.4000 mm): Pad 2 [GND] of C29 on F.Cu
[unconnected_items]: Missing connection between items
    Local override; error
    @(291.8000 mm, 147.5250 mm): Pad 1 [GND] of C14 on B.Cu
    @(293.0750 mm, 146.0750 mm): Pad 2 [GND] of SW5 on F.Cu
[unconnected_items]: Missing connection between items
    Local override; error
    @(291.8000 mm, 147.5250 mm): Pad 1 [GND] of C14 on B.Cu
    @(292.4800 mm, 150.2500 mm): Pad 2 [GND] of C46 on F.Cu
[unconnected_items]: Missing connection between items
    Local override; error
    @(291.8750 mm, 68.3000 mm): Pad 1 [GND] of C143 on F.Cu
    @(289.3000 mm, 66.8800 mm): Pad 1 [GND] of C142 on F.Cu
[unconnected_items]: Missing connection between items
    Local override; error
    @(291.9800 mm, 104.3000 mm): Pad 1 [GND] of C31 on F.Cu
    @(292.6250 mm, 105.7000 mm): Pad 2 [GND] of C230 on B.Cu
[unconnected_items]: Missing connection between items
    Local override; error
    @(292.0000 mm, 99.6300 mm): Pad 2 [GND] of C36 on F.Cu
    @(289.2000 mm, 99.6300 mm): Pad 2 [GND] of C28 on F.Cu
[unconnected_items]: Missing connection between items
    Local override; error
    @(292.0200 mm, 75.0200 mm): Pad 2 [GND] of C127 on F.Cu
    @(292.2000 mm, 76.2000 mm): Pad 1 [GND] of D18 on B.Cu
[unconnected_items]: Missing connection between items
    Local override; error
    @(292.0700 mm, 71.8900 mm): Pad 1 [GND] of C136 on F.Cu
    @(292.2000 mm, 72.8000 mm): Pad 1 [GND] of D19 on B.Cu
[unconnected_items]: Missing connection between items
    Local override; error
    @(292.2000 mm, 66.0000 mm): Pad 1 [GND] of D16 on B.Cu
    @(294.3500 mm, 66.0000 mm): Pad 2 [GND] of C204 on F.Cu
[unconnected_items]: Missing connection between items
    Local override; error
    @(292.2000 mm, 67.9000 mm): Pad 1 [GND] of D17 on B.Cu
    @(291.8750 mm, 68.3000 mm): Pad 1 [GND] of C143 on F.Cu
[unconnected_items]: Missing connection between items
    Local override; error
    @(292.2000 mm, 67.9000 mm): Pad 1 [GND] of D17 on B.Cu
    @(292.2000 mm, 66.0000 mm): Pad 1 [GND] of D16 on B.Cu
[unconnected_items]: Missing connection between items
    Local override; error
    @(292.2000 mm, 72.8000 mm): Pad 1 [GND] of D19 on B.Cu
    @(292.0200 mm, 75.0200 mm): Pad 2 [GND] of C127 on F.Cu
[unconnected_items]: Missing connection between items
    Local override; error
    @(292.3000 mm, 80.2000 mm): Pad 2 [GND] of C130 on F.Cu
    @(293.5000 mm, 81.8000 mm): Pad 1 [GND] of TP9 on B.Cu
[unconnected_items]: Missing connection between items
    Local override; error
    @(292.4800 mm, 150.2500 mm): Pad 2 [GND] of C46 on F.Cu
    @(294.7000 mm, 150.0250 mm): Pad 2 [GND] of C45 on F.Cu
[unconnected_items]: Missing connection between items
    Local override; error
    @(292.4800 mm, 151.6500 mm): Pad 1 [GND] of C47 on F.Cu
    @(292.4800 mm, 150.2500 mm): Pad 2 [GND] of C46 on F.Cu
[unconnected_items]: Missing connection between items
    Local override; error
    @(292.8500 mm, 109.2000 mm): Pad 2 [GND] of C231 on B.Cu
    @(290.6750 mm, 111.0000 mm): Pad 2 [GND] of C246 on B.Cu
[unconnected_items]: Missing connection between items
    Local override; error
    @(292.8800 mm, 156.7000 mm): Pad 1 [GND] of C51 on F.Cu
    @(293.9750 mm, 153.5000 mm): Pad 2 [GND] of C10 on B.Cu
[unconnected_items]: Missing connection between items
    Local override; error
    @(293.0750 mm, 146.0750 mm): Pad 2 [GND] of SW5 on F.Cu
    @(294.9250 mm, 146.2000 mm): Pad 2 [GND] of R9 on B.Cu
[unconnected_items]: Missing connection between items
    Local override; error
    @(293.4000 mm, 68.0200 mm): Pad 2 [GND] of C134 on F.Cu
    @(292.2000 mm, 67.9000 mm): Pad 1 [GND] of D17 on B.Cu
[unconnected_items]: Missing connection between items
    Local override; error
    @(293.9700 mm, 70.4500 mm): Pad 4 [GND] of Y3 on F.Cu
    @(292.0700 mm, 71.8900 mm): Pad 1 [GND] of C136 on F.Cu
[unconnected_items]: Missing connection between items
    Local override; error
    @(293.9700 mm, 70.4500 mm): Pad 4 [GND] of Y3 on F.Cu
    @(293.4000 mm, 68.0200 mm): Pad 2 [GND] of C134 on F.Cu
[unconnected_items]: Missing connection between items
    Local override; error
    @(293.9700 mm, 70.4500 mm): Pad 4 [GND] of Y3 on F.Cu
    @(296.1700 mm, 72.1500 mm): Pad 2 [GND] of Y3 on F.Cu
[unconnected_items]: Missing connection between items
    Local override; error
    @(293.9750 mm, 153.5000 mm): Pad 2 [GND] of C10 on B.Cu
    @(292.4800 mm, 151.6500 mm): Pad 1 [GND] of C47 on F.Cu
[unconnected_items]: Missing connection between items
    Local override; error
    @(294.3400 mm, 81.5000 mm): Pad 2 [GND] of C131 on F.Cu
    @(293.5000 mm, 81.8000 mm): Pad 1 [GND] of TP9 on B.Cu
[unconnected_items]: Missing connection between items
    Local override; error
    @(294.5000 mm, 79.5700 mm): Pad 16 [GND] of U5 on F.Cu
    @(294.3400 mm, 81.5000 mm): Pad 2 [GND] of C131 on F.Cu
[unconnected_items]: Missing connection between items
    Local override; error
    @(294.5000 mm, 97.7750 mm): Pad 2 [GND] of C151 on F.Cu
    @(296.5000 mm, 97.7750 mm): Pad 2 [GND] of C152 on F.Cu
[unconnected_items]: Missing connection between items
    Local override; error
    @(294.5000 mm, 97.7750 mm): Pad 2 [GND] of C151 on F.Cu
    @(292.0000 mm, 99.6300 mm): Pad 2 [GND] of C36 on F.Cu
[unconnected_items]: Missing connection between items
    Local override; error
    @(294.5000 mm, 97.7750 mm): Pad 2 [GND] of C151 on F.Cu
    @(295.4800 mm, 94.0000 mm): Pad 2 [GND] of C37 on F.Cu
[unconnected_items]: Missing connection between items
    Local override; error
    @(294.7000 mm, 150.0250 mm): Pad 2 [GND] of C45 on F.Cu
    @(295.0750 mm, 150.1000 mm): Pad 1 [GND] of C15 on B.Cu
[unconnected_items]: Missing connection between items
    Local override; error
    @(294.9250 mm, 142.6000 mm): Pad 2 [GND] of R10 on B.Cu
    @(296.2500 mm, 139.9625 mm): Pad 8 [GND] of U13 on F.Cu
[unconnected_items]: Missing connection between items
    Local override; error
    @(295.0000 mm, 73.6200 mm): Pad 2 [GND] of C126 on F.Cu
    @(296.1700 mm, 72.1500 mm): Pad 2 [GND] of Y3 on F.Cu
[unconnected_items]: Missing connection between items
    Local override; error
    @(295.0000 mm, 143.8250 mm): Pad 1 [GND] of R2 on F.Cu
    @(294.9250 mm, 142.6000 mm): Pad 2 [GND] of R10 on B.Cu
[unconnected_items]: Missing connection between items
    Local override; error
    @(295.0000 mm, 143.8250 mm): Pad 1 [GND] of R2 on F.Cu
    @(295.8750 mm, 146.0000 mm): Pad 2 [GND] of R5 on F.Cu
[unconnected_items]: Missing connection between items
    Local override; error
    @(295.4500 mm, 63.6500 mm): Pad 3 [GND] of D10 on F.Cu
    @(294.3500 mm, 66.0000 mm): Pad 2 [GND] of C204 on F.Cu
[unconnected_items]: Missing connection between items
    Local override; error
    @(295.4500 mm, 63.6500 mm): Pad 3 [GND] of D10 on F.Cu
    @(299.0500 mm, 60.7000 mm): Pad 1 [GND] of U41 on F.Cu
[unconnected_items]: Missing connection between items
    Local override; error
    @(295.4800 mm, 91.0000 mm): Pad 2 [GND] of C38 on F.Cu
    @(295.4800 mm, 92.0000 mm): Pad 2 [GND] of C175 on F.Cu
[unconnected_items]: Missing connection between items
    Local override; error
    @(295.4800 mm, 91.0000 mm): Pad 2 [GND] of C38 on F.Cu
    @(296.2250 mm, 89.6500 mm): Pad 2 [GND] of C165 on F.Cu
[unconnected_items]: Missing connection between items
    Local override; error
    @(295.4800 mm, 93.0000 mm): Pad 2 [GND] of C133 on F.Cu
    @(295.4800 mm, 92.0000 mm): Pad 2 [GND] of C175 on F.Cu
[unconnected_items]: Missing connection between items
    Local override; error
    @(295.4800 mm, 94.0000 mm): Pad 2 [GND] of C37 on F.Cu
    @(295.4800 mm, 93.0000 mm): Pad 2 [GND] of C133 on F.Cu
[unconnected_items]: Missing connection between items
    Local override; error
    @(295.5000 mm, 77.7000 mm): Pad 21 [GND] of U5 on F.Cu
    @(296.0000 mm, 79.5700 mm): Pad 19 [GND] of U5 on F.Cu
[unconnected_items]: Missing connection between items
    Local override; error
    @(295.5750 mm, 129.2000 mm): Pad 1 [GND] of C174 on F.Cu
    @(297.9250 mm, 127.0750 mm): Pad 2 [GND] of SW2 on F.Cu
[unconnected_items]: Missing connection between items
    Local override; error
    @(295.6000 mm, 117.2000 mm): Pad 2 [GND] of C18 on F.Cu
    @(289.5750 mm, 117.4000 mm): Pad 2 [GND] of C249 on B.Cu
[unconnected_items]: Missing connection between items
    Local override; error
    @(295.7250 mm, 103.9000 mm): Pad 2 [GND] of R146 on B.Cu
    @(299.0000 mm, 102.8250 mm): Pad 1 [GND] of R25 on F.Cu
[unconnected_items]: Missing connection between items
    Local override; error
    @(295.7250 mm, 103.9000 mm): Pad 2 [GND] of R146 on B.Cu
    @(292.6250 mm, 105.7000 mm): Pad 2 [GND] of C230 on B.Cu
[unconnected_items]: Missing connection between items
    Local override; error
    @(295.8750 mm, 146.0000 mm): Pad 2 [GND] of R5 on F.Cu
    @(294.9250 mm, 146.2000 mm): Pad 2 [GND] of R9 on B.Cu
[unconnected_items]: Missing connection between items
    Local override; error
    @(296.0000 mm, 79.5700 mm): Pad 19 [GND] of U5 on F.Cu
    @(294.5000 mm, 79.5700 mm): Pad 16 [GND] of U5 on F.Cu
[unconnected_items]: Missing connection between items
    Local override; error
    @(296.2500 mm, 139.9625 mm): Pad 8 [GND] of U13 on F.Cu
    @(293.2000 mm, 138.7250 mm): Pad 2 [GND] of C13 on B.Cu
[unconnected_items]: Missing connection between items
    Local override; error
    @(296.3200 mm, 67.7000 mm): Pad 2 [GND] of C203 on F.Cu
    @(294.3500 mm, 66.0000 mm): Pad 2 [GND] of C204 on F.Cu
[unconnected_items]: Missing connection between items
    Local override; error
    @(296.3750 mm, 92.0000 mm): Pad 2 [GND] of R150 on B.Cu
    @(295.4800 mm, 92.0000 mm): Pad 2 [GND] of C175 on F.Cu
[unconnected_items]: Missing connection between items
    Local override; error
    @(296.5000 mm, 86.9250 mm): Pad 1 [GND] of C261 on B.Cu
    @(296.2250 mm, 85.3500 mm): Pad 2 [GND] of C164 on F.Cu
[unconnected_items]: Missing connection between items
    Local override; error
    @(296.5000 mm, 86.9250 mm): Pad 1 [GND] of C261 on B.Cu
    @(296.2250 mm, 89.6500 mm): Pad 2 [GND] of C165 on F.Cu
[unconnected_items]: Missing connection between items
    Local override; error
    @(296.5000 mm, 86.9250 mm): Pad 1 [GND] of C261 on B.Cu
    @(293.8000 mm, 87.6250 mm): Pad 2 [GND] of C26 on F.Cu
[unconnected_items]: Missing connection between items
    Local override; error
    @(296.5000 mm, 86.9250 mm): Pad 1 [GND] of C261 on B.Cu
    @(299.5000 mm, 87.6250 mm): Pad 1 [GND] of C260 on B.Cu
[unconnected_items]: Missing connection between items
    Local override; error
    @(296.5000 mm, 97.7750 mm): Pad 2 [GND] of C152 on F.Cu
    @(298.4750 mm, 98.9050 mm): Pad 4 [GND] of U40 on B.Cu
[unconnected_items]: Missing connection between items
    Local override; error
    @(296.9000 mm, 131.6500 mm): Pad 2 [GND] of C7 on F.Cu
    @(295.5750 mm, 129.2000 mm): Pad 1 [GND] of C174 on F.Cu
[unconnected_items]: Missing connection between items
    Local override; error
    @(297.8000 mm, 111.2250 mm): Pad 2 [GND] of R12 on F.Cu
    @(297.8250 mm, 108.7000 mm): Pad 2 [GND] of R147 on B.Cu
[unconnected_items]: Missing connection between items
    Local override; error
    @(297.9250 mm, 127.0750 mm): Pad 2 [GND] of SW2 on F.Cu
    @(302.0750 mm, 127.0750 mm): Pad 2 [GND] of SW2 on F.Cu
[unconnected_items]: Missing connection between items
    Local override; error
    @(298.0700 mm, 72.0000 mm): Pad 1 [GND] of C135 on F.Cu
    @(296.1700 mm, 72.1500 mm): Pad 2 [GND] of Y3 on F.Cu
[unconnected_items]: Missing connection between items
    Local override; error
    @(298.0700 mm, 72.0000 mm): Pad 1 [GND] of C135 on F.Cu
    @(300.4000 mm, 73.0750 mm): Pad 2 [GND] of C132 on F.Cu
[unconnected_items]: Missing connection between items
    Local override; error
    @(298.2000 mm, 106.5750 mm): Pad 1 [GND] of C17 on F.Cu
    @(297.8250 mm, 108.7000 mm): Pad 2 [GND] of R147 on B.Cu
[unconnected_items]: Missing connection between items
    Local override; error
    @(299.0000 mm, 102.8250 mm): Pad 1 [GND] of R25 on F.Cu
    @(301.2250 mm, 103.0000 mm): Pad 2 [GND] of C158 on F.Cu
[unconnected_items]: Missing connection between items
    Local override; error
    @(299.1000 mm, 74.5200 mm): Pad 1 [GND] of C137 on F.Cu
    @(300.4000 mm, 73.0750 mm): Pad 2 [GND] of C132 on F.Cu
[unconnected_items]: Missing connection between items
    Local override; error
    @(299.1500 mm, 76.6200 mm): Pad 2 [GND] of C128 on F.Cu
    @(299.1000 mm, 74.5200 mm): Pad 1 [GND] of C137 on F.Cu
[unconnected_items]: Missing connection between items
    Local override; error
    @(299.2250 mm, 123.0000 mm): Pad 1 [GND] of C177 on F.Cu
    @(299.9500 mm, 121.5000 mm): Pad 1 [GND] of C172 on B.Cu
[unconnected_items]: Missing connection between items
    Local override; error
    @(299.2250 mm, 123.0000 mm): Pad 1 [GND] of C177 on F.Cu
    @(297.9250 mm, 127.0750 mm): Pad 2 [GND] of SW2 on F.Cu
[unconnected_items]: Missing connection between items
    Local override; error
    @(299.3000 mm, 147.1750 mm): Pad 2 [GND] of R7 on B.Cu
    @(300.9250 mm, 146.0750 mm): Pad 2 [GND] of SW8 on F.Cu
[unconnected_items]: Missing connection between items
    Local override; error
    @(299.3000 mm, 147.1750 mm): Pad 2 [GND] of R7 on B.Cu
    @(295.8750 mm, 146.0000 mm): Pad 2 [GND] of R5 on F.Cu
[unconnected_items]: Missing connection between items
    Local override; error
    @(299.6625 mm, 105.9500 mm): Pad 2 [GND] of Q3 on B.Cu
    @(298.2000 mm, 106.5750 mm): Pad 1 [GND] of C17 on F.Cu
[unconnected_items]: Missing connection between items
    Local override; error
    @(299.9500 mm, 94.0000 mm): Pad 2 [GND] of C40 on F.Cu
    @(296.3750 mm, 92.0000 mm): Pad 2 [GND] of R150 on B.Cu
[unconnected_items]: Missing connection between items
    Local override; error
    @(300.2450 mm, 105.8000 mm): Pad 2 [GND] of U25 on F.Cu
    @(299.6625 mm, 105.9500 mm): Pad 2 [GND] of Q3 on B.Cu
[unconnected_items]: Missing connection between items
    Local override; error
    @(300.2450 mm, 105.8000 mm): Pad 2 [GND] of U25 on F.Cu
    @(301.2250 mm, 103.0000 mm): Pad 2 [GND] of C158 on F.Cu
[unconnected_items]: Missing connection between items
    Local override; error
    @(300.5000 mm, 85.3500 mm): Pad 8 [GND] of U38 on F.Cu
    @(299.5000 mm, 87.6250 mm): Pad 1 [GND] of C260 on B.Cu
[unconnected_items]: Missing connection between items
    Local override; error
    @(300.5000 mm, 85.3500 mm): Pad 8 [GND] of U38 on F.Cu
    @(301.0625 mm, 81.2500 mm): Pad 18 [GND] of U33 on F.Cu
[unconnected_items]: Missing connection between items
    Local override; error
    @(300.7500 mm, 55.5400 mm): Pad 2 [GND] of J17 on F.Cu
    @(300.7500 mm, 55.5400 mm): Pad 2 [GND] of J17 on B.Cu
[unconnected_items]: Missing connection between items
    Local override; error
    @(300.7500 mm, 55.5400 mm): Pad 2 [GND] of J17 on F.Cu
    @(299.0500 mm, 60.7000 mm): Pad 1 [GND] of U41 on F.Cu
[unconnected_items]: Missing connection between items
    Local override; error
    @(300.7500 mm, 162.4600 mm): Pad 2 [GND] of J18 on F.Cu
    @(300.7500 mm, 162.4600 mm): Pad 2 [GND] of J18 on B.Cu
[unconnected_items]: Missing connection between items
    Local override; error
    @(300.7500 mm, 162.4600 mm): Pad 2 [GND] of J18 on F.Cu
    @(304.3500 mm, 155.5000 mm): Pad 3 [GND] of J1 on F.Cu
[unconnected_items]: Missing connection between items
    Local override; error
    @(300.7500 mm, 162.4600 mm): Pad 2 [GND] of J18 on F.Cu
    @(309.2500 mm, 162.4600 mm): Pad 2 [GND] of J18 on B.Cu
[unconnected_items]: Missing connection between items
    Local override; error
    @(301.0625 mm, 81.2500 mm): Pad 18 [GND] of U33 on F.Cu
    @(303.2500 mm, 81.9375 mm): Pad 22 [GND] of U33 on F.Cu
[unconnected_items]: Missing connection between items
    Local override; error
    @(301.2000 mm, 111.0250 mm): Pad 1 [GND] of R104 on B.Cu
    @(297.8000 mm, 111.2250 mm): Pad 2 [GND] of R12 on F.Cu
[unconnected_items]: Missing connection between items
    Local override; error
    @(301.2250 mm, 103.0000 mm): Pad 2 [GND] of C158 on F.Cu
    @(302.8875 mm, 101.0000 mm): Pad 3 [GND] of U34 on F.Cu
[unconnected_items]: Missing connection between items
    Local override; error
    @(302.2000 mm, 74.9250 mm): Pad 2 [GND] of C155 on F.Cu
    @(300.4000 mm, 73.0750 mm): Pad 2 [GND] of C132 on F.Cu
[unconnected_items]: Missing connection between items
    Local override; error
    @(302.2550 mm, 92.0000 mm): Pad 2 [GND] of U50 on B.Cu
    @(299.9500 mm, 94.0000 mm): Pad 2 [GND] of C40 on F.Cu
[unconnected_items]: Missing connection between items
    Local override; error
    @(302.2550 mm, 92.0000 mm): Pad 2 [GND] of U50 on B.Cu
    @(304.7700 mm, 89.5000 mm): PTH pad 2 [GND] of J2
[unconnected_items]: Missing connection between items
    Local override; error
    @(302.3000 mm, 71.1750 mm): Pad 1 [GND] of R80 on F.Cu
    @(300.4000 mm, 73.0750 mm): Pad 2 [GND] of C132 on F.Cu
[unconnected_items]: Missing connection between items
    Local override; error
    @(302.8000 mm, 61.1250 mm): Pad 2 [GND] of J22 on B.Cu
    @(299.0500 mm, 60.7000 mm): Pad 1 [GND] of U41 on F.Cu
[unconnected_items]: Missing connection between items
    Local override; error
    @(303.0000 mm, 110.6250 mm): Pad 2 [GND] of R14 on F.Cu
    @(301.2000 mm, 111.0250 mm): Pad 1 [GND] of R104 on B.Cu
[unconnected_items]: Missing connection between items
    Local override; error
    @(303.0000 mm, 110.6250 mm): Pad 2 [GND] of R14 on F.Cu
    @(305.3250 mm, 113.7600 mm): Pad SH [GND] of J12 on F.Cu
[unconnected_items]: Missing connection between items
    Local override; error
    @(303.0000 mm, 135.4250 mm): Pad 2 [GND] of R15 on B.Cu
    @(306.6250 mm, 136.4500 mm): Pad 1 [GND] of U49 on B.Cu
[unconnected_items]: Missing connection between items
    Local override; error
    @(303.0000 mm, 135.4250 mm): Pad 2 [GND] of R15 on B.Cu
    @(300.2000 mm, 138.0000 mm): Pad 1 [GND] of NT1 on B.Cu
[unconnected_items]: Missing connection between items
    Local override; error
    @(303.2500 mm, 81.9375 mm): Pad 22 [GND] of U33 on F.Cu
    @(303.0000 mm, 80.0000 mm): Pad 25 [GND] of U33 on F.Cu
[unconnected_items]: Missing connection between items
    Local override; error
    @(303.9000 mm, 74.9250 mm): Pad 2 [GND] of C156 on F.Cu
    @(302.2000 mm, 74.9250 mm): Pad 2 [GND] of C155 on F.Cu
[unconnected_items]: Missing connection between items
    Local override; error
    @(303.9000 mm, 74.9250 mm): Pad 2 [GND] of C156 on F.Cu
    @(306.5000 mm, 76.2250 mm): Pad 2 [GND] of C154 on F.Cu
[unconnected_items]: Missing connection between items
    Local override; error
    @(304.2500 mm, 81.9375 mm): Pad 24 [GND] of U33 on F.Cu
    @(303.2500 mm, 81.9375 mm): Pad 22 [GND] of U33 on F.Cu
[unconnected_items]: Missing connection between items
    Local override; error
    @(304.3000 mm, 103.8500 mm): Pad 1 [GND] of D5 on F.Cu
    @(302.8875 mm, 101.0000 mm): Pad 3 [GND] of U34 on F.Cu
[unconnected_items]: Missing connection between items
    Local override; error
    @(304.9375 mm, 80.7500 mm): Pad 2 [GND] of U33 on F.Cu
    @(304.2500 mm, 81.9375 mm): Pad 24 [GND] of U33 on F.Cu
[unconnected_items]: Missing connection between items
    Local override; error
    @(304.9375 mm, 80.7500 mm): Pad 2 [GND] of U33 on F.Cu
    @(306.8125 mm, 80.0000 mm): Pad 3 [GND] of U32 on F.Cu
[unconnected_items]: Missing connection between items
    Local override; error
    @(305.0750 mm, 146.0750 mm): Pad 2 [GND] of SW8 on F.Cu
    @(308.9375 mm, 145.0000 mm): Pad 3 [GND] of D6 on F.Cu
[unconnected_items]: Missing connection between items
    Local override; error
    @(305.0750 mm, 146.0750 mm): Pad 2 [GND] of SW8 on F.Cu
    @(300.9250 mm, 146.0750 mm): Pad 2 [GND] of SW8 on F.Cu
[unconnected_items]: Missing connection between items
    Local override; error
    @(305.0750 mm, 146.0750 mm): Pad 2 [GND] of SW8 on F.Cu
    @(307.9000 mm, 149.4250 mm): Pad 2 [GND] of C16 on F.Cu
[unconnected_items]: Missing connection between items
    Local override; error
    @(305.3250 mm, 113.7600 mm): Pad SH [GND] of J12 on F.Cu
    @(305.3250 mm, 119.7300 mm): Pad SH [GND] of J12 on F.Cu
[unconnected_items]: Missing connection between items
    Local override; error
    @(305.3250 mm, 119.7300 mm): Pad SH [GND] of J12 on F.Cu
    @(305.4000 mm, 123.8500 mm): Pad 3 [GND] of U42 on F.Cu
[unconnected_items]: Missing connection between items
    Local override; error
    @(305.4000 mm, 105.7500 mm): Pad 2 [GND] of C157 on B.Cu
    @(304.3000 mm, 103.8500 mm): Pad 1 [GND] of D5 on F.Cu
[unconnected_items]: Missing connection between items
    Local override; error
    @(305.4000 mm, 105.7500 mm): Pad 2 [GND] of C157 on B.Cu
    @(310.4400 mm, 106.5700 mm): PTH pad SH [GND] of J8
[unconnected_items]: Missing connection between items
    Local override; error
    @(305.4000 mm, 123.8500 mm): Pad 3 [GND] of U42 on F.Cu
    @(302.0750 mm, 127.0750 mm): Pad 2 [GND] of SW2 on F.Cu
[unconnected_items]: Missing connection between items
    Local override; error
    @(305.5000 mm, 68.4000 mm): Pad 2 [GND] of BZ1 on B.Cu
    @(308.5500 mm, 67.3000 mm): Pad 12 [GND] of U41 on F.Cu
[unconnected_items]: Missing connection between items
    Local override; error
    @(305.5000 mm, 68.4000 mm): Pad 2 [GND] of BZ1 on B.Cu
    @(302.3000 mm, 71.1750 mm): Pad 1 [GND] of R80 on F.Cu
[unconnected_items]: Missing connection between items
    Local override; error
    @(305.7750 mm, 91.0000 mm): Pad 1 [GND] of C259 on B.Cu
    @(304.7700 mm, 89.5000 mm): PTH pad 2 [GND] of J2
[unconnected_items]: Missing connection between items
    Local override; error
    @(305.8250 mm, 93.0000 mm): Pad 2 [GND] of R149 on B.Cu
    @(305.7750 mm, 91.0000 mm): Pad 1 [GND] of C259 on B.Cu
[unconnected_items]: Missing connection between items
    Local override; error
    @(305.8250 mm, 93.0000 mm): Pad 2 [GND] of R149 on B.Cu
    @(307.7300 mm, 96.5000 mm): PTH pad 4 [GND] of J8
[unconnected_items]: Missing connection between items
    Local override; error
    @(306.5000 mm, 76.2250 mm): Pad 2 [GND] of C154 on F.Cu
    @(308.2000 mm, 76.2250 mm): Pad 2 [GND] of C153 on F.Cu
[unconnected_items]: Missing connection between items
    Local override; error
    @(306.6250 mm, 136.4500 mm): Pad 1 [GND] of U49 on B.Cu
    @(306.7500 mm, 134.3000 mm): Pad 1 [GND] of C22 on B.Cu
[unconnected_items]: Missing connection between items
    Local override; error
    @(306.8125 mm, 80.0000 mm): Pad 3 [GND] of U32 on F.Cu
    @(306.5000 mm, 76.2250 mm): Pad 2 [GND] of C154 on F.Cu
[unconnected_items]: Missing connection between items
    Local override; error
    @(307.1750 mm, 82.0000 mm): Pad 2 [GND] of R77 on F.Cu
    @(306.8125 mm, 80.0000 mm): Pad 3 [GND] of U32 on F.Cu
[unconnected_items]: Missing connection between items
    Local override; error
    @(307.3000 mm, 123.7250 mm): Pad 1 [GND] of C181 on F.Cu
    @(305.4000 mm, 123.8500 mm): Pad 3 [GND] of U42 on F.Cu
[unconnected_items]: Missing connection between items
    Local override; error
    @(307.3000 mm, 123.7250 mm): Pad 1 [GND] of C181 on F.Cu
    @(312.2750 mm, 123.9500 mm): Pad 1 [GND] of C159 on F.Cu
[unconnected_items]: Missing connection between items
    Local override; error
    @(308.5500 mm, 67.3000 mm): Pad 12 [GND] of U41 on F.Cu
    @(311.0500 mm, 62.7750 mm): Pad 2 [GND] of C168 on B.Cu
[unconnected_items]: Missing connection between items
    Local override; error
    @(308.5500 mm, 69.5000 mm): Pad 10 [GND] of U41 on F.Cu
    @(308.5500 mm, 67.3000 mm): Pad 12 [GND] of U41 on F.Cu
[unconnected_items]: Missing connection between items
    Local override; error
    @(308.8000 mm, 135.5250 mm): Pad 1 [GND] of C20 on B.Cu
    @(306.6250 mm, 136.4500 mm): Pad 1 [GND] of U49 on B.Cu
[unconnected_items]: Missing connection between items
    Local override; error
    @(308.8000 mm, 135.5250 mm): Pad 1 [GND] of C20 on B.Cu
    @(310.5000 mm, 139.0000 mm): Pad 1 [GND] of TP6 on F.Cu
[unconnected_items]: Missing connection between items
    Local override; error
    @(308.9375 mm, 145.0000 mm): Pad 3 [GND] of D6 on F.Cu
    @(309.1750 mm, 145.0000 mm): Pad 1 [GND] of C21 on B.Cu
[unconnected_items]: Missing connection between items
    Local override; error
    @(309.0000 mm, 86.2750 mm): Pad 2 [GND] of C150 on F.Cu
    @(311.8800 mm, 84.3250 mm): PTH pad S3 [GND] of J7
[unconnected_items]: Missing connection between items
    Local override; error
    @(309.1750 mm, 141.2000 mm): Pad 1 [GND] of C19 on B.Cu
    @(311.6500 mm, 143.1250 mm): Pad 4 [GND] of J9 on F.Cu
[unconnected_items]: Missing connection between items
    Local override; error
    @(309.1750 mm, 145.0000 mm): Pad 1 [GND] of C21 on B.Cu
    @(311.6500 mm, 143.1250 mm): Pad 4 [GND] of J9 on F.Cu
[unconnected_items]: Missing connection between items
    Local override; error
    @(309.2500 mm, 55.5400 mm): Pad 2 [GND] of J17 on F.Cu
    @(309.2500 mm, 55.5400 mm): Pad 2 [GND] of J17 on B.Cu
[unconnected_items]: Missing connection between items
    Local override; error
    @(309.2500 mm, 162.4600 mm): Pad 2 [GND] of J18 on B.Cu
    @(309.2500 mm, 162.4600 mm): Pad 2 [GND] of J18 on F.Cu

** Found 4 Footprint errors **
[footprint_symbol_field_mismatch]: Field 'Description' differs (PCB: '', Schematic: 'Mounting Hole without connection')
    Local override; warning
    @(256.0000 mm, 57.0000 mm): Footprint H1
[footprint_symbol_field_mismatch]: Field 'Description' differs (PCB: '', Schematic: 'Mounting Hole without connection')
    Local override; warning
    @(314.0000 mm, 57.0000 mm): Footprint H2
[footprint_symbol_field_mismatch]: Field 'Description' differs (PCB: '', Schematic: 'Mounting Hole without connection')
    Local override; warning
    @(256.0000 mm, 161.0000 mm): Footprint H3
[footprint_symbol_field_mismatch]: Field 'Description' differs (PCB: '', Schematic: 'Mounting Hole without connection')
    Local override; warning
    @(314.0000 mm, 161.0000 mm): Footprint H4

** Ignored checks **
    - Track endpoint not centered on via
    - Footprint doesn't match symbol's footprint filters
    - Footprint component type doesn't match footprint pads

** End of Report **
