ISO-10303-21;
HEADER;
/* Generated by software containing ST-Developer
 * from STEP Tools, Inc. (www.steptools.com) 
 */
/* OPTION: using custom schema-name function */

FILE_DESCRIPTION(
/* description */ (''),
/* implementation_level */ '2;1');

FILE_NAME(
/* name */ '1053071203wbm000_01_214.stp',
/* time_stamp */ '2021-10-06T01:07:31+06:00',
/* author */ (''),
/* organization */ (''),
/* preprocessor_version */ 'ST-DEVELOPER v16.7',
/* originating_system */ 'SIEMENS PLM Software NX 1919',
/* authorisation */ '');

FILE_SCHEMA (('AUTOMOTIVE_DESIGN { 1 0 10303 214 3 1 1 1 }'));
ENDSEC;

DATA;
#10=SHAPE_REPRESENTATION_RELATIONSHIP('None',
'relationship between 1053071203wbm000_01-None and 1053071203wbm000_01
-None',#22,#11);
#11=ADVANCED_BREP_SHAPE_REPRESENTATION('1053071203wbm000_01-None',(#32),
#6534);
#12=SHAPE_DEFINITION_REPRESENTATION(#13,#22);
#13=PRODUCT_DEFINITION_SHAPE('','',#14);
#14=PRODUCT_DEFINITION(' ','',#16,#15);
#15=PRODUCT_DEFINITION_CONTEXT('part definition',#21,'design');
#16=PRODUCT_DEFINITION_FORMATION_WITH_SPECIFIED_SOURCE(' ',' ',#18,
 .NOT_KNOWN.);
#17=PRODUCT_RELATED_PRODUCT_CATEGORY('part','',(#18));
#18=PRODUCT('1053071203wbm000_01','1053071203wbm000_01',' ',(#19));
#19=PRODUCT_CONTEXT(' ',#21,'mechanical');
#20=APPLICATION_PROTOCOL_DEFINITION('international standard',
'automotive_design',2010,#21);
#21=APPLICATION_CONTEXT(
'core data for automotive mechanical design processes');
#22=SHAPE_REPRESENTATION('1053071203wbm000_01-None',(#4133),#6534);
#23=PRESENTATION_LAYER_ASSIGNMENT('1','Layer 1',(#32));
#24=STYLED_ITEM('',(#25),#32);
#25=PRESENTATION_STYLE_ASSIGNMENT((#26));
#26=SURFACE_STYLE_USAGE(.BOTH.,#27);
#27=SURFACE_SIDE_STYLE('',(#28));
#28=SURFACE_STYLE_FILL_AREA(#29);
#29=FILL_AREA_STYLE('',(#30));
#30=FILL_AREA_STYLE_COLOUR('',#31);
#31=COLOUR_RGB('Medium Steel',0.596063172350652,0.666666666666667,0.686259250782025);
#32=MANIFOLD_SOLID_BREP('',#33);
#33=CLOSED_SHELL('',(#67,#68,#69,#70,#71,#72,#73,#74,#75,#76,#77,#78,#79,
#80,#81,#82,#83,#84,#85,#86,#87,#88,#89,#90,#91,#92,#93,#94,#95,#96,#97,
#98,#99,#100,#101,#102,#103,#104,#105,#106,#107,#108,#109,#110,#111,#112,
#113,#114,#115,#116,#117,#118,#119,#120,#121,#122,#123,#124,#125,#126,#127,
#128,#129,#130,#131,#132,#133,#134,#135,#136,#137,#138,#139,#140,#141,#142,
#143,#144,#145,#146,#147,#148,#149,#150,#151,#152,#153,#154,#155,#156,#157,
#158,#159,#160,#161,#162,#163,#164,#165,#166,#167,#168,#169,#170,#171,#172,
#173,#174,#175,#176,#177,#178,#179,#180,#181,#182,#183,#184,#185,#186,#187,
#188,#189,#190,#191,#192,#193,#194,#195,#196,#197,#198,#199,#200,#201,#202,
#203,#204,#205,#206,#207,#208,#209,#210,#211,#212,#213,#214,#215,#216,#217,
#218,#219,#220,#221,#222,#223,#224,#225,#226,#227,#228,#229,#230,#231,#232,
#233,#234,#235,#236,#237,#238,#239,#240,#241,#242,#243,#244,#245,#246,#247,
#248,#249,#250,#251,#252,#253,#254,#255,#256,#257,#258,#259,#260,#261,#262,
#263,#264,#265,#266,#267,#268,#269,#270,#271,#272,#273,#274,#275,#276));
#34=CYLINDRICAL_SURFACE('',#4170,0.299999999999999);
#35=CYLINDRICAL_SURFACE('',#4183,0.299999999999999);
#36=CYLINDRICAL_SURFACE('',#4201,0.299999999999987);
#37=CYLINDRICAL_SURFACE('',#4203,0.6);
#38=CYLINDRICAL_SURFACE('',#4204,0.9);
#39=CYLINDRICAL_SURFACE('',#4236,0.35);
#40=CYLINDRICAL_SURFACE('',#4237,0.35);
#41=CIRCLE('',#4145,0.6);
#42=CIRCLE('',#4146,0.299999999999987);
#43=CIRCLE('',#4147,0.9);
#44=CIRCLE('',#4149,0.9);
#45=CIRCLE('',#4150,0.299999999999987);
#46=CIRCLE('',#4151,0.6);
#47=CIRCLE('',#4168,0.299999999999999);
#48=CIRCLE('',#4169,0.299999999999999);
#49=CIRCLE('',#4181,0.299999999999999);
#50=CIRCLE('',#4182,0.299999999999999);
#51=CIRCLE('',#4228,0.35);
#52=CIRCLE('',#4229,0.35);
#53=CIRCLE('',#4232,0.35);
#54=CIRCLE('',#4233,0.35);
#55=FACE_BOUND('',#694,.T.);
#56=FACE_BOUND('',#695,.T.);
#57=FACE_BOUND('',#696,.T.);
#58=FACE_BOUND('',#697,.T.);
#59=FACE_BOUND('',#738,.T.);
#60=FACE_BOUND('',#739,.T.);
#61=FACE_BOUND('',#782,.T.);
#62=FACE_BOUND('',#783,.T.);
#63=FACE_BOUND('',#816,.T.);
#64=FACE_BOUND('',#817,.T.);
#65=FACE_BOUND('',#820,.T.);
#66=FACE_BOUND('',#821,.T.);
#67=ADVANCED_FACE('',(#480),#277,.F.);
#68=ADVANCED_FACE('',(#481),#278,.T.);
#69=ADVANCED_FACE('',(#482),#279,.F.);
#70=ADVANCED_FACE('',(#483),#280,.F.);
#71=ADVANCED_FACE('',(#484),#281,.F.);
#72=ADVANCED_FACE('',(#485),#282,.F.);
#73=ADVANCED_FACE('',(#486),#283,.F.);
#74=ADVANCED_FACE('',(#487),#284,.F.);
#75=ADVANCED_FACE('',(#488),#285,.F.);
#76=ADVANCED_FACE('',(#55,#56,#57,#58),#286,.F.);
#77=ADVANCED_FACE('',(#489),#287,.F.);
#78=ADVANCED_FACE('',(#490),#288,.T.);
#79=ADVANCED_FACE('',(#491),#289,.F.);
#80=ADVANCED_FACE('',(#492),#290,.F.);
#81=ADVANCED_FACE('',(#493),#291,.F.);
#82=ADVANCED_FACE('',(#494),#292,.F.);
#83=ADVANCED_FACE('',(#495),#293,.F.);
#84=ADVANCED_FACE('',(#496),#294,.F.);
#85=ADVANCED_FACE('',(#497),#295,.F.);
#86=ADVANCED_FACE('',(#498),#296,.T.);
#87=ADVANCED_FACE('',(#499),#297,.F.);
#88=ADVANCED_FACE('',(#500),#298,.F.);
#89=ADVANCED_FACE('',(#501),#299,.F.);
#90=ADVANCED_FACE('',(#502),#300,.F.);
#91=ADVANCED_FACE('',(#503),#301,.F.);
#92=ADVANCED_FACE('',(#504),#302,.F.);
#93=ADVANCED_FACE('',(#505),#303,.F.);
#94=ADVANCED_FACE('',(#506),#304,.F.);
#95=ADVANCED_FACE('',(#507),#34,.T.);
#96=ADVANCED_FACE('',(#508),#305,.F.);
#97=ADVANCED_FACE('',(#509),#306,.F.);
#98=ADVANCED_FACE('',(#510),#307,.T.);
#99=ADVANCED_FACE('',(#511),#308,.F.);
#100=ADVANCED_FACE('',(#512),#309,.F.);
#101=ADVANCED_FACE('',(#513),#310,.F.);
#102=ADVANCED_FACE('',(#514),#311,.F.);
#103=ADVANCED_FACE('',(#515),#312,.F.);
#104=ADVANCED_FACE('',(#516),#313,.F.);
#105=ADVANCED_FACE('',(#517),#314,.F.);
#106=ADVANCED_FACE('',(#518),#35,.T.);
#107=ADVANCED_FACE('',(#519),#315,.T.);
#108=ADVANCED_FACE('',(#520),#316,.F.);
#109=ADVANCED_FACE('',(#521),#317,.F.);
#110=ADVANCED_FACE('',(#522),#318,.F.);
#111=ADVANCED_FACE('',(#523),#319,.F.);
#112=ADVANCED_FACE('',(#524),#320,.F.);
#113=ADVANCED_FACE('',(#525),#321,.F.);
#114=ADVANCED_FACE('',(#526),#322,.F.);
#115=ADVANCED_FACE('',(#527),#323,.F.);
#116=ADVANCED_FACE('',(#528),#324,.F.);
#117=ADVANCED_FACE('',(#59,#60),#325,.F.);
#118=ADVANCED_FACE('',(#529),#326,.F.);
#119=ADVANCED_FACE('',(#530),#327,.F.);
#120=ADVANCED_FACE('',(#531),#328,.F.);
#121=ADVANCED_FACE('',(#532),#329,.F.);
#122=ADVANCED_FACE('',(#533),#330,.F.);
#123=ADVANCED_FACE('',(#534),#331,.F.);
#124=ADVANCED_FACE('',(#535),#36,.F.);
#125=ADVANCED_FACE('',(#536),#332,.F.);
#126=ADVANCED_FACE('',(#537),#37,.F.);
#127=ADVANCED_FACE('',(#538),#38,.T.);
#128=ADVANCED_FACE('',(#539),#333,.F.);
#129=ADVANCED_FACE('',(#540),#334,.F.);
#130=ADVANCED_FACE('',(#541),#335,.F.);
#131=ADVANCED_FACE('',(#542),#336,.F.);
#132=ADVANCED_FACE('',(#543),#337,.F.);
#133=ADVANCED_FACE('',(#544),#338,.F.);
#134=ADVANCED_FACE('',(#545),#339,.F.);
#135=ADVANCED_FACE('',(#546),#340,.T.);
#136=ADVANCED_FACE('',(#547),#341,.F.);
#137=ADVANCED_FACE('',(#548),#342,.T.);
#138=ADVANCED_FACE('',(#549),#343,.F.);
#139=ADVANCED_FACE('',(#550),#344,.F.);
#140=ADVANCED_FACE('',(#551),#345,.F.);
#141=ADVANCED_FACE('',(#552),#346,.T.);
#142=ADVANCED_FACE('',(#553),#347,.F.);
#143=ADVANCED_FACE('',(#554),#348,.T.);
#144=ADVANCED_FACE('',(#555),#349,.T.);
#145=ADVANCED_FACE('',(#556),#350,.F.);
#146=ADVANCED_FACE('',(#557),#351,.T.);
#147=ADVANCED_FACE('',(#558),#352,.T.);
#148=ADVANCED_FACE('',(#559),#353,.T.);
#149=ADVANCED_FACE('',(#560),#354,.T.);
#150=ADVANCED_FACE('',(#561),#355,.T.);
#151=ADVANCED_FACE('',(#562),#356,.F.);
#152=ADVANCED_FACE('',(#563),#357,.F.);
#153=ADVANCED_FACE('',(#564),#358,.F.);
#154=ADVANCED_FACE('',(#565),#359,.T.);
#155=ADVANCED_FACE('',(#566),#39,.T.);
#156=ADVANCED_FACE('',(#567),#40,.T.);
#157=ADVANCED_FACE('',(#568),#360,.F.);
#158=ADVANCED_FACE('',(#569),#361,.F.);
#159=ADVANCED_FACE('',(#570),#362,.F.);
#160=ADVANCED_FACE('',(#61,#62),#363,.T.);
#161=ADVANCED_FACE('',(#571),#364,.F.);
#162=ADVANCED_FACE('',(#572),#365,.F.);
#163=ADVANCED_FACE('',(#573),#366,.F.);
#164=ADVANCED_FACE('',(#574),#367,.F.);
#165=ADVANCED_FACE('',(#575),#368,.F.);
#166=ADVANCED_FACE('',(#576),#369,.F.);
#167=ADVANCED_FACE('',(#577),#370,.F.);
#168=ADVANCED_FACE('',(#578),#371,.F.);
#169=ADVANCED_FACE('',(#579),#372,.T.);
#170=ADVANCED_FACE('',(#580),#373,.F.);
#171=ADVANCED_FACE('',(#581),#374,.F.);
#172=ADVANCED_FACE('',(#582),#375,.F.);
#173=ADVANCED_FACE('',(#583),#376,.F.);
#174=ADVANCED_FACE('',(#584),#377,.F.);
#175=ADVANCED_FACE('',(#585),#378,.F.);
#176=ADVANCED_FACE('',(#586),#379,.F.);
#177=ADVANCED_FACE('',(#587),#380,.F.);
#178=ADVANCED_FACE('',(#588),#381,.T.);
#179=ADVANCED_FACE('',(#589),#382,.F.);
#180=ADVANCED_FACE('',(#590),#383,.F.);
#181=ADVANCED_FACE('',(#591),#384,.F.);
#182=ADVANCED_FACE('',(#592),#385,.F.);
#183=ADVANCED_FACE('',(#593),#386,.F.);
#184=ADVANCED_FACE('',(#594),#387,.F.);
#185=ADVANCED_FACE('',(#595),#388,.F.);
#186=ADVANCED_FACE('',(#596),#389,.T.);
#187=ADVANCED_FACE('',(#597),#390,.T.);
#188=ADVANCED_FACE('',(#598),#391,.T.);
#189=ADVANCED_FACE('',(#599),#392,.T.);
#190=ADVANCED_FACE('',(#600),#393,.F.);
#191=ADVANCED_FACE('',(#601),#394,.F.);
#192=ADVANCED_FACE('',(#602),#395,.F.);
#193=ADVANCED_FACE('',(#63,#64),#396,.T.);
#194=ADVANCED_FACE('',(#603),#397,.F.);
#195=ADVANCED_FACE('',(#604),#398,.F.);
#196=ADVANCED_FACE('',(#65,#66),#399,.T.);
#197=ADVANCED_FACE('',(#605),#400,.F.);
#198=ADVANCED_FACE('',(#606),#401,.F.);
#199=ADVANCED_FACE('',(#607),#402,.F.);
#200=ADVANCED_FACE('',(#608),#403,.F.);
#201=ADVANCED_FACE('',(#609),#404,.F.);
#202=ADVANCED_FACE('',(#610),#405,.F.);
#203=ADVANCED_FACE('',(#611),#406,.F.);
#204=ADVANCED_FACE('',(#612),#407,.F.);
#205=ADVANCED_FACE('',(#613),#408,.T.);
#206=ADVANCED_FACE('',(#614),#409,.F.);
#207=ADVANCED_FACE('',(#615),#410,.F.);
#208=ADVANCED_FACE('',(#616),#411,.F.);
#209=ADVANCED_FACE('',(#617),#412,.F.);
#210=ADVANCED_FACE('',(#618),#413,.F.);
#211=ADVANCED_FACE('',(#619),#414,.F.);
#212=ADVANCED_FACE('',(#620),#415,.F.);
#213=ADVANCED_FACE('',(#621),#416,.F.);
#214=ADVANCED_FACE('',(#622),#417,.T.);
#215=ADVANCED_FACE('',(#623),#418,.F.);
#216=ADVANCED_FACE('',(#624),#419,.F.);
#217=ADVANCED_FACE('',(#625),#420,.F.);
#218=ADVANCED_FACE('',(#626),#421,.F.);
#219=ADVANCED_FACE('',(#627),#422,.F.);
#220=ADVANCED_FACE('',(#628),#423,.F.);
#221=ADVANCED_FACE('',(#629),#424,.F.);
#222=ADVANCED_FACE('',(#630),#425,.F.);
#223=ADVANCED_FACE('',(#631),#426,.T.);
#224=ADVANCED_FACE('',(#632),#427,.F.);
#225=ADVANCED_FACE('',(#633),#428,.F.);
#226=ADVANCED_FACE('',(#634),#429,.F.);
#227=ADVANCED_FACE('',(#635),#430,.F.);
#228=ADVANCED_FACE('',(#636),#431,.F.);
#229=ADVANCED_FACE('',(#637),#432,.F.);
#230=ADVANCED_FACE('',(#638),#433,.F.);
#231=ADVANCED_FACE('',(#639),#434,.F.);
#232=ADVANCED_FACE('',(#640),#435,.T.);
#233=ADVANCED_FACE('',(#641),#436,.F.);
#234=ADVANCED_FACE('',(#642),#437,.F.);
#235=ADVANCED_FACE('',(#643),#438,.F.);
#236=ADVANCED_FACE('',(#644),#439,.F.);
#237=ADVANCED_FACE('',(#645),#440,.F.);
#238=ADVANCED_FACE('',(#646),#441,.F.);
#239=ADVANCED_FACE('',(#647),#442,.F.);
#240=ADVANCED_FACE('',(#648),#443,.F.);
#241=ADVANCED_FACE('',(#649),#444,.F.);
#242=ADVANCED_FACE('',(#650),#445,.F.);
#243=ADVANCED_FACE('',(#651),#446,.F.);
#244=ADVANCED_FACE('',(#652),#447,.F.);
#245=ADVANCED_FACE('',(#653),#448,.F.);
#246=ADVANCED_FACE('',(#654),#449,.F.);
#247=ADVANCED_FACE('',(#655),#450,.T.);
#248=ADVANCED_FACE('',(#656),#451,.T.);
#249=ADVANCED_FACE('',(#657),#452,.T.);
#250=ADVANCED_FACE('',(#658),#453,.T.);
#251=ADVANCED_FACE('',(#659),#454,.T.);
#252=ADVANCED_FACE('',(#660),#455,.T.);
#253=ADVANCED_FACE('',(#661),#456,.T.);
#254=ADVANCED_FACE('',(#662),#457,.T.);
#255=ADVANCED_FACE('',(#663),#458,.F.);
#256=ADVANCED_FACE('',(#664),#459,.F.);
#257=ADVANCED_FACE('',(#665),#460,.F.);
#258=ADVANCED_FACE('',(#666),#461,.F.);
#259=ADVANCED_FACE('',(#667),#462,.F.);
#260=ADVANCED_FACE('',(#668),#463,.F.);
#261=ADVANCED_FACE('',(#669),#464,.F.);
#262=ADVANCED_FACE('',(#670),#465,.F.);
#263=ADVANCED_FACE('',(#671),#466,.F.);
#264=ADVANCED_FACE('',(#672),#467,.F.);
#265=ADVANCED_FACE('',(#673),#468,.T.);
#266=ADVANCED_FACE('',(#674),#469,.T.);
#267=ADVANCED_FACE('',(#675),#470,.T.);
#268=ADVANCED_FACE('',(#676),#471,.T.);
#269=ADVANCED_FACE('',(#677),#472,.T.);
#270=ADVANCED_FACE('',(#678),#473,.T.);
#271=ADVANCED_FACE('',(#679),#474,.T.);
#272=ADVANCED_FACE('',(#680),#475,.T.);
#273=ADVANCED_FACE('',(#681),#476,.T.);
#274=ADVANCED_FACE('',(#682),#477,.T.);
#275=ADVANCED_FACE('',(#683),#478,.F.);
#276=ADVANCED_FACE('',(#684),#479,.T.);
#277=PLANE('',#4134);
#278=PLANE('',#4135);
#279=PLANE('',#4136);
#280=PLANE('',#4137);
#281=PLANE('',#4138);
#282=PLANE('',#4139);
#283=PLANE('',#4140);
#284=PLANE('',#4141);
#285=PLANE('',#4142);
#286=PLANE('',#4143);
#287=PLANE('',#4144);
#288=PLANE('',#4148);
#289=PLANE('',#4152);
#290=PLANE('',#4153);
#291=PLANE('',#4154);
#292=PLANE('',#4155);
#293=PLANE('',#4156);
#294=PLANE('',#4157);
#295=PLANE('',#4158);
#296=PLANE('',#4159);
#297=PLANE('',#4160);
#298=PLANE('',#4161);
#299=PLANE('',#4162);
#300=PLANE('',#4163);
#301=PLANE('',#4164);
#302=PLANE('',#4165);
#303=PLANE('',#4166);
#304=PLANE('',#4167);
#305=PLANE('',#4171);
#306=PLANE('',#4172);
#307=PLANE('',#4173);
#308=PLANE('',#4174);
#309=PLANE('',#4175);
#310=PLANE('',#4176);
#311=PLANE('',#4177);
#312=PLANE('',#4178);
#313=PLANE('',#4179);
#314=PLANE('',#4180);
#315=PLANE('',#4184);
#316=PLANE('',#4185);
#317=PLANE('',#4186);
#318=PLANE('',#4187);
#319=PLANE('',#4188);
#320=PLANE('',#4189);
#321=PLANE('',#4190);
#322=PLANE('',#4191);
#323=PLANE('',#4192);
#324=PLANE('',#4193);
#325=PLANE('',#4194);
#326=PLANE('',#4195);
#327=PLANE('',#4196);
#328=PLANE('',#4197);
#329=PLANE('',#4198);
#330=PLANE('',#4199);
#331=PLANE('',#4200);
#332=PLANE('',#4202);
#333=PLANE('',#4205);
#334=PLANE('',#4206);
#335=PLANE('',#4207);
#336=PLANE('',#4208);
#337=PLANE('',#4209);
#338=PLANE('',#4210);
#339=PLANE('',#4211);
#340=PLANE('',#4212);
#341=PLANE('',#4213);
#342=PLANE('',#4214);
#343=PLANE('',#4215);
#344=PLANE('',#4216);
#345=PLANE('',#4217);
#346=PLANE('',#4218);
#347=PLANE('',#4219);
#348=PLANE('',#4220);
#349=PLANE('',#4221);
#350=PLANE('',#4222);
#351=PLANE('',#4223);
#352=PLANE('',#4224);
#353=PLANE('',#4225);
#354=PLANE('',#4226);
#355=PLANE('',#4227);
#356=PLANE('',#4230);
#357=PLANE('',#4231);
#358=PLANE('',#4234);
#359=PLANE('',#4235);
#360=PLANE('',#4238);
#361=PLANE('',#4239);
#362=PLANE('',#4240);
#363=PLANE('',#4241);
#364=PLANE('',#4242);
#365=PLANE('',#4243);
#366=PLANE('',#4244);
#367=PLANE('',#4245);
#368=PLANE('',#4246);
#369=PLANE('',#4247);
#370=PLANE('',#4248);
#371=PLANE('',#4249);
#372=PLANE('',#4250);
#373=PLANE('',#4251);
#374=PLANE('',#4252);
#375=PLANE('',#4253);
#376=PLANE('',#4254);
#377=PLANE('',#4255);
#378=PLANE('',#4256);
#379=PLANE('',#4257);
#380=PLANE('',#4258);
#381=PLANE('',#4259);
#382=PLANE('',#4260);
#383=PLANE('',#4261);
#384=PLANE('',#4262);
#385=PLANE('',#4263);
#386=PLANE('',#4264);
#387=PLANE('',#4265);
#388=PLANE('',#4266);
#389=PLANE('',#4267);
#390=PLANE('',#4268);
#391=PLANE('',#4269);
#392=PLANE('',#4270);
#393=PLANE('',#4271);
#394=PLANE('',#4272);
#395=PLANE('',#4273);
#396=PLANE('',#4274);
#397=PLANE('',#4275);
#398=PLANE('',#4276);
#399=PLANE('',#4277);
#400=PLANE('',#4278);
#401=PLANE('',#4279);
#402=PLANE('',#4280);
#403=PLANE('',#4281);
#404=PLANE('',#4282);
#405=PLANE('',#4283);
#406=PLANE('',#4284);
#407=PLANE('',#4285);
#408=PLANE('',#4286);
#409=PLANE('',#4287);
#410=PLANE('',#4288);
#411=PLANE('',#4289);
#412=PLANE('',#4290);
#413=PLANE('',#4291);
#414=PLANE('',#4292);
#415=PLANE('',#4293);
#416=PLANE('',#4294);
#417=PLANE('',#4295);
#418=PLANE('',#4296);
#419=PLANE('',#4297);
#420=PLANE('',#4298);
#421=PLANE('',#4299);
#422=PLANE('',#4300);
#423=PLANE('',#4301);
#424=PLANE('',#4302);
#425=PLANE('',#4303);
#426=PLANE('',#4304);
#427=PLANE('',#4305);
#428=PLANE('',#4306);
#429=PLANE('',#4307);
#430=PLANE('',#4308);
#431=PLANE('',#4309);
#432=PLANE('',#4310);
#433=PLANE('',#4311);
#434=PLANE('',#4312);
#435=PLANE('',#4313);
#436=PLANE('',#4314);
#437=PLANE('',#4315);
#438=PLANE('',#4316);
#439=PLANE('',#4317);
#440=PLANE('',#4318);
#441=PLANE('',#4319);
#442=PLANE('',#4320);
#443=PLANE('',#4321);
#444=PLANE('',#4322);
#445=PLANE('',#4323);
#446=PLANE('',#4324);
#447=PLANE('',#4325);
#448=PLANE('',#4326);
#449=PLANE('',#4327);
#450=PLANE('',#4328);
#451=PLANE('',#4329);
#452=PLANE('',#4330);
#453=PLANE('',#4331);
#454=PLANE('',#4332);
#455=PLANE('',#4333);
#456=PLANE('',#4334);
#457=PLANE('',#4335);
#458=PLANE('',#4336);
#459=PLANE('',#4337);
#460=PLANE('',#4338);
#461=PLANE('',#4339);
#462=PLANE('',#4340);
#463=PLANE('',#4341);
#464=PLANE('',#4342);
#465=PLANE('',#4343);
#466=PLANE('',#4344);
#467=PLANE('',#4345);
#468=PLANE('',#4346);
#469=PLANE('',#4347);
#470=PLANE('',#4348);
#471=PLANE('',#4349);
#472=PLANE('',#4350);
#473=PLANE('',#4351);
#474=PLANE('',#4352);
#475=PLANE('',#4353);
#476=PLANE('',#4354);
#477=PLANE('',#4355);
#478=PLANE('',#4356);
#479=PLANE('',#4357);
#480=FACE_OUTER_BOUND('',#685,.T.);
#481=FACE_OUTER_BOUND('',#686,.T.);
#482=FACE_OUTER_BOUND('',#687,.T.);
#483=FACE_OUTER_BOUND('',#688,.T.);
#484=FACE_OUTER_BOUND('',#689,.T.);
#485=FACE_OUTER_BOUND('',#690,.T.);
#486=FACE_OUTER_BOUND('',#691,.T.);
#487=FACE_OUTER_BOUND('',#692,.T.);
#488=FACE_OUTER_BOUND('',#693,.T.);
#489=FACE_OUTER_BOUND('',#698,.T.);
#490=FACE_OUTER_BOUND('',#699,.T.);
#491=FACE_OUTER_BOUND('',#700,.T.);
#492=FACE_OUTER_BOUND('',#701,.T.);
#493=FACE_OUTER_BOUND('',#702,.T.);
#494=FACE_OUTER_BOUND('',#703,.T.);
#495=FACE_OUTER_BOUND('',#704,.T.);
#496=FACE_OUTER_BOUND('',#705,.T.);
#497=FACE_OUTER_BOUND('',#706,.T.);
#498=FACE_OUTER_BOUND('',#707,.T.);
#499=FACE_OUTER_BOUND('',#708,.T.);
#500=FACE_OUTER_BOUND('',#709,.T.);
#501=FACE_OUTER_BOUND('',#710,.T.);
#502=FACE_OUTER_BOUND('',#711,.T.);
#503=FACE_OUTER_BOUND('',#712,.T.);
#504=FACE_OUTER_BOUND('',#713,.T.);
#505=FACE_OUTER_BOUND('',#714,.T.);
#506=FACE_OUTER_BOUND('',#715,.T.);
#507=FACE_OUTER_BOUND('',#716,.T.);
#508=FACE_OUTER_BOUND('',#717,.T.);
#509=FACE_OUTER_BOUND('',#718,.T.);
#510=FACE_OUTER_BOUND('',#719,.T.);
#511=FACE_OUTER_BOUND('',#720,.T.);
#512=FACE_OUTER_BOUND('',#721,.T.);
#513=FACE_OUTER_BOUND('',#722,.T.);
#514=FACE_OUTER_BOUND('',#723,.T.);
#515=FACE_OUTER_BOUND('',#724,.T.);
#516=FACE_OUTER_BOUND('',#725,.T.);
#517=FACE_OUTER_BOUND('',#726,.T.);
#518=FACE_OUTER_BOUND('',#727,.T.);
#519=FACE_OUTER_BOUND('',#728,.T.);
#520=FACE_OUTER_BOUND('',#729,.T.);
#521=FACE_OUTER_BOUND('',#730,.T.);
#522=FACE_OUTER_BOUND('',#731,.T.);
#523=FACE_OUTER_BOUND('',#732,.T.);
#524=FACE_OUTER_BOUND('',#733,.T.);
#525=FACE_OUTER_BOUND('',#734,.T.);
#526=FACE_OUTER_BOUND('',#735,.T.);
#527=FACE_OUTER_BOUND('',#736,.T.);
#528=FACE_OUTER_BOUND('',#737,.T.);
#529=FACE_OUTER_BOUND('',#740,.T.);
#530=FACE_OUTER_BOUND('',#741,.T.);
#531=FACE_OUTER_BOUND('',#742,.T.);
#532=FACE_OUTER_BOUND('',#743,.T.);
#533=FACE_OUTER_BOUND('',#744,.T.);
#534=FACE_OUTER_BOUND('',#745,.T.);
#535=FACE_OUTER_BOUND('',#746,.T.);
#536=FACE_OUTER_BOUND('',#747,.T.);
#537=FACE_OUTER_BOUND('',#748,.T.);
#538=FACE_OUTER_BOUND('',#749,.T.);
#539=FACE_OUTER_BOUND('',#750,.T.);
#540=FACE_OUTER_BOUND('',#751,.T.);
#541=FACE_OUTER_BOUND('',#752,.T.);
#542=FACE_OUTER_BOUND('',#753,.T.);
#543=FACE_OUTER_BOUND('',#754,.T.);
#544=FACE_OUTER_BOUND('',#755,.T.);
#545=FACE_OUTER_BOUND('',#756,.T.);
#546=FACE_OUTER_BOUND('',#757,.T.);
#547=FACE_OUTER_BOUND('',#758,.T.);
#548=FACE_OUTER_BOUND('',#759,.T.);
#549=FACE_OUTER_BOUND('',#760,.T.);
#550=FACE_OUTER_BOUND('',#761,.T.);
#551=FACE_OUTER_BOUND('',#762,.T.);
#552=FACE_OUTER_BOUND('',#763,.T.);
#553=FACE_OUTER_BOUND('',#764,.T.);
#554=FACE_OUTER_BOUND('',#765,.T.);
#555=FACE_OUTER_BOUND('',#766,.T.);
#556=FACE_OUTER_BOUND('',#767,.T.);
#557=FACE_OUTER_BOUND('',#768,.T.);
#558=FACE_OUTER_BOUND('',#769,.T.);
#559=FACE_OUTER_BOUND('',#770,.T.);
#560=FACE_OUTER_BOUND('',#771,.T.);
#561=FACE_OUTER_BOUND('',#772,.T.);
#562=FACE_OUTER_BOUND('',#773,.T.);
#563=FACE_OUTER_BOUND('',#774,.T.);
#564=FACE_OUTER_BOUND('',#775,.T.);
#565=FACE_OUTER_BOUND('',#776,.T.);
#566=FACE_OUTER_BOUND('',#777,.T.);
#567=FACE_OUTER_BOUND('',#778,.T.);
#568=FACE_OUTER_BOUND('',#779,.T.);
#569=FACE_OUTER_BOUND('',#780,.T.);
#570=FACE_OUTER_BOUND('',#781,.T.);
#571=FACE_OUTER_BOUND('',#784,.T.);
#572=FACE_OUTER_BOUND('',#785,.T.);
#573=FACE_OUTER_BOUND('',#786,.T.);
#574=FACE_OUTER_BOUND('',#787,.T.);
#575=FACE_OUTER_BOUND('',#788,.T.);
#576=FACE_OUTER_BOUND('',#789,.T.);
#577=FACE_OUTER_BOUND('',#790,.T.);
#578=FACE_OUTER_BOUND('',#791,.T.);
#579=FACE_OUTER_BOUND('',#792,.T.);
#580=FACE_OUTER_BOUND('',#793,.T.);
#581=FACE_OUTER_BOUND('',#794,.T.);
#582=FACE_OUTER_BOUND('',#795,.T.);
#583=FACE_OUTER_BOUND('',#796,.T.);
#584=FACE_OUTER_BOUND('',#797,.T.);
#585=FACE_OUTER_BOUND('',#798,.T.);
#586=FACE_OUTER_BOUND('',#799,.T.);
#587=FACE_OUTER_BOUND('',#800,.T.);
#588=FACE_OUTER_BOUND('',#801,.T.);
#589=FACE_OUTER_BOUND('',#802,.T.);
#590=FACE_OUTER_BOUND('',#803,.T.);
#591=FACE_OUTER_BOUND('',#804,.T.);
#592=FACE_OUTER_BOUND('',#805,.T.);
#593=FACE_OUTER_BOUND('',#806,.T.);
#594=FACE_OUTER_BOUND('',#807,.T.);
#595=FACE_OUTER_BOUND('',#808,.T.);
#596=FACE_OUTER_BOUND('',#809,.T.);
#597=FACE_OUTER_BOUND('',#810,.T.);
#598=FACE_OUTER_BOUND('',#811,.T.);
#599=FACE_OUTER_BOUND('',#812,.T.);
#600=FACE_OUTER_BOUND('',#813,.T.);
#601=FACE_OUTER_BOUND('',#814,.T.);
#602=FACE_OUTER_BOUND('',#815,.T.);
#603=FACE_OUTER_BOUND('',#818,.T.);
#604=FACE_OUTER_BOUND('',#819,.T.);
#605=FACE_OUTER_BOUND('',#822,.T.);
#606=FACE_OUTER_BOUND('',#823,.T.);
#607=FACE_OUTER_BOUND('',#824,.T.);
#608=FACE_OUTER_BOUND('',#825,.T.);
#609=FACE_OUTER_BOUND('',#826,.T.);
#610=FACE_OUTER_BOUND('',#827,.T.);
#611=FACE_OUTER_BOUND('',#828,.T.);
#612=FACE_OUTER_BOUND('',#829,.T.);
#613=FACE_OUTER_BOUND('',#830,.T.);
#614=FACE_OUTER_BOUND('',#831,.T.);
#615=FACE_OUTER_BOUND('',#832,.T.);
#616=FACE_OUTER_BOUND('',#833,.T.);
#617=FACE_OUTER_BOUND('',#834,.T.);
#618=FACE_OUTER_BOUND('',#835,.T.);
#619=FACE_OUTER_BOUND('',#836,.T.);
#620=FACE_OUTER_BOUND('',#837,.T.);
#621=FACE_OUTER_BOUND('',#838,.T.);
#622=FACE_OUTER_BOUND('',#839,.T.);
#623=FACE_OUTER_BOUND('',#840,.T.);
#624=FACE_OUTER_BOUND('',#841,.T.);
#625=FACE_OUTER_BOUND('',#842,.T.);
#626=FACE_OUTER_BOUND('',#843,.T.);
#627=FACE_OUTER_BOUND('',#844,.T.);
#628=FACE_OUTER_BOUND('',#845,.T.);
#629=FACE_OUTER_BOUND('',#846,.T.);
#630=FACE_OUTER_BOUND('',#847,.T.);
#631=FACE_OUTER_BOUND('',#848,.T.);
#632=FACE_OUTER_BOUND('',#849,.T.);
#633=FACE_OUTER_BOUND('',#850,.T.);
#634=FACE_OUTER_BOUND('',#851,.T.);
#635=FACE_OUTER_BOUND('',#852,.T.);
#636=FACE_OUTER_BOUND('',#853,.T.);
#637=FACE_OUTER_BOUND('',#854,.T.);
#638=FACE_OUTER_BOUND('',#855,.T.);
#639=FACE_OUTER_BOUND('',#856,.T.);
#640=FACE_OUTER_BOUND('',#857,.T.);
#641=FACE_OUTER_BOUND('',#858,.T.);
#642=FACE_OUTER_BOUND('',#859,.T.);
#643=FACE_OUTER_BOUND('',#860,.T.);
#644=FACE_OUTER_BOUND('',#861,.T.);
#645=FACE_OUTER_BOUND('',#862,.T.);
#646=FACE_OUTER_BOUND('',#863,.T.);
#647=FACE_OUTER_BOUND('',#864,.T.);
#648=FACE_OUTER_BOUND('',#865,.T.);
#649=FACE_OUTER_BOUND('',#866,.T.);
#650=FACE_OUTER_BOUND('',#867,.T.);
#651=FACE_OUTER_BOUND('',#868,.T.);
#652=FACE_OUTER_BOUND('',#869,.T.);
#653=FACE_OUTER_BOUND('',#870,.T.);
#654=FACE_OUTER_BOUND('',#871,.T.);
#655=FACE_OUTER_BOUND('',#872,.T.);
#656=FACE_OUTER_BOUND('',#873,.T.);
#657=FACE_OUTER_BOUND('',#874,.T.);
#658=FACE_OUTER_BOUND('',#875,.T.);
#659=FACE_OUTER_BOUND('',#876,.T.);
#660=FACE_OUTER_BOUND('',#877,.T.);
#661=FACE_OUTER_BOUND('',#878,.T.);
#662=FACE_OUTER_BOUND('',#879,.T.);
#663=FACE_OUTER_BOUND('',#880,.T.);
#664=FACE_OUTER_BOUND('',#881,.T.);
#665=FACE_OUTER_BOUND('',#882,.T.);
#666=FACE_OUTER_BOUND('',#883,.T.);
#667=FACE_OUTER_BOUND('',#884,.T.);
#668=FACE_OUTER_BOUND('',#885,.T.);
#669=FACE_OUTER_BOUND('',#886,.T.);
#670=FACE_OUTER_BOUND('',#887,.T.);
#671=FACE_OUTER_BOUND('',#888,.T.);
#672=FACE_OUTER_BOUND('',#889,.T.);
#673=FACE_OUTER_BOUND('',#890,.T.);
#674=FACE_OUTER_BOUND('',#891,.T.);
#675=FACE_OUTER_BOUND('',#892,.T.);
#676=FACE_OUTER_BOUND('',#893,.T.);
#677=FACE_OUTER_BOUND('',#894,.T.);
#678=FACE_OUTER_BOUND('',#895,.T.);
#679=FACE_OUTER_BOUND('',#896,.T.);
#680=FACE_OUTER_BOUND('',#897,.T.);
#681=FACE_OUTER_BOUND('',#898,.T.);
#682=FACE_OUTER_BOUND('',#899,.T.);
#683=FACE_OUTER_BOUND('',#900,.T.);
#684=FACE_OUTER_BOUND('',#901,.T.);
#685=EDGE_LOOP('',(#902,#903,#904,#905,#906,#907,#908,#909,#910,#911,#912,
#913,#914,#915,#916,#917,#918,#919,#920,#921,#922,#923,#924,#925,#926,#927,
#928,#929));
#686=EDGE_LOOP('',(#930,#931,#932,#933,#934,#935,#936,#937));
#687=EDGE_LOOP('',(#938,#939,#940,#941,#942,#943));
#688=EDGE_LOOP('',(#944,#945,#946,#947,#948,#949,#950,#951));
#689=EDGE_LOOP('',(#952,#953,#954,#955));
#690=EDGE_LOOP('',(#956,#957,#958,#959));
#691=EDGE_LOOP('',(#960,#961,#962,#963,#964,#965,#966,#967));
#692=EDGE_LOOP('',(#968,#969,#970,#971,#972,#973,#974,#975));
#693=EDGE_LOOP('',(#976,#977,#978,#979));
#694=EDGE_LOOP('',(#980,#981,#982,#983,#984,#985,#986,#987,#988,#989,#990,
#991,#992,#993,#994,#995));
#695=EDGE_LOOP('',(#996,#997,#998,#999,#1000,#1001));
#696=EDGE_LOOP('',(#1002,#1003,#1004,#1005,#1006,#1007));
#697=EDGE_LOOP('',(#1008,#1009,#1010,#1011,#1012,#1013));
#698=EDGE_LOOP('',(#1014,#1015,#1016,#1017,#1018,#1019,#1020,#1021));
#699=EDGE_LOOP('',(#1022,#1023,#1024,#1025,#1026,#1027,#1028,#1029,#1030,
#1031,#1032,#1033,#1034,#1035,#1036));
#700=EDGE_LOOP('',(#1037,#1038,#1039,#1040,#1041,#1042,#1043,#1044,#1045,
#1046,#1047,#1048,#1049,#1050,#1051));
#701=EDGE_LOOP('',(#1052,#1053,#1054,#1055,#1056,#1057,#1058,#1059,#1060,
#1061,#1062,#1063));
#702=EDGE_LOOP('',(#1064,#1065,#1066,#1067,#1068,#1069));
#703=EDGE_LOOP('',(#1070,#1071,#1072,#1073,#1074,#1075,#1076,#1077));
#704=EDGE_LOOP('',(#1078,#1079,#1080,#1081,#1082,#1083,#1084,#1085,#1086,
#1087,#1088,#1089));
#705=EDGE_LOOP('',(#1090,#1091,#1092,#1093));
#706=EDGE_LOOP('',(#1094,#1095,#1096,#1097));
#707=EDGE_LOOP('',(#1098,#1099,#1100,#1101,#1102,#1103,#1104,#1105,#1106));
#708=EDGE_LOOP('',(#1107,#1108,#1109,#1110,#1111,#1112,#1113,#1114,#1115));
#709=EDGE_LOOP('',(#1116,#1117,#1118,#1119));
#710=EDGE_LOOP('',(#1120,#1121,#1122,#1123));
#711=EDGE_LOOP('',(#1124,#1125,#1126,#1127));
#712=EDGE_LOOP('',(#1128,#1129,#1130,#1131));
#713=EDGE_LOOP('',(#1132,#1133,#1134,#1135));
#714=EDGE_LOOP('',(#1136,#1137,#1138,#1139,#1140,#1141,#1142));
#715=EDGE_LOOP('',(#1143,#1144,#1145,#1146));
#716=EDGE_LOOP('',(#1147,#1148,#1149,#1150));
#717=EDGE_LOOP('',(#1151,#1152,#1153,#1154,#1155,#1156,#1157));
#718=EDGE_LOOP('',(#1158,#1159,#1160,#1161,#1162,#1163,#1164));
#719=EDGE_LOOP('',(#1165,#1166,#1167,#1168,#1169,#1170,#1171,#1172,#1173,
#1174,#1175,#1176,#1177,#1178,#1179,#1180,#1181,#1182,#1183,#1184));
#720=EDGE_LOOP('',(#1185,#1186,#1187,#1188,#1189,#1190,#1191,#1192));
#721=EDGE_LOOP('',(#1193,#1194,#1195,#1196,#1197,#1198,#1199,#1200,#1201,
#1202,#1203,#1204,#1205,#1206,#1207,#1208));
#722=EDGE_LOOP('',(#1209,#1210,#1211,#1212));
#723=EDGE_LOOP('',(#1213,#1214,#1215,#1216,#1217,#1218,#1219,#1220,#1221,
#1222,#1223,#1224,#1225,#1226,#1227,#1228));
#724=EDGE_LOOP('',(#1229,#1230,#1231,#1232));
#725=EDGE_LOOP('',(#1233,#1234,#1235,#1236,#1237,#1238,#1239));
#726=EDGE_LOOP('',(#1240,#1241,#1242,#1243));
#727=EDGE_LOOP('',(#1244,#1245,#1246,#1247));
#728=EDGE_LOOP('',(#1248,#1249,#1250,#1251,#1252,#1253,#1254,#1255));
#729=EDGE_LOOP('',(#1256,#1257,#1258,#1259,#1260,#1261,#1262,#1263));
#730=EDGE_LOOP('',(#1264,#1265,#1266,#1267));
#731=EDGE_LOOP('',(#1268,#1269,#1270,#1271));
#732=EDGE_LOOP('',(#1272,#1273,#1274,#1275,#1276,#1277,#1278,#1279));
#733=EDGE_LOOP('',(#1280,#1281,#1282,#1283,#1284,#1285,#1286,#1287));
#734=EDGE_LOOP('',(#1288,#1289,#1290,#1291));
#735=EDGE_LOOP('',(#1292,#1293,#1294,#1295));
#736=EDGE_LOOP('',(#1296,#1297,#1298,#1299));
#737=EDGE_LOOP('',(#1300,#1301,#1302,#1303));
#738=EDGE_LOOP('',(#1304,#1305,#1306,#1307));
#739=EDGE_LOOP('',(#1308,#1309,#1310,#1311));
#740=EDGE_LOOP('',(#1312,#1313,#1314,#1315,#1316,#1317));
#741=EDGE_LOOP('',(#1318,#1319,#1320,#1321,#1322,#1323));
#742=EDGE_LOOP('',(#1324,#1325,#1326,#1327));
#743=EDGE_LOOP('',(#1328,#1329,#1330,#1331));
#744=EDGE_LOOP('',(#1332,#1333,#1334,#1335,#1336,#1337,#1338,#1339,#1340,
#1341,#1342,#1343));
#745=EDGE_LOOP('',(#1344,#1345,#1346,#1347));
#746=EDGE_LOOP('',(#1348,#1349,#1350,#1351));
#747=EDGE_LOOP('',(#1352,#1353,#1354,#1355));
#748=EDGE_LOOP('',(#1356,#1357,#1358,#1359));
#749=EDGE_LOOP('',(#1360,#1361,#1362,#1363));
#750=EDGE_LOOP('',(#1364,#1365,#1366,#1367));
#751=EDGE_LOOP('',(#1368,#1369,#1370,#1371));
#752=EDGE_LOOP('',(#1372,#1373,#1374,#1375));
#753=EDGE_LOOP('',(#1376,#1377,#1378,#1379));
#754=EDGE_LOOP('',(#1380,#1381,#1382,#1383,#1384,#1385,#1386,#1387));
#755=EDGE_LOOP('',(#1388,#1389,#1390,#1391));
#756=EDGE_LOOP('',(#1392,#1393,#1394,#1395));
#757=EDGE_LOOP('',(#1396,#1397,#1398,#1399,#1400,#1401));
#758=EDGE_LOOP('',(#1402,#1403,#1404,#1405,#1406,#1407));
#759=EDGE_LOOP('',(#1408,#1409,#1410,#1411,#1412,#1413));
#760=EDGE_LOOP('',(#1414,#1415,#1416,#1417));
#761=EDGE_LOOP('',(#1418,#1419,#1420,#1421));
#762=EDGE_LOOP('',(#1422,#1423,#1424,#1425));
#763=EDGE_LOOP('',(#1426,#1427,#1428,#1429));
#764=EDGE_LOOP('',(#1430,#1431,#1432,#1433));
#765=EDGE_LOOP('',(#1434,#1435,#1436,#1437));
#766=EDGE_LOOP('',(#1438,#1439,#1440,#1441));
#767=EDGE_LOOP('',(#1442,#1443,#1444,#1445,#1446,#1447,#1448,#1449,#1450,
#1451,#1452));
#768=EDGE_LOOP('',(#1453,#1454,#1455,#1456,#1457,#1458,#1459,#1460,#1461,
#1462,#1463));
#769=EDGE_LOOP('',(#1464,#1465,#1466,#1467));
#770=EDGE_LOOP('',(#1468,#1469,#1470,#1471));
#771=EDGE_LOOP('',(#1472,#1473,#1474,#1475));
#772=EDGE_LOOP('',(#1476,#1477,#1478,#1479));
#773=EDGE_LOOP('',(#1480,#1481,#1482,#1483,#1484,#1485));
#774=EDGE_LOOP('',(#1486,#1487,#1488,#1489));
#775=EDGE_LOOP('',(#1490,#1491,#1492,#1493,#1494,#1495));
#776=EDGE_LOOP('',(#1496,#1497,#1498,#1499));
#777=EDGE_LOOP('',(#1500,#1501,#1502,#1503));
#778=EDGE_LOOP('',(#1504,#1505,#1506,#1507));
#779=EDGE_LOOP('',(#1508,#1509,#1510,#1511,#1512,#1513));
#780=EDGE_LOOP('',(#1514,#1515,#1516,#1517));
#781=EDGE_LOOP('',(#1518,#1519,#1520,#1521,#1522,#1523,#1524,#1525));
#782=EDGE_LOOP('',(#1526,#1527,#1528,#1529,#1530,#1531,#1532,#1533,#1534,
#1535));
#783=EDGE_LOOP('',(#1536,#1537,#1538,#1539));
#784=EDGE_LOOP('',(#1540,#1541,#1542,#1543));
#785=EDGE_LOOP('',(#1544,#1545,#1546,#1547));
#786=EDGE_LOOP('',(#1548,#1549,#1550));
#787=EDGE_LOOP('',(#1551,#1552,#1553));
#788=EDGE_LOOP('',(#1554,#1555,#1556,#1557));
#789=EDGE_LOOP('',(#1558,#1559,#1560,#1561));
#790=EDGE_LOOP('',(#1562,#1563,#1564,#1565));
#791=EDGE_LOOP('',(#1566,#1567,#1568,#1569));
#792=EDGE_LOOP('',(#1570,#1571,#1572,#1573,#1574,#1575,#1576,#1577,#1578,
#1579,#1580,#1581));
#793=EDGE_LOOP('',(#1582,#1583,#1584,#1585));
#794=EDGE_LOOP('',(#1586,#1587,#1588,#1589));
#795=EDGE_LOOP('',(#1590,#1591,#1592,#1593));
#796=EDGE_LOOP('',(#1594,#1595,#1596,#1597,#1598,#1599));
#797=EDGE_LOOP('',(#1600,#1601,#1602,#1603));
#798=EDGE_LOOP('',(#1604,#1605,#1606,#1607));
#799=EDGE_LOOP('',(#1608,#1609,#1610,#1611));
#800=EDGE_LOOP('',(#1612,#1613,#1614,#1615));
#801=EDGE_LOOP('',(#1616,#1617,#1618,#1619,#1620,#1621,#1622,#1623));
#802=EDGE_LOOP('',(#1624,#1625,#1626));
#803=EDGE_LOOP('',(#1627,#1628,#1629,#1630));
#804=EDGE_LOOP('',(#1631,#1632,#1633,#1634));
#805=EDGE_LOOP('',(#1635,#1636,#1637,#1638));
#806=EDGE_LOOP('',(#1639,#1640,#1641,#1642));
#807=EDGE_LOOP('',(#1643,#1644,#1645,#1646));
#808=EDGE_LOOP('',(#1647,#1648,#1649));
#809=EDGE_LOOP('',(#1650,#1651,#1652,#1653));
#810=EDGE_LOOP('',(#1654,#1655,#1656,#1657));
#811=EDGE_LOOP('',(#1658,#1659,#1660,#1661));
#812=EDGE_LOOP('',(#1662,#1663,#1664,#1665));
#813=EDGE_LOOP('',(#1666,#1667,#1668,#1669,#1670,#1671));
#814=EDGE_LOOP('',(#1672,#1673,#1674,#1675));
#815=EDGE_LOOP('',(#1676,#1677,#1678,#1679));
#816=EDGE_LOOP('',(#1680,#1681,#1682,#1683,#1684,#1685,#1686,#1687,#1688,
#1689));
#817=EDGE_LOOP('',(#1690,#1691,#1692,#1693));
#818=EDGE_LOOP('',(#1694,#1695,#1696,#1697));
#819=EDGE_LOOP('',(#1698,#1699,#1700,#1701));
#820=EDGE_LOOP('',(#1702,#1703,#1704,#1705,#1706,#1707,#1708,#1709,#1710,
#1711));
#821=EDGE_LOOP('',(#1712,#1713,#1714,#1715));
#822=EDGE_LOOP('',(#1716,#1717,#1718,#1719));
#823=EDGE_LOOP('',(#1720,#1721,#1722,#1723));
#824=EDGE_LOOP('',(#1724,#1725,#1726));
#825=EDGE_LOOP('',(#1727,#1728,#1729));
#826=EDGE_LOOP('',(#1730,#1731,#1732,#1733));
#827=EDGE_LOOP('',(#1734,#1735,#1736,#1737));
#828=EDGE_LOOP('',(#1738,#1739,#1740,#1741));
#829=EDGE_LOOP('',(#1742,#1743,#1744,#1745));
#830=EDGE_LOOP('',(#1746,#1747,#1748,#1749,#1750,#1751,#1752,#1753,#1754,
#1755,#1756,#1757));
#831=EDGE_LOOP('',(#1758,#1759,#1760,#1761));
#832=EDGE_LOOP('',(#1762,#1763,#1764,#1765));
#833=EDGE_LOOP('',(#1766,#1767,#1768));
#834=EDGE_LOOP('',(#1769,#1770,#1771));
#835=EDGE_LOOP('',(#1772,#1773,#1774,#1775));
#836=EDGE_LOOP('',(#1776,#1777,#1778,#1779));
#837=EDGE_LOOP('',(#1780,#1781,#1782,#1783));
#838=EDGE_LOOP('',(#1784,#1785,#1786,#1787));
#839=EDGE_LOOP('',(#1788,#1789,#1790,#1791,#1792,#1793,#1794,#1795,#1796,
#1797,#1798,#1799));
#840=EDGE_LOOP('',(#1800,#1801,#1802,#1803));
#841=EDGE_LOOP('',(#1804,#1805,#1806,#1807));
#842=EDGE_LOOP('',(#1808,#1809,#1810,#1811));
#843=EDGE_LOOP('',(#1812,#1813,#1814,#1815,#1816,#1817));
#844=EDGE_LOOP('',(#1818,#1819,#1820,#1821));
#845=EDGE_LOOP('',(#1822,#1823,#1824,#1825));
#846=EDGE_LOOP('',(#1826,#1827,#1828,#1829));
#847=EDGE_LOOP('',(#1830,#1831,#1832,#1833));
#848=EDGE_LOOP('',(#1834,#1835,#1836,#1837,#1838,#1839,#1840,#1841));
#849=EDGE_LOOP('',(#1842,#1843,#1844,#1845));
#850=EDGE_LOOP('',(#1846,#1847,#1848,#1849));
#851=EDGE_LOOP('',(#1850,#1851,#1852,#1853));
#852=EDGE_LOOP('',(#1854,#1855,#1856,#1857,#1858,#1859));
#853=EDGE_LOOP('',(#1860,#1861,#1862,#1863));
#854=EDGE_LOOP('',(#1864,#1865,#1866,#1867));
#855=EDGE_LOOP('',(#1868,#1869,#1870,#1871));
#856=EDGE_LOOP('',(#1872,#1873,#1874,#1875));
#857=EDGE_LOOP('',(#1876,#1877,#1878,#1879,#1880,#1881,#1882,#1883));
#858=EDGE_LOOP('',(#1884,#1885,#1886));
#859=EDGE_LOOP('',(#1887,#1888,#1889,#1890));
#860=EDGE_LOOP('',(#1891,#1892,#1893,#1894));
#861=EDGE_LOOP('',(#1895,#1896,#1897,#1898));
#862=EDGE_LOOP('',(#1899,#1900,#1901,#1902));
#863=EDGE_LOOP('',(#1903,#1904,#1905,#1906));
#864=EDGE_LOOP('',(#1907,#1908,#1909));
#865=EDGE_LOOP('',(#1910,#1911,#1912));
#866=EDGE_LOOP('',(#1913,#1914,#1915,#1916));
#867=EDGE_LOOP('',(#1917,#1918,#1919,#1920));
#868=EDGE_LOOP('',(#1921,#1922,#1923,#1924));
#869=EDGE_LOOP('',(#1925,#1926,#1927,#1928));
#870=EDGE_LOOP('',(#1929,#1930,#1931,#1932));
#871=EDGE_LOOP('',(#1933,#1934,#1935));
#872=EDGE_LOOP('',(#1936,#1937,#1938,#1939));
#873=EDGE_LOOP('',(#1940,#1941,#1942,#1943));
#874=EDGE_LOOP('',(#1944,#1945,#1946,#1947));
#875=EDGE_LOOP('',(#1948,#1949,#1950,#1951));
#876=EDGE_LOOP('',(#1952,#1953,#1954,#1955));
#877=EDGE_LOOP('',(#1956,#1957,#1958,#1959));
#878=EDGE_LOOP('',(#1960,#1961,#1962,#1963));
#879=EDGE_LOOP('',(#1964,#1965,#1966,#1967));
#880=EDGE_LOOP('',(#1968,#1969,#1970,#1971));
#881=EDGE_LOOP('',(#1972,#1973,#1974,#1975));
#882=EDGE_LOOP('',(#1976,#1977,#1978,#1979));
#883=EDGE_LOOP('',(#1980,#1981,#1982,#1983));
#884=EDGE_LOOP('',(#1984,#1985,#1986,#1987));
#885=EDGE_LOOP('',(#1988,#1989,#1990,#1991));
#886=EDGE_LOOP('',(#1992,#1993,#1994,#1995));
#887=EDGE_LOOP('',(#1996,#1997,#1998,#1999));
#888=EDGE_LOOP('',(#2000,#2001,#2002,#2003));
#889=EDGE_LOOP('',(#2004,#2005,#2006,#2007));
#890=EDGE_LOOP('',(#2008,#2009,#2010,#2011));
#891=EDGE_LOOP('',(#2012,#2013,#2014,#2015));
#892=EDGE_LOOP('',(#2016,#2017,#2018,#2019));
#893=EDGE_LOOP('',(#2020,#2021,#2022,#2023));
#894=EDGE_LOOP('',(#2024,#2025,#2026,#2027));
#895=EDGE_LOOP('',(#2028,#2029,#2030,#2031));
#896=EDGE_LOOP('',(#2032,#2033,#2034,#2035));
#897=EDGE_LOOP('',(#2036,#2037,#2038,#2039));
#898=EDGE_LOOP('',(#2040,#2041,#2042,#2043));
#899=EDGE_LOOP('',(#2044,#2045,#2046,#2047));
#900=EDGE_LOOP('',(#2048,#2049,#2050,#2051));
#901=EDGE_LOOP('',(#2052,#2053,#2054,#2055));
#902=ORIENTED_EDGE('',*,*,#2430,.F.);
#903=ORIENTED_EDGE('',*,*,#2431,.F.);
#904=ORIENTED_EDGE('',*,*,#2432,.F.);
#905=ORIENTED_EDGE('',*,*,#2433,.F.);
#906=ORIENTED_EDGE('',*,*,#2434,.F.);
#907=ORIENTED_EDGE('',*,*,#2435,.F.);
#908=ORIENTED_EDGE('',*,*,#2436,.F.);
#909=ORIENTED_EDGE('',*,*,#2437,.F.);
#910=ORIENTED_EDGE('',*,*,#2438,.F.);
#911=ORIENTED_EDGE('',*,*,#2439,.F.);
#912=ORIENTED_EDGE('',*,*,#2440,.F.);
#913=ORIENTED_EDGE('',*,*,#2441,.T.);
#914=ORIENTED_EDGE('',*,*,#2442,.T.);
#915=ORIENTED_EDGE('',*,*,#2443,.F.);
#916=ORIENTED_EDGE('',*,*,#2444,.T.);
#917=ORIENTED_EDGE('',*,*,#2445,.F.);
#918=ORIENTED_EDGE('',*,*,#2446,.F.);
#919=ORIENTED_EDGE('',*,*,#2447,.F.);
#920=ORIENTED_EDGE('',*,*,#2448,.T.);
#921=ORIENTED_EDGE('',*,*,#2449,.F.);
#922=ORIENTED_EDGE('',*,*,#2450,.F.);
#923=ORIENTED_EDGE('',*,*,#2451,.F.);
#924=ORIENTED_EDGE('',*,*,#2452,.F.);
#925=ORIENTED_EDGE('',*,*,#2453,.F.);
#926=ORIENTED_EDGE('',*,*,#2454,.F.);
#927=ORIENTED_EDGE('',*,*,#2455,.F.);
#928=ORIENTED_EDGE('',*,*,#2456,.F.);
#929=ORIENTED_EDGE('',*,*,#2457,.F.);
#930=ORIENTED_EDGE('',*,*,#2458,.F.);
#931=ORIENTED_EDGE('',*,*,#2459,.T.);
#932=ORIENTED_EDGE('',*,*,#2454,.T.);
#933=ORIENTED_EDGE('',*,*,#2460,.T.);
#934=ORIENTED_EDGE('',*,*,#2461,.F.);
#935=ORIENTED_EDGE('',*,*,#2462,.F.);
#936=ORIENTED_EDGE('',*,*,#2463,.F.);
#937=ORIENTED_EDGE('',*,*,#2464,.T.);
#938=ORIENTED_EDGE('',*,*,#2465,.F.);
#939=ORIENTED_EDGE('',*,*,#2466,.T.);
#940=ORIENTED_EDGE('',*,*,#2467,.F.);
#941=ORIENTED_EDGE('',*,*,#2468,.F.);
#942=ORIENTED_EDGE('',*,*,#2469,.T.);
#943=ORIENTED_EDGE('',*,*,#2456,.T.);
#944=ORIENTED_EDGE('',*,*,#2470,.T.);
#945=ORIENTED_EDGE('',*,*,#2471,.T.);
#946=ORIENTED_EDGE('',*,*,#2472,.T.);
#947=ORIENTED_EDGE('',*,*,#2473,.F.);
#948=ORIENTED_EDGE('',*,*,#2474,.F.);
#949=ORIENTED_EDGE('',*,*,#2475,.F.);
#950=ORIENTED_EDGE('',*,*,#2476,.T.);
#951=ORIENTED_EDGE('',*,*,#2477,.T.);
#952=ORIENTED_EDGE('',*,*,#2478,.F.);
#953=ORIENTED_EDGE('',*,*,#2479,.T.);
#954=ORIENTED_EDGE('',*,*,#2480,.T.);
#955=ORIENTED_EDGE('',*,*,#2481,.T.);
#956=ORIENTED_EDGE('',*,*,#2482,.F.);
#957=ORIENTED_EDGE('',*,*,#2475,.T.);
#958=ORIENTED_EDGE('',*,*,#2483,.T.);
#959=ORIENTED_EDGE('',*,*,#2484,.T.);
#960=ORIENTED_EDGE('',*,*,#2485,.F.);
#961=ORIENTED_EDGE('',*,*,#2486,.T.);
#962=ORIENTED_EDGE('',*,*,#2487,.F.);
#963=ORIENTED_EDGE('',*,*,#2488,.F.);
#964=ORIENTED_EDGE('',*,*,#2489,.F.);
#965=ORIENTED_EDGE('',*,*,#2490,.T.);
#966=ORIENTED_EDGE('',*,*,#2491,.F.);
#967=ORIENTED_EDGE('',*,*,#2492,.T.);
#968=ORIENTED_EDGE('',*,*,#2493,.F.);
#969=ORIENTED_EDGE('',*,*,#2494,.T.);
#970=ORIENTED_EDGE('',*,*,#2495,.F.);
#971=ORIENTED_EDGE('',*,*,#2496,.T.);
#972=ORIENTED_EDGE('',*,*,#2497,.T.);
#973=ORIENTED_EDGE('',*,*,#2498,.T.);
#974=ORIENTED_EDGE('',*,*,#2499,.F.);
#975=ORIENTED_EDGE('',*,*,#2500,.F.);
#976=ORIENTED_EDGE('',*,*,#2501,.F.);
#977=ORIENTED_EDGE('',*,*,#2502,.T.);
#978=ORIENTED_EDGE('',*,*,#2498,.F.);
#979=ORIENTED_EDGE('',*,*,#2503,.T.);
#980=ORIENTED_EDGE('',*,*,#2504,.T.);
#981=ORIENTED_EDGE('',*,*,#2505,.T.);
#982=ORIENTED_EDGE('',*,*,#2506,.T.);
#983=ORIENTED_EDGE('',*,*,#2507,.T.);
#984=ORIENTED_EDGE('',*,*,#2508,.F.);
#985=ORIENTED_EDGE('',*,*,#2509,.T.);
#986=ORIENTED_EDGE('',*,*,#2510,.T.);
#987=ORIENTED_EDGE('',*,*,#2511,.T.);
#988=ORIENTED_EDGE('',*,*,#2496,.F.);
#989=ORIENTED_EDGE('',*,*,#2512,.F.);
#990=ORIENTED_EDGE('',*,*,#2513,.F.);
#991=ORIENTED_EDGE('',*,*,#2514,.T.);
#992=ORIENTED_EDGE('',*,*,#2492,.F.);
#993=ORIENTED_EDGE('',*,*,#2515,.F.);
#994=ORIENTED_EDGE('',*,*,#2473,.T.);
#995=ORIENTED_EDGE('',*,*,#2516,.F.);
#996=ORIENTED_EDGE('',*,*,#2517,.F.);
#997=ORIENTED_EDGE('',*,*,#2518,.T.);
#998=ORIENTED_EDGE('',*,*,#2519,.T.);
#999=ORIENTED_EDGE('',*,*,#2520,.T.);
#1000=ORIENTED_EDGE('',*,*,#2521,.T.);
#1001=ORIENTED_EDGE('',*,*,#2522,.T.);
#1002=ORIENTED_EDGE('',*,*,#2523,.F.);
#1003=ORIENTED_EDGE('',*,*,#2524,.T.);
#1004=ORIENTED_EDGE('',*,*,#2525,.T.);
#1005=ORIENTED_EDGE('',*,*,#2526,.T.);
#1006=ORIENTED_EDGE('',*,*,#2527,.T.);
#1007=ORIENTED_EDGE('',*,*,#2528,.T.);
#1008=ORIENTED_EDGE('',*,*,#2529,.F.);
#1009=ORIENTED_EDGE('',*,*,#2530,.T.);
#1010=ORIENTED_EDGE('',*,*,#2531,.T.);
#1011=ORIENTED_EDGE('',*,*,#2532,.T.);
#1012=ORIENTED_EDGE('',*,*,#2533,.T.);
#1013=ORIENTED_EDGE('',*,*,#2534,.T.);
#1014=ORIENTED_EDGE('',*,*,#2535,.F.);
#1015=ORIENTED_EDGE('',*,*,#2536,.T.);
#1016=ORIENTED_EDGE('',*,*,#2537,.F.);
#1017=ORIENTED_EDGE('',*,*,#2538,.F.);
#1018=ORIENTED_EDGE('',*,*,#2539,.T.);
#1019=ORIENTED_EDGE('',*,*,#2461,.T.);
#1020=ORIENTED_EDGE('',*,*,#2540,.T.);
#1021=ORIENTED_EDGE('',*,*,#2541,.F.);
#1022=ORIENTED_EDGE('',*,*,#2536,.F.);
#1023=ORIENTED_EDGE('',*,*,#2542,.T.);
#1024=ORIENTED_EDGE('',*,*,#2448,.F.);
#1025=ORIENTED_EDGE('',*,*,#2543,.F.);
#1026=ORIENTED_EDGE('',*,*,#2544,.F.);
#1027=ORIENTED_EDGE('',*,*,#2545,.F.);
#1028=ORIENTED_EDGE('',*,*,#2546,.F.);
#1029=ORIENTED_EDGE('',*,*,#2547,.F.);
#1030=ORIENTED_EDGE('',*,*,#2548,.F.);
#1031=ORIENTED_EDGE('',*,*,#2549,.F.);
#1032=ORIENTED_EDGE('',*,*,#2550,.F.);
#1033=ORIENTED_EDGE('',*,*,#2551,.F.);
#1034=ORIENTED_EDGE('',*,*,#2552,.F.);
#1035=ORIENTED_EDGE('',*,*,#2553,.F.);
#1036=ORIENTED_EDGE('',*,*,#2554,.F.);
#1037=ORIENTED_EDGE('',*,*,#2555,.T.);
#1038=ORIENTED_EDGE('',*,*,#2538,.T.);
#1039=ORIENTED_EDGE('',*,*,#2556,.T.);
#1040=ORIENTED_EDGE('',*,*,#2557,.T.);
#1041=ORIENTED_EDGE('',*,*,#2558,.T.);
#1042=ORIENTED_EDGE('',*,*,#2559,.T.);
#1043=ORIENTED_EDGE('',*,*,#2560,.T.);
#1044=ORIENTED_EDGE('',*,*,#2561,.T.);
#1045=ORIENTED_EDGE('',*,*,#2562,.T.);
#1046=ORIENTED_EDGE('',*,*,#2563,.T.);
#1047=ORIENTED_EDGE('',*,*,#2564,.T.);
#1048=ORIENTED_EDGE('',*,*,#2565,.T.);
#1049=ORIENTED_EDGE('',*,*,#2566,.T.);
#1050=ORIENTED_EDGE('',*,*,#2567,.T.);
#1051=ORIENTED_EDGE('',*,*,#2434,.T.);
#1052=ORIENTED_EDGE('',*,*,#2568,.F.);
#1053=ORIENTED_EDGE('',*,*,#2507,.F.);
#1054=ORIENTED_EDGE('',*,*,#2569,.F.);
#1055=ORIENTED_EDGE('',*,*,#2480,.F.);
#1056=ORIENTED_EDGE('',*,*,#2570,.F.);
#1057=ORIENTED_EDGE('',*,*,#2441,.F.);
#1058=ORIENTED_EDGE('',*,*,#2571,.F.);
#1059=ORIENTED_EDGE('',*,*,#2503,.F.);
#1060=ORIENTED_EDGE('',*,*,#2497,.F.);
#1061=ORIENTED_EDGE('',*,*,#2511,.F.);
#1062=ORIENTED_EDGE('',*,*,#2572,.F.);
#1063=ORIENTED_EDGE('',*,*,#2573,.F.);
#1064=ORIENTED_EDGE('',*,*,#2574,.F.);
#1065=ORIENTED_EDGE('',*,*,#2575,.T.);
#1066=ORIENTED_EDGE('',*,*,#2551,.T.);
#1067=ORIENTED_EDGE('',*,*,#2576,.F.);
#1068=ORIENTED_EDGE('',*,*,#2577,.T.);
#1069=ORIENTED_EDGE('',*,*,#2578,.F.);
#1070=ORIENTED_EDGE('',*,*,#2579,.F.);
#1071=ORIENTED_EDGE('',*,*,#2580,.T.);
#1072=ORIENTED_EDGE('',*,*,#2581,.T.);
#1073=ORIENTED_EDGE('',*,*,#2582,.F.);
#1074=ORIENTED_EDGE('',*,*,#2583,.F.);
#1075=ORIENTED_EDGE('',*,*,#2584,.T.);
#1076=ORIENTED_EDGE('',*,*,#2585,.T.);
#1077=ORIENTED_EDGE('',*,*,#2586,.T.);
#1078=ORIENTED_EDGE('',*,*,#2587,.F.);
#1079=ORIENTED_EDGE('',*,*,#2588,.F.);
#1080=ORIENTED_EDGE('',*,*,#2589,.T.);
#1081=ORIENTED_EDGE('',*,*,#2590,.F.);
#1082=ORIENTED_EDGE('',*,*,#2591,.F.);
#1083=ORIENTED_EDGE('',*,*,#2592,.F.);
#1084=ORIENTED_EDGE('',*,*,#2593,.F.);
#1085=ORIENTED_EDGE('',*,*,#2594,.T.);
#1086=ORIENTED_EDGE('',*,*,#2595,.T.);
#1087=ORIENTED_EDGE('',*,*,#2596,.F.);
#1088=ORIENTED_EDGE('',*,*,#2597,.T.);
#1089=ORIENTED_EDGE('',*,*,#2598,.F.);
#1090=ORIENTED_EDGE('',*,*,#2599,.F.);
#1091=ORIENTED_EDGE('',*,*,#2578,.T.);
#1092=ORIENTED_EDGE('',*,*,#2600,.T.);
#1093=ORIENTED_EDGE('',*,*,#2580,.F.);
#1094=ORIENTED_EDGE('',*,*,#2453,.T.);
#1095=ORIENTED_EDGE('',*,*,#2601,.T.);
#1096=ORIENTED_EDGE('',*,*,#2540,.F.);
#1097=ORIENTED_EDGE('',*,*,#2460,.F.);
#1098=ORIENTED_EDGE('',*,*,#2602,.T.);
#1099=ORIENTED_EDGE('',*,*,#2603,.T.);
#1100=ORIENTED_EDGE('',*,*,#2591,.T.);
#1101=ORIENTED_EDGE('',*,*,#2604,.T.);
#1102=ORIENTED_EDGE('',*,*,#2605,.F.);
#1103=ORIENTED_EDGE('',*,*,#2606,.F.);
#1104=ORIENTED_EDGE('',*,*,#2607,.T.);
#1105=ORIENTED_EDGE('',*,*,#2608,.T.);
#1106=ORIENTED_EDGE('',*,*,#2583,.T.);
#1107=ORIENTED_EDGE('',*,*,#2609,.F.);
#1108=ORIENTED_EDGE('',*,*,#2610,.F.);
#1109=ORIENTED_EDGE('',*,*,#2581,.F.);
#1110=ORIENTED_EDGE('',*,*,#2600,.F.);
#1111=ORIENTED_EDGE('',*,*,#2577,.F.);
#1112=ORIENTED_EDGE('',*,*,#2611,.T.);
#1113=ORIENTED_EDGE('',*,*,#2612,.T.);
#1114=ORIENTED_EDGE('',*,*,#2613,.F.);
#1115=ORIENTED_EDGE('',*,*,#2597,.F.);
#1116=ORIENTED_EDGE('',*,*,#2611,.F.);
#1117=ORIENTED_EDGE('',*,*,#2576,.T.);
#1118=ORIENTED_EDGE('',*,*,#2550,.T.);
#1119=ORIENTED_EDGE('',*,*,#2614,.F.);
#1120=ORIENTED_EDGE('',*,*,#2612,.F.);
#1121=ORIENTED_EDGE('',*,*,#2614,.T.);
#1122=ORIENTED_EDGE('',*,*,#2549,.T.);
#1123=ORIENTED_EDGE('',*,*,#2615,.F.);
#1124=ORIENTED_EDGE('',*,*,#2616,.F.);
#1125=ORIENTED_EDGE('',*,*,#2617,.T.);
#1126=ORIENTED_EDGE('',*,*,#2618,.T.);
#1127=ORIENTED_EDGE('',*,*,#2619,.F.);
#1128=ORIENTED_EDGE('',*,*,#2620,.F.);
#1129=ORIENTED_EDGE('',*,*,#2621,.T.);
#1130=ORIENTED_EDGE('',*,*,#2622,.T.);
#1131=ORIENTED_EDGE('',*,*,#2623,.F.);
#1132=ORIENTED_EDGE('',*,*,#2624,.F.);
#1133=ORIENTED_EDGE('',*,*,#2625,.F.);
#1134=ORIENTED_EDGE('',*,*,#2626,.F.);
#1135=ORIENTED_EDGE('',*,*,#2627,.T.);
#1136=ORIENTED_EDGE('',*,*,#2628,.T.);
#1137=ORIENTED_EDGE('',*,*,#2629,.T.);
#1138=ORIENTED_EDGE('',*,*,#2619,.T.);
#1139=ORIENTED_EDGE('',*,*,#2630,.T.);
#1140=ORIENTED_EDGE('',*,*,#2631,.F.);
#1141=ORIENTED_EDGE('',*,*,#2632,.T.);
#1142=ORIENTED_EDGE('',*,*,#2633,.T.);
#1143=ORIENTED_EDGE('',*,*,#2634,.F.);
#1144=ORIENTED_EDGE('',*,*,#2635,.T.);
#1145=ORIENTED_EDGE('',*,*,#2631,.T.);
#1146=ORIENTED_EDGE('',*,*,#2636,.T.);
#1147=ORIENTED_EDGE('',*,*,#2621,.F.);
#1148=ORIENTED_EDGE('',*,*,#2637,.T.);
#1149=ORIENTED_EDGE('',*,*,#2634,.T.);
#1150=ORIENTED_EDGE('',*,*,#2638,.T.);
#1151=ORIENTED_EDGE('',*,*,#2639,.T.);
#1152=ORIENTED_EDGE('',*,*,#2445,.T.);
#1153=ORIENTED_EDGE('',*,*,#2640,.T.);
#1154=ORIENTED_EDGE('',*,*,#2617,.F.);
#1155=ORIENTED_EDGE('',*,*,#2641,.T.);
#1156=ORIENTED_EDGE('',*,*,#2642,.T.);
#1157=ORIENTED_EDGE('',*,*,#2643,.T.);
#1158=ORIENTED_EDGE('',*,*,#2644,.T.);
#1159=ORIENTED_EDGE('',*,*,#2645,.F.);
#1160=ORIENTED_EDGE('',*,*,#2646,.F.);
#1161=ORIENTED_EDGE('',*,*,#2437,.T.);
#1162=ORIENTED_EDGE('',*,*,#2647,.T.);
#1163=ORIENTED_EDGE('',*,*,#2648,.T.);
#1164=ORIENTED_EDGE('',*,*,#2649,.T.);
#1165=ORIENTED_EDGE('',*,*,#2625,.T.);
#1166=ORIENTED_EDGE('',*,*,#2650,.F.);
#1167=ORIENTED_EDGE('',*,*,#2435,.T.);
#1168=ORIENTED_EDGE('',*,*,#2567,.F.);
#1169=ORIENTED_EDGE('',*,*,#2651,.T.);
#1170=ORIENTED_EDGE('',*,*,#2543,.T.);
#1171=ORIENTED_EDGE('',*,*,#2447,.T.);
#1172=ORIENTED_EDGE('',*,*,#2652,.T.);
#1173=ORIENTED_EDGE('',*,*,#2623,.T.);
#1174=ORIENTED_EDGE('',*,*,#2653,.T.);
#1175=ORIENTED_EDGE('',*,*,#2443,.T.);
#1176=ORIENTED_EDGE('',*,*,#2654,.F.);
#1177=ORIENTED_EDGE('',*,*,#2483,.F.);
#1178=ORIENTED_EDGE('',*,*,#2474,.T.);
#1179=ORIENTED_EDGE('',*,*,#2515,.T.);
#1180=ORIENTED_EDGE('',*,*,#2491,.T.);
#1181=ORIENTED_EDGE('',*,*,#2655,.F.);
#1182=ORIENTED_EDGE('',*,*,#2656,.F.);
#1183=ORIENTED_EDGE('',*,*,#2439,.T.);
#1184=ORIENTED_EDGE('',*,*,#2657,.F.);
#1185=ORIENTED_EDGE('',*,*,#2658,.T.);
#1186=ORIENTED_EDGE('',*,*,#2659,.T.);
#1187=ORIENTED_EDGE('',*,*,#2660,.T.);
#1188=ORIENTED_EDGE('',*,*,#2661,.T.);
#1189=ORIENTED_EDGE('',*,*,#2662,.T.);
#1190=ORIENTED_EDGE('',*,*,#2481,.F.);
#1191=ORIENTED_EDGE('',*,*,#2569,.T.);
#1192=ORIENTED_EDGE('',*,*,#2506,.F.);
#1193=ORIENTED_EDGE('',*,*,#2440,.T.);
#1194=ORIENTED_EDGE('',*,*,#2656,.T.);
#1195=ORIENTED_EDGE('',*,*,#2663,.T.);
#1196=ORIENTED_EDGE('',*,*,#2664,.T.);
#1197=ORIENTED_EDGE('',*,*,#2665,.T.);
#1198=ORIENTED_EDGE('',*,*,#2666,.T.);
#1199=ORIENTED_EDGE('',*,*,#2667,.T.);
#1200=ORIENTED_EDGE('',*,*,#2668,.T.);
#1201=ORIENTED_EDGE('',*,*,#2513,.T.);
#1202=ORIENTED_EDGE('',*,*,#2669,.T.);
#1203=ORIENTED_EDGE('',*,*,#2670,.T.);
#1204=ORIENTED_EDGE('',*,*,#2671,.T.);
#1205=ORIENTED_EDGE('',*,*,#2672,.T.);
#1206=ORIENTED_EDGE('',*,*,#2673,.T.);
#1207=ORIENTED_EDGE('',*,*,#2501,.T.);
#1208=ORIENTED_EDGE('',*,*,#2571,.T.);
#1209=ORIENTED_EDGE('',*,*,#2490,.F.);
#1210=ORIENTED_EDGE('',*,*,#2674,.T.);
#1211=ORIENTED_EDGE('',*,*,#2663,.F.);
#1212=ORIENTED_EDGE('',*,*,#2655,.T.);
#1213=ORIENTED_EDGE('',*,*,#2654,.T.);
#1214=ORIENTED_EDGE('',*,*,#2442,.F.);
#1215=ORIENTED_EDGE('',*,*,#2570,.T.);
#1216=ORIENTED_EDGE('',*,*,#2479,.F.);
#1217=ORIENTED_EDGE('',*,*,#2675,.F.);
#1218=ORIENTED_EDGE('',*,*,#2676,.F.);
#1219=ORIENTED_EDGE('',*,*,#2677,.F.);
#1220=ORIENTED_EDGE('',*,*,#2678,.F.);
#1221=ORIENTED_EDGE('',*,*,#2679,.F.);
#1222=ORIENTED_EDGE('',*,*,#2504,.F.);
#1223=ORIENTED_EDGE('',*,*,#2680,.F.);
#1224=ORIENTED_EDGE('',*,*,#2681,.F.);
#1225=ORIENTED_EDGE('',*,*,#2682,.F.);
#1226=ORIENTED_EDGE('',*,*,#2683,.F.);
#1227=ORIENTED_EDGE('',*,*,#2684,.F.);
#1228=ORIENTED_EDGE('',*,*,#2484,.F.);
#1229=ORIENTED_EDGE('',*,*,#2645,.T.);
#1230=ORIENTED_EDGE('',*,*,#2685,.T.);
#1231=ORIENTED_EDGE('',*,*,#2686,.F.);
#1232=ORIENTED_EDGE('',*,*,#2687,.F.);
#1233=ORIENTED_EDGE('',*,*,#2688,.T.);
#1234=ORIENTED_EDGE('',*,*,#2689,.T.);
#1235=ORIENTED_EDGE('',*,*,#2690,.F.);
#1236=ORIENTED_EDGE('',*,*,#2691,.F.);
#1237=ORIENTED_EDGE('',*,*,#2686,.T.);
#1238=ORIENTED_EDGE('',*,*,#2692,.T.);
#1239=ORIENTED_EDGE('',*,*,#2693,.T.);
#1240=ORIENTED_EDGE('',*,*,#2690,.T.);
#1241=ORIENTED_EDGE('',*,*,#2694,.T.);
#1242=ORIENTED_EDGE('',*,*,#2695,.F.);
#1243=ORIENTED_EDGE('',*,*,#2696,.F.);
#1244=ORIENTED_EDGE('',*,*,#2695,.T.);
#1245=ORIENTED_EDGE('',*,*,#2697,.T.);
#1246=ORIENTED_EDGE('',*,*,#2627,.F.);
#1247=ORIENTED_EDGE('',*,*,#2698,.F.);
#1248=ORIENTED_EDGE('',*,*,#2687,.T.);
#1249=ORIENTED_EDGE('',*,*,#2691,.T.);
#1250=ORIENTED_EDGE('',*,*,#2696,.T.);
#1251=ORIENTED_EDGE('',*,*,#2698,.T.);
#1252=ORIENTED_EDGE('',*,*,#2626,.T.);
#1253=ORIENTED_EDGE('',*,*,#2657,.T.);
#1254=ORIENTED_EDGE('',*,*,#2438,.T.);
#1255=ORIENTED_EDGE('',*,*,#2646,.T.);
#1256=ORIENTED_EDGE('',*,*,#2618,.F.);
#1257=ORIENTED_EDGE('',*,*,#2640,.F.);
#1258=ORIENTED_EDGE('',*,*,#2444,.F.);
#1259=ORIENTED_EDGE('',*,*,#2653,.F.);
#1260=ORIENTED_EDGE('',*,*,#2622,.F.);
#1261=ORIENTED_EDGE('',*,*,#2638,.F.);
#1262=ORIENTED_EDGE('',*,*,#2636,.F.);
#1263=ORIENTED_EDGE('',*,*,#2630,.F.);
#1264=ORIENTED_EDGE('',*,*,#2699,.T.);
#1265=ORIENTED_EDGE('',*,*,#2641,.F.);
#1266=ORIENTED_EDGE('',*,*,#2616,.T.);
#1267=ORIENTED_EDGE('',*,*,#2629,.F.);
#1268=ORIENTED_EDGE('',*,*,#2685,.F.);
#1269=ORIENTED_EDGE('',*,*,#2644,.F.);
#1270=ORIENTED_EDGE('',*,*,#2700,.F.);
#1271=ORIENTED_EDGE('',*,*,#2692,.F.);
#1272=ORIENTED_EDGE('',*,*,#2635,.F.);
#1273=ORIENTED_EDGE('',*,*,#2637,.F.);
#1274=ORIENTED_EDGE('',*,*,#2620,.T.);
#1275=ORIENTED_EDGE('',*,*,#2652,.F.);
#1276=ORIENTED_EDGE('',*,*,#2446,.T.);
#1277=ORIENTED_EDGE('',*,*,#2639,.F.);
#1278=ORIENTED_EDGE('',*,*,#2701,.F.);
#1279=ORIENTED_EDGE('',*,*,#2632,.F.);
#1280=ORIENTED_EDGE('',*,*,#2702,.T.);
#1281=ORIENTED_EDGE('',*,*,#2647,.F.);
#1282=ORIENTED_EDGE('',*,*,#2436,.T.);
#1283=ORIENTED_EDGE('',*,*,#2650,.T.);
#1284=ORIENTED_EDGE('',*,*,#2624,.T.);
#1285=ORIENTED_EDGE('',*,*,#2697,.F.);
#1286=ORIENTED_EDGE('',*,*,#2694,.F.);
#1287=ORIENTED_EDGE('',*,*,#2689,.F.);
#1288=ORIENTED_EDGE('',*,*,#2703,.T.);
#1289=ORIENTED_EDGE('',*,*,#2642,.F.);
#1290=ORIENTED_EDGE('',*,*,#2699,.F.);
#1291=ORIENTED_EDGE('',*,*,#2628,.F.);
#1292=ORIENTED_EDGE('',*,*,#2701,.T.);
#1293=ORIENTED_EDGE('',*,*,#2643,.F.);
#1294=ORIENTED_EDGE('',*,*,#2703,.F.);
#1295=ORIENTED_EDGE('',*,*,#2633,.F.);
#1296=ORIENTED_EDGE('',*,*,#2704,.T.);
#1297=ORIENTED_EDGE('',*,*,#2648,.F.);
#1298=ORIENTED_EDGE('',*,*,#2702,.F.);
#1299=ORIENTED_EDGE('',*,*,#2688,.F.);
#1300=ORIENTED_EDGE('',*,*,#2700,.T.);
#1301=ORIENTED_EDGE('',*,*,#2649,.F.);
#1302=ORIENTED_EDGE('',*,*,#2704,.F.);
#1303=ORIENTED_EDGE('',*,*,#2693,.F.);
#1304=ORIENTED_EDGE('',*,*,#2705,.F.);
#1305=ORIENTED_EDGE('',*,*,#2706,.F.);
#1306=ORIENTED_EDGE('',*,*,#2707,.T.);
#1307=ORIENTED_EDGE('',*,*,#2708,.T.);
#1308=ORIENTED_EDGE('',*,*,#2553,.T.);
#1309=ORIENTED_EDGE('',*,*,#2709,.F.);
#1310=ORIENTED_EDGE('',*,*,#2557,.F.);
#1311=ORIENTED_EDGE('',*,*,#2710,.T.);
#1312=ORIENTED_EDGE('',*,*,#2552,.T.);
#1313=ORIENTED_EDGE('',*,*,#2575,.F.);
#1314=ORIENTED_EDGE('',*,*,#2711,.F.);
#1315=ORIENTED_EDGE('',*,*,#2712,.F.);
#1316=ORIENTED_EDGE('',*,*,#2558,.F.);
#1317=ORIENTED_EDGE('',*,*,#2709,.T.);
#1318=ORIENTED_EDGE('',*,*,#2712,.T.);
#1319=ORIENTED_EDGE('',*,*,#2713,.T.);
#1320=ORIENTED_EDGE('',*,*,#2714,.F.);
#1321=ORIENTED_EDGE('',*,*,#2607,.F.);
#1322=ORIENTED_EDGE('',*,*,#2715,.F.);
#1323=ORIENTED_EDGE('',*,*,#2559,.F.);
#1324=ORIENTED_EDGE('',*,*,#2715,.T.);
#1325=ORIENTED_EDGE('',*,*,#2606,.T.);
#1326=ORIENTED_EDGE('',*,*,#2716,.F.);
#1327=ORIENTED_EDGE('',*,*,#2560,.F.);
#1328=ORIENTED_EDGE('',*,*,#2716,.T.);
#1329=ORIENTED_EDGE('',*,*,#2605,.T.);
#1330=ORIENTED_EDGE('',*,*,#2717,.F.);
#1331=ORIENTED_EDGE('',*,*,#2561,.F.);
#1332=ORIENTED_EDGE('',*,*,#2590,.T.);
#1333=ORIENTED_EDGE('',*,*,#2718,.T.);
#1334=ORIENTED_EDGE('',*,*,#2719,.F.);
#1335=ORIENTED_EDGE('',*,*,#2720,.F.);
#1336=ORIENTED_EDGE('',*,*,#2598,.T.);
#1337=ORIENTED_EDGE('',*,*,#2613,.T.);
#1338=ORIENTED_EDGE('',*,*,#2615,.T.);
#1339=ORIENTED_EDGE('',*,*,#2548,.T.);
#1340=ORIENTED_EDGE('',*,*,#2721,.F.);
#1341=ORIENTED_EDGE('',*,*,#2562,.F.);
#1342=ORIENTED_EDGE('',*,*,#2717,.T.);
#1343=ORIENTED_EDGE('',*,*,#2604,.F.);
#1344=ORIENTED_EDGE('',*,*,#2547,.T.);
#1345=ORIENTED_EDGE('',*,*,#2722,.F.);
#1346=ORIENTED_EDGE('',*,*,#2563,.F.);
#1347=ORIENTED_EDGE('',*,*,#2721,.T.);
#1348=ORIENTED_EDGE('',*,*,#2546,.T.);
#1349=ORIENTED_EDGE('',*,*,#2723,.F.);
#1350=ORIENTED_EDGE('',*,*,#2564,.F.);
#1351=ORIENTED_EDGE('',*,*,#2722,.T.);
#1352=ORIENTED_EDGE('',*,*,#2545,.T.);
#1353=ORIENTED_EDGE('',*,*,#2724,.F.);
#1354=ORIENTED_EDGE('',*,*,#2565,.F.);
#1355=ORIENTED_EDGE('',*,*,#2723,.T.);
#1356=ORIENTED_EDGE('',*,*,#2544,.T.);
#1357=ORIENTED_EDGE('',*,*,#2651,.F.);
#1358=ORIENTED_EDGE('',*,*,#2566,.F.);
#1359=ORIENTED_EDGE('',*,*,#2724,.T.);
#1360=ORIENTED_EDGE('',*,*,#2554,.T.);
#1361=ORIENTED_EDGE('',*,*,#2710,.F.);
#1362=ORIENTED_EDGE('',*,*,#2556,.F.);
#1363=ORIENTED_EDGE('',*,*,#2537,.T.);
#1364=ORIENTED_EDGE('',*,*,#2714,.T.);
#1365=ORIENTED_EDGE('',*,*,#2725,.T.);
#1366=ORIENTED_EDGE('',*,*,#2584,.F.);
#1367=ORIENTED_EDGE('',*,*,#2608,.F.);
#1368=ORIENTED_EDGE('',*,*,#2726,.F.);
#1369=ORIENTED_EDGE('',*,*,#2609,.T.);
#1370=ORIENTED_EDGE('',*,*,#2596,.T.);
#1371=ORIENTED_EDGE('',*,*,#2727,.T.);
#1372=ORIENTED_EDGE('',*,*,#2728,.T.);
#1373=ORIENTED_EDGE('',*,*,#2594,.F.);
#1374=ORIENTED_EDGE('',*,*,#2729,.F.);
#1375=ORIENTED_EDGE('',*,*,#2730,.T.);
#1376=ORIENTED_EDGE('',*,*,#2603,.F.);
#1377=ORIENTED_EDGE('',*,*,#2731,.F.);
#1378=ORIENTED_EDGE('',*,*,#2732,.F.);
#1379=ORIENTED_EDGE('',*,*,#2592,.T.);
#1380=ORIENTED_EDGE('',*,*,#2602,.F.);
#1381=ORIENTED_EDGE('',*,*,#2582,.T.);
#1382=ORIENTED_EDGE('',*,*,#2610,.T.);
#1383=ORIENTED_EDGE('',*,*,#2726,.T.);
#1384=ORIENTED_EDGE('',*,*,#2733,.T.);
#1385=ORIENTED_EDGE('',*,*,#2734,.F.);
#1386=ORIENTED_EDGE('',*,*,#2735,.F.);
#1387=ORIENTED_EDGE('',*,*,#2731,.T.);
#1388=ORIENTED_EDGE('',*,*,#2736,.T.);
#1389=ORIENTED_EDGE('',*,*,#2737,.F.);
#1390=ORIENTED_EDGE('',*,*,#2738,.F.);
#1391=ORIENTED_EDGE('',*,*,#2734,.T.);
#1392=ORIENTED_EDGE('',*,*,#2739,.T.);
#1393=ORIENTED_EDGE('',*,*,#2730,.F.);
#1394=ORIENTED_EDGE('',*,*,#2740,.F.);
#1395=ORIENTED_EDGE('',*,*,#2737,.T.);
#1396=ORIENTED_EDGE('',*,*,#2729,.T.);
#1397=ORIENTED_EDGE('',*,*,#2593,.T.);
#1398=ORIENTED_EDGE('',*,*,#2732,.T.);
#1399=ORIENTED_EDGE('',*,*,#2735,.T.);
#1400=ORIENTED_EDGE('',*,*,#2738,.T.);
#1401=ORIENTED_EDGE('',*,*,#2740,.T.);
#1402=ORIENTED_EDGE('',*,*,#2728,.F.);
#1403=ORIENTED_EDGE('',*,*,#2739,.F.);
#1404=ORIENTED_EDGE('',*,*,#2736,.F.);
#1405=ORIENTED_EDGE('',*,*,#2733,.F.);
#1406=ORIENTED_EDGE('',*,*,#2727,.F.);
#1407=ORIENTED_EDGE('',*,*,#2595,.F.);
#1408=ORIENTED_EDGE('',*,*,#2741,.T.);
#1409=ORIENTED_EDGE('',*,*,#2541,.T.);
#1410=ORIENTED_EDGE('',*,*,#2601,.F.);
#1411=ORIENTED_EDGE('',*,*,#2452,.T.);
#1412=ORIENTED_EDGE('',*,*,#2742,.F.);
#1413=ORIENTED_EDGE('',*,*,#2743,.F.);
#1414=ORIENTED_EDGE('',*,*,#2744,.T.);
#1415=ORIENTED_EDGE('',*,*,#2745,.F.);
#1416=ORIENTED_EDGE('',*,*,#2746,.F.);
#1417=ORIENTED_EDGE('',*,*,#2747,.T.);
#1418=ORIENTED_EDGE('',*,*,#2748,.T.);
#1419=ORIENTED_EDGE('',*,*,#2707,.F.);
#1420=ORIENTED_EDGE('',*,*,#2749,.F.);
#1421=ORIENTED_EDGE('',*,*,#2745,.T.);
#1422=ORIENTED_EDGE('',*,*,#2750,.T.);
#1423=ORIENTED_EDGE('',*,*,#2747,.F.);
#1424=ORIENTED_EDGE('',*,*,#2751,.F.);
#1425=ORIENTED_EDGE('',*,*,#2705,.T.);
#1426=ORIENTED_EDGE('',*,*,#2746,.T.);
#1427=ORIENTED_EDGE('',*,*,#2749,.T.);
#1428=ORIENTED_EDGE('',*,*,#2706,.T.);
#1429=ORIENTED_EDGE('',*,*,#2751,.T.);
#1430=ORIENTED_EDGE('',*,*,#2744,.F.);
#1431=ORIENTED_EDGE('',*,*,#2750,.F.);
#1432=ORIENTED_EDGE('',*,*,#2708,.F.);
#1433=ORIENTED_EDGE('',*,*,#2748,.F.);
#1434=ORIENTED_EDGE('',*,*,#2711,.T.);
#1435=ORIENTED_EDGE('',*,*,#2752,.T.);
#1436=ORIENTED_EDGE('',*,*,#2753,.T.);
#1437=ORIENTED_EDGE('',*,*,#2754,.F.);
#1438=ORIENTED_EDGE('',*,*,#2719,.T.);
#1439=ORIENTED_EDGE('',*,*,#2755,.F.);
#1440=ORIENTED_EDGE('',*,*,#2756,.F.);
#1441=ORIENTED_EDGE('',*,*,#2757,.T.);
#1442=ORIENTED_EDGE('',*,*,#2589,.F.);
#1443=ORIENTED_EDGE('',*,*,#2758,.T.);
#1444=ORIENTED_EDGE('',*,*,#2759,.T.);
#1445=ORIENTED_EDGE('',*,*,#2760,.T.);
#1446=ORIENTED_EDGE('',*,*,#2585,.F.);
#1447=ORIENTED_EDGE('',*,*,#2725,.F.);
#1448=ORIENTED_EDGE('',*,*,#2713,.F.);
#1449=ORIENTED_EDGE('',*,*,#2754,.T.);
#1450=ORIENTED_EDGE('',*,*,#2761,.T.);
#1451=ORIENTED_EDGE('',*,*,#2755,.T.);
#1452=ORIENTED_EDGE('',*,*,#2718,.F.);
#1453=ORIENTED_EDGE('',*,*,#2720,.T.);
#1454=ORIENTED_EDGE('',*,*,#2757,.F.);
#1455=ORIENTED_EDGE('',*,*,#2762,.F.);
#1456=ORIENTED_EDGE('',*,*,#2752,.F.);
#1457=ORIENTED_EDGE('',*,*,#2574,.T.);
#1458=ORIENTED_EDGE('',*,*,#2599,.T.);
#1459=ORIENTED_EDGE('',*,*,#2579,.T.);
#1460=ORIENTED_EDGE('',*,*,#2763,.F.);
#1461=ORIENTED_EDGE('',*,*,#2764,.F.);
#1462=ORIENTED_EDGE('',*,*,#2765,.F.);
#1463=ORIENTED_EDGE('',*,*,#2587,.T.);
#1464=ORIENTED_EDGE('',*,*,#2763,.T.);
#1465=ORIENTED_EDGE('',*,*,#2586,.F.);
#1466=ORIENTED_EDGE('',*,*,#2760,.F.);
#1467=ORIENTED_EDGE('',*,*,#2766,.F.);
#1468=ORIENTED_EDGE('',*,*,#2764,.T.);
#1469=ORIENTED_EDGE('',*,*,#2766,.T.);
#1470=ORIENTED_EDGE('',*,*,#2759,.F.);
#1471=ORIENTED_EDGE('',*,*,#2767,.F.);
#1472=ORIENTED_EDGE('',*,*,#2765,.T.);
#1473=ORIENTED_EDGE('',*,*,#2767,.T.);
#1474=ORIENTED_EDGE('',*,*,#2758,.F.);
#1475=ORIENTED_EDGE('',*,*,#2588,.T.);
#1476=ORIENTED_EDGE('',*,*,#2762,.T.);
#1477=ORIENTED_EDGE('',*,*,#2756,.T.);
#1478=ORIENTED_EDGE('',*,*,#2761,.F.);
#1479=ORIENTED_EDGE('',*,*,#2753,.F.);
#1480=ORIENTED_EDGE('',*,*,#2768,.F.);
#1481=ORIENTED_EDGE('',*,*,#2769,.T.);
#1482=ORIENTED_EDGE('',*,*,#2770,.F.);
#1483=ORIENTED_EDGE('',*,*,#2771,.T.);
#1484=ORIENTED_EDGE('',*,*,#2508,.T.);
#1485=ORIENTED_EDGE('',*,*,#2568,.T.);
#1486=ORIENTED_EDGE('',*,*,#2772,.F.);
#1487=ORIENTED_EDGE('',*,*,#2773,.T.);
#1488=ORIENTED_EDGE('',*,*,#2768,.T.);
#1489=ORIENTED_EDGE('',*,*,#2573,.T.);
#1490=ORIENTED_EDGE('',*,*,#2774,.F.);
#1491=ORIENTED_EDGE('',*,*,#2775,.T.);
#1492=ORIENTED_EDGE('',*,*,#2772,.T.);
#1493=ORIENTED_EDGE('',*,*,#2572,.T.);
#1494=ORIENTED_EDGE('',*,*,#2510,.F.);
#1495=ORIENTED_EDGE('',*,*,#2776,.T.);
#1496=ORIENTED_EDGE('',*,*,#2770,.T.);
#1497=ORIENTED_EDGE('',*,*,#2777,.T.);
#1498=ORIENTED_EDGE('',*,*,#2774,.T.);
#1499=ORIENTED_EDGE('',*,*,#2778,.T.);
#1500=ORIENTED_EDGE('',*,*,#2769,.F.);
#1501=ORIENTED_EDGE('',*,*,#2773,.F.);
#1502=ORIENTED_EDGE('',*,*,#2775,.F.);
#1503=ORIENTED_EDGE('',*,*,#2777,.F.);
#1504=ORIENTED_EDGE('',*,*,#2776,.F.);
#1505=ORIENTED_EDGE('',*,*,#2509,.F.);
#1506=ORIENTED_EDGE('',*,*,#2771,.F.);
#1507=ORIENTED_EDGE('',*,*,#2778,.F.);
#1508=ORIENTED_EDGE('',*,*,#2462,.T.);
#1509=ORIENTED_EDGE('',*,*,#2539,.F.);
#1510=ORIENTED_EDGE('',*,*,#2555,.F.);
#1511=ORIENTED_EDGE('',*,*,#2433,.T.);
#1512=ORIENTED_EDGE('',*,*,#2779,.F.);
#1513=ORIENTED_EDGE('',*,*,#2780,.F.);
#1514=ORIENTED_EDGE('',*,*,#2432,.T.);
#1515=ORIENTED_EDGE('',*,*,#2781,.F.);
#1516=ORIENTED_EDGE('',*,*,#2782,.F.);
#1517=ORIENTED_EDGE('',*,*,#2779,.T.);
#1518=ORIENTED_EDGE('',*,*,#2431,.T.);
#1519=ORIENTED_EDGE('',*,*,#2783,.F.);
#1520=ORIENTED_EDGE('',*,*,#2784,.F.);
#1521=ORIENTED_EDGE('',*,*,#2467,.T.);
#1522=ORIENTED_EDGE('',*,*,#2785,.F.);
#1523=ORIENTED_EDGE('',*,*,#2464,.F.);
#1524=ORIENTED_EDGE('',*,*,#2786,.F.);
#1525=ORIENTED_EDGE('',*,*,#2781,.T.);
#1526=ORIENTED_EDGE('',*,*,#2787,.F.);
#1527=ORIENTED_EDGE('',*,*,#2788,.T.);
#1528=ORIENTED_EDGE('',*,*,#2789,.F.);
#1529=ORIENTED_EDGE('',*,*,#2790,.F.);
#1530=ORIENTED_EDGE('',*,*,#2791,.F.);
#1531=ORIENTED_EDGE('',*,*,#2792,.T.);
#1532=ORIENTED_EDGE('',*,*,#2793,.T.);
#1533=ORIENTED_EDGE('',*,*,#2794,.T.);
#1534=ORIENTED_EDGE('',*,*,#2795,.F.);
#1535=ORIENTED_EDGE('',*,*,#2796,.F.);
#1536=ORIENTED_EDGE('',*,*,#2463,.T.);
#1537=ORIENTED_EDGE('',*,*,#2780,.T.);
#1538=ORIENTED_EDGE('',*,*,#2782,.T.);
#1539=ORIENTED_EDGE('',*,*,#2786,.T.);
#1540=ORIENTED_EDGE('',*,*,#2790,.T.);
#1541=ORIENTED_EDGE('',*,*,#2797,.T.);
#1542=ORIENTED_EDGE('',*,*,#2798,.T.);
#1543=ORIENTED_EDGE('',*,*,#2799,.F.);
#1544=ORIENTED_EDGE('',*,*,#2789,.T.);
#1545=ORIENTED_EDGE('',*,*,#2800,.T.);
#1546=ORIENTED_EDGE('',*,*,#2801,.T.);
#1547=ORIENTED_EDGE('',*,*,#2797,.F.);
#1548=ORIENTED_EDGE('',*,*,#2800,.F.);
#1549=ORIENTED_EDGE('',*,*,#2802,.T.);
#1550=ORIENTED_EDGE('',*,*,#2803,.T.);
#1551=ORIENTED_EDGE('',*,*,#2804,.T.);
#1552=ORIENTED_EDGE('',*,*,#2805,.T.);
#1553=ORIENTED_EDGE('',*,*,#2806,.T.);
#1554=ORIENTED_EDGE('',*,*,#2787,.T.);
#1555=ORIENTED_EDGE('',*,*,#2807,.T.);
#1556=ORIENTED_EDGE('',*,*,#2808,.T.);
#1557=ORIENTED_EDGE('',*,*,#2806,.F.);
#1558=ORIENTED_EDGE('',*,*,#2796,.T.);
#1559=ORIENTED_EDGE('',*,*,#2809,.T.);
#1560=ORIENTED_EDGE('',*,*,#2810,.T.);
#1561=ORIENTED_EDGE('',*,*,#2807,.F.);
#1562=ORIENTED_EDGE('',*,*,#2795,.T.);
#1563=ORIENTED_EDGE('',*,*,#2811,.T.);
#1564=ORIENTED_EDGE('',*,*,#2812,.T.);
#1565=ORIENTED_EDGE('',*,*,#2809,.F.);
#1566=ORIENTED_EDGE('',*,*,#2813,.T.);
#1567=ORIENTED_EDGE('',*,*,#2814,.T.);
#1568=ORIENTED_EDGE('',*,*,#2791,.T.);
#1569=ORIENTED_EDGE('',*,*,#2799,.T.);
#1570=ORIENTED_EDGE('',*,*,#2798,.F.);
#1571=ORIENTED_EDGE('',*,*,#2801,.F.);
#1572=ORIENTED_EDGE('',*,*,#2803,.F.);
#1573=ORIENTED_EDGE('',*,*,#2815,.F.);
#1574=ORIENTED_EDGE('',*,*,#2804,.F.);
#1575=ORIENTED_EDGE('',*,*,#2808,.F.);
#1576=ORIENTED_EDGE('',*,*,#2810,.F.);
#1577=ORIENTED_EDGE('',*,*,#2812,.F.);
#1578=ORIENTED_EDGE('',*,*,#2816,.F.);
#1579=ORIENTED_EDGE('',*,*,#2817,.F.);
#1580=ORIENTED_EDGE('',*,*,#2818,.F.);
#1581=ORIENTED_EDGE('',*,*,#2813,.F.);
#1582=ORIENTED_EDGE('',*,*,#2819,.F.);
#1583=ORIENTED_EDGE('',*,*,#2820,.T.);
#1584=ORIENTED_EDGE('',*,*,#2821,.T.);
#1585=ORIENTED_EDGE('',*,*,#2822,.T.);
#1586=ORIENTED_EDGE('',*,*,#2821,.F.);
#1587=ORIENTED_EDGE('',*,*,#2823,.T.);
#1588=ORIENTED_EDGE('',*,*,#2824,.T.);
#1589=ORIENTED_EDGE('',*,*,#2825,.T.);
#1590=ORIENTED_EDGE('',*,*,#2824,.F.);
#1591=ORIENTED_EDGE('',*,*,#2826,.T.);
#1592=ORIENTED_EDGE('',*,*,#2827,.T.);
#1593=ORIENTED_EDGE('',*,*,#2828,.T.);
#1594=ORIENTED_EDGE('',*,*,#2523,.T.);
#1595=ORIENTED_EDGE('',*,*,#2829,.T.);
#1596=ORIENTED_EDGE('',*,*,#2830,.T.);
#1597=ORIENTED_EDGE('',*,*,#2831,.T.);
#1598=ORIENTED_EDGE('',*,*,#2827,.F.);
#1599=ORIENTED_EDGE('',*,*,#2832,.T.);
#1600=ORIENTED_EDGE('',*,*,#2830,.F.);
#1601=ORIENTED_EDGE('',*,*,#2833,.T.);
#1602=ORIENTED_EDGE('',*,*,#2834,.T.);
#1603=ORIENTED_EDGE('',*,*,#2835,.T.);
#1604=ORIENTED_EDGE('',*,*,#2834,.F.);
#1605=ORIENTED_EDGE('',*,*,#2836,.T.);
#1606=ORIENTED_EDGE('',*,*,#2837,.T.);
#1607=ORIENTED_EDGE('',*,*,#2838,.T.);
#1608=ORIENTED_EDGE('',*,*,#2837,.F.);
#1609=ORIENTED_EDGE('',*,*,#2839,.T.);
#1610=ORIENTED_EDGE('',*,*,#2840,.T.);
#1611=ORIENTED_EDGE('',*,*,#2841,.T.);
#1612=ORIENTED_EDGE('',*,*,#2840,.F.);
#1613=ORIENTED_EDGE('',*,*,#2842,.T.);
#1614=ORIENTED_EDGE('',*,*,#2819,.T.);
#1615=ORIENTED_EDGE('',*,*,#2843,.T.);
#1616=ORIENTED_EDGE('',*,*,#2822,.F.);
#1617=ORIENTED_EDGE('',*,*,#2825,.F.);
#1618=ORIENTED_EDGE('',*,*,#2828,.F.);
#1619=ORIENTED_EDGE('',*,*,#2831,.F.);
#1620=ORIENTED_EDGE('',*,*,#2835,.F.);
#1621=ORIENTED_EDGE('',*,*,#2838,.F.);
#1622=ORIENTED_EDGE('',*,*,#2841,.F.);
#1623=ORIENTED_EDGE('',*,*,#2843,.F.);
#1624=ORIENTED_EDGE('',*,*,#2833,.F.);
#1625=ORIENTED_EDGE('',*,*,#2829,.F.);
#1626=ORIENTED_EDGE('',*,*,#2844,.F.);
#1627=ORIENTED_EDGE('',*,*,#2844,.T.);
#1628=ORIENTED_EDGE('',*,*,#2528,.F.);
#1629=ORIENTED_EDGE('',*,*,#2845,.F.);
#1630=ORIENTED_EDGE('',*,*,#2836,.F.);
#1631=ORIENTED_EDGE('',*,*,#2845,.T.);
#1632=ORIENTED_EDGE('',*,*,#2527,.F.);
#1633=ORIENTED_EDGE('',*,*,#2846,.F.);
#1634=ORIENTED_EDGE('',*,*,#2839,.F.);
#1635=ORIENTED_EDGE('',*,*,#2846,.T.);
#1636=ORIENTED_EDGE('',*,*,#2526,.F.);
#1637=ORIENTED_EDGE('',*,*,#2847,.F.);
#1638=ORIENTED_EDGE('',*,*,#2842,.F.);
#1639=ORIENTED_EDGE('',*,*,#2847,.T.);
#1640=ORIENTED_EDGE('',*,*,#2525,.F.);
#1641=ORIENTED_EDGE('',*,*,#2848,.F.);
#1642=ORIENTED_EDGE('',*,*,#2820,.F.);
#1643=ORIENTED_EDGE('',*,*,#2849,.F.);
#1644=ORIENTED_EDGE('',*,*,#2823,.F.);
#1645=ORIENTED_EDGE('',*,*,#2848,.T.);
#1646=ORIENTED_EDGE('',*,*,#2524,.F.);
#1647=ORIENTED_EDGE('',*,*,#2826,.F.);
#1648=ORIENTED_EDGE('',*,*,#2849,.T.);
#1649=ORIENTED_EDGE('',*,*,#2832,.F.);
#1650=ORIENTED_EDGE('',*,*,#2802,.F.);
#1651=ORIENTED_EDGE('',*,*,#2788,.F.);
#1652=ORIENTED_EDGE('',*,*,#2805,.F.);
#1653=ORIENTED_EDGE('',*,*,#2815,.T.);
#1654=ORIENTED_EDGE('',*,*,#2811,.F.);
#1655=ORIENTED_EDGE('',*,*,#2794,.F.);
#1656=ORIENTED_EDGE('',*,*,#2850,.F.);
#1657=ORIENTED_EDGE('',*,*,#2816,.T.);
#1658=ORIENTED_EDGE('',*,*,#2850,.T.);
#1659=ORIENTED_EDGE('',*,*,#2793,.F.);
#1660=ORIENTED_EDGE('',*,*,#2851,.F.);
#1661=ORIENTED_EDGE('',*,*,#2817,.T.);
#1662=ORIENTED_EDGE('',*,*,#2851,.T.);
#1663=ORIENTED_EDGE('',*,*,#2792,.F.);
#1664=ORIENTED_EDGE('',*,*,#2814,.F.);
#1665=ORIENTED_EDGE('',*,*,#2818,.T.);
#1666=ORIENTED_EDGE('',*,*,#2542,.F.);
#1667=ORIENTED_EDGE('',*,*,#2535,.T.);
#1668=ORIENTED_EDGE('',*,*,#2741,.F.);
#1669=ORIENTED_EDGE('',*,*,#2852,.F.);
#1670=ORIENTED_EDGE('',*,*,#2853,.T.);
#1671=ORIENTED_EDGE('',*,*,#2449,.T.);
#1672=ORIENTED_EDGE('',*,*,#2450,.T.);
#1673=ORIENTED_EDGE('',*,*,#2853,.F.);
#1674=ORIENTED_EDGE('',*,*,#2854,.F.);
#1675=ORIENTED_EDGE('',*,*,#2855,.T.);
#1676=ORIENTED_EDGE('',*,*,#2451,.T.);
#1677=ORIENTED_EDGE('',*,*,#2855,.F.);
#1678=ORIENTED_EDGE('',*,*,#2856,.F.);
#1679=ORIENTED_EDGE('',*,*,#2742,.T.);
#1680=ORIENTED_EDGE('',*,*,#2857,.F.);
#1681=ORIENTED_EDGE('',*,*,#2858,.T.);
#1682=ORIENTED_EDGE('',*,*,#2859,.F.);
#1683=ORIENTED_EDGE('',*,*,#2860,.F.);
#1684=ORIENTED_EDGE('',*,*,#2861,.F.);
#1685=ORIENTED_EDGE('',*,*,#2862,.T.);
#1686=ORIENTED_EDGE('',*,*,#2863,.T.);
#1687=ORIENTED_EDGE('',*,*,#2864,.T.);
#1688=ORIENTED_EDGE('',*,*,#2865,.F.);
#1689=ORIENTED_EDGE('',*,*,#2866,.F.);
#1690=ORIENTED_EDGE('',*,*,#2854,.T.);
#1691=ORIENTED_EDGE('',*,*,#2852,.T.);
#1692=ORIENTED_EDGE('',*,*,#2743,.T.);
#1693=ORIENTED_EDGE('',*,*,#2856,.T.);
#1694=ORIENTED_EDGE('',*,*,#2430,.T.);
#1695=ORIENTED_EDGE('',*,*,#2867,.F.);
#1696=ORIENTED_EDGE('',*,*,#2868,.F.);
#1697=ORIENTED_EDGE('',*,*,#2783,.T.);
#1698=ORIENTED_EDGE('',*,*,#2457,.T.);
#1699=ORIENTED_EDGE('',*,*,#2469,.F.);
#1700=ORIENTED_EDGE('',*,*,#2869,.F.);
#1701=ORIENTED_EDGE('',*,*,#2867,.T.);
#1702=ORIENTED_EDGE('',*,*,#2870,.F.);
#1703=ORIENTED_EDGE('',*,*,#2871,.T.);
#1704=ORIENTED_EDGE('',*,*,#2872,.F.);
#1705=ORIENTED_EDGE('',*,*,#2873,.F.);
#1706=ORIENTED_EDGE('',*,*,#2874,.F.);
#1707=ORIENTED_EDGE('',*,*,#2875,.T.);
#1708=ORIENTED_EDGE('',*,*,#2876,.T.);
#1709=ORIENTED_EDGE('',*,*,#2877,.T.);
#1710=ORIENTED_EDGE('',*,*,#2878,.F.);
#1711=ORIENTED_EDGE('',*,*,#2879,.F.);
#1712=ORIENTED_EDGE('',*,*,#2868,.T.);
#1713=ORIENTED_EDGE('',*,*,#2869,.T.);
#1714=ORIENTED_EDGE('',*,*,#2468,.T.);
#1715=ORIENTED_EDGE('',*,*,#2784,.T.);
#1716=ORIENTED_EDGE('',*,*,#2873,.T.);
#1717=ORIENTED_EDGE('',*,*,#2880,.F.);
#1718=ORIENTED_EDGE('',*,*,#2881,.F.);
#1719=ORIENTED_EDGE('',*,*,#2882,.T.);
#1720=ORIENTED_EDGE('',*,*,#2872,.T.);
#1721=ORIENTED_EDGE('',*,*,#2883,.F.);
#1722=ORIENTED_EDGE('',*,*,#2884,.F.);
#1723=ORIENTED_EDGE('',*,*,#2880,.T.);
#1724=ORIENTED_EDGE('',*,*,#2883,.T.);
#1725=ORIENTED_EDGE('',*,*,#2885,.T.);
#1726=ORIENTED_EDGE('',*,*,#2886,.F.);
#1727=ORIENTED_EDGE('',*,*,#2887,.F.);
#1728=ORIENTED_EDGE('',*,*,#2888,.T.);
#1729=ORIENTED_EDGE('',*,*,#2889,.F.);
#1730=ORIENTED_EDGE('',*,*,#2870,.T.);
#1731=ORIENTED_EDGE('',*,*,#2890,.F.);
#1732=ORIENTED_EDGE('',*,*,#2891,.F.);
#1733=ORIENTED_EDGE('',*,*,#2889,.T.);
#1734=ORIENTED_EDGE('',*,*,#2879,.T.);
#1735=ORIENTED_EDGE('',*,*,#2892,.F.);
#1736=ORIENTED_EDGE('',*,*,#2893,.F.);
#1737=ORIENTED_EDGE('',*,*,#2890,.T.);
#1738=ORIENTED_EDGE('',*,*,#2878,.T.);
#1739=ORIENTED_EDGE('',*,*,#2894,.T.);
#1740=ORIENTED_EDGE('',*,*,#2895,.F.);
#1741=ORIENTED_EDGE('',*,*,#2892,.T.);
#1742=ORIENTED_EDGE('',*,*,#2896,.F.);
#1743=ORIENTED_EDGE('',*,*,#2897,.T.);
#1744=ORIENTED_EDGE('',*,*,#2874,.T.);
#1745=ORIENTED_EDGE('',*,*,#2882,.F.);
#1746=ORIENTED_EDGE('',*,*,#2881,.T.);
#1747=ORIENTED_EDGE('',*,*,#2884,.T.);
#1748=ORIENTED_EDGE('',*,*,#2886,.T.);
#1749=ORIENTED_EDGE('',*,*,#2898,.T.);
#1750=ORIENTED_EDGE('',*,*,#2887,.T.);
#1751=ORIENTED_EDGE('',*,*,#2891,.T.);
#1752=ORIENTED_EDGE('',*,*,#2893,.T.);
#1753=ORIENTED_EDGE('',*,*,#2895,.T.);
#1754=ORIENTED_EDGE('',*,*,#2899,.T.);
#1755=ORIENTED_EDGE('',*,*,#2900,.T.);
#1756=ORIENTED_EDGE('',*,*,#2901,.T.);
#1757=ORIENTED_EDGE('',*,*,#2896,.T.);
#1758=ORIENTED_EDGE('',*,*,#2860,.T.);
#1759=ORIENTED_EDGE('',*,*,#2902,.F.);
#1760=ORIENTED_EDGE('',*,*,#2903,.F.);
#1761=ORIENTED_EDGE('',*,*,#2904,.T.);
#1762=ORIENTED_EDGE('',*,*,#2859,.T.);
#1763=ORIENTED_EDGE('',*,*,#2905,.F.);
#1764=ORIENTED_EDGE('',*,*,#2906,.F.);
#1765=ORIENTED_EDGE('',*,*,#2902,.T.);
#1766=ORIENTED_EDGE('',*,*,#2905,.T.);
#1767=ORIENTED_EDGE('',*,*,#2907,.T.);
#1768=ORIENTED_EDGE('',*,*,#2908,.F.);
#1769=ORIENTED_EDGE('',*,*,#2909,.F.);
#1770=ORIENTED_EDGE('',*,*,#2910,.T.);
#1771=ORIENTED_EDGE('',*,*,#2911,.F.);
#1772=ORIENTED_EDGE('',*,*,#2857,.T.);
#1773=ORIENTED_EDGE('',*,*,#2912,.F.);
#1774=ORIENTED_EDGE('',*,*,#2913,.F.);
#1775=ORIENTED_EDGE('',*,*,#2911,.T.);
#1776=ORIENTED_EDGE('',*,*,#2866,.T.);
#1777=ORIENTED_EDGE('',*,*,#2914,.F.);
#1778=ORIENTED_EDGE('',*,*,#2915,.F.);
#1779=ORIENTED_EDGE('',*,*,#2912,.T.);
#1780=ORIENTED_EDGE('',*,*,#2865,.T.);
#1781=ORIENTED_EDGE('',*,*,#2916,.T.);
#1782=ORIENTED_EDGE('',*,*,#2917,.F.);
#1783=ORIENTED_EDGE('',*,*,#2914,.T.);
#1784=ORIENTED_EDGE('',*,*,#2918,.F.);
#1785=ORIENTED_EDGE('',*,*,#2919,.T.);
#1786=ORIENTED_EDGE('',*,*,#2861,.T.);
#1787=ORIENTED_EDGE('',*,*,#2904,.F.);
#1788=ORIENTED_EDGE('',*,*,#2903,.T.);
#1789=ORIENTED_EDGE('',*,*,#2906,.T.);
#1790=ORIENTED_EDGE('',*,*,#2908,.T.);
#1791=ORIENTED_EDGE('',*,*,#2920,.T.);
#1792=ORIENTED_EDGE('',*,*,#2909,.T.);
#1793=ORIENTED_EDGE('',*,*,#2913,.T.);
#1794=ORIENTED_EDGE('',*,*,#2915,.T.);
#1795=ORIENTED_EDGE('',*,*,#2917,.T.);
#1796=ORIENTED_EDGE('',*,*,#2921,.T.);
#1797=ORIENTED_EDGE('',*,*,#2922,.T.);
#1798=ORIENTED_EDGE('',*,*,#2923,.T.);
#1799=ORIENTED_EDGE('',*,*,#2918,.T.);
#1800=ORIENTED_EDGE('',*,*,#2924,.T.);
#1801=ORIENTED_EDGE('',*,*,#2925,.T.);
#1802=ORIENTED_EDGE('',*,*,#2926,.F.);
#1803=ORIENTED_EDGE('',*,*,#2927,.F.);
#1804=ORIENTED_EDGE('',*,*,#2926,.T.);
#1805=ORIENTED_EDGE('',*,*,#2928,.T.);
#1806=ORIENTED_EDGE('',*,*,#2929,.F.);
#1807=ORIENTED_EDGE('',*,*,#2930,.F.);
#1808=ORIENTED_EDGE('',*,*,#2929,.T.);
#1809=ORIENTED_EDGE('',*,*,#2931,.T.);
#1810=ORIENTED_EDGE('',*,*,#2932,.F.);
#1811=ORIENTED_EDGE('',*,*,#2933,.F.);
#1812=ORIENTED_EDGE('',*,*,#2517,.T.);
#1813=ORIENTED_EDGE('',*,*,#2934,.T.);
#1814=ORIENTED_EDGE('',*,*,#2935,.F.);
#1815=ORIENTED_EDGE('',*,*,#2936,.F.);
#1816=ORIENTED_EDGE('',*,*,#2932,.T.);
#1817=ORIENTED_EDGE('',*,*,#2937,.T.);
#1818=ORIENTED_EDGE('',*,*,#2935,.T.);
#1819=ORIENTED_EDGE('',*,*,#2938,.T.);
#1820=ORIENTED_EDGE('',*,*,#2939,.F.);
#1821=ORIENTED_EDGE('',*,*,#2940,.F.);
#1822=ORIENTED_EDGE('',*,*,#2939,.T.);
#1823=ORIENTED_EDGE('',*,*,#2941,.T.);
#1824=ORIENTED_EDGE('',*,*,#2942,.F.);
#1825=ORIENTED_EDGE('',*,*,#2943,.F.);
#1826=ORIENTED_EDGE('',*,*,#2942,.T.);
#1827=ORIENTED_EDGE('',*,*,#2944,.T.);
#1828=ORIENTED_EDGE('',*,*,#2945,.F.);
#1829=ORIENTED_EDGE('',*,*,#2946,.F.);
#1830=ORIENTED_EDGE('',*,*,#2945,.T.);
#1831=ORIENTED_EDGE('',*,*,#2947,.T.);
#1832=ORIENTED_EDGE('',*,*,#2924,.F.);
#1833=ORIENTED_EDGE('',*,*,#2948,.F.);
#1834=ORIENTED_EDGE('',*,*,#2927,.T.);
#1835=ORIENTED_EDGE('',*,*,#2930,.T.);
#1836=ORIENTED_EDGE('',*,*,#2933,.T.);
#1837=ORIENTED_EDGE('',*,*,#2936,.T.);
#1838=ORIENTED_EDGE('',*,*,#2940,.T.);
#1839=ORIENTED_EDGE('',*,*,#2943,.T.);
#1840=ORIENTED_EDGE('',*,*,#2946,.T.);
#1841=ORIENTED_EDGE('',*,*,#2948,.T.);
#1842=ORIENTED_EDGE('',*,*,#2949,.T.);
#1843=ORIENTED_EDGE('',*,*,#2950,.T.);
#1844=ORIENTED_EDGE('',*,*,#2951,.F.);
#1845=ORIENTED_EDGE('',*,*,#2952,.F.);
#1846=ORIENTED_EDGE('',*,*,#2951,.T.);
#1847=ORIENTED_EDGE('',*,*,#2953,.T.);
#1848=ORIENTED_EDGE('',*,*,#2954,.F.);
#1849=ORIENTED_EDGE('',*,*,#2955,.F.);
#1850=ORIENTED_EDGE('',*,*,#2954,.T.);
#1851=ORIENTED_EDGE('',*,*,#2956,.T.);
#1852=ORIENTED_EDGE('',*,*,#2957,.F.);
#1853=ORIENTED_EDGE('',*,*,#2958,.F.);
#1854=ORIENTED_EDGE('',*,*,#2529,.T.);
#1855=ORIENTED_EDGE('',*,*,#2959,.T.);
#1856=ORIENTED_EDGE('',*,*,#2960,.F.);
#1857=ORIENTED_EDGE('',*,*,#2961,.F.);
#1858=ORIENTED_EDGE('',*,*,#2957,.T.);
#1859=ORIENTED_EDGE('',*,*,#2962,.T.);
#1860=ORIENTED_EDGE('',*,*,#2960,.T.);
#1861=ORIENTED_EDGE('',*,*,#2963,.T.);
#1862=ORIENTED_EDGE('',*,*,#2964,.F.);
#1863=ORIENTED_EDGE('',*,*,#2965,.F.);
#1864=ORIENTED_EDGE('',*,*,#2964,.T.);
#1865=ORIENTED_EDGE('',*,*,#2966,.T.);
#1866=ORIENTED_EDGE('',*,*,#2967,.F.);
#1867=ORIENTED_EDGE('',*,*,#2968,.F.);
#1868=ORIENTED_EDGE('',*,*,#2967,.T.);
#1869=ORIENTED_EDGE('',*,*,#2969,.T.);
#1870=ORIENTED_EDGE('',*,*,#2970,.F.);
#1871=ORIENTED_EDGE('',*,*,#2971,.F.);
#1872=ORIENTED_EDGE('',*,*,#2970,.T.);
#1873=ORIENTED_EDGE('',*,*,#2972,.T.);
#1874=ORIENTED_EDGE('',*,*,#2949,.F.);
#1875=ORIENTED_EDGE('',*,*,#2973,.F.);
#1876=ORIENTED_EDGE('',*,*,#2952,.T.);
#1877=ORIENTED_EDGE('',*,*,#2955,.T.);
#1878=ORIENTED_EDGE('',*,*,#2958,.T.);
#1879=ORIENTED_EDGE('',*,*,#2961,.T.);
#1880=ORIENTED_EDGE('',*,*,#2965,.T.);
#1881=ORIENTED_EDGE('',*,*,#2968,.T.);
#1882=ORIENTED_EDGE('',*,*,#2971,.T.);
#1883=ORIENTED_EDGE('',*,*,#2973,.T.);
#1884=ORIENTED_EDGE('',*,*,#2938,.F.);
#1885=ORIENTED_EDGE('',*,*,#2934,.F.);
#1886=ORIENTED_EDGE('',*,*,#2974,.F.);
#1887=ORIENTED_EDGE('',*,*,#2974,.T.);
#1888=ORIENTED_EDGE('',*,*,#2522,.F.);
#1889=ORIENTED_EDGE('',*,*,#2975,.F.);
#1890=ORIENTED_EDGE('',*,*,#2941,.F.);
#1891=ORIENTED_EDGE('',*,*,#2975,.T.);
#1892=ORIENTED_EDGE('',*,*,#2521,.F.);
#1893=ORIENTED_EDGE('',*,*,#2976,.F.);
#1894=ORIENTED_EDGE('',*,*,#2944,.F.);
#1895=ORIENTED_EDGE('',*,*,#2976,.T.);
#1896=ORIENTED_EDGE('',*,*,#2520,.F.);
#1897=ORIENTED_EDGE('',*,*,#2977,.F.);
#1898=ORIENTED_EDGE('',*,*,#2947,.F.);
#1899=ORIENTED_EDGE('',*,*,#2977,.T.);
#1900=ORIENTED_EDGE('',*,*,#2519,.F.);
#1901=ORIENTED_EDGE('',*,*,#2978,.F.);
#1902=ORIENTED_EDGE('',*,*,#2925,.F.);
#1903=ORIENTED_EDGE('',*,*,#2979,.F.);
#1904=ORIENTED_EDGE('',*,*,#2928,.F.);
#1905=ORIENTED_EDGE('',*,*,#2978,.T.);
#1906=ORIENTED_EDGE('',*,*,#2518,.F.);
#1907=ORIENTED_EDGE('',*,*,#2931,.F.);
#1908=ORIENTED_EDGE('',*,*,#2979,.T.);
#1909=ORIENTED_EDGE('',*,*,#2937,.F.);
#1910=ORIENTED_EDGE('',*,*,#2963,.F.);
#1911=ORIENTED_EDGE('',*,*,#2959,.F.);
#1912=ORIENTED_EDGE('',*,*,#2980,.F.);
#1913=ORIENTED_EDGE('',*,*,#2980,.T.);
#1914=ORIENTED_EDGE('',*,*,#2534,.F.);
#1915=ORIENTED_EDGE('',*,*,#2981,.F.);
#1916=ORIENTED_EDGE('',*,*,#2966,.F.);
#1917=ORIENTED_EDGE('',*,*,#2981,.T.);
#1918=ORIENTED_EDGE('',*,*,#2533,.F.);
#1919=ORIENTED_EDGE('',*,*,#2982,.F.);
#1920=ORIENTED_EDGE('',*,*,#2969,.F.);
#1921=ORIENTED_EDGE('',*,*,#2982,.T.);
#1922=ORIENTED_EDGE('',*,*,#2532,.F.);
#1923=ORIENTED_EDGE('',*,*,#2983,.F.);
#1924=ORIENTED_EDGE('',*,*,#2972,.F.);
#1925=ORIENTED_EDGE('',*,*,#2983,.T.);
#1926=ORIENTED_EDGE('',*,*,#2531,.F.);
#1927=ORIENTED_EDGE('',*,*,#2984,.F.);
#1928=ORIENTED_EDGE('',*,*,#2950,.F.);
#1929=ORIENTED_EDGE('',*,*,#2985,.F.);
#1930=ORIENTED_EDGE('',*,*,#2953,.F.);
#1931=ORIENTED_EDGE('',*,*,#2984,.T.);
#1932=ORIENTED_EDGE('',*,*,#2530,.F.);
#1933=ORIENTED_EDGE('',*,*,#2956,.F.);
#1934=ORIENTED_EDGE('',*,*,#2985,.T.);
#1935=ORIENTED_EDGE('',*,*,#2962,.F.);
#1936=ORIENTED_EDGE('',*,*,#2907,.F.);
#1937=ORIENTED_EDGE('',*,*,#2858,.F.);
#1938=ORIENTED_EDGE('',*,*,#2910,.F.);
#1939=ORIENTED_EDGE('',*,*,#2920,.F.);
#1940=ORIENTED_EDGE('',*,*,#2885,.F.);
#1941=ORIENTED_EDGE('',*,*,#2871,.F.);
#1942=ORIENTED_EDGE('',*,*,#2888,.F.);
#1943=ORIENTED_EDGE('',*,*,#2898,.F.);
#1944=ORIENTED_EDGE('',*,*,#2916,.F.);
#1945=ORIENTED_EDGE('',*,*,#2864,.F.);
#1946=ORIENTED_EDGE('',*,*,#2986,.F.);
#1947=ORIENTED_EDGE('',*,*,#2921,.F.);
#1948=ORIENTED_EDGE('',*,*,#2986,.T.);
#1949=ORIENTED_EDGE('',*,*,#2863,.F.);
#1950=ORIENTED_EDGE('',*,*,#2987,.F.);
#1951=ORIENTED_EDGE('',*,*,#2922,.F.);
#1952=ORIENTED_EDGE('',*,*,#2987,.T.);
#1953=ORIENTED_EDGE('',*,*,#2862,.F.);
#1954=ORIENTED_EDGE('',*,*,#2919,.F.);
#1955=ORIENTED_EDGE('',*,*,#2923,.F.);
#1956=ORIENTED_EDGE('',*,*,#2894,.F.);
#1957=ORIENTED_EDGE('',*,*,#2877,.F.);
#1958=ORIENTED_EDGE('',*,*,#2988,.F.);
#1959=ORIENTED_EDGE('',*,*,#2899,.F.);
#1960=ORIENTED_EDGE('',*,*,#2988,.T.);
#1961=ORIENTED_EDGE('',*,*,#2876,.F.);
#1962=ORIENTED_EDGE('',*,*,#2989,.F.);
#1963=ORIENTED_EDGE('',*,*,#2900,.F.);
#1964=ORIENTED_EDGE('',*,*,#2989,.T.);
#1965=ORIENTED_EDGE('',*,*,#2875,.F.);
#1966=ORIENTED_EDGE('',*,*,#2897,.F.);
#1967=ORIENTED_EDGE('',*,*,#2901,.F.);
#1968=ORIENTED_EDGE('',*,*,#2673,.F.);
#1969=ORIENTED_EDGE('',*,*,#2990,.F.);
#1970=ORIENTED_EDGE('',*,*,#2499,.T.);
#1971=ORIENTED_EDGE('',*,*,#2502,.F.);
#1972=ORIENTED_EDGE('',*,*,#2489,.T.);
#1973=ORIENTED_EDGE('',*,*,#2991,.T.);
#1974=ORIENTED_EDGE('',*,*,#2664,.F.);
#1975=ORIENTED_EDGE('',*,*,#2674,.F.);
#1976=ORIENTED_EDGE('',*,*,#2485,.T.);
#1977=ORIENTED_EDGE('',*,*,#2514,.F.);
#1978=ORIENTED_EDGE('',*,*,#2668,.F.);
#1979=ORIENTED_EDGE('',*,*,#2992,.T.);
#1980=ORIENTED_EDGE('',*,*,#2495,.T.);
#1981=ORIENTED_EDGE('',*,*,#2993,.T.);
#1982=ORIENTED_EDGE('',*,*,#2669,.F.);
#1983=ORIENTED_EDGE('',*,*,#2512,.T.);
#1984=ORIENTED_EDGE('',*,*,#2671,.F.);
#1985=ORIENTED_EDGE('',*,*,#2994,.T.);
#1986=ORIENTED_EDGE('',*,*,#2493,.T.);
#1987=ORIENTED_EDGE('',*,*,#2995,.T.);
#1988=ORIENTED_EDGE('',*,*,#2500,.T.);
#1989=ORIENTED_EDGE('',*,*,#2990,.T.);
#1990=ORIENTED_EDGE('',*,*,#2672,.F.);
#1991=ORIENTED_EDGE('',*,*,#2995,.F.);
#1992=ORIENTED_EDGE('',*,*,#2488,.T.);
#1993=ORIENTED_EDGE('',*,*,#2996,.T.);
#1994=ORIENTED_EDGE('',*,*,#2665,.F.);
#1995=ORIENTED_EDGE('',*,*,#2991,.F.);
#1996=ORIENTED_EDGE('',*,*,#2487,.T.);
#1997=ORIENTED_EDGE('',*,*,#2997,.T.);
#1998=ORIENTED_EDGE('',*,*,#2666,.F.);
#1999=ORIENTED_EDGE('',*,*,#2996,.F.);
#2000=ORIENTED_EDGE('',*,*,#2993,.F.);
#2001=ORIENTED_EDGE('',*,*,#2494,.F.);
#2002=ORIENTED_EDGE('',*,*,#2994,.F.);
#2003=ORIENTED_EDGE('',*,*,#2670,.F.);
#2004=ORIENTED_EDGE('',*,*,#2997,.F.);
#2005=ORIENTED_EDGE('',*,*,#2486,.F.);
#2006=ORIENTED_EDGE('',*,*,#2992,.F.);
#2007=ORIENTED_EDGE('',*,*,#2667,.F.);
#2008=ORIENTED_EDGE('',*,*,#2478,.T.);
#2009=ORIENTED_EDGE('',*,*,#2662,.F.);
#2010=ORIENTED_EDGE('',*,*,#2998,.T.);
#2011=ORIENTED_EDGE('',*,*,#2675,.T.);
#2012=ORIENTED_EDGE('',*,*,#2482,.T.);
#2013=ORIENTED_EDGE('',*,*,#2684,.T.);
#2014=ORIENTED_EDGE('',*,*,#2999,.F.);
#2015=ORIENTED_EDGE('',*,*,#2476,.F.);
#2016=ORIENTED_EDGE('',*,*,#2472,.F.);
#2017=ORIENTED_EDGE('',*,*,#3000,.F.);
#2018=ORIENTED_EDGE('',*,*,#2680,.T.);
#2019=ORIENTED_EDGE('',*,*,#2516,.T.);
#2020=ORIENTED_EDGE('',*,*,#2658,.F.);
#2021=ORIENTED_EDGE('',*,*,#2505,.F.);
#2022=ORIENTED_EDGE('',*,*,#2679,.T.);
#2023=ORIENTED_EDGE('',*,*,#3001,.F.);
#2024=ORIENTED_EDGE('',*,*,#2660,.F.);
#2025=ORIENTED_EDGE('',*,*,#3002,.F.);
#2026=ORIENTED_EDGE('',*,*,#2677,.T.);
#2027=ORIENTED_EDGE('',*,*,#3003,.F.);
#2028=ORIENTED_EDGE('',*,*,#2661,.F.);
#2029=ORIENTED_EDGE('',*,*,#3003,.T.);
#2030=ORIENTED_EDGE('',*,*,#2676,.T.);
#2031=ORIENTED_EDGE('',*,*,#2998,.F.);
#2032=ORIENTED_EDGE('',*,*,#2477,.F.);
#2033=ORIENTED_EDGE('',*,*,#2999,.T.);
#2034=ORIENTED_EDGE('',*,*,#2683,.T.);
#2035=ORIENTED_EDGE('',*,*,#3004,.F.);
#2036=ORIENTED_EDGE('',*,*,#2682,.T.);
#2037=ORIENTED_EDGE('',*,*,#3005,.F.);
#2038=ORIENTED_EDGE('',*,*,#2470,.F.);
#2039=ORIENTED_EDGE('',*,*,#3004,.T.);
#2040=ORIENTED_EDGE('',*,*,#3001,.T.);
#2041=ORIENTED_EDGE('',*,*,#2678,.T.);
#2042=ORIENTED_EDGE('',*,*,#3002,.T.);
#2043=ORIENTED_EDGE('',*,*,#2659,.F.);
#2044=ORIENTED_EDGE('',*,*,#3005,.T.);
#2045=ORIENTED_EDGE('',*,*,#2681,.T.);
#2046=ORIENTED_EDGE('',*,*,#3000,.T.);
#2047=ORIENTED_EDGE('',*,*,#2471,.F.);
#2048=ORIENTED_EDGE('',*,*,#2459,.F.);
#2049=ORIENTED_EDGE('',*,*,#3006,.F.);
#2050=ORIENTED_EDGE('',*,*,#2465,.T.);
#2051=ORIENTED_EDGE('',*,*,#2455,.T.);
#2052=ORIENTED_EDGE('',*,*,#3006,.T.);
#2053=ORIENTED_EDGE('',*,*,#2458,.T.);
#2054=ORIENTED_EDGE('',*,*,#2785,.T.);
#2055=ORIENTED_EDGE('',*,*,#2466,.F.);
#2056=VERTEX_POINT('',#5373);
#2057=VERTEX_POINT('',#5374);
#2058=VERTEX_POINT('',#5376);
#2059=VERTEX_POINT('',#5378);
#2060=VERTEX_POINT('',#5380);
#2061=VERTEX_POINT('',#5382);
#2062=VERTEX_POINT('',#5384);
#2063=VERTEX_POINT('',#5386);
#2064=VERTEX_POINT('',#5388);
#2065=VERTEX_POINT('',#5390);
#2066=VERTEX_POINT('',#5392);
#2067=VERTEX_POINT('',#5394);
#2068=VERTEX_POINT('',#5396);
#2069=VERTEX_POINT('',#5398);
#2070=VERTEX_POINT('',#5400);
#2071=VERTEX_POINT('',#5402);
#2072=VERTEX_POINT('',#5404);
#2073=VERTEX_POINT('',#5406);
#2074=VERTEX_POINT('',#5408);
#2075=VERTEX_POINT('',#5410);
#2076=VERTEX_POINT('',#5412);
#2077=VERTEX_POINT('',#5414);
#2078=VERTEX_POINT('',#5416);
#2079=VERTEX_POINT('',#5418);
#2080=VERTEX_POINT('',#5420);
#2081=VERTEX_POINT('',#5422);
#2082=VERTEX_POINT('',#5424);
#2083=VERTEX_POINT('',#5426);
#2084=VERTEX_POINT('',#5430);
#2085=VERTEX_POINT('',#5431);
#2086=VERTEX_POINT('',#5434);
#2087=VERTEX_POINT('',#5436);
#2088=VERTEX_POINT('',#5438);
#2089=VERTEX_POINT('',#5440);
#2090=VERTEX_POINT('',#5444);
#2091=VERTEX_POINT('',#5446);
#2092=VERTEX_POINT('',#5448);
#2093=VERTEX_POINT('',#5450);
#2094=VERTEX_POINT('',#5454);
#2095=VERTEX_POINT('',#5455);
#2096=VERTEX_POINT('',#5457);
#2097=VERTEX_POINT('',#5459);
#2098=VERTEX_POINT('',#5461);
#2099=VERTEX_POINT('',#5463);
#2100=VERTEX_POINT('',#5465);
#2101=VERTEX_POINT('',#5467);
#2102=VERTEX_POINT('',#5471);
#2103=VERTEX_POINT('',#5472);
#2104=VERTEX_POINT('',#5474);
#2105=VERTEX_POINT('',#5476);
#2106=VERTEX_POINT('',#5480);
#2107=VERTEX_POINT('',#5482);
#2108=VERTEX_POINT('',#5486);
#2109=VERTEX_POINT('',#5487);
#2110=VERTEX_POINT('',#5489);
#2111=VERTEX_POINT('',#5491);
#2112=VERTEX_POINT('',#5493);
#2113=VERTEX_POINT('',#5495);
#2114=VERTEX_POINT('',#5497);
#2115=VERTEX_POINT('',#5499);
#2116=VERTEX_POINT('',#5503);
#2117=VERTEX_POINT('',#5504);
#2118=VERTEX_POINT('',#5506);
#2119=VERTEX_POINT('',#5508);
#2120=VERTEX_POINT('',#5510);
#2121=VERTEX_POINT('',#5512);
#2122=VERTEX_POINT('',#5514);
#2123=VERTEX_POINT('',#5516);
#2124=VERTEX_POINT('',#5520);
#2125=VERTEX_POINT('',#5521);
#2126=VERTEX_POINT('',#5526);
#2127=VERTEX_POINT('',#5527);
#2128=VERTEX_POINT('',#5529);
#2129=VERTEX_POINT('',#5531);
#2130=VERTEX_POINT('',#5533);
#2131=VERTEX_POINT('',#5535);
#2132=VERTEX_POINT('',#5537);
#2133=VERTEX_POINT('',#5539);
#2134=VERTEX_POINT('',#5542);
#2135=VERTEX_POINT('',#5544);
#2136=VERTEX_POINT('',#5549);
#2137=VERTEX_POINT('',#5550);
#2138=VERTEX_POINT('',#5552);
#2139=VERTEX_POINT('',#5554);
#2140=VERTEX_POINT('',#5556);
#2141=VERTEX_POINT('',#5558);
#2142=VERTEX_POINT('',#5561);
#2143=VERTEX_POINT('',#5562);
#2144=VERTEX_POINT('',#5564);
#2145=VERTEX_POINT('',#5566);
#2146=VERTEX_POINT('',#5568);
#2147=VERTEX_POINT('',#5570);
#2148=VERTEX_POINT('',#5573);
#2149=VERTEX_POINT('',#5574);
#2150=VERTEX_POINT('',#5576);
#2151=VERTEX_POINT('',#5578);
#2152=VERTEX_POINT('',#5580);
#2153=VERTEX_POINT('',#5582);
#2154=VERTEX_POINT('',#5586);
#2155=VERTEX_POINT('',#5587);
#2156=VERTEX_POINT('',#5589);
#2157=VERTEX_POINT('',#5591);
#2158=VERTEX_POINT('',#5593);
#2159=VERTEX_POINT('',#5596);
#2160=VERTEX_POINT('',#5601);
#2161=VERTEX_POINT('',#5603);
#2162=VERTEX_POINT('',#5605);
#2163=VERTEX_POINT('',#5607);
#2164=VERTEX_POINT('',#5609);
#2165=VERTEX_POINT('',#5611);
#2166=VERTEX_POINT('',#5613);
#2167=VERTEX_POINT('',#5615);
#2168=VERTEX_POINT('',#5617);
#2169=VERTEX_POINT('',#5619);
#2170=VERTEX_POINT('',#5621);
#2171=VERTEX_POINT('',#5626);
#2172=VERTEX_POINT('',#5628);
#2173=VERTEX_POINT('',#5630);
#2174=VERTEX_POINT('',#5632);
#2175=VERTEX_POINT('',#5634);
#2176=VERTEX_POINT('',#5636);
#2177=VERTEX_POINT('',#5638);
#2178=VERTEX_POINT('',#5640);
#2179=VERTEX_POINT('',#5642);
#2180=VERTEX_POINT('',#5644);
#2181=VERTEX_POINT('',#5646);
#2182=VERTEX_POINT('',#5650);
#2183=VERTEX_POINT('',#5655);
#2184=VERTEX_POINT('',#5659);
#2185=VERTEX_POINT('',#5660);
#2186=VERTEX_POINT('',#5663);
#2187=VERTEX_POINT('',#5665);
#2188=VERTEX_POINT('',#5669);
#2189=VERTEX_POINT('',#5670);
#2190=VERTEX_POINT('',#5672);
#2191=VERTEX_POINT('',#5674);
#2192=VERTEX_POINT('',#5676);
#2193=VERTEX_POINT('',#5678);
#2194=VERTEX_POINT('',#5680);
#2195=VERTEX_POINT('',#5682);
#2196=VERTEX_POINT('',#5686);
#2197=VERTEX_POINT('',#5687);
#2198=VERTEX_POINT('',#5689);
#2199=VERTEX_POINT('',#5691);
#2200=VERTEX_POINT('',#5693);
#2201=VERTEX_POINT('',#5695);
#2202=VERTEX_POINT('',#5697);
#2203=VERTEX_POINT('',#5699);
#2204=VERTEX_POINT('',#5701);
#2205=VERTEX_POINT('',#5703);
#2206=VERTEX_POINT('',#5705);
#2207=VERTEX_POINT('',#5707);
#2208=VERTEX_POINT('',#5716);
#2209=VERTEX_POINT('',#5719);
#2210=VERTEX_POINT('',#5721);
#2211=VERTEX_POINT('',#5723);
#2212=VERTEX_POINT('',#5725);
#2213=VERTEX_POINT('',#5729);
#2214=VERTEX_POINT('',#5732);
#2215=VERTEX_POINT('',#5734);
#2216=VERTEX_POINT('',#5742);
#2217=VERTEX_POINT('',#5743);
#2218=VERTEX_POINT('',#5745);
#2219=VERTEX_POINT('',#5747);
#2220=VERTEX_POINT('',#5751);
#2221=VERTEX_POINT('',#5752);
#2222=VERTEX_POINT('',#5754);
#2223=VERTEX_POINT('',#5756);
#2224=VERTEX_POINT('',#5760);
#2225=VERTEX_POINT('',#5761);
#2226=VERTEX_POINT('',#5763);
#2227=VERTEX_POINT('',#5765);
#2228=VERTEX_POINT('',#5769);
#2229=VERTEX_POINT('',#5770);
#2230=VERTEX_POINT('',#5773);
#2231=VERTEX_POINT('',#5775);
#2232=VERTEX_POINT('',#5777);
#2233=VERTEX_POINT('',#5781);
#2234=VERTEX_POINT('',#5782);
#2235=VERTEX_POINT('',#5790);
#2236=VERTEX_POINT('',#5793);
#2237=VERTEX_POINT('',#5795);
#2238=VERTEX_POINT('',#5799);
#2239=VERTEX_POINT('',#5800);
#2240=VERTEX_POINT('',#5802);
#2241=VERTEX_POINT('',#5805);
#2242=VERTEX_POINT('',#5807);
#2243=VERTEX_POINT('',#5816);
#2244=VERTEX_POINT('',#5821);
#2245=VERTEX_POINT('',#5823);
#2246=VERTEX_POINT('',#5825);
#2247=VERTEX_POINT('',#5827);
#2248=VERTEX_POINT('',#5831);
#2249=VERTEX_POINT('',#5833);
#2250=VERTEX_POINT('',#5835);
#2251=VERTEX_POINT('',#5837);
#2252=VERTEX_POINT('',#5839);
#2253=VERTEX_POINT('',#5842);
#2254=VERTEX_POINT('',#5844);
#2255=VERTEX_POINT('',#5846);
#2256=VERTEX_POINT('',#5848);
#2257=VERTEX_POINT('',#5854);
#2258=VERTEX_POINT('',#5856);
#2259=VERTEX_POINT('',#5858);
#2260=VERTEX_POINT('',#5860);
#2261=VERTEX_POINT('',#5863);
#2262=VERTEX_POINT('',#5865);
#2263=VERTEX_POINT('',#5867);
#2264=VERTEX_POINT('',#5869);
#2265=VERTEX_POINT('',#5873);
#2266=VERTEX_POINT('',#5875);
#2267=VERTEX_POINT('',#5879);
#2268=VERTEX_POINT('',#5880);
#2269=VERTEX_POINT('',#5882);
#2270=VERTEX_POINT('',#5884);
#2271=VERTEX_POINT('',#5887);
#2272=VERTEX_POINT('',#5891);
#2273=VERTEX_POINT('',#5893);
#2274=VERTEX_POINT('',#5916);
#2275=VERTEX_POINT('',#5917);
#2276=VERTEX_POINT('',#5919);
#2277=VERTEX_POINT('',#5921);
#2278=VERTEX_POINT('',#5927);
#2279=VERTEX_POINT('',#5931);
#2280=VERTEX_POINT('',#5940);
#2281=VERTEX_POINT('',#5942);
#2282=VERTEX_POINT('',#5957);
#2283=VERTEX_POINT('',#5961);
#2284=VERTEX_POINT('',#5963);
#2285=VERTEX_POINT('',#5967);
#2286=VERTEX_POINT('',#5971);
#2287=VERTEX_POINT('',#5973);
#2288=VERTEX_POINT('',#5977);
#2289=VERTEX_POINT('',#5979);
#2290=VERTEX_POINT('',#5988);
#2291=VERTEX_POINT('',#5990);
#2292=VERTEX_POINT('',#5994);
#2293=VERTEX_POINT('',#5995);
#2294=VERTEX_POINT('',#5997);
#2295=VERTEX_POINT('',#5999);
#2296=VERTEX_POINT('',#6011);
#2297=VERTEX_POINT('',#6013);
#2298=VERTEX_POINT('',#6017);
#2299=VERTEX_POINT('',#6019);
#2300=VERTEX_POINT('',#6023);
#2301=VERTEX_POINT('',#6025);
#2302=VERTEX_POINT('',#6031);
#2303=VERTEX_POINT('',#6033);
#2304=VERTEX_POINT('',#6043);
#2305=VERTEX_POINT('',#6045);
#2306=VERTEX_POINT('',#6047);
#2307=VERTEX_POINT('',#6051);
#2308=VERTEX_POINT('',#6055);
#2309=VERTEX_POINT('',#6056);
#2310=VERTEX_POINT('',#6066);
#2311=VERTEX_POINT('',#6070);
#2312=VERTEX_POINT('',#6074);
#2313=VERTEX_POINT('',#6080);
#2314=VERTEX_POINT('',#6081);
#2315=VERTEX_POINT('',#6083);
#2316=VERTEX_POINT('',#6085);
#2317=VERTEX_POINT('',#6087);
#2318=VERTEX_POINT('',#6089);
#2319=VERTEX_POINT('',#6091);
#2320=VERTEX_POINT('',#6093);
#2321=VERTEX_POINT('',#6095);
#2322=VERTEX_POINT('',#6097);
#2323=VERTEX_POINT('',#6101);
#2324=VERTEX_POINT('',#6103);
#2325=VERTEX_POINT('',#6107);
#2326=VERTEX_POINT('',#6111);
#2327=VERTEX_POINT('',#6115);
#2328=VERTEX_POINT('',#6116);
#2329=VERTEX_POINT('',#6121);
#2330=VERTEX_POINT('',#6125);
#2331=VERTEX_POINT('',#6129);
#2332=VERTEX_POINT('',#6133);
#2333=VERTEX_POINT('',#6138);
#2334=VERTEX_POINT('',#6140);
#2335=VERTEX_POINT('',#6144);
#2336=VERTEX_POINT('',#6145);
#2337=VERTEX_POINT('',#6147);
#2338=VERTEX_POINT('',#6149);
#2339=VERTEX_POINT('',#6153);
#2340=VERTEX_POINT('',#6155);
#2341=VERTEX_POINT('',#6159);
#2342=VERTEX_POINT('',#6161);
#2343=VERTEX_POINT('',#6165);
#2344=VERTEX_POINT('',#6167);
#2345=VERTEX_POINT('',#6172);
#2346=VERTEX_POINT('',#6174);
#2347=VERTEX_POINT('',#6178);
#2348=VERTEX_POINT('',#6180);
#2349=VERTEX_POINT('',#6184);
#2350=VERTEX_POINT('',#6186);
#2351=VERTEX_POINT('',#6213);
#2352=VERTEX_POINT('',#6217);
#2353=VERTEX_POINT('',#6223);
#2354=VERTEX_POINT('',#6224);
#2355=VERTEX_POINT('',#6226);
#2356=VERTEX_POINT('',#6228);
#2357=VERTEX_POINT('',#6230);
#2358=VERTEX_POINT('',#6232);
#2359=VERTEX_POINT('',#6234);
#2360=VERTEX_POINT('',#6236);
#2361=VERTEX_POINT('',#6238);
#2362=VERTEX_POINT('',#6240);
#2363=VERTEX_POINT('',#6244);
#2364=VERTEX_POINT('',#6250);
#2365=VERTEX_POINT('',#6251);
#2366=VERTEX_POINT('',#6253);
#2367=VERTEX_POINT('',#6255);
#2368=VERTEX_POINT('',#6257);
#2369=VERTEX_POINT('',#6259);
#2370=VERTEX_POINT('',#6261);
#2371=VERTEX_POINT('',#6263);
#2372=VERTEX_POINT('',#6265);
#2373=VERTEX_POINT('',#6267);
#2374=VERTEX_POINT('',#6271);
#2375=VERTEX_POINT('',#6273);
#2376=VERTEX_POINT('',#6277);
#2377=VERTEX_POINT('',#6281);
#2378=VERTEX_POINT('',#6285);
#2379=VERTEX_POINT('',#6286);
#2380=VERTEX_POINT('',#6291);
#2381=VERTEX_POINT('',#6295);
#2382=VERTEX_POINT('',#6299);
#2383=VERTEX_POINT('',#6303);
#2384=VERTEX_POINT('',#6308);
#2385=VERTEX_POINT('',#6310);
#2386=VERTEX_POINT('',#6314);
#2387=VERTEX_POINT('',#6316);
#2388=VERTEX_POINT('',#6320);
#2389=VERTEX_POINT('',#6324);
#2390=VERTEX_POINT('',#6328);
#2391=VERTEX_POINT('',#6329);
#2392=VERTEX_POINT('',#6334);
#2393=VERTEX_POINT('',#6338);
#2394=VERTEX_POINT('',#6342);
#2395=VERTEX_POINT('',#6346);
#2396=VERTEX_POINT('',#6351);
#2397=VERTEX_POINT('',#6353);
#2398=VERTEX_POINT('',#6357);
#2399=VERTEX_POINT('',#6358);
#2400=VERTEX_POINT('',#6360);
#2401=VERTEX_POINT('',#6362);
#2402=VERTEX_POINT('',#6366);
#2403=VERTEX_POINT('',#6368);
#2404=VERTEX_POINT('',#6372);
#2405=VERTEX_POINT('',#6374);
#2406=VERTEX_POINT('',#6378);
#2407=VERTEX_POINT('',#6380);
#2408=VERTEX_POINT('',#6385);
#2409=VERTEX_POINT('',#6387);
#2410=VERTEX_POINT('',#6391);
#2411=VERTEX_POINT('',#6393);
#2412=VERTEX_POINT('',#6397);
#2413=VERTEX_POINT('',#6399);
#2414=VERTEX_POINT('',#6407);
#2415=VERTEX_POINT('',#6408);
#2416=VERTEX_POINT('',#6410);
#2417=VERTEX_POINT('',#6412);
#2418=VERTEX_POINT('',#6416);
#2419=VERTEX_POINT('',#6418);
#2420=VERTEX_POINT('',#6422);
#2421=VERTEX_POINT('',#6424);
#2422=VERTEX_POINT('',#6428);
#2423=VERTEX_POINT('',#6430);
#2424=VERTEX_POINT('',#6435);
#2425=VERTEX_POINT('',#6437);
#2426=VERTEX_POINT('',#6441);
#2427=VERTEX_POINT('',#6443);
#2428=VERTEX_POINT('',#6447);
#2429=VERTEX_POINT('',#6449);
#2430=EDGE_CURVE('',#2056,#2057,#3007,.T.);
#2431=EDGE_CURVE('',#2058,#2056,#3008,.T.);
#2432=EDGE_CURVE('',#2059,#2058,#3009,.T.);
#2433=EDGE_CURVE('',#2060,#2059,#3010,.T.);
#2434=EDGE_CURVE('',#2061,#2060,#3011,.T.);
#2435=EDGE_CURVE('',#2062,#2061,#3012,.T.);
#2436=EDGE_CURVE('',#2063,#2062,#3013,.T.);
#2437=EDGE_CURVE('',#2064,#2063,#3014,.T.);
#2438=EDGE_CURVE('',#2065,#2064,#3015,.T.);
#2439=EDGE_CURVE('',#2066,#2065,#3016,.T.);
#2440=EDGE_CURVE('',#2067,#2066,#3017,.T.);
#2441=EDGE_CURVE('',#2067,#2068,#3018,.T.);
#2442=EDGE_CURVE('',#2068,#2069,#3019,.T.);
#2443=EDGE_CURVE('',#2070,#2069,#3020,.T.);
#2444=EDGE_CURVE('',#2070,#2071,#3021,.T.);
#2445=EDGE_CURVE('',#2072,#2071,#3022,.T.);
#2446=EDGE_CURVE('',#2073,#2072,#3023,.T.);
#2447=EDGE_CURVE('',#2074,#2073,#3024,.T.);
#2448=EDGE_CURVE('',#2074,#2075,#3025,.T.);
#2449=EDGE_CURVE('',#2076,#2075,#3026,.T.);
#2450=EDGE_CURVE('',#2077,#2076,#3027,.T.);
#2451=EDGE_CURVE('',#2078,#2077,#3028,.T.);
#2452=EDGE_CURVE('',#2079,#2078,#3029,.T.);
#2453=EDGE_CURVE('',#2080,#2079,#3030,.T.);
#2454=EDGE_CURVE('',#2081,#2080,#3031,.T.);
#2455=EDGE_CURVE('',#2082,#2081,#3032,.T.);
#2456=EDGE_CURVE('',#2083,#2082,#3033,.T.);
#2457=EDGE_CURVE('',#2057,#2083,#3034,.T.);
#2458=EDGE_CURVE('',#2084,#2085,#3035,.T.);
#2459=EDGE_CURVE('',#2084,#2081,#3036,.T.);
#2460=EDGE_CURVE('',#2080,#2086,#3037,.T.);
#2461=EDGE_CURVE('',#2087,#2086,#3038,.T.);
#2462=EDGE_CURVE('',#2088,#2087,#3039,.T.);
#2463=EDGE_CURVE('',#2089,#2088,#3040,.T.);
#2464=EDGE_CURVE('',#2089,#2085,#3041,.T.);
#2465=EDGE_CURVE('',#2090,#2082,#3042,.T.);
#2466=EDGE_CURVE('',#2090,#2091,#3043,.T.);
#2467=EDGE_CURVE('',#2092,#2091,#3044,.T.);
#2468=EDGE_CURVE('',#2093,#2092,#3045,.T.);
#2469=EDGE_CURVE('',#2093,#2083,#3046,.T.);
#2470=EDGE_CURVE('',#2094,#2095,#3047,.T.);
#2471=EDGE_CURVE('',#2095,#2096,#3048,.T.);
#2472=EDGE_CURVE('',#2096,#2097,#3049,.T.);
#2473=EDGE_CURVE('',#2098,#2097,#3050,.T.);
#2474=EDGE_CURVE('',#2099,#2098,#3051,.T.);
#2475=EDGE_CURVE('',#2100,#2099,#3052,.T.);
#2476=EDGE_CURVE('',#2100,#2101,#3053,.T.);
#2477=EDGE_CURVE('',#2101,#2094,#3054,.T.);
#2478=EDGE_CURVE('',#2102,#2103,#3055,.T.);
#2479=EDGE_CURVE('',#2102,#2104,#3056,.T.);
#2480=EDGE_CURVE('',#2104,#2105,#3057,.T.);
#2481=EDGE_CURVE('',#2105,#2103,#3058,.T.);
#2482=EDGE_CURVE('',#2100,#2106,#3059,.T.);
#2483=EDGE_CURVE('',#2099,#2107,#3060,.T.);
#2484=EDGE_CURVE('',#2107,#2106,#3061,.T.);
#2485=EDGE_CURVE('',#2108,#2109,#3062,.T.);
#2486=EDGE_CURVE('',#2108,#2110,#3063,.T.);
#2487=EDGE_CURVE('',#2111,#2110,#3064,.T.);
#2488=EDGE_CURVE('',#2112,#2111,#3065,.T.);
#2489=EDGE_CURVE('',#2113,#2112,#3066,.T.);
#2490=EDGE_CURVE('',#2113,#2114,#3067,.T.);
#2491=EDGE_CURVE('',#2115,#2114,#3068,.T.);
#2492=EDGE_CURVE('',#2115,#2109,#3069,.T.);
#2493=EDGE_CURVE('',#2116,#2117,#3070,.T.);
#2494=EDGE_CURVE('',#2116,#2118,#3071,.T.);
#2495=EDGE_CURVE('',#2119,#2118,#3072,.T.);
#2496=EDGE_CURVE('',#2119,#2120,#3073,.T.);
#2497=EDGE_CURVE('',#2120,#2121,#3074,.T.);
#2498=EDGE_CURVE('',#2121,#2122,#3075,.T.);
#2499=EDGE_CURVE('',#2123,#2122,#3076,.T.);
#2500=EDGE_CURVE('',#2117,#2123,#3077,.T.);
#2501=EDGE_CURVE('',#2124,#2125,#3078,.T.);
#2502=EDGE_CURVE('',#2124,#2122,#3079,.T.);
#2503=EDGE_CURVE('',#2121,#2125,#3080,.T.);
#2504=EDGE_CURVE('',#2126,#2127,#3081,.T.);
#2505=EDGE_CURVE('',#2127,#2128,#3082,.T.);
#2506=EDGE_CURVE('',#2128,#2129,#3083,.T.);
#2507=EDGE_CURVE('',#2129,#2130,#3084,.T.);
#2508=EDGE_CURVE('',#2131,#2130,#3085,.T.);
#2509=EDGE_CURVE('',#2131,#2132,#3086,.T.);
#2510=EDGE_CURVE('',#2132,#2133,#3087,.T.);
#2511=EDGE_CURVE('',#2133,#2120,#3088,.T.);
#2512=EDGE_CURVE('',#2134,#2119,#3089,.T.);
#2513=EDGE_CURVE('',#2135,#2134,#3090,.T.);
#2514=EDGE_CURVE('',#2135,#2109,#3091,.T.);
#2515=EDGE_CURVE('',#2098,#2115,#3092,.T.);
#2516=EDGE_CURVE('',#2126,#2097,#3093,.T.);
#2517=EDGE_CURVE('',#2136,#2137,#3094,.T.);
#2518=EDGE_CURVE('',#2136,#2138,#3095,.T.);
#2519=EDGE_CURVE('',#2138,#2139,#3096,.T.);
#2520=EDGE_CURVE('',#2139,#2140,#3097,.T.);
#2521=EDGE_CURVE('',#2140,#2141,#3098,.T.);
#2522=EDGE_CURVE('',#2141,#2137,#3099,.T.);
#2523=EDGE_CURVE('',#2142,#2143,#3100,.T.);
#2524=EDGE_CURVE('',#2142,#2144,#3101,.T.);
#2525=EDGE_CURVE('',#2144,#2145,#3102,.T.);
#2526=EDGE_CURVE('',#2145,#2146,#3103,.T.);
#2527=EDGE_CURVE('',#2146,#2147,#3104,.T.);
#2528=EDGE_CURVE('',#2147,#2143,#3105,.T.);
#2529=EDGE_CURVE('',#2148,#2149,#3106,.T.);
#2530=EDGE_CURVE('',#2148,#2150,#3107,.T.);
#2531=EDGE_CURVE('',#2150,#2151,#3108,.T.);
#2532=EDGE_CURVE('',#2151,#2152,#3109,.T.);
#2533=EDGE_CURVE('',#2152,#2153,#3110,.T.);
#2534=EDGE_CURVE('',#2153,#2149,#3111,.T.);
#2535=EDGE_CURVE('',#2154,#2155,#3112,.T.);
#2536=EDGE_CURVE('',#2154,#2156,#3113,.T.);
#2537=EDGE_CURVE('',#2157,#2156,#3114,.T.);
#2538=EDGE_CURVE('',#2158,#2157,#3115,.T.);
#2539=EDGE_CURVE('',#2158,#2087,#3116,.T.);
#2540=EDGE_CURVE('',#2086,#2159,#3117,.T.);
#2541=EDGE_CURVE('',#2155,#2159,#3118,.T.);
#2542=EDGE_CURVE('',#2154,#2075,#3119,.T.);
#2543=EDGE_CURVE('',#2160,#2074,#3120,.T.);
#2544=EDGE_CURVE('',#2161,#2160,#41,.T.);
#2545=EDGE_CURVE('',#2162,#2161,#3121,.T.);
#2546=EDGE_CURVE('',#2163,#2162,#42,.T.);
#2547=EDGE_CURVE('',#2164,#2163,#3122,.T.);
#2548=EDGE_CURVE('',#2165,#2164,#3123,.T.);
#2549=EDGE_CURVE('',#2166,#2165,#3124,.T.);
#2550=EDGE_CURVE('',#2167,#2166,#3125,.T.);
#2551=EDGE_CURVE('',#2168,#2167,#3126,.T.);
#2552=EDGE_CURVE('',#2169,#2168,#3127,.T.);
#2553=EDGE_CURVE('',#2170,#2169,#3128,.T.);
#2554=EDGE_CURVE('',#2156,#2170,#43,.T.);
#2555=EDGE_CURVE('',#2060,#2158,#3129,.T.);
#2556=EDGE_CURVE('',#2157,#2171,#44,.T.);
#2557=EDGE_CURVE('',#2171,#2172,#3130,.T.);
#2558=EDGE_CURVE('',#2172,#2173,#3131,.T.);
#2559=EDGE_CURVE('',#2173,#2174,#3132,.T.);
#2560=EDGE_CURVE('',#2174,#2175,#3133,.T.);
#2561=EDGE_CURVE('',#2175,#2176,#3134,.T.);
#2562=EDGE_CURVE('',#2176,#2177,#3135,.T.);
#2563=EDGE_CURVE('',#2177,#2178,#3136,.T.);
#2564=EDGE_CURVE('',#2178,#2179,#45,.T.);
#2565=EDGE_CURVE('',#2179,#2180,#3137,.T.);
#2566=EDGE_CURVE('',#2180,#2181,#46,.T.);
#2567=EDGE_CURVE('',#2181,#2061,#3138,.T.);
#2568=EDGE_CURVE('',#2130,#2182,#3139,.T.);
#2569=EDGE_CURVE('',#2105,#2129,#3140,.T.);
#2570=EDGE_CURVE('',#2068,#2104,#3141,.T.);
#2571=EDGE_CURVE('',#2125,#2067,#3142,.T.);
#2572=EDGE_CURVE('',#2183,#2133,#3143,.T.);
#2573=EDGE_CURVE('',#2182,#2183,#3144,.T.);
#2574=EDGE_CURVE('',#2184,#2185,#3145,.T.);
#2575=EDGE_CURVE('',#2184,#2168,#3146,.T.);
#2576=EDGE_CURVE('',#2186,#2167,#3147,.T.);
#2577=EDGE_CURVE('',#2186,#2187,#3148,.T.);
#2578=EDGE_CURVE('',#2185,#2187,#3149,.T.);
#2579=EDGE_CURVE('',#2188,#2189,#3150,.T.);
#2580=EDGE_CURVE('',#2188,#2190,#3151,.T.);
#2581=EDGE_CURVE('',#2190,#2191,#3152,.T.);
#2582=EDGE_CURVE('',#2192,#2191,#3153,.T.);
#2583=EDGE_CURVE('',#2193,#2192,#3154,.T.);
#2584=EDGE_CURVE('',#2193,#2194,#3155,.T.);
#2585=EDGE_CURVE('',#2194,#2195,#3156,.T.);
#2586=EDGE_CURVE('',#2195,#2189,#3157,.T.);
#2587=EDGE_CURVE('',#2196,#2197,#3158,.T.);
#2588=EDGE_CURVE('',#2198,#2196,#3159,.T.);
#2589=EDGE_CURVE('',#2198,#2199,#3160,.T.);
#2590=EDGE_CURVE('',#2200,#2199,#3161,.T.);
#2591=EDGE_CURVE('',#2201,#2200,#3162,.T.);
#2592=EDGE_CURVE('',#2202,#2201,#3163,.T.);
#2593=EDGE_CURVE('',#2203,#2202,#3164,.T.);
#2594=EDGE_CURVE('',#2203,#2204,#3165,.T.);
#2595=EDGE_CURVE('',#2204,#2205,#3166,.T.);
#2596=EDGE_CURVE('',#2206,#2205,#3167,.T.);
#2597=EDGE_CURVE('',#2206,#2207,#3168,.T.);
#2598=EDGE_CURVE('',#2197,#2207,#3169,.T.);
#2599=EDGE_CURVE('',#2185,#2188,#3170,.T.);
#2600=EDGE_CURVE('',#2187,#2190,#3171,.T.);
#2601=EDGE_CURVE('',#2079,#2159,#3172,.T.);
#2602=EDGE_CURVE('',#2192,#2208,#3173,.T.);
#2603=EDGE_CURVE('',#2208,#2201,#3174,.T.);
#2604=EDGE_CURVE('',#2200,#2209,#3175,.T.);
#2605=EDGE_CURVE('',#2210,#2209,#3176,.T.);
#2606=EDGE_CURVE('',#2211,#2210,#3177,.T.);
#2607=EDGE_CURVE('',#2211,#2212,#3178,.T.);
#2608=EDGE_CURVE('',#2212,#2193,#3179,.T.);
#2609=EDGE_CURVE('',#2213,#2206,#3180,.T.);
#2610=EDGE_CURVE('',#2191,#2213,#3181,.T.);
#2611=EDGE_CURVE('',#2186,#2214,#3182,.T.);
#2612=EDGE_CURVE('',#2214,#2215,#3183,.T.);
#2613=EDGE_CURVE('',#2207,#2215,#3184,.T.);
#2614=EDGE_CURVE('',#2214,#2166,#3185,.T.);
#2615=EDGE_CURVE('',#2215,#2165,#3186,.T.);
#2616=EDGE_CURVE('',#2216,#2217,#3187,.T.);
#2617=EDGE_CURVE('',#2216,#2218,#3188,.T.);
#2618=EDGE_CURVE('',#2218,#2219,#3189,.T.);
#2619=EDGE_CURVE('',#2217,#2219,#3190,.T.);
#2620=EDGE_CURVE('',#2220,#2221,#3191,.T.);
#2621=EDGE_CURVE('',#2220,#2222,#3192,.T.);
#2622=EDGE_CURVE('',#2222,#2223,#3193,.T.);
#2623=EDGE_CURVE('',#2221,#2223,#3194,.T.);
#2624=EDGE_CURVE('',#2224,#2225,#3195,.T.);
#2625=EDGE_CURVE('',#2226,#2224,#3196,.T.);
#2626=EDGE_CURVE('',#2227,#2226,#3197,.T.);
#2627=EDGE_CURVE('',#2227,#2225,#3198,.T.);
#2628=EDGE_CURVE('',#2228,#2229,#3199,.T.);
#2629=EDGE_CURVE('',#2229,#2217,#3200,.T.);
#2630=EDGE_CURVE('',#2219,#2230,#3201,.T.);
#2631=EDGE_CURVE('',#2231,#2230,#3202,.T.);
#2632=EDGE_CURVE('',#2231,#2232,#3203,.T.);
#2633=EDGE_CURVE('',#2232,#2228,#3204,.T.);
#2634=EDGE_CURVE('',#2233,#2234,#3205,.T.);
#2635=EDGE_CURVE('',#2233,#2231,#3206,.T.);
#2636=EDGE_CURVE('',#2230,#2234,#3207,.T.);
#2637=EDGE_CURVE('',#2220,#2233,#47,.T.);
#2638=EDGE_CURVE('',#2234,#2222,#48,.T.);
#2639=EDGE_CURVE('',#2235,#2072,#3208,.T.);
#2640=EDGE_CURVE('',#2071,#2218,#3209,.T.);
#2641=EDGE_CURVE('',#2216,#2236,#3210,.T.);
#2642=EDGE_CURVE('',#2236,#2237,#3211,.T.);
#2643=EDGE_CURVE('',#2237,#2235,#3212,.T.);
#2644=EDGE_CURVE('',#2238,#2239,#3213,.T.);
#2645=EDGE_CURVE('',#2240,#2239,#3214,.T.);
#2646=EDGE_CURVE('',#2064,#2240,#3215,.T.);
#2647=EDGE_CURVE('',#2063,#2241,#3216,.T.);
#2648=EDGE_CURVE('',#2241,#2242,#3217,.T.);
#2649=EDGE_CURVE('',#2242,#2238,#3218,.T.);
#2650=EDGE_CURVE('',#2062,#2224,#3219,.T.);
#2651=EDGE_CURVE('',#2181,#2160,#3220,.T.);
#2652=EDGE_CURVE('',#2073,#2221,#3221,.T.);
#2653=EDGE_CURVE('',#2223,#2070,#3222,.T.);
#2654=EDGE_CURVE('',#2107,#2069,#3223,.T.);
#2655=EDGE_CURVE('',#2243,#2114,#3224,.T.);
#2656=EDGE_CURVE('',#2066,#2243,#3225,.T.);
#2657=EDGE_CURVE('',#2226,#2065,#3226,.T.);
#2658=EDGE_CURVE('',#2128,#2244,#3227,.T.);
#2659=EDGE_CURVE('',#2244,#2245,#3228,.T.);
#2660=EDGE_CURVE('',#2245,#2246,#3229,.T.);
#2661=EDGE_CURVE('',#2246,#2247,#3230,.T.);
#2662=EDGE_CURVE('',#2247,#2103,#3231,.T.);
#2663=EDGE_CURVE('',#2243,#2248,#3232,.T.);
#2664=EDGE_CURVE('',#2248,#2249,#3233,.T.);
#2665=EDGE_CURVE('',#2249,#2250,#3234,.T.);
#2666=EDGE_CURVE('',#2250,#2251,#3235,.T.);
#2667=EDGE_CURVE('',#2251,#2252,#3236,.T.);
#2668=EDGE_CURVE('',#2252,#2135,#3237,.T.);
#2669=EDGE_CURVE('',#2134,#2253,#3238,.T.);
#2670=EDGE_CURVE('',#2253,#2254,#3239,.T.);
#2671=EDGE_CURVE('',#2254,#2255,#3240,.T.);
#2672=EDGE_CURVE('',#2255,#2256,#3241,.T.);
#2673=EDGE_CURVE('',#2256,#2124,#3242,.T.);
#2674=EDGE_CURVE('',#2113,#2248,#3243,.T.);
#2675=EDGE_CURVE('',#2257,#2102,#3244,.T.);
#2676=EDGE_CURVE('',#2258,#2257,#3245,.T.);
#2677=EDGE_CURVE('',#2259,#2258,#3246,.T.);
#2678=EDGE_CURVE('',#2260,#2259,#3247,.T.);
#2679=EDGE_CURVE('',#2127,#2260,#3248,.T.);
#2680=EDGE_CURVE('',#2261,#2126,#3249,.T.);
#2681=EDGE_CURVE('',#2262,#2261,#3250,.T.);
#2682=EDGE_CURVE('',#2263,#2262,#3251,.T.);
#2683=EDGE_CURVE('',#2264,#2263,#3252,.T.);
#2684=EDGE_CURVE('',#2106,#2264,#3253,.T.);
#2685=EDGE_CURVE('',#2239,#2265,#3254,.T.);
#2686=EDGE_CURVE('',#2266,#2265,#3255,.T.);
#2687=EDGE_CURVE('',#2240,#2266,#3256,.T.);
#2688=EDGE_CURVE('',#2267,#2268,#3257,.T.);
#2689=EDGE_CURVE('',#2268,#2269,#3258,.T.);
#2690=EDGE_CURVE('',#2270,#2269,#3259,.T.);
#2691=EDGE_CURVE('',#2266,#2270,#3260,.T.);
#2692=EDGE_CURVE('',#2265,#2271,#3261,.T.);
#2693=EDGE_CURVE('',#2271,#2267,#3262,.T.);
#2694=EDGE_CURVE('',#2269,#2272,#3263,.T.);
#2695=EDGE_CURVE('',#2273,#2272,#3264,.T.);
#2696=EDGE_CURVE('',#2270,#2273,#3265,.T.);
#2697=EDGE_CURVE('',#2272,#2225,#49,.T.);
#2698=EDGE_CURVE('',#2273,#2227,#50,.T.);
#2699=EDGE_CURVE('',#2229,#2236,#3266,.T.);
#2700=EDGE_CURVE('',#2271,#2238,#3267,.T.);
#2701=EDGE_CURVE('',#2232,#2235,#3268,.T.);
#2702=EDGE_CURVE('',#2268,#2241,#3269,.T.);
#2703=EDGE_CURVE('',#2228,#2237,#3270,.T.);
#2704=EDGE_CURVE('',#2267,#2242,#3271,.T.);
#2705=EDGE_CURVE('',#2274,#2275,#3272,.T.);
#2706=EDGE_CURVE('',#2276,#2274,#3273,.T.);
#2707=EDGE_CURVE('',#2276,#2277,#3274,.T.);
#2708=EDGE_CURVE('',#2277,#2275,#3275,.T.);
#2709=EDGE_CURVE('',#2172,#2169,#3276,.T.);
#2710=EDGE_CURVE('',#2171,#2170,#3277,.T.);
#2711=EDGE_CURVE('',#2278,#2184,#3278,.T.);
#2712=EDGE_CURVE('',#2173,#2278,#3279,.T.);
#2713=EDGE_CURVE('',#2278,#2279,#3280,.T.);
#2714=EDGE_CURVE('',#2212,#2279,#3281,.T.);
#2715=EDGE_CURVE('',#2174,#2211,#3282,.T.);
#2716=EDGE_CURVE('',#2175,#2210,#3283,.T.);
#2717=EDGE_CURVE('',#2176,#2209,#3284,.T.);
#2718=EDGE_CURVE('',#2199,#2280,#3285,.T.);
#2719=EDGE_CURVE('',#2281,#2280,#3286,.T.);
#2720=EDGE_CURVE('',#2197,#2281,#3287,.T.);
#2721=EDGE_CURVE('',#2177,#2164,#3288,.T.);
#2722=EDGE_CURVE('',#2178,#2163,#3289,.T.);
#2723=EDGE_CURVE('',#2179,#2162,#3290,.T.);
#2724=EDGE_CURVE('',#2180,#2161,#3291,.T.);
#2725=EDGE_CURVE('',#2279,#2194,#3292,.T.);
#2726=EDGE_CURVE('',#2213,#2282,#3293,.T.);
#2727=EDGE_CURVE('',#2205,#2282,#3294,.T.);
#2728=EDGE_CURVE('',#2283,#2204,#3295,.T.);
#2729=EDGE_CURVE('',#2284,#2203,#3296,.T.);
#2730=EDGE_CURVE('',#2284,#2283,#3297,.T.);
#2731=EDGE_CURVE('',#2285,#2208,#3298,.T.);
#2732=EDGE_CURVE('',#2202,#2285,#3299,.T.);
#2733=EDGE_CURVE('',#2282,#2286,#3300,.T.);
#2734=EDGE_CURVE('',#2287,#2286,#3301,.T.);
#2735=EDGE_CURVE('',#2285,#2287,#3302,.T.);
#2736=EDGE_CURVE('',#2286,#2288,#3303,.T.);
#2737=EDGE_CURVE('',#2289,#2288,#3304,.T.);
#2738=EDGE_CURVE('',#2287,#2289,#3305,.T.);
#2739=EDGE_CURVE('',#2288,#2283,#3306,.T.);
#2740=EDGE_CURVE('',#2289,#2284,#3307,.T.);
#2741=EDGE_CURVE('',#2290,#2155,#3308,.T.);
#2742=EDGE_CURVE('',#2291,#2078,#3309,.T.);
#2743=EDGE_CURVE('',#2290,#2291,#3310,.T.);
#2744=EDGE_CURVE('',#2292,#2293,#3311,.T.);
#2745=EDGE_CURVE('',#2294,#2293,#3312,.T.);
#2746=EDGE_CURVE('',#2295,#2294,#3313,.T.);
#2747=EDGE_CURVE('',#2295,#2292,#3314,.T.);
#2748=EDGE_CURVE('',#2293,#2277,#3315,.T.);
#2749=EDGE_CURVE('',#2294,#2276,#3316,.T.);
#2750=EDGE_CURVE('',#2275,#2292,#3317,.T.);
#2751=EDGE_CURVE('',#2274,#2295,#3318,.T.);
#2752=EDGE_CURVE('',#2184,#2296,#3319,.T.);
#2753=EDGE_CURVE('',#2296,#2297,#3320,.T.);
#2754=EDGE_CURVE('',#2278,#2297,#3321,.T.);
#2755=EDGE_CURVE('',#2298,#2280,#3322,.T.);
#2756=EDGE_CURVE('',#2299,#2298,#3323,.T.);
#2757=EDGE_CURVE('',#2299,#2281,#3324,.T.);
#2758=EDGE_CURVE('',#2198,#2300,#3325,.T.);
#2759=EDGE_CURVE('',#2300,#2301,#3326,.T.);
#2760=EDGE_CURVE('',#2301,#2195,#3327,.T.);
#2761=EDGE_CURVE('',#2297,#2298,#3328,.T.);
#2762=EDGE_CURVE('',#2296,#2299,#3329,.T.);
#2763=EDGE_CURVE('',#2302,#2189,#3330,.T.);
#2764=EDGE_CURVE('',#2303,#2302,#3331,.T.);
#2765=EDGE_CURVE('',#2196,#2303,#3332,.T.);
#2766=EDGE_CURVE('',#2302,#2301,#3333,.T.);
#2767=EDGE_CURVE('',#2303,#2300,#3334,.T.);
#2768=EDGE_CURVE('',#2304,#2182,#3335,.T.);
#2769=EDGE_CURVE('',#2304,#2305,#51,.T.);
#2770=EDGE_CURVE('',#2306,#2305,#3336,.T.);
#2771=EDGE_CURVE('',#2306,#2131,#52,.T.);
#2772=EDGE_CURVE('',#2307,#2183,#3337,.T.);
#2773=EDGE_CURVE('',#2307,#2304,#3338,.T.);
#2774=EDGE_CURVE('',#2308,#2309,#3339,.T.);
#2775=EDGE_CURVE('',#2308,#2307,#53,.T.);
#2776=EDGE_CURVE('',#2132,#2309,#54,.T.);
#2777=EDGE_CURVE('',#2305,#2308,#3340,.T.);
#2778=EDGE_CURVE('',#2309,#2306,#3341,.T.);
#2779=EDGE_CURVE('',#2310,#2059,#3342,.T.);
#2780=EDGE_CURVE('',#2088,#2310,#3343,.T.);
#2781=EDGE_CURVE('',#2311,#2058,#3344,.T.);
#2782=EDGE_CURVE('',#2310,#2311,#3345,.T.);
#2783=EDGE_CURVE('',#2312,#2056,#3346,.T.);
#2784=EDGE_CURVE('',#2092,#2312,#3347,.T.);
#2785=EDGE_CURVE('',#2085,#2091,#3348,.T.);
#2786=EDGE_CURVE('',#2311,#2089,#3349,.T.);
#2787=EDGE_CURVE('',#2313,#2314,#3350,.T.);
#2788=EDGE_CURVE('',#2313,#2315,#3351,.T.);
#2789=EDGE_CURVE('',#2316,#2315,#3352,.T.);
#2790=EDGE_CURVE('',#2317,#2316,#3353,.T.);
#2791=EDGE_CURVE('',#2318,#2317,#3354,.T.);
#2792=EDGE_CURVE('',#2318,#2319,#3355,.T.);
#2793=EDGE_CURVE('',#2319,#2320,#3356,.T.);
#2794=EDGE_CURVE('',#2320,#2321,#3357,.T.);
#2795=EDGE_CURVE('',#2322,#2321,#3358,.T.);
#2796=EDGE_CURVE('',#2314,#2322,#3359,.T.);
#2797=EDGE_CURVE('',#2316,#2323,#3360,.T.);
#2798=EDGE_CURVE('',#2323,#2324,#3361,.T.);
#2799=EDGE_CURVE('',#2317,#2324,#3362,.T.);
#2800=EDGE_CURVE('',#2315,#2325,#3363,.T.);
#2801=EDGE_CURVE('',#2325,#2323,#3364,.T.);
#2802=EDGE_CURVE('',#2315,#2326,#3365,.T.);
#2803=EDGE_CURVE('',#2326,#2325,#3366,.T.);
#2804=EDGE_CURVE('',#2327,#2328,#3367,.T.);
#2805=EDGE_CURVE('',#2328,#2313,#3368,.T.);
#2806=EDGE_CURVE('',#2313,#2327,#3369,.T.);
#2807=EDGE_CURVE('',#2314,#2329,#3370,.T.);
#2808=EDGE_CURVE('',#2329,#2327,#3371,.T.);
#2809=EDGE_CURVE('',#2322,#2330,#3372,.T.);
#2810=EDGE_CURVE('',#2330,#2329,#3373,.T.);
#2811=EDGE_CURVE('',#2321,#2331,#3374,.T.);
#2812=EDGE_CURVE('',#2331,#2330,#3375,.T.);
#2813=EDGE_CURVE('',#2324,#2332,#3376,.T.);
#2814=EDGE_CURVE('',#2332,#2318,#3377,.T.);
#2815=EDGE_CURVE('',#2328,#2326,#3378,.T.);
#2816=EDGE_CURVE('',#2333,#2331,#3379,.T.);
#2817=EDGE_CURVE('',#2334,#2333,#3380,.T.);
#2818=EDGE_CURVE('',#2332,#2334,#3381,.T.);
#2819=EDGE_CURVE('',#2335,#2336,#3382,.T.);
#2820=EDGE_CURVE('',#2335,#2337,#3383,.T.);
#2821=EDGE_CURVE('',#2337,#2338,#3384,.T.);
#2822=EDGE_CURVE('',#2338,#2336,#3385,.T.);
#2823=EDGE_CURVE('',#2337,#2339,#3386,.T.);
#2824=EDGE_CURVE('',#2339,#2340,#3387,.T.);
#2825=EDGE_CURVE('',#2340,#2338,#3388,.T.);
#2826=EDGE_CURVE('',#2339,#2341,#3389,.T.);
#2827=EDGE_CURVE('',#2341,#2342,#3390,.T.);
#2828=EDGE_CURVE('',#2342,#2340,#3391,.T.);
#2829=EDGE_CURVE('',#2143,#2343,#3392,.T.);
#2830=EDGE_CURVE('',#2343,#2344,#3393,.T.);
#2831=EDGE_CURVE('',#2344,#2342,#3394,.T.);
#2832=EDGE_CURVE('',#2341,#2142,#3395,.T.);
#2833=EDGE_CURVE('',#2343,#2345,#3396,.T.);
#2834=EDGE_CURVE('',#2345,#2346,#3397,.T.);
#2835=EDGE_CURVE('',#2346,#2344,#3398,.T.);
#2836=EDGE_CURVE('',#2345,#2347,#3399,.T.);
#2837=EDGE_CURVE('',#2347,#2348,#3400,.T.);
#2838=EDGE_CURVE('',#2348,#2346,#3401,.T.);
#2839=EDGE_CURVE('',#2347,#2349,#3402,.T.);
#2840=EDGE_CURVE('',#2349,#2350,#3403,.T.);
#2841=EDGE_CURVE('',#2350,#2348,#3404,.T.);
#2842=EDGE_CURVE('',#2349,#2335,#3405,.T.);
#2843=EDGE_CURVE('',#2336,#2350,#3406,.T.);
#2844=EDGE_CURVE('',#2345,#2143,#3407,.T.);
#2845=EDGE_CURVE('',#2347,#2147,#3408,.T.);
#2846=EDGE_CURVE('',#2349,#2146,#3409,.T.);
#2847=EDGE_CURVE('',#2335,#2145,#3410,.T.);
#2848=EDGE_CURVE('',#2337,#2144,#3411,.T.);
#2849=EDGE_CURVE('',#2339,#2142,#3412,.T.);
#2850=EDGE_CURVE('',#2333,#2320,#3413,.T.);
#2851=EDGE_CURVE('',#2334,#2319,#3414,.T.);
#2852=EDGE_CURVE('',#2351,#2290,#3415,.T.);
#2853=EDGE_CURVE('',#2351,#2076,#3416,.T.);
#2854=EDGE_CURVE('',#2352,#2351,#3417,.T.);
#2855=EDGE_CURVE('',#2352,#2077,#3418,.T.);
#2856=EDGE_CURVE('',#2291,#2352,#3419,.T.);
#2857=EDGE_CURVE('',#2353,#2354,#3420,.T.);
#2858=EDGE_CURVE('',#2353,#2355,#3421,.T.);
#2859=EDGE_CURVE('',#2356,#2355,#3422,.T.);
#2860=EDGE_CURVE('',#2357,#2356,#3423,.T.);
#2861=EDGE_CURVE('',#2358,#2357,#3424,.T.);
#2862=EDGE_CURVE('',#2358,#2359,#3425,.T.);
#2863=EDGE_CURVE('',#2359,#2360,#3426,.T.);
#2864=EDGE_CURVE('',#2360,#2361,#3427,.T.);
#2865=EDGE_CURVE('',#2362,#2361,#3428,.T.);
#2866=EDGE_CURVE('',#2354,#2362,#3429,.T.);
#2867=EDGE_CURVE('',#2363,#2057,#3430,.T.);
#2868=EDGE_CURVE('',#2312,#2363,#3431,.T.);
#2869=EDGE_CURVE('',#2363,#2093,#3432,.T.);
#2870=EDGE_CURVE('',#2364,#2365,#3433,.T.);
#2871=EDGE_CURVE('',#2364,#2366,#3434,.T.);
#2872=EDGE_CURVE('',#2367,#2366,#3435,.T.);
#2873=EDGE_CURVE('',#2368,#2367,#3436,.T.);
#2874=EDGE_CURVE('',#2369,#2368,#3437,.T.);
#2875=EDGE_CURVE('',#2369,#2370,#3438,.T.);
#2876=EDGE_CURVE('',#2370,#2371,#3439,.T.);
#2877=EDGE_CURVE('',#2371,#2372,#3440,.T.);
#2878=EDGE_CURVE('',#2373,#2372,#3441,.T.);
#2879=EDGE_CURVE('',#2365,#2373,#3442,.T.);
#2880=EDGE_CURVE('',#2374,#2367,#3443,.T.);
#2881=EDGE_CURVE('',#2375,#2374,#3444,.T.);
#2882=EDGE_CURVE('',#2375,#2368,#3445,.T.);
#2883=EDGE_CURVE('',#2376,#2366,#3446,.T.);
#2884=EDGE_CURVE('',#2374,#2376,#3447,.T.);
#2885=EDGE_CURVE('',#2366,#2377,#3448,.T.);
#2886=EDGE_CURVE('',#2376,#2377,#3449,.T.);
#2887=EDGE_CURVE('',#2378,#2379,#3450,.T.);
#2888=EDGE_CURVE('',#2378,#2364,#3451,.T.);
#2889=EDGE_CURVE('',#2379,#2364,#3452,.T.);
#2890=EDGE_CURVE('',#2380,#2365,#3453,.T.);
#2891=EDGE_CURVE('',#2379,#2380,#3454,.T.);
#2892=EDGE_CURVE('',#2381,#2373,#3455,.T.);
#2893=EDGE_CURVE('',#2380,#2381,#3456,.T.);
#2894=EDGE_CURVE('',#2372,#2382,#3457,.T.);
#2895=EDGE_CURVE('',#2381,#2382,#3458,.T.);
#2896=EDGE_CURVE('',#2383,#2375,#3459,.T.);
#2897=EDGE_CURVE('',#2383,#2369,#3460,.T.);
#2898=EDGE_CURVE('',#2377,#2378,#3461,.T.);
#2899=EDGE_CURVE('',#2382,#2384,#3462,.T.);
#2900=EDGE_CURVE('',#2384,#2385,#3463,.T.);
#2901=EDGE_CURVE('',#2385,#2383,#3464,.T.);
#2902=EDGE_CURVE('',#2386,#2356,#3465,.T.);
#2903=EDGE_CURVE('',#2387,#2386,#3466,.T.);
#2904=EDGE_CURVE('',#2387,#2357,#3467,.T.);
#2905=EDGE_CURVE('',#2388,#2355,#3468,.T.);
#2906=EDGE_CURVE('',#2386,#2388,#3469,.T.);
#2907=EDGE_CURVE('',#2355,#2389,#3470,.T.);
#2908=EDGE_CURVE('',#2388,#2389,#3471,.T.);
#2909=EDGE_CURVE('',#2390,#2391,#3472,.T.);
#2910=EDGE_CURVE('',#2390,#2353,#3473,.T.);
#2911=EDGE_CURVE('',#2391,#2353,#3474,.T.);
#2912=EDGE_CURVE('',#2392,#2354,#3475,.T.);
#2913=EDGE_CURVE('',#2391,#2392,#3476,.T.);
#2914=EDGE_CURVE('',#2393,#2362,#3477,.T.);
#2915=EDGE_CURVE('',#2392,#2393,#3478,.T.);
#2916=EDGE_CURVE('',#2361,#2394,#3479,.T.);
#2917=EDGE_CURVE('',#2393,#2394,#3480,.T.);
#2918=EDGE_CURVE('',#2395,#2387,#3481,.T.);
#2919=EDGE_CURVE('',#2395,#2358,#3482,.T.);
#2920=EDGE_CURVE('',#2389,#2390,#3483,.T.);
#2921=EDGE_CURVE('',#2394,#2396,#3484,.T.);
#2922=EDGE_CURVE('',#2396,#2397,#3485,.T.);
#2923=EDGE_CURVE('',#2397,#2395,#3486,.T.);
#2924=EDGE_CURVE('',#2398,#2399,#3487,.T.);
#2925=EDGE_CURVE('',#2399,#2400,#3488,.T.);
#2926=EDGE_CURVE('',#2401,#2400,#3489,.T.);
#2927=EDGE_CURVE('',#2398,#2401,#3490,.T.);
#2928=EDGE_CURVE('',#2400,#2402,#3491,.T.);
#2929=EDGE_CURVE('',#2403,#2402,#3492,.T.);
#2930=EDGE_CURVE('',#2401,#2403,#3493,.T.);
#2931=EDGE_CURVE('',#2402,#2404,#3494,.T.);
#2932=EDGE_CURVE('',#2405,#2404,#3495,.T.);
#2933=EDGE_CURVE('',#2403,#2405,#3496,.T.);
#2934=EDGE_CURVE('',#2137,#2406,#3497,.T.);
#2935=EDGE_CURVE('',#2407,#2406,#3498,.T.);
#2936=EDGE_CURVE('',#2405,#2407,#3499,.T.);
#2937=EDGE_CURVE('',#2404,#2136,#3500,.T.);
#2938=EDGE_CURVE('',#2406,#2408,#3501,.T.);
#2939=EDGE_CURVE('',#2409,#2408,#3502,.T.);
#2940=EDGE_CURVE('',#2407,#2409,#3503,.T.);
#2941=EDGE_CURVE('',#2408,#2410,#3504,.T.);
#2942=EDGE_CURVE('',#2411,#2410,#3505,.T.);
#2943=EDGE_CURVE('',#2409,#2411,#3506,.T.);
#2944=EDGE_CURVE('',#2410,#2412,#3507,.T.);
#2945=EDGE_CURVE('',#2413,#2412,#3508,.T.);
#2946=EDGE_CURVE('',#2411,#2413,#3509,.T.);
#2947=EDGE_CURVE('',#2412,#2399,#3510,.T.);
#2948=EDGE_CURVE('',#2413,#2398,#3511,.T.);
#2949=EDGE_CURVE('',#2414,#2415,#3512,.T.);
#2950=EDGE_CURVE('',#2415,#2416,#3513,.T.);
#2951=EDGE_CURVE('',#2417,#2416,#3514,.T.);
#2952=EDGE_CURVE('',#2414,#2417,#3515,.T.);
#2953=EDGE_CURVE('',#2416,#2418,#3516,.T.);
#2954=EDGE_CURVE('',#2419,#2418,#3517,.T.);
#2955=EDGE_CURVE('',#2417,#2419,#3518,.T.);
#2956=EDGE_CURVE('',#2418,#2420,#3519,.T.);
#2957=EDGE_CURVE('',#2421,#2420,#3520,.T.);
#2958=EDGE_CURVE('',#2419,#2421,#3521,.T.);
#2959=EDGE_CURVE('',#2149,#2422,#3522,.T.);
#2960=EDGE_CURVE('',#2423,#2422,#3523,.T.);
#2961=EDGE_CURVE('',#2421,#2423,#3524,.T.);
#2962=EDGE_CURVE('',#2420,#2148,#3525,.T.);
#2963=EDGE_CURVE('',#2422,#2424,#3526,.T.);
#2964=EDGE_CURVE('',#2425,#2424,#3527,.T.);
#2965=EDGE_CURVE('',#2423,#2425,#3528,.T.);
#2966=EDGE_CURVE('',#2424,#2426,#3529,.T.);
#2967=EDGE_CURVE('',#2427,#2426,#3530,.T.);
#2968=EDGE_CURVE('',#2425,#2427,#3531,.T.);
#2969=EDGE_CURVE('',#2426,#2428,#3532,.T.);
#2970=EDGE_CURVE('',#2429,#2428,#3533,.T.);
#2971=EDGE_CURVE('',#2427,#2429,#3534,.T.);
#2972=EDGE_CURVE('',#2428,#2415,#3535,.T.);
#2973=EDGE_CURVE('',#2429,#2414,#3536,.T.);
#2974=EDGE_CURVE('',#2408,#2137,#3537,.T.);
#2975=EDGE_CURVE('',#2410,#2141,#3538,.T.);
#2976=EDGE_CURVE('',#2412,#2140,#3539,.T.);
#2977=EDGE_CURVE('',#2399,#2139,#3540,.T.);
#2978=EDGE_CURVE('',#2400,#2138,#3541,.T.);
#2979=EDGE_CURVE('',#2402,#2136,#3542,.T.);
#2980=EDGE_CURVE('',#2424,#2149,#3543,.T.);
#2981=EDGE_CURVE('',#2426,#2153,#3544,.T.);
#2982=EDGE_CURVE('',#2428,#2152,#3545,.T.);
#2983=EDGE_CURVE('',#2415,#2151,#3546,.T.);
#2984=EDGE_CURVE('',#2416,#2150,#3547,.T.);
#2985=EDGE_CURVE('',#2418,#2148,#3548,.T.);
#2986=EDGE_CURVE('',#2396,#2360,#3549,.T.);
#2987=EDGE_CURVE('',#2397,#2359,#3550,.T.);
#2988=EDGE_CURVE('',#2384,#2371,#3551,.T.);
#2989=EDGE_CURVE('',#2385,#2370,#3552,.T.);
#2990=EDGE_CURVE('',#2123,#2256,#3553,.T.);
#2991=EDGE_CURVE('',#2112,#2249,#3554,.T.);
#2992=EDGE_CURVE('',#2252,#2108,#3555,.T.);
#2993=EDGE_CURVE('',#2118,#2253,#3556,.T.);
#2994=EDGE_CURVE('',#2254,#2116,#3557,.T.);
#2995=EDGE_CURVE('',#2117,#2255,#3558,.T.);
#2996=EDGE_CURVE('',#2111,#2250,#3559,.T.);
#2997=EDGE_CURVE('',#2110,#2251,#3560,.T.);
#2998=EDGE_CURVE('',#2247,#2257,#3561,.T.);
#2999=EDGE_CURVE('',#2101,#2264,#3562,.T.);
#3000=EDGE_CURVE('',#2261,#2096,#3563,.T.);
#3001=EDGE_CURVE('',#2244,#2260,#3564,.T.);
#3002=EDGE_CURVE('',#2259,#2245,#3565,.T.);
#3003=EDGE_CURVE('',#2246,#2258,#3566,.T.);
#3004=EDGE_CURVE('',#2094,#2263,#3567,.T.);
#3005=EDGE_CURVE('',#2095,#2262,#3568,.T.);
#3006=EDGE_CURVE('',#2090,#2084,#3569,.T.);
#3007=LINE('',#5372,#3570);
#3008=LINE('',#5375,#3571);
#3009=LINE('',#5377,#3572);
#3010=LINE('',#5379,#3573);
#3011=LINE('',#5381,#3574);
#3012=LINE('',#5383,#3575);
#3013=LINE('',#5385,#3576);
#3014=LINE('',#5387,#3577);
#3015=LINE('',#5389,#3578);
#3016=LINE('',#5391,#3579);
#3017=LINE('',#5393,#3580);
#3018=LINE('',#5395,#3581);
#3019=LINE('',#5397,#3582);
#3020=LINE('',#5399,#3583);
#3021=LINE('',#5401,#3584);
#3022=LINE('',#5403,#3585);
#3023=LINE('',#5405,#3586);
#3024=LINE('',#5407,#3587);
#3025=LINE('',#5409,#3588);
#3026=LINE('',#5411,#3589);
#3027=LINE('',#5413,#3590);
#3028=LINE('',#5415,#3591);
#3029=LINE('',#5417,#3592);
#3030=LINE('',#5419,#3593);
#3031=LINE('',#5421,#3594);
#3032=LINE('',#5423,#3595);
#3033=LINE('',#5425,#3596);
#3034=LINE('',#5427,#3597);
#3035=LINE('',#5429,#3598);
#3036=LINE('',#5432,#3599);
#3037=LINE('',#5433,#3600);
#3038=LINE('',#5435,#3601);
#3039=LINE('',#5437,#3602);
#3040=LINE('',#5439,#3603);
#3041=LINE('',#5441,#3604);
#3042=LINE('',#5443,#3605);
#3043=LINE('',#5445,#3606);
#3044=LINE('',#5447,#3607);
#3045=LINE('',#5449,#3608);
#3046=LINE('',#5451,#3609);
#3047=LINE('',#5453,#3610);
#3048=LINE('',#5456,#3611);
#3049=LINE('',#5458,#3612);
#3050=LINE('',#5460,#3613);
#3051=LINE('',#5462,#3614);
#3052=LINE('',#5464,#3615);
#3053=LINE('',#5466,#3616);
#3054=LINE('',#5468,#3617);
#3055=LINE('',#5470,#3618);
#3056=LINE('',#5473,#3619);
#3057=LINE('',#5475,#3620);
#3058=LINE('',#5477,#3621);
#3059=LINE('',#5479,#3622);
#3060=LINE('',#5481,#3623);
#3061=LINE('',#5483,#3624);
#3062=LINE('',#5485,#3625);
#3063=LINE('',#5488,#3626);
#3064=LINE('',#5490,#3627);
#3065=LINE('',#5492,#3628);
#3066=LINE('',#5494,#3629);
#3067=LINE('',#5496,#3630);
#3068=LINE('',#5498,#3631);
#3069=LINE('',#5500,#3632);
#3070=LINE('',#5502,#3633);
#3071=LINE('',#5505,#3634);
#3072=LINE('',#5507,#3635);
#3073=LINE('',#5509,#3636);
#3074=LINE('',#5511,#3637);
#3075=LINE('',#5513,#3638);
#3076=LINE('',#5515,#3639);
#3077=LINE('',#5517,#3640);
#3078=LINE('',#5519,#3641);
#3079=LINE('',#5522,#3642);
#3080=LINE('',#5523,#3643);
#3081=LINE('',#5525,#3644);
#3082=LINE('',#5528,#3645);
#3083=LINE('',#5530,#3646);
#3084=LINE('',#5532,#3647);
#3085=LINE('',#5534,#3648);
#3086=LINE('',#5536,#3649);
#3087=LINE('',#5538,#3650);
#3088=LINE('',#5540,#3651);
#3089=LINE('',#5541,#3652);
#3090=LINE('',#5543,#3653);
#3091=LINE('',#5545,#3654);
#3092=LINE('',#5546,#3655);
#3093=LINE('',#5547,#3656);
#3094=LINE('',#5548,#3657);
#3095=LINE('',#5551,#3658);
#3096=LINE('',#5553,#3659);
#3097=LINE('',#5555,#3660);
#3098=LINE('',#5557,#3661);
#3099=LINE('',#5559,#3662);
#3100=LINE('',#5560,#3663);
#3101=LINE('',#5563,#3664);
#3102=LINE('',#5565,#3665);
#3103=LINE('',#5567,#3666);
#3104=LINE('',#5569,#3667);
#3105=LINE('',#5571,#3668);
#3106=LINE('',#5572,#3669);
#3107=LINE('',#5575,#3670);
#3108=LINE('',#5577,#3671);
#3109=LINE('',#5579,#3672);
#3110=LINE('',#5581,#3673);
#3111=LINE('',#5583,#3674);
#3112=LINE('',#5585,#3675);
#3113=LINE('',#5588,#3676);
#3114=LINE('',#5590,#3677);
#3115=LINE('',#5592,#3678);
#3116=LINE('',#5594,#3679);
#3117=LINE('',#5595,#3680);
#3118=LINE('',#5597,#3681);
#3119=LINE('',#5599,#3682);
#3120=LINE('',#5600,#3683);
#3121=LINE('',#5604,#3684);
#3122=LINE('',#5608,#3685);
#3123=LINE('',#5610,#3686);
#3124=LINE('',#5612,#3687);
#3125=LINE('',#5614,#3688);
#3126=LINE('',#5616,#3689);
#3127=LINE('',#5618,#3690);
#3128=LINE('',#5620,#3691);
#3129=LINE('',#5624,#3692);
#3130=LINE('',#5627,#3693);
#3131=LINE('',#5629,#3694);
#3132=LINE('',#5631,#3695);
#3133=LINE('',#5633,#3696);
#3134=LINE('',#5635,#3697);
#3135=LINE('',#5637,#3698);
#3136=LINE('',#5639,#3699);
#3137=LINE('',#5643,#3700);
#3138=LINE('',#5647,#3701);
#3139=LINE('',#5649,#3702);
#3140=LINE('',#5651,#3703);
#3141=LINE('',#5652,#3704);
#3142=LINE('',#5653,#3705);
#3143=LINE('',#5654,#3706);
#3144=LINE('',#5656,#3707);
#3145=LINE('',#5658,#3708);
#3146=LINE('',#5661,#3709);
#3147=LINE('',#5662,#3710);
#3148=LINE('',#5664,#3711);
#3149=LINE('',#5666,#3712);
#3150=LINE('',#5668,#3713);
#3151=LINE('',#5671,#3714);
#3152=LINE('',#5673,#3715);
#3153=LINE('',#5675,#3716);
#3154=LINE('',#5677,#3717);
#3155=LINE('',#5679,#3718);
#3156=LINE('',#5681,#3719);
#3157=LINE('',#5683,#3720);
#3158=LINE('',#5685,#3721);
#3159=LINE('',#5688,#3722);
#3160=LINE('',#5690,#3723);
#3161=LINE('',#5692,#3724);
#3162=LINE('',#5694,#3725);
#3163=LINE('',#5696,#3726);
#3164=LINE('',#5698,#3727);
#3165=LINE('',#5700,#3728);
#3166=LINE('',#5702,#3729);
#3167=LINE('',#5704,#3730);
#3168=LINE('',#5706,#3731);
#3169=LINE('',#5708,#3732);
#3170=LINE('',#5710,#3733);
#3171=LINE('',#5711,#3734);
#3172=LINE('',#5713,#3735);
#3173=LINE('',#5715,#3736);
#3174=LINE('',#5717,#3737);
#3175=LINE('',#5718,#3738);
#3176=LINE('',#5720,#3739);
#3177=LINE('',#5722,#3740);
#3178=LINE('',#5724,#3741);
#3179=LINE('',#5726,#3742);
#3180=LINE('',#5728,#3743);
#3181=LINE('',#5730,#3744);
#3182=LINE('',#5731,#3745);
#3183=LINE('',#5733,#3746);
#3184=LINE('',#5735,#3747);
#3185=LINE('',#5737,#3748);
#3186=LINE('',#5739,#3749);
#3187=LINE('',#5741,#3750);
#3188=LINE('',#5744,#3751);
#3189=LINE('',#5746,#3752);
#3190=LINE('',#5748,#3753);
#3191=LINE('',#5750,#3754);
#3192=LINE('',#5753,#3755);
#3193=LINE('',#5755,#3756);
#3194=LINE('',#5757,#3757);
#3195=LINE('',#5759,#3758);
#3196=LINE('',#5762,#3759);
#3197=LINE('',#5764,#3760);
#3198=LINE('',#5766,#3761);
#3199=LINE('',#5768,#3762);
#3200=LINE('',#5771,#3763);
#3201=LINE('',#5772,#3764);
#3202=LINE('',#5774,#3765);
#3203=LINE('',#5776,#3766);
#3204=LINE('',#5778,#3767);
#3205=LINE('',#5780,#3768);
#3206=LINE('',#5783,#3769);
#3207=LINE('',#5784,#3770);
#3208=LINE('',#5789,#3771);
#3209=LINE('',#5791,#3772);
#3210=LINE('',#5792,#3773);
#3211=LINE('',#5794,#3774);
#3212=LINE('',#5796,#3775);
#3213=LINE('',#5798,#3776);
#3214=LINE('',#5801,#3777);
#3215=LINE('',#5803,#3778);
#3216=LINE('',#5804,#3779);
#3217=LINE('',#5806,#3780);
#3218=LINE('',#5808,#3781);
#3219=LINE('',#5810,#3782);
#3220=LINE('',#5811,#3783);
#3221=LINE('',#5812,#3784);
#3222=LINE('',#5813,#3785);
#3223=LINE('',#5814,#3786);
#3224=LINE('',#5815,#3787);
#3225=LINE('',#5817,#3788);
#3226=LINE('',#5818,#3789);
#3227=LINE('',#5820,#3790);
#3228=LINE('',#5822,#3791);
#3229=LINE('',#5824,#3792);
#3230=LINE('',#5826,#3793);
#3231=LINE('',#5828,#3794);
#3232=LINE('',#5830,#3795);
#3233=LINE('',#5832,#3796);
#3234=LINE('',#5834,#3797);
#3235=LINE('',#5836,#3798);
#3236=LINE('',#5838,#3799);
#3237=LINE('',#5840,#3800);
#3238=LINE('',#5841,#3801);
#3239=LINE('',#5843,#3802);
#3240=LINE('',#5845,#3803);
#3241=LINE('',#5847,#3804);
#3242=LINE('',#5849,#3805);
#3243=LINE('',#5851,#3806);
#3244=LINE('',#5853,#3807);
#3245=LINE('',#5855,#3808);
#3246=LINE('',#5857,#3809);
#3247=LINE('',#5859,#3810);
#3248=LINE('',#5861,#3811);
#3249=LINE('',#5862,#3812);
#3250=LINE('',#5864,#3813);
#3251=LINE('',#5866,#3814);
#3252=LINE('',#5868,#3815);
#3253=LINE('',#5870,#3816);
#3254=LINE('',#5872,#3817);
#3255=LINE('',#5874,#3818);
#3256=LINE('',#5876,#3819);
#3257=LINE('',#5878,#3820);
#3258=LINE('',#5881,#3821);
#3259=LINE('',#5883,#3822);
#3260=LINE('',#5885,#3823);
#3261=LINE('',#5886,#3824);
#3262=LINE('',#5888,#3825);
#3263=LINE('',#5890,#3826);
#3264=LINE('',#5892,#3827);
#3265=LINE('',#5894,#3828);
#3266=LINE('',#5901,#3829);
#3267=LINE('',#5903,#3830);
#3268=LINE('',#5905,#3831);
#3269=LINE('',#5907,#3832);
#3270=LINE('',#5909,#3833);
#3271=LINE('',#5912,#3834);
#3272=LINE('',#5915,#3835);
#3273=LINE('',#5918,#3836);
#3274=LINE('',#5920,#3837);
#3275=LINE('',#5922,#3838);
#3276=LINE('',#5923,#3839);
#3277=LINE('',#5924,#3840);
#3278=LINE('',#5926,#3841);
#3279=LINE('',#5928,#3842);
#3280=LINE('',#5930,#3843);
#3281=LINE('',#5932,#3844);
#3282=LINE('',#5933,#3845);
#3283=LINE('',#5935,#3846);
#3284=LINE('',#5937,#3847);
#3285=LINE('',#5939,#3848);
#3286=LINE('',#5941,#3849);
#3287=LINE('',#5943,#3850);
#3288=LINE('',#5944,#3851);
#3289=LINE('',#5946,#3852);
#3290=LINE('',#5948,#3853);
#3291=LINE('',#5950,#3854);
#3292=LINE('',#5954,#3855);
#3293=LINE('',#5956,#3856);
#3294=LINE('',#5958,#3857);
#3295=LINE('',#5960,#3858);
#3296=LINE('',#5962,#3859);
#3297=LINE('',#5964,#3860);
#3298=LINE('',#5966,#3861);
#3299=LINE('',#5968,#3862);
#3300=LINE('',#5970,#3863);
#3301=LINE('',#5972,#3864);
#3302=LINE('',#5974,#3865);
#3303=LINE('',#5976,#3866);
#3304=LINE('',#5978,#3867);
#3305=LINE('',#5980,#3868);
#3306=LINE('',#5982,#3869);
#3307=LINE('',#5983,#3870);
#3308=LINE('',#5987,#3871);
#3309=LINE('',#5989,#3872);
#3310=LINE('',#5991,#3873);
#3311=LINE('',#5993,#3874);
#3312=LINE('',#5996,#3875);
#3313=LINE('',#5998,#3876);
#3314=LINE('',#6000,#3877);
#3315=LINE('',#6002,#3878);
#3316=LINE('',#6003,#3879);
#3317=LINE('',#6005,#3880);
#3318=LINE('',#6006,#3881);
#3319=LINE('',#6010,#3882);
#3320=LINE('',#6012,#3883);
#3321=LINE('',#6014,#3884);
#3322=LINE('',#6016,#3885);
#3323=LINE('',#6018,#3886);
#3324=LINE('',#6020,#3887);
#3325=LINE('',#6022,#3888);
#3326=LINE('',#6024,#3889);
#3327=LINE('',#6026,#3890);
#3328=LINE('',#6027,#3891);
#3329=LINE('',#6029,#3892);
#3330=LINE('',#6030,#3893);
#3331=LINE('',#6032,#3894);
#3332=LINE('',#6034,#3895);
#3333=LINE('',#6036,#3896);
#3334=LINE('',#6038,#3897);
#3335=LINE('',#6042,#3898);
#3336=LINE('',#6046,#3899);
#3337=LINE('',#6050,#3900);
#3338=LINE('',#6052,#3901);
#3339=LINE('',#6054,#3902);
#3340=LINE('',#6060,#3903);
#3341=LINE('',#6061,#3904);
#3342=LINE('',#6065,#3905);
#3343=LINE('',#6067,#3906);
#3344=LINE('',#6069,#3907);
#3345=LINE('',#6071,#3908);
#3346=LINE('',#6073,#3909);
#3347=LINE('',#6075,#3910);
#3348=LINE('',#6076,#3911);
#3349=LINE('',#6077,#3912);
#3350=LINE('',#6079,#3913);
#3351=LINE('',#6082,#3914);
#3352=LINE('',#6084,#3915);
#3353=LINE('',#6086,#3916);
#3354=LINE('',#6088,#3917);
#3355=LINE('',#6090,#3918);
#3356=LINE('',#6092,#3919);
#3357=LINE('',#6094,#3920);
#3358=LINE('',#6096,#3921);
#3359=LINE('',#6098,#3922);
#3360=LINE('',#6100,#3923);
#3361=LINE('',#6102,#3924);
#3362=LINE('',#6104,#3925);
#3363=LINE('',#6106,#3926);
#3364=LINE('',#6108,#3927);
#3365=LINE('',#6110,#3928);
#3366=LINE('',#6112,#3929);
#3367=LINE('',#6114,#3930);
#3368=LINE('',#6117,#3931);
#3369=LINE('',#6118,#3932);
#3370=LINE('',#6120,#3933);
#3371=LINE('',#6122,#3934);
#3372=LINE('',#6124,#3935);
#3373=LINE('',#6126,#3936);
#3374=LINE('',#6128,#3937);
#3375=LINE('',#6130,#3938);
#3376=LINE('',#6132,#3939);
#3377=LINE('',#6134,#3940);
#3378=LINE('',#6136,#3941);
#3379=LINE('',#6137,#3942);
#3380=LINE('',#6139,#3943);
#3381=LINE('',#6141,#3944);
#3382=LINE('',#6143,#3945);
#3383=LINE('',#6146,#3946);
#3384=LINE('',#6148,#3947);
#3385=LINE('',#6150,#3948);
#3386=LINE('',#6152,#3949);
#3387=LINE('',#6154,#3950);
#3388=LINE('',#6156,#3951);
#3389=LINE('',#6158,#3952);
#3390=LINE('',#6160,#3953);
#3391=LINE('',#6162,#3954);
#3392=LINE('',#6164,#3955);
#3393=LINE('',#6166,#3956);
#3394=LINE('',#6168,#3957);
#3395=LINE('',#6169,#3958);
#3396=LINE('',#6171,#3959);
#3397=LINE('',#6173,#3960);
#3398=LINE('',#6175,#3961);
#3399=LINE('',#6177,#3962);
#3400=LINE('',#6179,#3963);
#3401=LINE('',#6181,#3964);
#3402=LINE('',#6183,#3965);
#3403=LINE('',#6185,#3966);
#3404=LINE('',#6187,#3967);
#3405=LINE('',#6189,#3968);
#3406=LINE('',#6190,#3969);
#3407=LINE('',#6193,#3970);
#3408=LINE('',#6195,#3971);
#3409=LINE('',#6197,#3972);
#3410=LINE('',#6199,#3973);
#3411=LINE('',#6201,#3974);
#3412=LINE('',#6203,#3975);
#3413=LINE('',#6207,#3976);
#3414=LINE('',#6209,#3977);
#3415=LINE('',#6212,#3978);
#3416=LINE('',#6214,#3979);
#3417=LINE('',#6216,#3980);
#3418=LINE('',#6218,#3981);
#3419=LINE('',#6220,#3982);
#3420=LINE('',#6222,#3983);
#3421=LINE('',#6225,#3984);
#3422=LINE('',#6227,#3985);
#3423=LINE('',#6229,#3986);
#3424=LINE('',#6231,#3987);
#3425=LINE('',#6233,#3988);
#3426=LINE('',#6235,#3989);
#3427=LINE('',#6237,#3990);
#3428=LINE('',#6239,#3991);
#3429=LINE('',#6241,#3992);
#3430=LINE('',#6243,#3993);
#3431=LINE('',#6245,#3994);
#3432=LINE('',#6247,#3995);
#3433=LINE('',#6249,#3996);
#3434=LINE('',#6252,#3997);
#3435=LINE('',#6254,#3998);
#3436=LINE('',#6256,#3999);
#3437=LINE('',#6258,#4000);
#3438=LINE('',#6260,#4001);
#3439=LINE('',#6262,#4002);
#3440=LINE('',#6264,#4003);
#3441=LINE('',#6266,#4004);
#3442=LINE('',#6268,#4005);
#3443=LINE('',#6270,#4006);
#3444=LINE('',#6272,#4007);
#3445=LINE('',#6274,#4008);
#3446=LINE('',#6276,#4009);
#3447=LINE('',#6278,#4010);
#3448=LINE('',#6280,#4011);
#3449=LINE('',#6282,#4012);
#3450=LINE('',#6284,#4013);
#3451=LINE('',#6287,#4014);
#3452=LINE('',#6288,#4015);
#3453=LINE('',#6290,#4016);
#3454=LINE('',#6292,#4017);
#3455=LINE('',#6294,#4018);
#3456=LINE('',#6296,#4019);
#3457=LINE('',#6298,#4020);
#3458=LINE('',#6300,#4021);
#3459=LINE('',#6302,#4022);
#3460=LINE('',#6304,#4023);
#3461=LINE('',#6306,#4024);
#3462=LINE('',#6307,#4025);
#3463=LINE('',#6309,#4026);
#3464=LINE('',#6311,#4027);
#3465=LINE('',#6313,#4028);
#3466=LINE('',#6315,#4029);
#3467=LINE('',#6317,#4030);
#3468=LINE('',#6319,#4031);
#3469=LINE('',#6321,#4032);
#3470=LINE('',#6323,#4033);
#3471=LINE('',#6325,#4034);
#3472=LINE('',#6327,#4035);
#3473=LINE('',#6330,#4036);
#3474=LINE('',#6331,#4037);
#3475=LINE('',#6333,#4038);
#3476=LINE('',#6335,#4039);
#3477=LINE('',#6337,#4040);
#3478=LINE('',#6339,#4041);
#3479=LINE('',#6341,#4042);
#3480=LINE('',#6343,#4043);
#3481=LINE('',#6345,#4044);
#3482=LINE('',#6347,#4045);
#3483=LINE('',#6349,#4046);
#3484=LINE('',#6350,#4047);
#3485=LINE('',#6352,#4048);
#3486=LINE('',#6354,#4049);
#3487=LINE('',#6356,#4050);
#3488=LINE('',#6359,#4051);
#3489=LINE('',#6361,#4052);
#3490=LINE('',#6363,#4053);
#3491=LINE('',#6365,#4054);
#3492=LINE('',#6367,#4055);
#3493=LINE('',#6369,#4056);
#3494=LINE('',#6371,#4057);
#3495=LINE('',#6373,#4058);
#3496=LINE('',#6375,#4059);
#3497=LINE('',#6377,#4060);
#3498=LINE('',#6379,#4061);
#3499=LINE('',#6381,#4062);
#3500=LINE('',#6382,#4063);
#3501=LINE('',#6384,#4064);
#3502=LINE('',#6386,#4065);
#3503=LINE('',#6388,#4066);
#3504=LINE('',#6390,#4067);
#3505=LINE('',#6392,#4068);
#3506=LINE('',#6394,#4069);
#3507=LINE('',#6396,#4070);
#3508=LINE('',#6398,#4071);
#3509=LINE('',#6400,#4072);
#3510=LINE('',#6402,#4073);
#3511=LINE('',#6403,#4074);
#3512=LINE('',#6406,#4075);
#3513=LINE('',#6409,#4076);
#3514=LINE('',#6411,#4077);
#3515=LINE('',#6413,#4078);
#3516=LINE('',#6415,#4079);
#3517=LINE('',#6417,#4080);
#3518=LINE('',#6419,#4081);
#3519=LINE('',#6421,#4082);
#3520=LINE('',#6423,#4083);
#3521=LINE('',#6425,#4084);
#3522=LINE('',#6427,#4085);
#3523=LINE('',#6429,#4086);
#3524=LINE('',#6431,#4087);
#3525=LINE('',#6432,#4088);
#3526=LINE('',#6434,#4089);
#3527=LINE('',#6436,#4090);
#3528=LINE('',#6438,#4091);
#3529=LINE('',#6440,#4092);
#3530=LINE('',#6442,#4093);
#3531=LINE('',#6444,#4094);
#3532=LINE('',#6446,#4095);
#3533=LINE('',#6448,#4096);
#3534=LINE('',#6450,#4097);
#3535=LINE('',#6452,#4098);
#3536=LINE('',#6453,#4099);
#3537=LINE('',#6456,#4100);
#3538=LINE('',#6458,#4101);
#3539=LINE('',#6460,#4102);
#3540=LINE('',#6462,#4103);
#3541=LINE('',#6464,#4104);
#3542=LINE('',#6466,#4105);
#3543=LINE('',#6469,#4106);
#3544=LINE('',#6471,#4107);
#3545=LINE('',#6473,#4108);
#3546=LINE('',#6475,#4109);
#3547=LINE('',#6477,#4110);
#3548=LINE('',#6479,#4111);
#3549=LINE('',#6484,#4112);
#3550=LINE('',#6486,#4113);
#3551=LINE('',#6489,#4114);
#3552=LINE('',#6491,#4115);
#3553=LINE('',#6494,#4116);
#3554=LINE('',#6496,#4117);
#3555=LINE('',#6498,#4118);
#3556=LINE('',#6500,#4119);
#3557=LINE('',#6502,#4120);
#3558=LINE('',#6503,#4121);
#3559=LINE('',#6506,#4122);
#3560=LINE('',#6508,#4123);
#3561=LINE('',#6512,#4124);
#3562=LINE('',#6514,#4125);
#3563=LINE('',#6516,#4126);
#3564=LINE('',#6518,#4127);
#3565=LINE('',#6520,#4128);
#3566=LINE('',#6521,#4129);
#3567=LINE('',#6524,#4130);
#3568=LINE('',#6526,#4131);
#3569=LINE('',#6530,#4132);
#3570=VECTOR('',#4360,1.);
#3571=VECTOR('',#4361,1.);
#3572=VECTOR('',#4362,1.);
#3573=VECTOR('',#4363,1.);
#3574=VECTOR('',#4364,1.);
#3575=VECTOR('',#4365,1.);
#3576=VECTOR('',#4366,1.);
#3577=VECTOR('',#4367,1.);
#3578=VECTOR('',#4368,1.);
#3579=VECTOR('',#4369,1.);
#3580=VECTOR('',#4370,1.);
#3581=VECTOR('',#4371,1.);
#3582=VECTOR('',#4372,1.);
#3583=VECTOR('',#4373,1.);
#3584=VECTOR('',#4374,1.);
#3585=VECTOR('',#4375,1.);
#3586=VECTOR('',#4376,1.);
#3587=VECTOR('',#4377,1.);
#3588=VECTOR('',#4378,1.);
#3589=VECTOR('',#4379,1.);
#3590=VECTOR('',#4380,1.);
#3591=VECTOR('',#4381,1.);
#3592=VECTOR('',#4382,1.);
#3593=VECTOR('',#4383,1.);
#3594=VECTOR('',#4384,1.);
#3595=VECTOR('',#4385,1.);
#3596=VECTOR('',#4386,1.);
#3597=VECTOR('',#4387,1.);
#3598=VECTOR('',#4390,1.);
#3599=VECTOR('',#4391,1.);
#3600=VECTOR('',#4392,1.);
#3601=VECTOR('',#4393,1.);
#3602=VECTOR('',#4394,1.);
#3603=VECTOR('',#4395,1.);
#3604=VECTOR('',#4396,1.);
#3605=VECTOR('',#4399,1.);
#3606=VECTOR('',#4400,1.);
#3607=VECTOR('',#4401,1.);
#3608=VECTOR('',#4402,1.);
#3609=VECTOR('',#4403,1.);
#3610=VECTOR('',#4406,1.);
#3611=VECTOR('',#4407,1.);
#3612=VECTOR('',#4408,1.);
#3613=VECTOR('',#4409,1.);
#3614=VECTOR('',#4410,1.);
#3615=VECTOR('',#4411,1.);
#3616=VECTOR('',#4412,1.);
#3617=VECTOR('',#4413,1.);
#3618=VECTOR('',#4416,1.);
#3619=VECTOR('',#4417,1.);
#3620=VECTOR('',#4418,1.);
#3621=VECTOR('',#4419,1.);
#3622=VECTOR('',#4422,1.);
#3623=VECTOR('',#4423,1.);
#3624=VECTOR('',#4424,1.);
#3625=VECTOR('',#4427,1.);
#3626=VECTOR('',#4428,1.);
#3627=VECTOR('',#4429,1.);
#3628=VECTOR('',#4430,1.);
#3629=VECTOR('',#4431,1.);
#3630=VECTOR('',#4432,1.);
#3631=VECTOR('',#4433,1.);
#3632=VECTOR('',#4434,1.);
#3633=VECTOR('',#4437,1.);
#3634=VECTOR('',#4438,1.);
#3635=VECTOR('',#4439,1.);
#3636=VECTOR('',#4440,1.);
#3637=VECTOR('',#4441,1.);
#3638=VECTOR('',#4442,1.);
#3639=VECTOR('',#4443,1.);
#3640=VECTOR('',#4444,1.);
#3641=VECTOR('',#4447,1.);
#3642=VECTOR('',#4448,1.);
#3643=VECTOR('',#4449,1.);
#3644=VECTOR('',#4452,1.);
#3645=VECTOR('',#4453,1.);
#3646=VECTOR('',#4454,1.);
#3647=VECTOR('',#4455,1.);
#3648=VECTOR('',#4456,1.);
#3649=VECTOR('',#4457,1.);
#3650=VECTOR('',#4458,1.);
#3651=VECTOR('',#4459,1.);
#3652=VECTOR('',#4460,1.);
#3653=VECTOR('',#4461,1.);
#3654=VECTOR('',#4462,1.);
#3655=VECTOR('',#4463,1.);
#3656=VECTOR('',#4464,1.);
#3657=VECTOR('',#4465,1.);
#3658=VECTOR('',#4466,1.);
#3659=VECTOR('',#4467,1.);
#3660=VECTOR('',#4468,1.);
#3661=VECTOR('',#4469,1.);
#3662=VECTOR('',#4470,1.);
#3663=VECTOR('',#4471,1.);
#3664=VECTOR('',#4472,1.);
#3665=VECTOR('',#4473,1.);
#3666=VECTOR('',#4474,1.);
#3667=VECTOR('',#4475,1.);
#3668=VECTOR('',#4476,1.);
#3669=VECTOR('',#4477,1.);
#3670=VECTOR('',#4478,1.);
#3671=VECTOR('',#4479,1.);
#3672=VECTOR('',#4480,1.);
#3673=VECTOR('',#4481,1.);
#3674=VECTOR('',#4482,1.);
#3675=VECTOR('',#4485,1.);
#3676=VECTOR('',#4486,1.);
#3677=VECTOR('',#4487,1.);
#3678=VECTOR('',#4488,1.);
#3679=VECTOR('',#4489,1.);
#3680=VECTOR('',#4490,1.);
#3681=VECTOR('',#4491,1.);
#3682=VECTOR('',#4494,1.);
#3683=VECTOR('',#4495,1.);
#3684=VECTOR('',#4498,1.);
#3685=VECTOR('',#4501,1.);
#3686=VECTOR('',#4502,1.);
#3687=VECTOR('',#4503,1.);
#3688=VECTOR('',#4504,1.);
#3689=VECTOR('',#4505,1.);
#3690=VECTOR('',#4506,1.);
#3691=VECTOR('',#4507,1.);
#3692=VECTOR('',#4512,1.);
#3693=VECTOR('',#4515,1.);
#3694=VECTOR('',#4516,1.);
#3695=VECTOR('',#4517,1.);
#3696=VECTOR('',#4518,1.);
#3697=VECTOR('',#4519,1.);
#3698=VECTOR('',#4520,1.);
#3699=VECTOR('',#4521,1.);
#3700=VECTOR('',#4524,1.);
#3701=VECTOR('',#4527,1.);
#3702=VECTOR('',#4530,1.);
#3703=VECTOR('',#4531,1.);
#3704=VECTOR('',#4532,1.);
#3705=VECTOR('',#4533,1.);
#3706=VECTOR('',#4534,1.);
#3707=VECTOR('',#4535,1.);
#3708=VECTOR('',#4538,1.);
#3709=VECTOR('',#4539,1.);
#3710=VECTOR('',#4540,1.);
#3711=VECTOR('',#4541,1.);
#3712=VECTOR('',#4542,1.);
#3713=VECTOR('',#4545,1.);
#3714=VECTOR('',#4546,1.);
#3715=VECTOR('',#4547,1.);
#3716=VECTOR('',#4548,1.);
#3717=VECTOR('',#4549,1.);
#3718=VECTOR('',#4550,1.);
#3719=VECTOR('',#4551,1.);
#3720=VECTOR('',#4552,1.);
#3721=VECTOR('',#4555,1.);
#3722=VECTOR('',#4556,1.);
#3723=VECTOR('',#4557,1.);
#3724=VECTOR('',#4558,1.);
#3725=VECTOR('',#4559,1.);
#3726=VECTOR('',#4560,1.);
#3727=VECTOR('',#4561,1.);
#3728=VECTOR('',#4562,1.);
#3729=VECTOR('',#4563,1.);
#3730=VECTOR('',#4564,1.);
#3731=VECTOR('',#4565,1.);
#3732=VECTOR('',#4566,1.);
#3733=VECTOR('',#4569,1.);
#3734=VECTOR('',#4570,1.);
#3735=VECTOR('',#4573,1.);
#3736=VECTOR('',#4576,1.);
#3737=VECTOR('',#4577,1.);
#3738=VECTOR('',#4578,1.);
#3739=VECTOR('',#4579,1.);
#3740=VECTOR('',#4580,1.);
#3741=VECTOR('',#4581,1.);
#3742=VECTOR('',#4582,1.);
#3743=VECTOR('',#4585,1.);
#3744=VECTOR('',#4586,1.);
#3745=VECTOR('',#4587,1.);
#3746=VECTOR('',#4588,1.);
#3747=VECTOR('',#4589,1.);
#3748=VECTOR('',#4592,1.);
#3749=VECTOR('',#4595,1.);
#3750=VECTOR('',#4598,1.);
#3751=VECTOR('',#4599,1.);
#3752=VECTOR('',#4600,1.);
#3753=VECTOR('',#4601,1.);
#3754=VECTOR('',#4604,1.);
#3755=VECTOR('',#4605,1.);
#3756=VECTOR('',#4606,1.);
#3757=VECTOR('',#4607,1.);
#3758=VECTOR('',#4610,1.);
#3759=VECTOR('',#4611,1.);
#3760=VECTOR('',#4612,1.);
#3761=VECTOR('',#4613,1.);
#3762=VECTOR('',#4616,1.);
#3763=VECTOR('',#4617,1.);
#3764=VECTOR('',#4618,1.);
#3765=VECTOR('',#4619,1.);
#3766=VECTOR('',#4620,1.);
#3767=VECTOR('',#4621,1.);
#3768=VECTOR('',#4624,1.);
#3769=VECTOR('',#4625,1.);
#3770=VECTOR('',#4626,1.);
#3771=VECTOR('',#4635,1.);
#3772=VECTOR('',#4636,1.);
#3773=VECTOR('',#4637,1.);
#3774=VECTOR('',#4638,1.);
#3775=VECTOR('',#4639,1.);
#3776=VECTOR('',#4642,1.);
#3777=VECTOR('',#4643,1.);
#3778=VECTOR('',#4644,1.);
#3779=VECTOR('',#4645,1.);
#3780=VECTOR('',#4646,1.);
#3781=VECTOR('',#4647,1.);
#3782=VECTOR('',#4650,1.);
#3783=VECTOR('',#4651,1.);
#3784=VECTOR('',#4652,1.);
#3785=VECTOR('',#4653,1.);
#3786=VECTOR('',#4654,1.);
#3787=VECTOR('',#4655,1.);
#3788=VECTOR('',#4656,1.);
#3789=VECTOR('',#4657,1.);
#3790=VECTOR('',#4660,1.);
#3791=VECTOR('',#4661,1.);
#3792=VECTOR('',#4662,1.);
#3793=VECTOR('',#4663,1.);
#3794=VECTOR('',#4664,1.);
#3795=VECTOR('',#4667,1.);
#3796=VECTOR('',#4668,1.);
#3797=VECTOR('',#4669,1.);
#3798=VECTOR('',#4670,1.);
#3799=VECTOR('',#4671,1.);
#3800=VECTOR('',#4672,1.);
#3801=VECTOR('',#4673,1.);
#3802=VECTOR('',#4674,1.);
#3803=VECTOR('',#4675,1.);
#3804=VECTOR('',#4676,1.);
#3805=VECTOR('',#4677,1.);
#3806=VECTOR('',#4680,1.);
#3807=VECTOR('',#4683,1.);
#3808=VECTOR('',#4684,1.);
#3809=VECTOR('',#4685,1.);
#3810=VECTOR('',#4686,1.);
#3811=VECTOR('',#4687,1.);
#3812=VECTOR('',#4688,1.);
#3813=VECTOR('',#4689,1.);
#3814=VECTOR('',#4690,1.);
#3815=VECTOR('',#4691,1.);
#3816=VECTOR('',#4692,1.);
#3817=VECTOR('',#4695,1.);
#3818=VECTOR('',#4696,1.);
#3819=VECTOR('',#4697,1.);
#3820=VECTOR('',#4700,1.);
#3821=VECTOR('',#4701,1.);
#3822=VECTOR('',#4702,1.);
#3823=VECTOR('',#4703,1.);
#3824=VECTOR('',#4704,1.);
#3825=VECTOR('',#4705,1.);
#3826=VECTOR('',#4708,1.);
#3827=VECTOR('',#4709,1.);
#3828=VECTOR('',#4710,1.);
#3829=VECTOR('',#4723,1.);
#3830=VECTOR('',#4726,1.);
#3831=VECTOR('',#4729,1.);
#3832=VECTOR('',#4732,1.);
#3833=VECTOR('',#4735,1.);
#3834=VECTOR('',#4740,1.);
#3835=VECTOR('',#4745,1.);
#3836=VECTOR('',#4746,1.);
#3837=VECTOR('',#4747,1.);
#3838=VECTOR('',#4748,1.);
#3839=VECTOR('',#4749,1.);
#3840=VECTOR('',#4750,1.);
#3841=VECTOR('',#4753,1.);
#3842=VECTOR('',#4754,1.);
#3843=VECTOR('',#4757,1.);
#3844=VECTOR('',#4758,1.);
#3845=VECTOR('',#4759,1.);
#3846=VECTOR('',#4762,1.);
#3847=VECTOR('',#4765,1.);
#3848=VECTOR('',#4768,1.);
#3849=VECTOR('',#4769,1.);
#3850=VECTOR('',#4770,1.);
#3851=VECTOR('',#4771,1.);
#3852=VECTOR('',#4774,1.);
#3853=VECTOR('',#4777,1.);
#3854=VECTOR('',#4780,1.);
#3855=VECTOR('',#4787,1.);
#3856=VECTOR('',#4790,1.);
#3857=VECTOR('',#4791,1.);
#3858=VECTOR('',#4794,1.);
#3859=VECTOR('',#4795,1.);
#3860=VECTOR('',#4796,1.);
#3861=VECTOR('',#4799,1.);
#3862=VECTOR('',#4800,1.);
#3863=VECTOR('',#4803,1.);
#3864=VECTOR('',#4804,1.);
#3865=VECTOR('',#4805,1.);
#3866=VECTOR('',#4808,1.);
#3867=VECTOR('',#4809,1.);
#3868=VECTOR('',#4810,1.);
#3869=VECTOR('',#4813,1.);
#3870=VECTOR('',#4814,1.);
#3871=VECTOR('',#4821,1.);
#3872=VECTOR('',#4822,1.);
#3873=VECTOR('',#4823,1.);
#3874=VECTOR('',#4826,1.);
#3875=VECTOR('',#4827,1.);
#3876=VECTOR('',#4828,1.);
#3877=VECTOR('',#4829,1.);
#3878=VECTOR('',#4832,1.);
#3879=VECTOR('',#4833,1.);
#3880=VECTOR('',#4836,1.);
#3881=VECTOR('',#4837,1.);
#3882=VECTOR('',#4844,1.);
#3883=VECTOR('',#4845,1.);
#3884=VECTOR('',#4846,1.);
#3885=VECTOR('',#4849,1.);
#3886=VECTOR('',#4850,1.);
#3887=VECTOR('',#4851,1.);
#3888=VECTOR('',#4854,1.);
#3889=VECTOR('',#4855,1.);
#3890=VECTOR('',#4856,1.);
#3891=VECTOR('',#4857,1.);
#3892=VECTOR('',#4860,1.);
#3893=VECTOR('',#4861,1.);
#3894=VECTOR('',#4862,1.);
#3895=VECTOR('',#4863,1.);
#3896=VECTOR('',#4866,1.);
#3897=VECTOR('',#4869,1.);
#3898=VECTOR('',#4876,1.);
#3899=VECTOR('',#4879,1.);
#3900=VECTOR('',#4884,1.);
#3901=VECTOR('',#4885,1.);
#3902=VECTOR('',#4888,1.);
#3903=VECTOR('',#4895,1.);
#3904=VECTOR('',#4896,1.);
#3905=VECTOR('',#4903,1.);
#3906=VECTOR('',#4904,1.);
#3907=VECTOR('',#4907,1.);
#3908=VECTOR('',#4908,1.);
#3909=VECTOR('',#4911,1.);
#3910=VECTOR('',#4912,1.);
#3911=VECTOR('',#4913,1.);
#3912=VECTOR('',#4914,1.);
#3913=VECTOR('',#4917,1.);
#3914=VECTOR('',#4918,1.);
#3915=VECTOR('',#4919,1.);
#3916=VECTOR('',#4920,1.);
#3917=VECTOR('',#4921,1.);
#3918=VECTOR('',#4922,1.);
#3919=VECTOR('',#4923,1.);
#3920=VECTOR('',#4924,1.);
#3921=VECTOR('',#4925,1.);
#3922=VECTOR('',#4926,1.);
#3923=VECTOR('',#4929,1.);
#3924=VECTOR('',#4930,1.);
#3925=VECTOR('',#4931,1.);
#3926=VECTOR('',#4934,1.);
#3927=VECTOR('',#4935,1.);
#3928=VECTOR('',#4938,1.);
#3929=VECTOR('',#4939,1.);
#3930=VECTOR('',#4942,1.);
#3931=VECTOR('',#4943,1.);
#3932=VECTOR('',#4944,1.);
#3933=VECTOR('',#4947,1.);
#3934=VECTOR('',#4948,1.);
#3935=VECTOR('',#4951,1.);
#3936=VECTOR('',#4952,1.);
#3937=VECTOR('',#4955,1.);
#3938=VECTOR('',#4956,1.);
#3939=VECTOR('',#4959,1.);
#3940=VECTOR('',#4960,1.);
#3941=VECTOR('',#4963,1.);
#3942=VECTOR('',#4964,1.);
#3943=VECTOR('',#4965,1.);
#3944=VECTOR('',#4966,1.);
#3945=VECTOR('',#4969,1.);
#3946=VECTOR('',#4970,1.);
#3947=VECTOR('',#4971,1.);
#3948=VECTOR('',#4972,1.);
#3949=VECTOR('',#4975,1.);
#3950=VECTOR('',#4976,1.);
#3951=VECTOR('',#4977,1.);
#3952=VECTOR('',#4980,1.);
#3953=VECTOR('',#4981,1.);
#3954=VECTOR('',#4982,1.);
#3955=VECTOR('',#4985,1.);
#3956=VECTOR('',#4986,1.);
#3957=VECTOR('',#4987,1.);
#3958=VECTOR('',#4988,1.);
#3959=VECTOR('',#4991,1.);
#3960=VECTOR('',#4992,1.);
#3961=VECTOR('',#4993,1.);
#3962=VECTOR('',#4996,1.);
#3963=VECTOR('',#4997,1.);
#3964=VECTOR('',#4998,1.);
#3965=VECTOR('',#5001,1.);
#3966=VECTOR('',#5002,1.);
#3967=VECTOR('',#5003,1.);
#3968=VECTOR('',#5006,1.);
#3969=VECTOR('',#5007,1.);
#3970=VECTOR('',#5012,1.);
#3971=VECTOR('',#5015,1.);
#3972=VECTOR('',#5018,1.);
#3973=VECTOR('',#5021,1.);
#3974=VECTOR('',#5024,1.);
#3975=VECTOR('',#5027,1.);
#3976=VECTOR('',#5034,1.);
#3977=VECTOR('',#5037,1.);
#3978=VECTOR('',#5042,1.);
#3979=VECTOR('',#5043,1.);
#3980=VECTOR('',#5046,1.);
#3981=VECTOR('',#5047,1.);
#3982=VECTOR('',#5050,1.);
#3983=VECTOR('',#5053,1.);
#3984=VECTOR('',#5054,1.);
#3985=VECTOR('',#5055,1.);
#3986=VECTOR('',#5056,1.);
#3987=VECTOR('',#5057,1.);
#3988=VECTOR('',#5058,1.);
#3989=VECTOR('',#5059,1.);
#3990=VECTOR('',#5060,1.);
#3991=VECTOR('',#5061,1.);
#3992=VECTOR('',#5062,1.);
#3993=VECTOR('',#5065,1.);
#3994=VECTOR('',#5066,1.);
#3995=VECTOR('',#5069,1.);
#3996=VECTOR('',#5072,1.);
#3997=VECTOR('',#5073,1.);
#3998=VECTOR('',#5074,1.);
#3999=VECTOR('',#5075,1.);
#4000=VECTOR('',#5076,1.);
#4001=VECTOR('',#5077,1.);
#4002=VECTOR('',#5078,1.);
#4003=VECTOR('',#5079,1.);
#4004=VECTOR('',#5080,1.);
#4005=VECTOR('',#5081,1.);
#4006=VECTOR('',#5084,1.);
#4007=VECTOR('',#5085,1.);
#4008=VECTOR('',#5086,1.);
#4009=VECTOR('',#5089,1.);
#4010=VECTOR('',#5090,1.);
#4011=VECTOR('',#5093,1.);
#4012=VECTOR('',#5094,1.);
#4013=VECTOR('',#5097,1.);
#4014=VECTOR('',#5098,1.);
#4015=VECTOR('',#5099,1.);
#4016=VECTOR('',#5102,1.);
#4017=VECTOR('',#5103,1.);
#4018=VECTOR('',#5106,1.);
#4019=VECTOR('',#5107,1.);
#4020=VECTOR('',#5110,1.);
#4021=VECTOR('',#5111,1.);
#4022=VECTOR('',#5114,1.);
#4023=VECTOR('',#5115,1.);
#4024=VECTOR('',#5118,1.);
#4025=VECTOR('',#5119,1.);
#4026=VECTOR('',#5120,1.);
#4027=VECTOR('',#5121,1.);
#4028=VECTOR('',#5124,1.);
#4029=VECTOR('',#5125,1.);
#4030=VECTOR('',#5126,1.);
#4031=VECTOR('',#5129,1.);
#4032=VECTOR('',#5130,1.);
#4033=VECTOR('',#5133,1.);
#4034=VECTOR('',#5134,1.);
#4035=VECTOR('',#5137,1.);
#4036=VECTOR('',#5138,1.);
#4037=VECTOR('',#5139,1.);
#4038=VECTOR('',#5142,1.);
#4039=VECTOR('',#5143,1.);
#4040=VECTOR('',#5146,1.);
#4041=VECTOR('',#5147,1.);
#4042=VECTOR('',#5150,1.);
#4043=VECTOR('',#5151,1.);
#4044=VECTOR('',#5154,1.);
#4045=VECTOR('',#5155,1.);
#4046=VECTOR('',#5158,1.);
#4047=VECTOR('',#5159,1.);
#4048=VECTOR('',#5160,1.);
#4049=VECTOR('',#5161,1.);
#4050=VECTOR('',#5164,1.);
#4051=VECTOR('',#5165,1.);
#4052=VECTOR('',#5166,1.);
#4053=VECTOR('',#5167,1.);
#4054=VECTOR('',#5170,1.);
#4055=VECTOR('',#5171,1.);
#4056=VECTOR('',#5172,1.);
#4057=VECTOR('',#5175,1.);
#4058=VECTOR('',#5176,1.);
#4059=VECTOR('',#5177,1.);
#4060=VECTOR('',#5180,1.);
#4061=VECTOR('',#5181,1.);
#4062=VECTOR('',#5182,1.);
#4063=VECTOR('',#5183,1.);
#4064=VECTOR('',#5186,1.);
#4065=VECTOR('',#5187,1.);
#4066=VECTOR('',#5188,1.);
#4067=VECTOR('',#5191,1.);
#4068=VECTOR('',#5192,1.);
#4069=VECTOR('',#5193,1.);
#4070=VECTOR('',#5196,1.);
#4071=VECTOR('',#5197,1.);
#4072=VECTOR('',#5198,1.);
#4073=VECTOR('',#5201,1.);
#4074=VECTOR('',#5202,1.);
#4075=VECTOR('',#5207,1.);
#4076=VECTOR('',#5208,1.);
#4077=VECTOR('',#5209,1.);
#4078=VECTOR('',#5210,1.);
#4079=VECTOR('',#5213,1.);
#4080=VECTOR('',#5214,1.);
#4081=VECTOR('',#5215,1.);
#4082=VECTOR('',#5218,1.);
#4083=VECTOR('',#5219,1.);
#4084=VECTOR('',#5220,1.);
#4085=VECTOR('',#5223,1.);
#4086=VECTOR('',#5224,1.);
#4087=VECTOR('',#5225,1.);
#4088=VECTOR('',#5226,1.);
#4089=VECTOR('',#5229,1.);
#4090=VECTOR('',#5230,1.);
#4091=VECTOR('',#5231,1.);
#4092=VECTOR('',#5234,1.);
#4093=VECTOR('',#5235,1.);
#4094=VECTOR('',#5236,1.);
#4095=VECTOR('',#5239,1.);
#4096=VECTOR('',#5240,1.);
#4097=VECTOR('',#5241,1.);
#4098=VECTOR('',#5244,1.);
#4099=VECTOR('',#5245,1.);
#4100=VECTOR('',#5250,1.);
#4101=VECTOR('',#5253,1.);
#4102=VECTOR('',#5256,1.);
#4103=VECTOR('',#5259,1.);
#4104=VECTOR('',#5262,1.);
#4105=VECTOR('',#5265,1.);
#4106=VECTOR('',#5270,1.);
#4107=VECTOR('',#5273,1.);
#4108=VECTOR('',#5276,1.);
#4109=VECTOR('',#5279,1.);
#4110=VECTOR('',#5282,1.);
#4111=VECTOR('',#5285,1.);
#4112=VECTOR('',#5294,1.);
#4113=VECTOR('',#5297,1.);
#4114=VECTOR('',#5302,1.);
#4115=VECTOR('',#5305,1.);
#4116=VECTOR('',#5310,1.);
#4117=VECTOR('',#5313,1.);
#4118=VECTOR('',#5316,1.);
#4119=VECTOR('',#5319,1.);
#4120=VECTOR('',#5322,1.);
#4121=VECTOR('',#5323,1.);
#4122=VECTOR('',#5328,1.);
#4123=VECTOR('',#5331,1.);
#4124=VECTOR('',#5338,1.);
#4125=VECTOR('',#5341,1.);
#4126=VECTOR('',#5344,1.);
#4127=VECTOR('',#5347,1.);
#4128=VECTOR('',#5350,1.);
#4129=VECTOR('',#5351,1.);
#4130=VECTOR('',#5356,1.);
#4131=VECTOR('',#5359,1.);
#4132=VECTOR('',#5366,1.);
#4133=AXIS2_PLACEMENT_3D('',#5371,#4358,#4359);
#4134=AXIS2_PLACEMENT_3D('',#5428,#4388,#4389);
#4135=AXIS2_PLACEMENT_3D('',#5442,#4397,#4398);
#4136=AXIS2_PLACEMENT_3D('',#5452,#4404,#4405);
#4137=AXIS2_PLACEMENT_3D('',#5469,#4414,#4415);
#4138=AXIS2_PLACEMENT_3D('',#5478,#4420,#4421);
#4139=AXIS2_PLACEMENT_3D('',#5484,#4425,#4426);
#4140=AXIS2_PLACEMENT_3D('',#5501,#4435,#4436);
#4141=AXIS2_PLACEMENT_3D('',#5518,#4445,#4446);
#4142=AXIS2_PLACEMENT_3D('',#5524,#4450,#4451);
#4143=AXIS2_PLACEMENT_3D('',#5584,#4483,#4484);
#4144=AXIS2_PLACEMENT_3D('',#5598,#4492,#4493);
#4145=AXIS2_PLACEMENT_3D('',#5602,#4496,#4497);
#4146=AXIS2_PLACEMENT_3D('',#5606,#4499,#4500);
#4147=AXIS2_PLACEMENT_3D('',#5622,#4508,#4509);
#4148=AXIS2_PLACEMENT_3D('',#5623,#4510,#4511);
#4149=AXIS2_PLACEMENT_3D('',#5625,#4513,#4514);
#4150=AXIS2_PLACEMENT_3D('',#5641,#4522,#4523);
#4151=AXIS2_PLACEMENT_3D('',#5645,#4525,#4526);
#4152=AXIS2_PLACEMENT_3D('',#5648,#4528,#4529);
#4153=AXIS2_PLACEMENT_3D('',#5657,#4536,#4537);
#4154=AXIS2_PLACEMENT_3D('',#5667,#4543,#4544);
#4155=AXIS2_PLACEMENT_3D('',#5684,#4553,#4554);
#4156=AXIS2_PLACEMENT_3D('',#5709,#4567,#4568);
#4157=AXIS2_PLACEMENT_3D('',#5712,#4571,#4572);
#4158=AXIS2_PLACEMENT_3D('',#5714,#4574,#4575);
#4159=AXIS2_PLACEMENT_3D('',#5727,#4583,#4584);
#4160=AXIS2_PLACEMENT_3D('',#5736,#4590,#4591);
#4161=AXIS2_PLACEMENT_3D('',#5738,#4593,#4594);
#4162=AXIS2_PLACEMENT_3D('',#5740,#4596,#4597);
#4163=AXIS2_PLACEMENT_3D('',#5749,#4602,#4603);
#4164=AXIS2_PLACEMENT_3D('',#5758,#4608,#4609);
#4165=AXIS2_PLACEMENT_3D('',#5767,#4614,#4615);
#4166=AXIS2_PLACEMENT_3D('',#5779,#4622,#4623);
#4167=AXIS2_PLACEMENT_3D('',#5785,#4627,#4628);
#4168=AXIS2_PLACEMENT_3D('',#5786,#4629,#4630);
#4169=AXIS2_PLACEMENT_3D('',#5787,#4631,#4632);
#4170=AXIS2_PLACEMENT_3D('',#5788,#4633,#4634);
#4171=AXIS2_PLACEMENT_3D('',#5797,#4640,#4641);
#4172=AXIS2_PLACEMENT_3D('',#5809,#4648,#4649);
#4173=AXIS2_PLACEMENT_3D('',#5819,#4658,#4659);
#4174=AXIS2_PLACEMENT_3D('',#5829,#4665,#4666);
#4175=AXIS2_PLACEMENT_3D('',#5850,#4678,#4679);
#4176=AXIS2_PLACEMENT_3D('',#5852,#4681,#4682);
#4177=AXIS2_PLACEMENT_3D('',#5871,#4693,#4694);
#4178=AXIS2_PLACEMENT_3D('',#5877,#4698,#4699);
#4179=AXIS2_PLACEMENT_3D('',#5889,#4706,#4707);
#4180=AXIS2_PLACEMENT_3D('',#5895,#4711,#4712);
#4181=AXIS2_PLACEMENT_3D('',#5896,#4713,#4714);
#4182=AXIS2_PLACEMENT_3D('',#5897,#4715,#4716);
#4183=AXIS2_PLACEMENT_3D('',#5898,#4717,#4718);
#4184=AXIS2_PLACEMENT_3D('',#5899,#4719,#4720);
#4185=AXIS2_PLACEMENT_3D('',#5900,#4721,#4722);
#4186=AXIS2_PLACEMENT_3D('',#5902,#4724,#4725);
#4187=AXIS2_PLACEMENT_3D('',#5904,#4727,#4728);
#4188=AXIS2_PLACEMENT_3D('',#5906,#4730,#4731);
#4189=AXIS2_PLACEMENT_3D('',#5908,#4733,#4734);
#4190=AXIS2_PLACEMENT_3D('',#5910,#4736,#4737);
#4191=AXIS2_PLACEMENT_3D('',#5911,#4738,#4739);
#4192=AXIS2_PLACEMENT_3D('',#5913,#4741,#4742);
#4193=AXIS2_PLACEMENT_3D('',#5914,#4743,#4744);
#4194=AXIS2_PLACEMENT_3D('',#5925,#4751,#4752);
#4195=AXIS2_PLACEMENT_3D('',#5929,#4755,#4756);
#4196=AXIS2_PLACEMENT_3D('',#5934,#4760,#4761);
#4197=AXIS2_PLACEMENT_3D('',#5936,#4763,#4764);
#4198=AXIS2_PLACEMENT_3D('',#5938,#4766,#4767);
#4199=AXIS2_PLACEMENT_3D('',#5945,#4772,#4773);
#4200=AXIS2_PLACEMENT_3D('',#5947,#4775,#4776);
#4201=AXIS2_PLACEMENT_3D('',#5949,#4778,#4779);
#4202=AXIS2_PLACEMENT_3D('',#5951,#4781,#4782);
#4203=AXIS2_PLACEMENT_3D('',#5952,#4783,#4784);
#4204=AXIS2_PLACEMENT_3D('',#5953,#4785,#4786);
#4205=AXIS2_PLACEMENT_3D('',#5955,#4788,#4789);
#4206=AXIS2_PLACEMENT_3D('',#5959,#4792,#4793);
#4207=AXIS2_PLACEMENT_3D('',#5965,#4797,#4798);
#4208=AXIS2_PLACEMENT_3D('',#5969,#4801,#4802);
#4209=AXIS2_PLACEMENT_3D('',#5975,#4806,#4807);
#4210=AXIS2_PLACEMENT_3D('',#5981,#4811,#4812);
#4211=AXIS2_PLACEMENT_3D('',#5984,#4815,#4816);
#4212=AXIS2_PLACEMENT_3D('',#5985,#4817,#4818);
#4213=AXIS2_PLACEMENT_3D('',#5986,#4819,#4820);
#4214=AXIS2_PLACEMENT_3D('',#5992,#4824,#4825);
#4215=AXIS2_PLACEMENT_3D('',#6001,#4830,#4831);
#4216=AXIS2_PLACEMENT_3D('',#6004,#4834,#4835);
#4217=AXIS2_PLACEMENT_3D('',#6007,#4838,#4839);
#4218=AXIS2_PLACEMENT_3D('',#6008,#4840,#4841);
#4219=AXIS2_PLACEMENT_3D('',#6009,#4842,#4843);
#4220=AXIS2_PLACEMENT_3D('',#6015,#4847,#4848);
#4221=AXIS2_PLACEMENT_3D('',#6021,#4852,#4853);
#4222=AXIS2_PLACEMENT_3D('',#6028,#4858,#4859);
#4223=AXIS2_PLACEMENT_3D('',#6035,#4864,#4865);
#4224=AXIS2_PLACEMENT_3D('',#6037,#4867,#4868);
#4225=AXIS2_PLACEMENT_3D('',#6039,#4870,#4871);
#4226=AXIS2_PLACEMENT_3D('',#6040,#4872,#4873);
#4227=AXIS2_PLACEMENT_3D('',#6041,#4874,#4875);
#4228=AXIS2_PLACEMENT_3D('',#6044,#4877,#4878);
#4229=AXIS2_PLACEMENT_3D('',#6048,#4880,#4881);
#4230=AXIS2_PLACEMENT_3D('',#6049,#4882,#4883);
#4231=AXIS2_PLACEMENT_3D('',#6053,#4886,#4887);
#4232=AXIS2_PLACEMENT_3D('',#6057,#4889,#4890);
#4233=AXIS2_PLACEMENT_3D('',#6058,#4891,#4892);
#4234=AXIS2_PLACEMENT_3D('',#6059,#4893,#4894);
#4235=AXIS2_PLACEMENT_3D('',#6062,#4897,#4898);
#4236=AXIS2_PLACEMENT_3D('',#6063,#4899,#4900);
#4237=AXIS2_PLACEMENT_3D('',#6064,#4901,#4902);
#4238=AXIS2_PLACEMENT_3D('',#6068,#4905,#4906);
#4239=AXIS2_PLACEMENT_3D('',#6072,#4909,#4910);
#4240=AXIS2_PLACEMENT_3D('',#6078,#4915,#4916);
#4241=AXIS2_PLACEMENT_3D('',#6099,#4927,#4928);
#4242=AXIS2_PLACEMENT_3D('',#6105,#4932,#4933);
#4243=AXIS2_PLACEMENT_3D('',#6109,#4936,#4937);
#4244=AXIS2_PLACEMENT_3D('',#6113,#4940,#4941);
#4245=AXIS2_PLACEMENT_3D('',#6119,#4945,#4946);
#4246=AXIS2_PLACEMENT_3D('',#6123,#4949,#4950);
#4247=AXIS2_PLACEMENT_3D('',#6127,#4953,#4954);
#4248=AXIS2_PLACEMENT_3D('',#6131,#4957,#4958);
#4249=AXIS2_PLACEMENT_3D('',#6135,#4961,#4962);
#4250=AXIS2_PLACEMENT_3D('',#6142,#4967,#4968);
#4251=AXIS2_PLACEMENT_3D('',#6151,#4973,#4974);
#4252=AXIS2_PLACEMENT_3D('',#6157,#4978,#4979);
#4253=AXIS2_PLACEMENT_3D('',#6163,#4983,#4984);
#4254=AXIS2_PLACEMENT_3D('',#6170,#4989,#4990);
#4255=AXIS2_PLACEMENT_3D('',#6176,#4994,#4995);
#4256=AXIS2_PLACEMENT_3D('',#6182,#4999,#5000);
#4257=AXIS2_PLACEMENT_3D('',#6188,#5004,#5005);
#4258=AXIS2_PLACEMENT_3D('',#6191,#5008,#5009);
#4259=AXIS2_PLACEMENT_3D('',#6192,#5010,#5011);
#4260=AXIS2_PLACEMENT_3D('',#6194,#5013,#5014);
#4261=AXIS2_PLACEMENT_3D('',#6196,#5016,#5017);
#4262=AXIS2_PLACEMENT_3D('',#6198,#5019,#5020);
#4263=AXIS2_PLACEMENT_3D('',#6200,#5022,#5023);
#4264=AXIS2_PLACEMENT_3D('',#6202,#5025,#5026);
#4265=AXIS2_PLACEMENT_3D('',#6204,#5028,#5029);
#4266=AXIS2_PLACEMENT_3D('',#6205,#5030,#5031);
#4267=AXIS2_PLACEMENT_3D('',#6206,#5032,#5033);
#4268=AXIS2_PLACEMENT_3D('',#6208,#5035,#5036);
#4269=AXIS2_PLACEMENT_3D('',#6210,#5038,#5039);
#4270=AXIS2_PLACEMENT_3D('',#6211,#5040,#5041);
#4271=AXIS2_PLACEMENT_3D('',#6215,#5044,#5045);
#4272=AXIS2_PLACEMENT_3D('',#6219,#5048,#5049);
#4273=AXIS2_PLACEMENT_3D('',#6221,#5051,#5052);
#4274=AXIS2_PLACEMENT_3D('',#6242,#5063,#5064);
#4275=AXIS2_PLACEMENT_3D('',#6246,#5067,#5068);
#4276=AXIS2_PLACEMENT_3D('',#6248,#5070,#5071);
#4277=AXIS2_PLACEMENT_3D('',#6269,#5082,#5083);
#4278=AXIS2_PLACEMENT_3D('',#6275,#5087,#5088);
#4279=AXIS2_PLACEMENT_3D('',#6279,#5091,#5092);
#4280=AXIS2_PLACEMENT_3D('',#6283,#5095,#5096);
#4281=AXIS2_PLACEMENT_3D('',#6289,#5100,#5101);
#4282=AXIS2_PLACEMENT_3D('',#6293,#5104,#5105);
#4283=AXIS2_PLACEMENT_3D('',#6297,#5108,#5109);
#4284=AXIS2_PLACEMENT_3D('',#6301,#5112,#5113);
#4285=AXIS2_PLACEMENT_3D('',#6305,#5116,#5117);
#4286=AXIS2_PLACEMENT_3D('',#6312,#5122,#5123);
#4287=AXIS2_PLACEMENT_3D('',#6318,#5127,#5128);
#4288=AXIS2_PLACEMENT_3D('',#6322,#5131,#5132);
#4289=AXIS2_PLACEMENT_3D('',#6326,#5135,#5136);
#4290=AXIS2_PLACEMENT_3D('',#6332,#5140,#5141);
#4291=AXIS2_PLACEMENT_3D('',#6336,#5144,#5145);
#4292=AXIS2_PLACEMENT_3D('',#6340,#5148,#5149);
#4293=AXIS2_PLACEMENT_3D('',#6344,#5152,#5153);
#4294=AXIS2_PLACEMENT_3D('',#6348,#5156,#5157);
#4295=AXIS2_PLACEMENT_3D('',#6355,#5162,#5163);
#4296=AXIS2_PLACEMENT_3D('',#6364,#5168,#5169);
#4297=AXIS2_PLACEMENT_3D('',#6370,#5173,#5174);
#4298=AXIS2_PLACEMENT_3D('',#6376,#5178,#5179);
#4299=AXIS2_PLACEMENT_3D('',#6383,#5184,#5185);
#4300=AXIS2_PLACEMENT_3D('',#6389,#5189,#5190);
#4301=AXIS2_PLACEMENT_3D('',#6395,#5194,#5195);
#4302=AXIS2_PLACEMENT_3D('',#6401,#5199,#5200);
#4303=AXIS2_PLACEMENT_3D('',#6404,#5203,#5204);
#4304=AXIS2_PLACEMENT_3D('',#6405,#5205,#5206);
#4305=AXIS2_PLACEMENT_3D('',#6414,#5211,#5212);
#4306=AXIS2_PLACEMENT_3D('',#6420,#5216,#5217);
#4307=AXIS2_PLACEMENT_3D('',#6426,#5221,#5222);
#4308=AXIS2_PLACEMENT_3D('',#6433,#5227,#5228);
#4309=AXIS2_PLACEMENT_3D('',#6439,#5232,#5233);
#4310=AXIS2_PLACEMENT_3D('',#6445,#5237,#5238);
#4311=AXIS2_PLACEMENT_3D('',#6451,#5242,#5243);
#4312=AXIS2_PLACEMENT_3D('',#6454,#5246,#5247);
#4313=AXIS2_PLACEMENT_3D('',#6455,#5248,#5249);
#4314=AXIS2_PLACEMENT_3D('',#6457,#5251,#5252);
#4315=AXIS2_PLACEMENT_3D('',#6459,#5254,#5255);
#4316=AXIS2_PLACEMENT_3D('',#6461,#5257,#5258);
#4317=AXIS2_PLACEMENT_3D('',#6463,#5260,#5261);
#4318=AXIS2_PLACEMENT_3D('',#6465,#5263,#5264);
#4319=AXIS2_PLACEMENT_3D('',#6467,#5266,#5267);
#4320=AXIS2_PLACEMENT_3D('',#6468,#5268,#5269);
#4321=AXIS2_PLACEMENT_3D('',#6470,#5271,#5272);
#4322=AXIS2_PLACEMENT_3D('',#6472,#5274,#5275);
#4323=AXIS2_PLACEMENT_3D('',#6474,#5277,#5278);
#4324=AXIS2_PLACEMENT_3D('',#6476,#5280,#5281);
#4325=AXIS2_PLACEMENT_3D('',#6478,#5283,#5284);
#4326=AXIS2_PLACEMENT_3D('',#6480,#5286,#5287);
#4327=AXIS2_PLACEMENT_3D('',#6481,#5288,#5289);
#4328=AXIS2_PLACEMENT_3D('',#6482,#5290,#5291);
#4329=AXIS2_PLACEMENT_3D('',#6483,#5292,#5293);
#4330=AXIS2_PLACEMENT_3D('',#6485,#5295,#5296);
#4331=AXIS2_PLACEMENT_3D('',#6487,#5298,#5299);
#4332=AXIS2_PLACEMENT_3D('',#6488,#5300,#5301);
#4333=AXIS2_PLACEMENT_3D('',#6490,#5303,#5304);
#4334=AXIS2_PLACEMENT_3D('',#6492,#5306,#5307);
#4335=AXIS2_PLACEMENT_3D('',#6493,#5308,#5309);
#4336=AXIS2_PLACEMENT_3D('',#6495,#5311,#5312);
#4337=AXIS2_PLACEMENT_3D('',#6497,#5314,#5315);
#4338=AXIS2_PLACEMENT_3D('',#6499,#5317,#5318);
#4339=AXIS2_PLACEMENT_3D('',#6501,#5320,#5321);
#4340=AXIS2_PLACEMENT_3D('',#6504,#5324,#5325);
#4341=AXIS2_PLACEMENT_3D('',#6505,#5326,#5327);
#4342=AXIS2_PLACEMENT_3D('',#6507,#5329,#5330);
#4343=AXIS2_PLACEMENT_3D('',#6509,#5332,#5333);
#4344=AXIS2_PLACEMENT_3D('',#6510,#5334,#5335);
#4345=AXIS2_PLACEMENT_3D('',#6511,#5336,#5337);
#4346=AXIS2_PLACEMENT_3D('',#6513,#5339,#5340);
#4347=AXIS2_PLACEMENT_3D('',#6515,#5342,#5343);
#4348=AXIS2_PLACEMENT_3D('',#6517,#5345,#5346);
#4349=AXIS2_PLACEMENT_3D('',#6519,#5348,#5349);
#4350=AXIS2_PLACEMENT_3D('',#6522,#5352,#5353);
#4351=AXIS2_PLACEMENT_3D('',#6523,#5354,#5355);
#4352=AXIS2_PLACEMENT_3D('',#6525,#5357,#5358);
#4353=AXIS2_PLACEMENT_3D('',#6527,#5360,#5361);
#4354=AXIS2_PLACEMENT_3D('',#6528,#5362,#5363);
#4355=AXIS2_PLACEMENT_3D('',#6529,#5364,#5365);
#4356=AXIS2_PLACEMENT_3D('',#6531,#5367,#5368);
#4357=AXIS2_PLACEMENT_3D('',#6532,#5369,#5370);
#4358=DIRECTION('',(0.,0.,1.));
#4359=DIRECTION('',(1.,0.,0.));
#4360=DIRECTION('',(2.1793008492171E-16,-1.,0.));
#4361=DIRECTION('',(-1.,-4.2938699900416E-16,0.));
#4362=DIRECTION('',(0.,1.,0.));
#4363=DIRECTION('',(1.,4.29386999004161E-16,0.));
#4364=DIRECTION('',(0.,1.,-1.82602471155454E-14));
#4365=DIRECTION('',(-1.,0.,0.));
#4366=DIRECTION('',(0.,1.,0.));
#4367=DIRECTION('',(-1.,0.,0.));
#4368=DIRECTION('',(0.,-1.,1.59777162261022E-14));
#4369=DIRECTION('',(-1.,0.,0.));
#4370=DIRECTION('',(0.,-1.,0.));
#4371=DIRECTION('',(-1.,0.,0.));
#4372=DIRECTION('',(0.,-1.,0.));
#4373=DIRECTION('',(-1.,0.,0.));
#4374=DIRECTION('',(0.,-1.,1.59777162261022E-14));
#4375=DIRECTION('',(-1.,0.,0.));
#4376=DIRECTION('',(0.,-1.,0.));
#4377=DIRECTION('',(-1.,0.,0.));
#4378=DIRECTION('',(0.,1.,-1.82602471155454E-14));
#4379=DIRECTION('',(1.,4.29386999004161E-16,0.));
#4380=DIRECTION('',(2.1793008492171E-16,-1.,0.));
#4381=DIRECTION('',(-1.,-4.2938699900416E-16,0.));
#4382=DIRECTION('',(-8.67361737988402E-16,1.,0.));
#4383=DIRECTION('',(-1.,0.,0.));
#4384=DIRECTION('',(4.33680868994202E-16,-1.,0.));
#4385=DIRECTION('',(1.,7.04731412115577E-16,0.));
#4386=DIRECTION('',(0.,1.,0.));
#4387=DIRECTION('',(1.,4.29386999004161E-16,0.));
#4388=DIRECTION('',(0.,0.,-1.));
#4389=DIRECTION('',(-1.,0.,0.));
#4390=DIRECTION('',(-4.33680868994202E-16,1.,0.));
#4391=DIRECTION('',(0.,0.,-1.));
#4392=DIRECTION('',(0.,0.,1.));
#4393=DIRECTION('',(4.33680868994202E-16,-1.,0.));
#4394=DIRECTION('',(0.,0.,-1.));
#4395=DIRECTION('',(2.1793008492171E-16,-1.,0.));
#4396=DIRECTION('',(0.,0.,-1.));
#4397=DIRECTION('',(-1.,-4.33680868994202E-16,0.));
#4398=DIRECTION('',(4.33680868994202E-16,-1.,0.));
#4399=DIRECTION('',(0.,0.,-1.));
#4400=DIRECTION('',(0.,1.,0.));
#4401=DIRECTION('',(0.,0.,-1.));
#4402=DIRECTION('',(0.,1.,0.));
#4403=DIRECTION('',(0.,0.,-1.));
#4404=DIRECTION('',(-1.,0.,0.));
#4405=DIRECTION('',(0.,0.,1.));
#4406=DIRECTION('',(0.,1.95351742790181E-16,-1.));
#4407=DIRECTION('',(0.,-1.,0.));
#4408=DIRECTION('',(0.,0.,-1.));
#4409=DIRECTION('',(0.,1.,0.));
#4410=DIRECTION('',(0.,0.,-1.));
#4411=DIRECTION('',(0.,-1.,0.));
#4412=DIRECTION('',(0.,-1.35525271560688E-16,-1.));
#4413=DIRECTION('',(0.,1.,-2.89120579329467E-15));
#4414=DIRECTION('',(1.,0.,0.));
#4415=DIRECTION('',(0.,0.,-1.));
#4416=DIRECTION('',(-0.294085848837523,1.29532209709048E-16,-0.95577900872195));
#4417=DIRECTION('',(0.,1.,0.));
#4418=DIRECTION('',(-0.294085848837523,0.,-0.95577900872195));
#4419=DIRECTION('',(0.,-1.,0.));
#4420=DIRECTION('',(0.95577900872195,0.,-0.294085848837523));
#4421=DIRECTION('',(-0.294085848837523,0.,-0.95577900872195));
#4422=DIRECTION('',(0.294085848837523,1.29532209709048E-16,0.95577900872195));
#4423=DIRECTION('',(0.294085848837523,0.,0.95577900872195));
#4424=DIRECTION('',(0.,1.,0.));
#4425=DIRECTION('',(0.95577900872195,0.,-0.294085848837523));
#4426=DIRECTION('',(-0.294085848837523,0.,-0.95577900872195));
#4427=DIRECTION('',(0.,0.,-1.));
#4428=DIRECTION('',(0.,1.,0.));
#4429=DIRECTION('',(0.,1.95351742790181E-16,-1.));
#4430=DIRECTION('',(0.,1.,-2.89120579329467E-15));
#4431=DIRECTION('',(0.,-1.35525271560688E-16,-1.));
#4432=DIRECTION('',(0.,-1.,0.));
#4433=DIRECTION('',(0.,0.,1.));
#4434=DIRECTION('',(0.,1.,0.));
#4435=DIRECTION('',(-1.,0.,0.));
#4436=DIRECTION('',(0.,0.,1.));
#4437=DIRECTION('',(0.,-2.19770710638954E-16,1.));
#4438=DIRECTION('',(0.,1.,-2.16840434497101E-15));
#4439=DIRECTION('',(0.,0.,1.));
#4440=DIRECTION('',(0.,1.,0.));
#4441=DIRECTION('',(0.,0.,1.));
#4442=DIRECTION('',(0.,-1.,0.));
#4443=DIRECTION('',(0.,-1.35525271560688E-16,1.));
#4444=DIRECTION('',(0.,1.,2.89120579329467E-15));
#4445=DIRECTION('',(-1.,0.,0.));
#4446=DIRECTION('',(0.,0.,1.));
#4447=DIRECTION('',(0.,1.,0.));
#4448=DIRECTION('',(0.294085848837524,1.29532209709048E-16,-0.95577900872195));
#4449=DIRECTION('',(-0.294085848837524,0.,0.95577900872195));
#4450=DIRECTION('',(-0.95577900872195,0.,-0.294085848837524));
#4451=DIRECTION('',(-0.294085848837524,0.,0.95577900872195));
#4452=DIRECTION('',(0.,1.,0.));
#4453=DIRECTION('',(-1.,0.,0.));
#4454=DIRECTION('',(0.,1.,0.));
#4455=DIRECTION('',(1.,0.,0.));
#4456=DIRECTION('',(0.,-1.,0.));
#4457=DIRECTION('',(1.,0.,0.));
#4458=DIRECTION('',(0.,-1.,0.));
#4459=DIRECTION('',(1.,0.,0.));
#4460=DIRECTION('',(1.,0.,0.));
#4461=DIRECTION('',(0.,1.,0.));
#4462=DIRECTION('',(1.,0.,0.));
#4463=DIRECTION('',(1.,0.,0.));
#4464=DIRECTION('',(-1.,0.,0.));
#4465=DIRECTION('',(1.,4.33680868994202E-16,-3.85185988877448E-31));
#4466=DIRECTION('',(-1.,-4.64021651057671E-46,0.));
#4467=DIRECTION('',(4.19015332361548E-16,-1.,0.));
#4468=DIRECTION('',(1.,-3.1275062667851E-16,0.));
#4469=DIRECTION('',(-4.19015332361548E-16,1.,0.));
#4470=DIRECTION('',(-1.,-1.80700362080917E-15,0.));
#4471=DIRECTION('',(1.,4.33680868994202E-16,-3.85185988877448E-31));
#4472=DIRECTION('',(-1.,-4.64021651057671E-46,0.));
#4473=DIRECTION('',(4.19015332361548E-16,-1.,0.));
#4474=DIRECTION('',(1.,-3.1275062667851E-16,0.));
#4475=DIRECTION('',(-4.19015332361548E-16,1.,0.));
#4476=DIRECTION('',(-1.,-1.80700362080917E-15,0.));
#4477=DIRECTION('',(1.,4.33680868994202E-16,-3.85185988877448E-31));
#4478=DIRECTION('',(-1.,-4.64021651057671E-46,0.));
#4479=DIRECTION('',(4.19015332361548E-16,-1.,0.));
#4480=DIRECTION('',(1.,-3.1275062667851E-16,0.));
#4481=DIRECTION('',(-4.19015332361548E-16,1.,0.));
#4482=DIRECTION('',(-1.,-1.80700362080917E-15,0.));
#4483=DIRECTION('',(0.,0.,1.));
#4484=DIRECTION('',(1.,0.,0.));
#4485=DIRECTION('',(1.,4.29386999004161E-16,-4.02631193217161E-30));
#4486=DIRECTION('',(0.,-1.,9.37688365392869E-15));
#4487=DIRECTION('',(-1.,0.,0.));
#4488=DIRECTION('',(0.,-1.,9.37688365392869E-15));
#4489=DIRECTION('',(-1.,-4.29386999004161E-16,4.02631193217161E-30));
#4490=DIRECTION('',(-1.,0.,0.));
#4491=DIRECTION('',(8.67361737988403E-16,-1.,0.));
#4492=DIRECTION('',(0.,-9.37688365392869E-15,-1.));
#4493=DIRECTION('',(0.,1.,-9.37618038765464E-15));
#4494=DIRECTION('',(0.,0.,-1.));
#4495=DIRECTION('',(0.,1.4701046406583E-16,-1.));
#4496=DIRECTION('',(-1.,0.,0.));
#4497=DIRECTION('',(0.,1.,0.));
#4498=DIRECTION('',(0.,1.,-1.26930986047081E-14));
#4499=DIRECTION('',(-1.,0.,0.));
#4500=DIRECTION('',(0.,1.,0.));
#4501=DIRECTION('',(0.,-7.79651000439008E-16,1.));
#4502=DIRECTION('',(0.,0.181913199610981,0.98331459249179));
#4503=DIRECTION('',(0.,1.,0.));
#4504=DIRECTION('',(0.,3.17714922340074E-16,-1.));
#4505=DIRECTION('',(0.,-1.,0.));
#4506=DIRECTION('',(0.,-0.707106781186547,-0.707106781186548));
#4507=DIRECTION('',(0.,-1.88556899562697E-16,-1.));
#4508=DIRECTION('',(1.,0.,0.));
#4509=DIRECTION('',(0.,1.,0.));
#4510=DIRECTION('',(-1.,0.,0.));
#4511=DIRECTION('',(0.,0.,1.));
#4512=DIRECTION('',(0.,0.,1.));
#4513=DIRECTION('',(1.,0.,0.));
#4514=DIRECTION('',(0.,1.,0.));
#4515=DIRECTION('',(0.,-1.88556899562697E-16,-1.));
#4516=DIRECTION('',(0.,-0.707106781186547,-0.707106781186548));
#4517=DIRECTION('',(0.,-1.,0.));
#4518=DIRECTION('',(0.,3.17714922340074E-16,-1.));
#4519=DIRECTION('',(0.,1.,0.));
#4520=DIRECTION('',(0.,0.181913199610981,0.98331459249179));
#4521=DIRECTION('',(0.,-7.79651000439008E-16,1.));
#4522=DIRECTION('',(-1.,0.,0.));
#4523=DIRECTION('',(0.,1.,0.));
#4524=DIRECTION('',(0.,1.,-1.26930986047081E-14));
#4525=DIRECTION('',(-1.,0.,0.));
#4526=DIRECTION('',(0.,1.,0.));
#4527=DIRECTION('',(0.,1.4701046406583E-16,-1.));
#4528=DIRECTION('',(-1.,0.,0.));
#4529=DIRECTION('',(0.,0.,1.));
#4530=DIRECTION('',(0.,0.,1.));
#4531=DIRECTION('',(0.,0.,-1.));
#4532=DIRECTION('',(0.,0.,-1.));
#4533=DIRECTION('',(0.,0.,1.));
#4534=DIRECTION('',(0.,0.,-1.));
#4535=DIRECTION('',(1.,0.,3.85379919129919E-17));
#4536=DIRECTION('',(0.,-1.,0.));
#4537=DIRECTION('',(0.,0.,-1.));
#4538=DIRECTION('',(0.,-1.,0.));
#4539=DIRECTION('',(-1.,0.,0.));
#4540=DIRECTION('',(-1.,0.,0.));
#4541=DIRECTION('',(0.,-1.,0.));
#4542=DIRECTION('',(-1.,0.,0.));
#4543=DIRECTION('',(0.,0.,-1.));
#4544=DIRECTION('',(-1.,0.,0.));
#4545=DIRECTION('',(0.,0.,-1.));
#4546=DIRECTION('',(-1.,0.,0.));
#4547=DIRECTION('',(0.,3.40810113158508E-16,-1.));
#4548=DIRECTION('',(-1.,0.,0.));
#4549=DIRECTION('',(0.,3.40810113158508E-16,-1.));
#4550=DIRECTION('',(-1.,0.,0.));
#4551=DIRECTION('',(0.,0.,-1.));
#4552=DIRECTION('',(-1.,0.,0.));
#4553=DIRECTION('',(0.,1.,3.40810113158508E-16));
#4554=DIRECTION('',(0.,-3.40873163029443E-16,1.));
#4555=DIRECTION('',(0.,1.,0.));
#4556=DIRECTION('',(-1.,0.,0.));
#4557=DIRECTION('',(0.,1.,0.));
#4558=DIRECTION('',(-1.,0.,0.));
#4559=DIRECTION('',(0.,1.,0.));
#4560=DIRECTION('',(-1.,0.,0.));
#4561=DIRECTION('',(0.,1.,8.67361737988403E-16));
#4562=DIRECTION('',(-1.,0.,0.));
#4563=DIRECTION('',(0.,1.,8.67361737988403E-16));
#4564=DIRECTION('',(-1.,0.,0.));
#4565=DIRECTION('',(0.,1.,0.));
#4566=DIRECTION('',(-1.,0.,0.));
#4567=DIRECTION('',(0.,0.,1.));
#4568=DIRECTION('',(1.,0.,0.));
#4569=DIRECTION('',(0.,-0.707106781186548,-0.707106781186548));
#4570=DIRECTION('',(0.,-0.707106781186547,-0.707106781186547));
#4571=DIRECTION('',(0.,0.707106781186548,-0.707106781186548));
#4572=DIRECTION('',(0.,0.707106781186548,0.707106781186548));
#4573=DIRECTION('',(0.,0.,1.));
#4574=DIRECTION('',(0.,-1.,0.));
#4575=DIRECTION('',(0.,0.,-1.));
#4576=DIRECTION('',(0.,1.,0.));
#4577=DIRECTION('',(0.,0.,-1.));
#4578=DIRECTION('',(0.,0.181913199610982,0.98331459249179));
#4579=DIRECTION('',(0.,1.,0.));
#4580=DIRECTION('',(0.,3.17714922340074E-16,-1.));
#4581=DIRECTION('',(0.,-1.,0.));
#4582=DIRECTION('',(0.,-0.707106781186547,-0.707106781186547));
#4583=DIRECTION('',(1.,0.,0.));
#4584=DIRECTION('',(0.,0.,-1.));
#4585=DIRECTION('',(0.,0.,-1.));
#4586=DIRECTION('',(0.,1.,0.));
#4587=DIRECTION('',(0.,3.17714922340074E-16,-1.));
#4588=DIRECTION('',(0.,1.,0.));
#4589=DIRECTION('',(0.,0.181913199610982,0.98331459249179));
#4590=DIRECTION('',(1.,0.,0.));
#4591=DIRECTION('',(0.,0.,-1.));
#4592=DIRECTION('',(-1.,0.,0.));
#4593=DIRECTION('',(0.,1.,3.17714922340074E-16));
#4594=DIRECTION('',(0.,-3.17454396103756E-16,1.));
#4595=DIRECTION('',(-1.,0.,0.));
#4596=DIRECTION('',(0.,0.,1.));
#4597=DIRECTION('',(1.,0.,0.));
#4598=DIRECTION('',(0.,0.,-1.));
#4599=DIRECTION('',(-1.,0.,0.));
#4600=DIRECTION('',(0.,0.,-1.));
#4601=DIRECTION('',(-1.,0.,0.));
#4602=DIRECTION('',(0.,1.,0.));
#4603=DIRECTION('',(0.,0.,1.));
#4604=DIRECTION('',(0.,1.,0.));
#4605=DIRECTION('',(-1.,0.,0.));
#4606=DIRECTION('',(0.,1.,2.16840434497101E-16));
#4607=DIRECTION('',(-1.,0.,0.));
#4608=DIRECTION('',(0.,-2.16840434497101E-16,1.));
#4609=DIRECTION('',(0.,-1.,-2.16840434497101E-16));
#4610=DIRECTION('',(0.,-1.,0.));
#4611=DIRECTION('',(-1.,0.,0.));
#4612=DIRECTION('',(0.,1.,2.16840434497101E-16));
#4613=DIRECTION('',(-1.,0.,0.));
#4614=DIRECTION('',(0.,-2.16840434497101E-16,1.));
#4615=DIRECTION('',(0.,-1.,-2.16840434497101E-16));
#4616=DIRECTION('',(1.,0.,0.));
#4617=DIRECTION('',(-5.28879108529514E-16,-1.,-4.76572383510112E-16));
#4618=DIRECTION('',(0.,1.,4.76572383510112E-16));
#4619=DIRECTION('',(-1.,0.,0.));
#4620=DIRECTION('',(0.,-1.,-4.76572383510112E-16));
#4621=DIRECTION('',(0.707106781186548,-0.707106781186547,-3.36987564106236E-16));
#4622=DIRECTION('',(0.,-4.76572383510112E-16,1.));
#4623=DIRECTION('',(0.,-1.,-4.76181594155634E-16));
#4624=DIRECTION('',(-1.,0.,0.));
#4625=DIRECTION('',(0.,-9.72378630031845E-17,1.));
#4626=DIRECTION('',(0.,9.72378630031845E-17,-1.));
#4627=DIRECTION('',(0.,1.,9.72378630031845E-17));
#4628=DIRECTION('',(0.,-9.71445146547012E-17,1.));
#4629=DIRECTION('',(-1.,0.,0.));
#4630=DIRECTION('',(0.,0.,1.));
#4631=DIRECTION('',(1.,0.,0.));
#4632=DIRECTION('',(0.,1.,0.));
#4633=DIRECTION('',(-1.,0.,0.));
#4634=DIRECTION('',(0.,0.,1.));
#4635=DIRECTION('',(0.,0.707106781186547,0.707106781186548));
#4636=DIRECTION('',(0.,-0.707106781186547,-0.707106781186548));
#4637=DIRECTION('',(3.73974004069115E-16,0.707106781186547,0.707106781186548));
#4638=DIRECTION('',(-1.,0.,0.));
#4639=DIRECTION('',(-0.577350269189627,0.577350269189625,0.577350269189626));
#4640=DIRECTION('',(0.,0.707106781186548,-0.707106781186547));
#4641=DIRECTION('',(0.,0.707106781186547,0.707106781186548));
#4642=DIRECTION('',(0.,-0.707106781186547,-0.707106781186548));
#4643=DIRECTION('',(-1.,0.,0.));
#4644=DIRECTION('',(0.,-0.707106781186547,-0.707106781186548));
#4645=DIRECTION('',(0.,-0.707106781186547,-0.707106781186548));
#4646=DIRECTION('',(-0.577350269189627,-0.577350269189625,-0.577350269189626));
#4647=DIRECTION('',(-1.,0.,0.));
#4648=DIRECTION('',(0.,0.707106781186548,-0.707106781186547));
#4649=DIRECTION('',(0.,0.707106781186547,0.707106781186548));
#4650=DIRECTION('',(0.,0.,-1.));
#4651=DIRECTION('',(-1.,0.,0.));
#4652=DIRECTION('',(0.,0.,-1.));
#4653=DIRECTION('',(0.,0.,1.));
#4654=DIRECTION('',(0.,0.,1.));
#4655=DIRECTION('',(0.294085848837524,0.,-0.95577900872195));
#4656=DIRECTION('',(0.,0.,-1.));
#4657=DIRECTION('',(0.,0.,1.));
#4658=DIRECTION('',(0.,-1.,0.));
#4659=DIRECTION('',(0.,0.,-1.));
#4660=DIRECTION('',(0.,0.,1.));
#4661=DIRECTION('',(0.,-1.,2.16840434497101E-15));
#4662=DIRECTION('',(0.,-2.19770710638954E-16,1.));
#4663=DIRECTION('',(0.,1.,2.89120579329467E-15));
#4664=DIRECTION('',(0.,-1.35525271560688E-16,1.));
#4665=DIRECTION('',(1.,0.,0.));
#4666=DIRECTION('',(0.,0.,-1.));
#4667=DIRECTION('',(0.,1.,0.));
#4668=DIRECTION('',(0.,-1.35525271560688E-16,-1.));
#4669=DIRECTION('',(0.,1.,-2.89120579329467E-15));
#4670=DIRECTION('',(0.,1.95351742790181E-16,-1.));
#4671=DIRECTION('',(0.,-1.,0.));
#4672=DIRECTION('',(0.,0.,-1.));
#4673=DIRECTION('',(0.,0.,1.));
#4674=DIRECTION('',(0.,-1.,2.16840434497101E-15));
#4675=DIRECTION('',(0.,-2.19770710638954E-16,1.));
#4676=DIRECTION('',(0.,1.,2.89120579329467E-15));
#4677=DIRECTION('',(0.,-1.35525271560688E-16,1.));
#4678=DIRECTION('',(-1.,0.,0.));
#4679=DIRECTION('',(0.,0.,1.));
#4680=DIRECTION('',(-0.294085848837524,1.29532209709048E-16,0.95577900872195));
#4681=DIRECTION('',(-0.95577900872195,0.,-0.294085848837524));
#4682=DIRECTION('',(-0.294085848837524,0.,0.95577900872195));
#4683=DIRECTION('',(0.,-1.35525271560688E-16,1.));
#4684=DIRECTION('',(0.,1.,2.89120579329467E-15));
#4685=DIRECTION('',(0.,-2.19770710638954E-16,1.));
#4686=DIRECTION('',(0.,-1.,2.16840434497101E-15));
#4687=DIRECTION('',(0.,0.,1.));
#4688=DIRECTION('',(0.,0.,-1.));
#4689=DIRECTION('',(0.,-1.,0.));
#4690=DIRECTION('',(0.,1.95351742790181E-16,-1.));
#4691=DIRECTION('',(0.,1.,-2.89120579329467E-15));
#4692=DIRECTION('',(0.,-1.35525271560688E-16,-1.));
#4693=DIRECTION('',(1.,0.,0.));
#4694=DIRECTION('',(0.,0.,-1.));
#4695=DIRECTION('',(0.,0.,-1.));
#4696=DIRECTION('',(-1.,0.,0.));
#4697=DIRECTION('',(0.,0.,-1.));
#4698=DIRECTION('',(0.,1.,0.));
#4699=DIRECTION('',(0.,0.,1.));
#4700=DIRECTION('',(0.707106781186548,0.707106781186547,3.36987564106236E-16));
#4701=DIRECTION('',(0.,1.,4.76572383510112E-16));
#4702=DIRECTION('',(-1.,0.,0.));
#4703=DIRECTION('',(0.,1.,4.76572383510112E-16));
#4704=DIRECTION('',(0.,1.,4.76572383510112E-16));
#4705=DIRECTION('',(1.,0.,0.));
#4706=DIRECTION('',(0.,-4.76572383510112E-16,1.));
#4707=DIRECTION('',(0.,-1.,-4.76181594155634E-16));
#4708=DIRECTION('',(0.,9.72378630031845E-17,-1.));
#4709=DIRECTION('',(-1.,0.,0.));
#4710=DIRECTION('',(0.,9.72378630031845E-17,-1.));
#4711=DIRECTION('',(0.,1.,9.72378630031845E-17));
#4712=DIRECTION('',(0.,-9.71445146547012E-17,1.));
#4713=DIRECTION('',(1.,0.,0.));
#4714=DIRECTION('',(0.,0.,-1.));
#4715=DIRECTION('',(1.,0.,0.));
#4716=DIRECTION('',(0.,1.,0.));
#4717=DIRECTION('',(-1.,0.,0.));
#4718=DIRECTION('',(0.,0.,1.));
#4719=DIRECTION('',(1.,0.,0.));
#4720=DIRECTION('',(0.,0.,-1.));
#4721=DIRECTION('',(1.,0.,0.));
#4722=DIRECTION('',(0.,0.,-1.));
#4723=DIRECTION('',(0.,0.,1.));
#4724=DIRECTION('',(-1.,5.28879108529513E-16,0.));
#4725=DIRECTION('',(-5.28873819738429E-16,-1.,0.));
#4726=DIRECTION('',(0.,0.,1.));
#4727=DIRECTION('',(1.,0.,0.));
#4728=DIRECTION('',(0.,0.,-1.));
#4729=DIRECTION('',(0.,0.,1.));
#4730=DIRECTION('',(-1.,0.,0.));
#4731=DIRECTION('',(0.,0.,1.));
#4732=DIRECTION('',(0.,0.,1.));
#4733=DIRECTION('',(1.,0.,0.));
#4734=DIRECTION('',(0.,0.,-1.));
#4735=DIRECTION('',(0.,0.,1.));
#4736=DIRECTION('',(0.,-1.,0.));
#4737=DIRECTION('',(0.,0.,-1.));
#4738=DIRECTION('',(-0.707106781186547,-0.707106781186548,0.));
#4739=DIRECTION('',(0.707106781186548,-0.707106781186547,0.));
#4740=DIRECTION('',(0.,0.,1.));
#4741=DIRECTION('',(0.707106781186547,-0.707106781186548,0.));
#4742=DIRECTION('',(0.707106781186548,0.707106781186547,0.));
#4743=DIRECTION('',(0.,-1.,0.));
#4744=DIRECTION('',(0.,0.,-1.));
#4745=DIRECTION('',(-1.,0.,0.));
#4746=DIRECTION('',(0.,0.,1.));
#4747=DIRECTION('',(-1.,0.,0.));
#4748=DIRECTION('',(0.,0.,1.));
#4749=DIRECTION('',(-1.,0.,0.));
#4750=DIRECTION('',(-1.,0.,0.));
#4751=DIRECTION('',(0.,1.,-1.88556899562697E-16));
#4752=DIRECTION('',(0.,1.88651178012478E-16,1.));
#4753=DIRECTION('',(-1.,0.,0.));
#4754=DIRECTION('',(-1.,0.,0.));
#4755=DIRECTION('',(0.,0.707106781186548,-0.707106781186547));
#4756=DIRECTION('',(0.,0.707106781186547,0.707106781186548));
#4757=DIRECTION('',(0.,-1.,0.));
#4758=DIRECTION('',(-1.,0.,0.));
#4759=DIRECTION('',(-1.,0.,0.));
#4760=DIRECTION('',(0.,0.,-1.));
#4761=DIRECTION('',(-1.,0.,0.));
#4762=DIRECTION('',(-1.,0.,0.));
#4763=DIRECTION('',(0.,1.,3.17714922340074E-16));
#4764=DIRECTION('',(0.,-3.17454396103756E-16,1.));
#4765=DIRECTION('',(-1.,0.,0.));
#4766=DIRECTION('',(0.,0.,1.));
#4767=DIRECTION('',(1.,0.,0.));
#4768=DIRECTION('',(0.,0.181913199610981,0.98331459249179));
#4769=DIRECTION('',(1.,0.,0.));
#4770=DIRECTION('',(0.,0.181913199610981,0.98331459249179));
#4771=DIRECTION('',(-1.,0.,0.));
#4772=DIRECTION('',(0.,-0.98331459249179,0.181913199610981));
#4773=DIRECTION('',(0.,-0.181913199610981,-0.98331459249179));
#4774=DIRECTION('',(-1.,0.,0.));
#4775=DIRECTION('',(0.,-1.,-7.79651000439008E-16));
#4776=DIRECTION('',(0.,7.79758202451575E-16,-1.));
#4777=DIRECTION('',(-1.,0.,0.));
#4778=DIRECTION('',(-1.,0.,0.));
#4779=DIRECTION('',(0.,0.,0.999999999999998));
#4780=DIRECTION('',(-1.,0.,0.));
#4781=DIRECTION('',(0.,1.26930986047081E-14,1.));
#4782=DIRECTION('',(0.,-1.,1.26929716737223E-14));
#4783=DIRECTION('',(-1.,0.,0.));
#4784=DIRECTION('',(0.,0.,1.));
#4785=DIRECTION('',(-1.,0.,0.));
#4786=DIRECTION('',(0.,0.,0.999999999999999));
#4787=DIRECTION('',(0.,-0.707106781186548,-0.707106781186548));
#4788=DIRECTION('',(0.,0.707106781186548,-0.707106781186548));
#4789=DIRECTION('',(0.,0.707106781186548,0.707106781186548));
#4790=DIRECTION('',(-1.,0.,0.));
#4791=DIRECTION('',(0.,0.,1.));
#4792=DIRECTION('',(0.,-1.,0.));
#4793=DIRECTION('',(0.,0.,-1.));
#4794=DIRECTION('',(0.,0.,-1.));
#4795=DIRECTION('',(0.,0.,-1.));
#4796=DIRECTION('',(-1.,0.,0.));
#4797=DIRECTION('',(0.,1.,0.));
#4798=DIRECTION('',(0.,0.,1.));
#4799=DIRECTION('',(-1.,0.,0.));
#4800=DIRECTION('',(0.,0.,1.));
#4801=DIRECTION('',(0.,-1.,0.));
#4802=DIRECTION('',(0.,0.,-1.));
#4803=DIRECTION('',(0.,-1.,0.));
#4804=DIRECTION('',(-1.,0.,0.));
#4805=DIRECTION('',(0.,-1.,0.));
#4806=DIRECTION('',(0.,0.,-1.));
#4807=DIRECTION('',(-1.,0.,0.));
#4808=DIRECTION('',(0.,0.,-1.));
#4809=DIRECTION('',(-1.,0.,0.));
#4810=DIRECTION('',(0.,0.,-1.));
#4811=DIRECTION('',(0.,1.,0.));
#4812=DIRECTION('',(0.,0.,1.));
#4813=DIRECTION('',(0.,-1.,0.));
#4814=DIRECTION('',(0.,-1.,0.));
#4815=DIRECTION('',(0.,0.,-1.));
#4816=DIRECTION('',(-1.,0.,0.));
#4817=DIRECTION('',(1.,0.,0.));
#4818=DIRECTION('',(0.,0.,-1.));
#4819=DIRECTION('',(1.,0.,0.));
#4820=DIRECTION('',(0.,0.,-1.));
#4821=DIRECTION('',(0.,0.,-1.));
#4822=DIRECTION('',(0.,0.,-1.));
#4823=DIRECTION('',(0.,1.,0.));
#4824=DIRECTION('',(1.,8.67361737988402E-16,0.));
#4825=DIRECTION('',(-8.67361737988404E-16,1.,0.));
#4826=DIRECTION('',(0.,0.,-1.));
#4827=DIRECTION('',(-1.,0.,0.));
#4828=DIRECTION('',(0.,0.,-1.));
#4829=DIRECTION('',(-1.,0.,0.));
#4830=DIRECTION('',(0.,1.,0.));
#4831=DIRECTION('',(0.,0.,1.));
#4832=DIRECTION('',(0.,0.963517909629941,-0.267643863786093));
#4833=DIRECTION('',(0.,0.963517909629941,-0.267643863786093));
#4834=DIRECTION('',(0.,0.267643863786093,0.963517909629941));
#4835=DIRECTION('',(0.,-0.963517909629941,0.267643863786093));
#4836=DIRECTION('',(0.,-0.410364677328798,-0.911921505175106));
#4837=DIRECTION('',(0.,-0.410364677328798,-0.911921505175106));
#4838=DIRECTION('',(0.,0.911921505175106,-0.410364677328798));
#4839=DIRECTION('',(0.,0.410364677328798,0.911921505175106));
#4840=DIRECTION('',(1.,0.,0.));
#4841=DIRECTION('',(0.,0.,-1.));
#4842=DIRECTION('',(1.,0.,0.));
#4843=DIRECTION('',(0.,0.,-1.));
#4844=DIRECTION('',(0.,1.,0.));
#4845=DIRECTION('',(1.,0.,0.));
#4846=DIRECTION('',(0.,1.,0.));
#4847=DIRECTION('',(0.,0.,-1.));
#4848=DIRECTION('',(-1.,0.,0.));
#4849=DIRECTION('',(0.,1.,0.));
#4850=DIRECTION('',(1.,0.,0.));
#4851=DIRECTION('',(0.,1.,0.));
#4852=DIRECTION('',(0.,0.,-1.));
#4853=DIRECTION('',(-1.,0.,0.));
#4854=DIRECTION('',(0.,0.303203657276947,0.952925780013262));
#4855=DIRECTION('',(0.,0.,1.));
#4856=DIRECTION('',(0.,-1.,0.));
#4857=DIRECTION('',(0.,0.,-1.));
#4858=DIRECTION('',(1.,0.,0.));
#4859=DIRECTION('',(0.,0.,-1.));
#4860=DIRECTION('',(0.,0.,-1.));
#4861=DIRECTION('',(0.,-1.,0.));
#4862=DIRECTION('',(0.,0.,1.));
#4863=DIRECTION('',(0.,0.303203657276947,0.952925780013262));
#4864=DIRECTION('',(1.,0.,0.));
#4865=DIRECTION('',(0.,0.,-1.));
#4866=DIRECTION('',(1.,0.,0.));
#4867=DIRECTION('',(0.,0.,1.));
#4868=DIRECTION('',(1.,0.,0.));
#4869=DIRECTION('',(1.,0.,0.));
#4870=DIRECTION('',(0.,1.,0.));
#4871=DIRECTION('',(0.,0.,1.));
#4872=DIRECTION('',(0.,0.952925780013262,-0.303203657276947));
#4873=DIRECTION('',(0.,0.303203657276947,0.952925780013262));
#4874=DIRECTION('',(0.,-1.,0.));
#4875=DIRECTION('',(0.,0.,-1.));
#4876=DIRECTION('',(0.,-1.,0.));
#4877=DIRECTION('',(-1.,0.,0.));
#4878=DIRECTION('',(0.,0.,-1.));
#4879=DIRECTION('',(0.,0.,1.));
#4880=DIRECTION('',(-1.,0.,0.));
#4881=DIRECTION('',(0.,0.,-1.));
#4882=DIRECTION('',(1.,0.,0.));
#4883=DIRECTION('',(0.,0.,-1.));
#4884=DIRECTION('',(0.,-1.,0.));
#4885=DIRECTION('',(-1.,0.,-3.85379919129919E-17));
#4886=DIRECTION('',(3.85379919129919E-17,0.,-1.));
#4887=DIRECTION('',(-1.,0.,-3.84891771232354E-17));
#4888=DIRECTION('',(0.,0.,-1.));
#4889=DIRECTION('',(1.,0.,0.));
#4890=DIRECTION('',(0.,0.,1.));
#4891=DIRECTION('',(1.,0.,0.));
#4892=DIRECTION('',(0.,0.,1.));
#4893=DIRECTION('',(-1.,0.,0.));
#4894=DIRECTION('',(0.,0.,1.));
#4895=DIRECTION('',(1.,0.,3.85379919129919E-17));
#4896=DIRECTION('',(-1.,0.,0.));
#4897=DIRECTION('',(0.,1.,0.));
#4898=DIRECTION('',(0.,0.,1.));
#4899=DIRECTION('',(-1.,0.,-3.85379919129919E-17));
#4900=DIRECTION('',(-3.85379919129919E-17,0.,1.));
#4901=DIRECTION('',(1.,0.,0.));
#4902=DIRECTION('',(0.,0.,-1.));
#4903=DIRECTION('',(0.,0.,-1.));
#4904=DIRECTION('',(1.,4.29386999004161E-16,0.));
#4905=DIRECTION('',(-4.29386999004161E-16,1.,0.));
#4906=DIRECTION('',(-1.,-4.2934406030426E-16,0.));
#4907=DIRECTION('',(0.,0.,-1.));
#4908=DIRECTION('',(0.,1.,0.));
#4909=DIRECTION('',(-1.,0.,0.));
#4910=DIRECTION('',(0.,0.,1.));
#4911=DIRECTION('',(0.,0.,-1.));
#4912=DIRECTION('',(-1.,-4.2938699900416E-16,0.));
#4913=DIRECTION('',(-1.,-6.50521303491302E-16,0.));
#4914=DIRECTION('',(-1.,-4.2938699900416E-16,0.));
#4915=DIRECTION('',(4.2938699900416E-16,-1.,0.));
#4916=DIRECTION('',(1.,4.2934406030426E-16,0.));
#4917=DIRECTION('',(1.,4.25177322543335E-16,0.));
#4918=DIRECTION('',(-1.,-2.16840434497101E-16,0.));
#4919=DIRECTION('',(1.,-8.50354645086671E-16,0.));
#4920=DIRECTION('',(0.,-1.,0.));
#4921=DIRECTION('',(-1.,-2.71050543121375E-16,0.));
#4922=DIRECTION('',(0.,1.,0.));
#4923=DIRECTION('',(1.,0.,0.));
#4924=DIRECTION('',(0.,-1.,0.));
#4925=DIRECTION('',(-1.,0.,0.));
#4926=DIRECTION('',(0.,1.,0.));
#4927=DIRECTION('',(0.,0.,1.));
#4928=DIRECTION('',(1.,0.,0.));
#4929=DIRECTION('',(0.,0.,-1.));
#4930=DIRECTION('',(0.,1.,0.));
#4931=DIRECTION('',(0.,0.,-1.));
#4932=DIRECTION('',(-1.,0.,0.));
#4933=DIRECTION('',(0.,0.,1.));
#4934=DIRECTION('',(0.,0.,-1.));
#4935=DIRECTION('',(-1.,8.50354645086671E-16,0.));
#4936=DIRECTION('',(-8.50354645086671E-16,-1.,0.));
#4937=DIRECTION('',(1.,-8.50339763880381E-16,0.));
#4938=DIRECTION('',(0.,0.79709214815401,-0.603857687995463));
#4939=DIRECTION('',(0.,-1.,0.));
#4940=DIRECTION('',(1.,0.,0.));
#4941=DIRECTION('',(0.,0.,-1.));
#4942=DIRECTION('',(0.,1.,0.));
#4943=DIRECTION('',(0.,-0.79709214815401,0.603857687995463));
#4944=DIRECTION('',(0.,0.,-1.));
#4945=DIRECTION('',(-1.,0.,0.));
#4946=DIRECTION('',(0.,0.,1.));
#4947=DIRECTION('',(0.,0.,-1.));
#4948=DIRECTION('',(-1.,-4.25177322543335E-16,0.));
#4949=DIRECTION('',(4.25177322543335E-16,-1.,0.));
#4950=DIRECTION('',(1.,4.25224092048815E-16,0.));
#4951=DIRECTION('',(0.,0.,-1.));
#4952=DIRECTION('',(0.,-1.,0.));
#4953=DIRECTION('',(1.,0.,0.));
#4954=DIRECTION('',(0.,0.,-1.));
#4955=DIRECTION('',(-0.707106781186548,0.,-0.707106781186548));
#4956=DIRECTION('',(1.,0.,0.));
#4957=DIRECTION('',(0.,1.,0.));
#4958=DIRECTION('',(0.,0.,1.));
#4959=DIRECTION('',(1.,2.71050543121375E-16,0.));
#4960=DIRECTION('',(-0.707106781186547,-1.91661677085421E-16,0.707106781186548));
#4961=DIRECTION('',(-2.71050543121375E-16,1.,0.));
#4962=DIRECTION('',(-1.,-2.71050543121376E-16,0.));
#4963=DIRECTION('',(-1.,-2.16840434497101E-16,0.));
#4964=DIRECTION('',(0.,-1.,0.));
#4965=DIRECTION('',(1.,0.,0.));
#4966=DIRECTION('',(0.,1.,0.));
#4967=DIRECTION('',(0.,0.,1.));
#4968=DIRECTION('',(1.,0.,0.));
#4969=DIRECTION('',(0.,-2.16840434497101E-16,1.));
#4970=DIRECTION('',(-4.19015332361548E-16,1.,0.));
#4971=DIRECTION('',(0.,-2.16840434497101E-16,1.));
#4972=DIRECTION('',(4.19015332361548E-16,-1.,6.50521303491304E-16));
#4973=DIRECTION('',(-1.,-4.19015332361548E-16,-9.08594667302252E-32));
#4974=DIRECTION('',(4.18935719448399E-16,-1.,0.));
#4975=DIRECTION('',(1.,4.64021651057671E-46,0.));
#4976=DIRECTION('',(0.,-2.16840434497101E-16,1.));
#4977=DIRECTION('',(-1.,0.,-2.13992216043025E-30));
#4978=DIRECTION('',(-4.64021651057671E-46,1.,2.16840434497101E-16));
#4979=DIRECTION('',(0.,-2.16840434497101E-16,1.));
#4980=DIRECTION('',(0.,1.,0.));
#4981=DIRECTION('',(0.,-2.16840434497101E-16,1.));
#4982=DIRECTION('',(0.,-1.,6.50521303491307E-16));
#4983=DIRECTION('',(-1.,0.,0.));
#4984=DIRECTION('',(0.,0.,1.));
#4985=DIRECTION('',(-0.707106781186552,-4.59988025005014E-16,0.707106781186543));
#4986=DIRECTION('',(0.,-2.16840434497101E-16,1.));
#4987=DIRECTION('',(-1.,-4.33680868994202E-16,3.85185988877448E-31));
#4988=DIRECTION('',(-0.707106781186553,-1.53329341668342E-16,-0.707106781186542));
#4989=DIRECTION('',(-4.33680868994202E-16,1.,2.16840434497101E-16));
#4990=DIRECTION('',(-1.,-4.33680868994202E-16,0.));
#4991=DIRECTION('',(0.,-1.,0.));
#4992=DIRECTION('',(0.,-2.16840434497101E-16,1.));
#4993=DIRECTION('',(0.,1.,-6.50521303491307E-16));
#4994=DIRECTION('',(1.,0.,0.));
#4995=DIRECTION('',(0.,0.,-1.));
#4996=DIRECTION('',(1.,1.80700362080917E-15,0.));
#4997=DIRECTION('',(0.,-2.16840434497101E-16,1.));
#4998=DIRECTION('',(-1.,-1.80700362080917E-15,1.42661477362017E-30));
#4999=DIRECTION('',(-1.80700362080917E-15,1.,2.16840434497101E-16));
#5000=DIRECTION('',(-1.,-1.80703976088159E-15,0.));
#5001=DIRECTION('',(4.19015332361548E-16,-1.,0.));
#5002=DIRECTION('',(0.,-2.16840434497101E-16,1.));
#5003=DIRECTION('',(-4.19015332361548E-16,1.,-6.50521303491303E-16));
#5004=DIRECTION('',(1.,4.19015332361548E-16,9.08594667302251E-32));
#5005=DIRECTION('',(-4.18935719448399E-16,1.,0.));
#5006=DIRECTION('',(-1.,3.1275062667851E-16,0.));
#5007=DIRECTION('',(1.,-3.1275062667851E-16,9.25927857878477E-32));
#5008=DIRECTION('',(-3.1275062667851E-16,-1.,-2.16840434497101E-16));
#5009=DIRECTION('',(1.,-3.12683906544819E-16,0.));
#5010=DIRECTION('',(2.13992216043025E-30,-6.50521303491304E-16,-1.));
#5011=DIRECTION('',(0.,1.,-6.50521303491303E-16));
#5012=DIRECTION('',(0.577350269189628,0.577350269189629,-0.57735026918962));
#5013=DIRECTION('',(0.707106781186543,0.,0.707106781186552));
#5014=DIRECTION('',(0.,-1.,0.));
#5015=DIRECTION('',(0.577350269189626,0.57735026918963,-0.577350269189622));
#5016=DIRECTION('',(-1.2777445139028E-15,0.707106781186543,0.707106781186552));
#5017=DIRECTION('',(1.,1.80703976088159E-15,0.));
#5018=DIRECTION('',(0.577350269189629,-0.577350269189625,-0.577350269189624));
#5019=DIRECTION('',(0.707106781186545,2.96288582933984E-16,0.70710678118655));
#5020=DIRECTION('',(4.18935719448399E-16,-1.,0.));
#5021=DIRECTION('',(-0.577350269189628,-0.577350269189625,-0.577350269189624));
#5022=DIRECTION('',(-2.21148088944717E-16,-0.707106781186547,0.707106781186548));
#5023=DIRECTION('',(-1.,3.12683906544819E-16,0.));
#5024=DIRECTION('',(-0.577350269189626,0.577350269189629,-0.577350269189622));
#5025=DIRECTION('',(-0.707106781186545,-2.96288582933985E-16,0.70710678118655));
#5026=DIRECTION('',(-4.18935719448399E-16,1.,0.));
#5027=DIRECTION('',(-0.57735026918963,0.577350269189628,-0.57735026918962));
#5028=DIRECTION('',(-3.28112856080255E-46,0.707106781186543,0.707106781186552));
#5029=DIRECTION('',(1.,0.,0.));
#5030=DIRECTION('',(-0.707106781186542,0.,0.707106781186553));
#5031=DIRECTION('',(0.,1.,0.));
#5032=DIRECTION('',(-1.30940763439351E-16,0.603857687995463,0.79709214815401));
#5033=DIRECTION('',(-1.,-2.16840434497101E-16,0.));
#5034=DIRECTION('',(0.577350269189626,0.577350269189626,0.577350269189626));
#5035=DIRECTION('',(-0.707106781186547,0.,0.707106781186547));
#5036=DIRECTION('',(0.,-1.,0.));
#5037=DIRECTION('',(-0.577350269189626,0.577350269189626,0.577350269189626));
#5038=DIRECTION('',(0.,-0.707106781186548,0.707106781186547));
#5039=DIRECTION('',(1.,0.,0.));
#5040=DIRECTION('',(0.707106781186548,0.,0.707106781186547));
#5041=DIRECTION('',(0.,1.,0.));
#5042=DIRECTION('',(1.,4.29386999004161E-16,0.));
#5043=DIRECTION('',(0.,0.,-1.));
#5044=DIRECTION('',(-4.29386999004161E-16,1.,0.));
#5045=DIRECTION('',(-1.,-4.2934406030426E-16,0.));
#5046=DIRECTION('',(2.1793008492171E-16,-1.,0.));
#5047=DIRECTION('',(0.,0.,-1.));
#5048=DIRECTION('',(1.,2.1793008492171E-16,0.));
#5049=DIRECTION('',(-2.18141477104083E-16,1.,0.));
#5050=DIRECTION('',(-1.,-4.2938699900416E-16,0.));
#5051=DIRECTION('',(4.2938699900416E-16,-1.,0.));
#5052=DIRECTION('',(1.,4.2934406030426E-16,0.));
#5053=DIRECTION('',(1.,4.25177322543335E-16,0.));
#5054=DIRECTION('',(-1.,-2.16840434497101E-16,0.));
#5055=DIRECTION('',(1.,-8.50354645086671E-16,0.));
#5056=DIRECTION('',(0.,-1.,0.));
#5057=DIRECTION('',(-1.,-2.71050543121375E-16,0.));
#5058=DIRECTION('',(0.,1.,0.));
#5059=DIRECTION('',(1.,0.,0.));
#5060=DIRECTION('',(0.,-1.,0.));
#5061=DIRECTION('',(-1.,0.,0.));
#5062=DIRECTION('',(0.,1.,0.));
#5063=DIRECTION('',(0.,0.,1.));
#5064=DIRECTION('',(1.,0.,0.));
#5065=DIRECTION('',(0.,0.,-1.));
#5066=DIRECTION('',(2.1793008492171E-16,-1.,0.));
#5067=DIRECTION('',(1.,2.1793008492171E-16,0.));
#5068=DIRECTION('',(-2.17924636669586E-16,1.,0.));
#5069=DIRECTION('',(1.,4.29386999004161E-16,0.));
#5070=DIRECTION('',(-4.29386999004161E-16,1.,0.));
#5071=DIRECTION('',(-1.,-4.2934406030426E-16,0.));
#5072=DIRECTION('',(1.,4.25177322543335E-16,0.));
#5073=DIRECTION('',(-1.,-2.16840434497101E-16,0.));
#5074=DIRECTION('',(1.,-8.50354645086671E-16,0.));
#5075=DIRECTION('',(0.,-1.,0.));
#5076=DIRECTION('',(-1.,-2.71050543121375E-16,0.));
#5077=DIRECTION('',(0.,1.,0.));
#5078=DIRECTION('',(1.,0.,0.));
#5079=DIRECTION('',(0.,-1.,0.));
#5080=DIRECTION('',(-1.,0.,0.));
#5081=DIRECTION('',(0.,1.,0.));
#5082=DIRECTION('',(0.,0.,1.));
#5083=DIRECTION('',(1.,0.,0.));
#5084=DIRECTION('',(0.,0.,1.));
#5085=DIRECTION('',(0.,-1.,0.));
#5086=DIRECTION('',(0.,0.,1.));
#5087=DIRECTION('',(-1.,0.,0.));
#5088=DIRECTION('',(0.,0.,1.));
#5089=DIRECTION('',(0.,0.,1.));
#5090=DIRECTION('',(1.,-8.50354645086671E-16,0.));
#5091=DIRECTION('',(-8.50354645086671E-16,-1.,0.));
#5092=DIRECTION('',(1.,-8.50339763880381E-16,0.));
#5093=DIRECTION('',(0.,0.79709214815401,-0.603857687995463));
#5094=DIRECTION('',(0.,1.,0.));
#5095=DIRECTION('',(1.,0.,0.));
#5096=DIRECTION('',(0.,0.,-1.));
#5097=DIRECTION('',(0.,-1.,0.));
#5098=DIRECTION('',(0.,-0.79709214815401,0.603857687995463));
#5099=DIRECTION('',(0.,0.,1.));
#5100=DIRECTION('',(-1.,0.,0.));
#5101=DIRECTION('',(0.,0.,1.));
#5102=DIRECTION('',(0.,0.,1.));
#5103=DIRECTION('',(1.,4.25177322543335E-16,0.));
#5104=DIRECTION('',(4.25177322543335E-16,-1.,0.));
#5105=DIRECTION('',(1.,4.25224092048815E-16,0.));
#5106=DIRECTION('',(0.,0.,1.));
#5107=DIRECTION('',(0.,1.,0.));
#5108=DIRECTION('',(1.,0.,0.));
#5109=DIRECTION('',(0.,0.,-1.));
#5110=DIRECTION('',(-0.707106781186547,0.,-0.707106781186548));
#5111=DIRECTION('',(-1.,0.,0.));
#5112=DIRECTION('',(0.,1.,0.));
#5113=DIRECTION('',(0.,0.,1.));
#5114=DIRECTION('',(-1.,-2.71050543121375E-16,0.));
#5115=DIRECTION('',(-0.707106781186547,-1.91661677085421E-16,0.707106781186548));
#5116=DIRECTION('',(-2.71050543121375E-16,1.,0.));
#5117=DIRECTION('',(-1.,-2.71050543121376E-16,0.));
#5118=DIRECTION('',(1.,2.16840434497101E-16,0.));
#5119=DIRECTION('',(0.,1.,0.));
#5120=DIRECTION('',(-1.,0.,0.));
#5121=DIRECTION('',(0.,-1.,0.));
#5122=DIRECTION('',(0.,0.,1.));
#5123=DIRECTION('',(1.,0.,0.));
#5124=DIRECTION('',(0.,0.,1.));
#5125=DIRECTION('',(0.,-1.,0.));
#5126=DIRECTION('',(0.,0.,1.));
#5127=DIRECTION('',(-1.,0.,0.));
#5128=DIRECTION('',(0.,0.,1.));
#5129=DIRECTION('',(0.,0.,1.));
#5130=DIRECTION('',(1.,-8.50354645086671E-16,0.));
#5131=DIRECTION('',(-8.50354645086671E-16,-1.,0.));
#5132=DIRECTION('',(1.,-8.50339763880381E-16,0.));
#5133=DIRECTION('',(0.,0.79709214815401,-0.603857687995463));
#5134=DIRECTION('',(0.,1.,0.));
#5135=DIRECTION('',(1.,0.,0.));
#5136=DIRECTION('',(0.,0.,-1.));
#5137=DIRECTION('',(0.,-1.,0.));
#5138=DIRECTION('',(0.,-0.79709214815401,0.603857687995463));
#5139=DIRECTION('',(0.,0.,1.));
#5140=DIRECTION('',(-1.,0.,0.));
#5141=DIRECTION('',(0.,0.,1.));
#5142=DIRECTION('',(0.,0.,1.));
#5143=DIRECTION('',(1.,4.25177322543335E-16,0.));
#5144=DIRECTION('',(4.25177322543335E-16,-1.,0.));
#5145=DIRECTION('',(1.,4.25224092048815E-16,0.));
#5146=DIRECTION('',(0.,0.,1.));
#5147=DIRECTION('',(0.,1.,0.));
#5148=DIRECTION('',(1.,0.,0.));
#5149=DIRECTION('',(0.,0.,-1.));
#5150=DIRECTION('',(-0.707106781186548,0.,-0.707106781186548));
#5151=DIRECTION('',(-1.,0.,0.));
#5152=DIRECTION('',(0.,1.,0.));
#5153=DIRECTION('',(0.,0.,1.));
#5154=DIRECTION('',(-1.,-2.71050543121375E-16,0.));
#5155=DIRECTION('',(-0.707106781186548,-1.91661677085421E-16,0.707106781186548));
#5156=DIRECTION('',(-2.71050543121375E-16,1.,0.));
#5157=DIRECTION('',(-1.,-2.71050543121376E-16,0.));
#5158=DIRECTION('',(1.,2.16840434497101E-16,0.));
#5159=DIRECTION('',(0.,1.,0.));
#5160=DIRECTION('',(-1.,0.,0.));
#5161=DIRECTION('',(0.,-1.,0.));
#5162=DIRECTION('',(0.,0.,1.));
#5163=DIRECTION('',(1.,0.,0.));
#5164=DIRECTION('',(0.,2.16840434497101E-16,-1.));
#5165=DIRECTION('',(-4.19015332361548E-16,1.,0.));
#5166=DIRECTION('',(0.,2.16840434497101E-16,-1.));
#5167=DIRECTION('',(-4.19015332361548E-16,1.,-6.50521303491304E-16));
#5168=DIRECTION('',(-1.,-4.19015332361548E-16,-9.08594667302252E-32));
#5169=DIRECTION('',(4.18935719448399E-16,-1.,0.));
#5170=DIRECTION('',(1.,4.64021651057671E-46,0.));
#5171=DIRECTION('',(0.,2.16840434497101E-16,-1.));
#5172=DIRECTION('',(1.,0.,2.13992216043025E-30));
#5173=DIRECTION('',(-4.64021651057671E-46,1.,2.16840434497101E-16));
#5174=DIRECTION('',(0.,-2.16840434497101E-16,1.));
#5175=DIRECTION('',(0.,1.,0.));
#5176=DIRECTION('',(0.,2.16840434497101E-16,-1.));
#5177=DIRECTION('',(0.,1.,-6.50521303491307E-16));
#5178=DIRECTION('',(-1.,0.,0.));
#5179=DIRECTION('',(0.,0.,1.));
#5180=DIRECTION('',(-0.707106781186547,-4.59988025005013E-16,0.707106781186548));
#5181=DIRECTION('',(0.,2.16840434497101E-16,-1.));
#5182=DIRECTION('',(1.,4.33680868994202E-16,-3.85185988877448E-31));
#5183=DIRECTION('',(-0.707106781186547,-1.53329341668338E-16,-0.707106781186548));
#5184=DIRECTION('',(-4.33680868994202E-16,1.,2.16840434497101E-16));
#5185=DIRECTION('',(-1.,-4.33680868994202E-16,0.));
#5186=DIRECTION('',(0.,-1.,0.));
#5187=DIRECTION('',(0.,2.16840434497101E-16,-1.));
#5188=DIRECTION('',(0.,-1.,6.50521303491307E-16));
#5189=DIRECTION('',(1.,0.,0.));
#5190=DIRECTION('',(0.,0.,-1.));
#5191=DIRECTION('',(1.,1.80700362080917E-15,0.));
#5192=DIRECTION('',(0.,2.16840434497101E-16,-1.));
#5193=DIRECTION('',(1.,1.80700362080917E-15,-1.42661477362017E-30));
#5194=DIRECTION('',(-1.80700362080917E-15,1.,2.16840434497101E-16));
#5195=DIRECTION('',(-1.,-1.80703976088159E-15,0.));
#5196=DIRECTION('',(4.19015332361548E-16,-1.,0.));
#5197=DIRECTION('',(0.,2.16840434497101E-16,-1.));
#5198=DIRECTION('',(4.19015332361548E-16,-1.,6.50521303491303E-16));
#5199=DIRECTION('',(1.,4.19015332361548E-16,9.08594667302251E-32));
#5200=DIRECTION('',(-4.18935719448399E-16,1.,0.));
#5201=DIRECTION('',(-1.,3.1275062667851E-16,0.));
#5202=DIRECTION('',(-1.,3.1275062667851E-16,-9.25927857878477E-32));
#5203=DIRECTION('',(-3.1275062667851E-16,-1.,-2.16840434497101E-16));
#5204=DIRECTION('',(1.,-3.12683906544819E-16,0.));
#5205=DIRECTION('',(2.13992216043025E-30,-6.50521303491304E-16,-1.));
#5206=DIRECTION('',(0.,1.,-6.50521303491303E-16));
#5207=DIRECTION('',(0.,2.16840434497101E-16,-1.));
#5208=DIRECTION('',(-4.19015332361548E-16,1.,0.));
#5209=DIRECTION('',(0.,2.16840434497101E-16,-1.));
#5210=DIRECTION('',(-4.19015332361548E-16,1.,-6.50521303491304E-16));
#5211=DIRECTION('',(-1.,-4.19015332361548E-16,-9.08594667302252E-32));
#5212=DIRECTION('',(4.18935719448399E-16,-1.,0.));
#5213=DIRECTION('',(1.,4.64021651057671E-46,0.));
#5214=DIRECTION('',(0.,2.16840434497101E-16,-1.));
#5215=DIRECTION('',(1.,0.,2.13992216043025E-30));
#5216=DIRECTION('',(-4.64021651057671E-46,1.,2.16840434497101E-16));
#5217=DIRECTION('',(0.,-2.16840434497101E-16,1.));
#5218=DIRECTION('',(0.,1.,0.));
#5219=DIRECTION('',(0.,2.16840434497101E-16,-1.));
#5220=DIRECTION('',(0.,1.,-6.50521303491307E-16));
#5221=DIRECTION('',(-1.,0.,0.));
#5222=DIRECTION('',(0.,0.,1.));
#5223=DIRECTION('',(-0.707106781186546,-4.59988025005012E-16,0.707106781186549));
#5224=DIRECTION('',(0.,2.16840434497101E-16,-1.));
#5225=DIRECTION('',(1.,4.33680868994202E-16,-3.85185988877448E-31));
#5226=DIRECTION('',(-0.707106781186547,-1.53329341668338E-16,-0.707106781186548));
#5227=DIRECTION('',(-4.33680868994202E-16,1.,2.16840434497101E-16));
#5228=DIRECTION('',(-1.,-4.33680868994202E-16,0.));
#5229=DIRECTION('',(0.,-1.,0.));
#5230=DIRECTION('',(0.,2.16840434497101E-16,-1.));
#5231=DIRECTION('',(0.,-1.,6.50521303491307E-16));
#5232=DIRECTION('',(1.,0.,0.));
#5233=DIRECTION('',(0.,0.,-1.));
#5234=DIRECTION('',(1.,1.80700362080917E-15,0.));
#5235=DIRECTION('',(0.,2.16840434497101E-16,-1.));
#5236=DIRECTION('',(1.,1.80700362080917E-15,-1.42661477362017E-30));
#5237=DIRECTION('',(-1.80700362080917E-15,1.,2.16840434497101E-16));
#5238=DIRECTION('',(-1.,-1.80703976088159E-15,0.));
#5239=DIRECTION('',(4.19015332361548E-16,-1.,0.));
#5240=DIRECTION('',(0.,2.16840434497101E-16,-1.));
#5241=DIRECTION('',(4.19015332361548E-16,-1.,6.50521303491303E-16));
#5242=DIRECTION('',(1.,4.19015332361548E-16,9.08594667302251E-32));
#5243=DIRECTION('',(-4.18935719448399E-16,1.,0.));
#5244=DIRECTION('',(-1.,3.1275062667851E-16,0.));
#5245=DIRECTION('',(-1.,3.1275062667851E-16,-9.25927857878477E-32));
#5246=DIRECTION('',(-3.1275062667851E-16,-1.,-2.16840434497101E-16));
#5247=DIRECTION('',(1.,-3.12683906544819E-16,0.));
#5248=DIRECTION('',(2.13992216043025E-30,-6.50521303491304E-16,-1.));
#5249=DIRECTION('',(0.,1.,-6.50521303491303E-16));
#5250=DIRECTION('',(0.577350269189626,0.577350269189626,-0.577350269189626));
#5251=DIRECTION('',(0.707106781186548,0.,0.707106781186547));
#5252=DIRECTION('',(0.,-1.,0.));
#5253=DIRECTION('',(0.577350269189625,0.577350269189626,-0.577350269189626));
#5254=DIRECTION('',(-1.27774451390281E-15,0.707106781186548,0.707106781186547));
#5255=DIRECTION('',(1.,1.80703976088159E-15,0.));
#5256=DIRECTION('',(0.577350269189625,-0.577350269189626,-0.577350269189626));
#5257=DIRECTION('',(0.707106781186548,2.96288582933986E-16,0.707106781186547));
#5258=DIRECTION('',(4.18935719448399E-16,-1.,0.));
#5259=DIRECTION('',(-0.577350269189625,-0.577350269189626,-0.577350269189626));
#5260=DIRECTION('',(-2.21148088944717E-16,-0.707106781186547,0.707106781186548));
#5261=DIRECTION('',(-1.,3.12683906544819E-16,0.));
#5262=DIRECTION('',(-0.577350269189626,0.577350269189626,-0.577350269189626));
#5263=DIRECTION('',(-0.707106781186548,-2.96288582933986E-16,0.707106781186547));
#5264=DIRECTION('',(-4.18935719448399E-16,1.,0.));
#5265=DIRECTION('',(-0.577350269189626,0.577350269189625,-0.577350269189626));
#5266=DIRECTION('',(-3.28112856080257E-46,0.707106781186548,0.707106781186547));
#5267=DIRECTION('',(1.,0.,0.));
#5268=DIRECTION('',(-0.707106781186548,0.,0.707106781186547));
#5269=DIRECTION('',(0.,1.,0.));
#5270=DIRECTION('',(0.577350269189624,0.577350269189627,-0.577350269189626));
#5271=DIRECTION('',(0.707106781186549,0.,0.707106781186546));
#5272=DIRECTION('',(0.,-1.,0.));
#5273=DIRECTION('',(0.577350269189625,0.577350269189627,-0.577350269189626));
#5274=DIRECTION('',(-1.27774451390281E-15,0.707106781186547,0.707106781186547));
#5275=DIRECTION('',(1.,1.80703976088159E-15,0.));
#5276=DIRECTION('',(0.577350269189625,-0.577350269189626,-0.577350269189626));
#5277=DIRECTION('',(0.707106781186548,2.96288582933986E-16,0.707106781186547));
#5278=DIRECTION('',(4.18935719448399E-16,-1.,0.));
#5279=DIRECTION('',(-0.577350269189626,-0.577350269189625,-0.577350269189626));
#5280=DIRECTION('',(-2.21148088944717E-16,-0.707106781186548,0.707106781186547));
#5281=DIRECTION('',(-1.,3.12683906544819E-16,0.));
#5282=DIRECTION('',(-0.577350269189627,0.577350269189625,-0.577350269189626));
#5283=DIRECTION('',(-0.707106781186547,-2.96288582933985E-16,0.707106781186548));
#5284=DIRECTION('',(-4.18935719448399E-16,1.,0.));
#5285=DIRECTION('',(-0.577350269189626,0.577350269189625,-0.577350269189626));
#5286=DIRECTION('',(-3.28112856080257E-46,0.707106781186548,0.707106781186547));
#5287=DIRECTION('',(1.,0.,0.));
#5288=DIRECTION('',(-0.707106781186548,0.,0.707106781186547));
#5289=DIRECTION('',(0.,1.,0.));
#5290=DIRECTION('',(-1.30940763439351E-16,0.603857687995463,0.79709214815401));
#5291=DIRECTION('',(-1.,-2.16840434497101E-16,0.));
#5292=DIRECTION('',(-1.30940763439351E-16,0.603857687995463,0.79709214815401));
#5293=DIRECTION('',(-1.,-2.16840434497101E-16,0.));
#5294=DIRECTION('',(0.577350269189626,0.577350269189626,0.577350269189626));
#5295=DIRECTION('',(-0.707106781186547,0.,0.707106781186547));
#5296=DIRECTION('',(0.,-1.,0.));
#5297=DIRECTION('',(-0.577350269189626,0.577350269189626,0.577350269189626));
#5298=DIRECTION('',(0.,-0.707106781186548,0.707106781186547));
#5299=DIRECTION('',(1.,0.,0.));
#5300=DIRECTION('',(0.707106781186547,0.,0.707106781186547));
#5301=DIRECTION('',(0.,1.,0.));
#5302=DIRECTION('',(0.577350269189625,0.577350269189626,0.577350269189626));
#5303=DIRECTION('',(-0.707106781186548,0.,0.707106781186547));
#5304=DIRECTION('',(0.,-1.,0.));
#5305=DIRECTION('',(-0.577350269189626,0.577350269189626,0.577350269189626));
#5306=DIRECTION('',(0.,-0.707106781186548,0.707106781186547));
#5307=DIRECTION('',(1.,0.,0.));
#5308=DIRECTION('',(0.707106781186548,0.,0.707106781186547));
#5309=DIRECTION('',(0.,1.,0.));
#5310=DIRECTION('',(-1.,0.,0.));
#5311=DIRECTION('',(0.,1.,1.35525271560688E-16));
#5312=DIRECTION('',(0.,-1.35525271560688E-16,1.));
#5313=DIRECTION('',(-1.,0.,0.));
#5314=DIRECTION('',(0.,-1.,1.35525271560688E-16));
#5315=DIRECTION('',(0.,-1.35525271560688E-16,-1.));
#5316=DIRECTION('',(0.316227766016838,0.,0.948683298050514));
#5317=DIRECTION('',(0.,-1.,0.));
#5318=DIRECTION('',(0.,0.,-1.));
#5319=DIRECTION('',(-0.316227766016838,0.,-0.948683298050514));
#5320=DIRECTION('',(0.,1.,0.));
#5321=DIRECTION('',(0.,0.,1.));
#5322=DIRECTION('',(0.316227766016838,-2.08492802583868E-16,0.948683298050514));
#5323=DIRECTION('',(-1.,0.,0.));
#5324=DIRECTION('',(0.,1.,2.19770710638954E-16));
#5325=DIRECTION('',(0.,-2.19767780362812E-16,1.));
#5326=DIRECTION('',(0.,2.89120579329467E-15,-1.));
#5327=DIRECTION('',(0.,1.,2.89091667271535E-15));
#5328=DIRECTION('',(-1.,0.,0.));
#5329=DIRECTION('',(0.,-2.89120579329467E-15,-1.));
#5330=DIRECTION('',(0.,1.,-2.89091667271535E-15));
#5331=DIRECTION('',(-0.316227766016838,1.85326935630105E-16,-0.948683298050514));
#5332=DIRECTION('',(0.,-1.,-1.95351742790181E-16));
#5333=DIRECTION('',(0.,1.95373231481888E-16,-1.));
#5334=DIRECTION('',(-0.948683298050514,6.85709661831386E-16,0.316227766016838));
#5335=DIRECTION('',(0.,-1.,2.16840434497101E-15));
#5336=DIRECTION('',(-0.948683298050514,0.,0.316227766016838));
#5337=DIRECTION('',(0.,-1.,0.));
#5338=DIRECTION('',(1.,0.,0.));
#5339=DIRECTION('',(0.,-1.,-1.35525271560688E-16));
#5340=DIRECTION('',(0.,1.35525271560688E-16,-1.));
#5341=DIRECTION('',(1.,0.,0.));
#5342=DIRECTION('',(0.,1.,-1.35525271560688E-16));
#5343=DIRECTION('',(0.,1.35525271560688E-16,1.));
#5344=DIRECTION('',(-0.316227766016838,0.,0.948683298050514));
#5345=DIRECTION('',(0.,1.,0.));
#5346=DIRECTION('',(0.,0.,1.));
#5347=DIRECTION('',(0.316227766016838,0.,-0.948683298050514));
#5348=DIRECTION('',(0.,-1.,0.));
#5349=DIRECTION('',(0.,0.,-1.));
#5350=DIRECTION('',(-0.316227766016838,-2.08492802583868E-16,0.948683298050514));
#5351=DIRECTION('',(1.,0.,0.));
#5352=DIRECTION('',(0.,-1.,-2.19770710638954E-16));
#5353=DIRECTION('',(0.,2.19767780362812E-16,-1.));
#5354=DIRECTION('',(0.,-2.89120579329467E-15,1.));
#5355=DIRECTION('',(0.,-1.,-2.89091667271535E-15));
#5356=DIRECTION('',(1.,0.,0.));
#5357=DIRECTION('',(0.,2.89120579329467E-15,1.));
#5358=DIRECTION('',(0.,-1.,2.89091667271535E-15));
#5359=DIRECTION('',(0.316227766016838,1.85326935630105E-16,-0.948683298050514));
#5360=DIRECTION('',(0.,1.,1.95351742790181E-16));
#5361=DIRECTION('',(0.,-1.95373231481888E-16,1.));
#5362=DIRECTION('',(-0.948683298050514,-6.85709661831386E-16,-0.316227766016838));
#5363=DIRECTION('',(0.,1.,-2.16840434497101E-15));
#5364=DIRECTION('',(-0.948683298050514,0.,-0.316227766016838));
#5365=DIRECTION('',(0.,1.,0.));
#5366=DIRECTION('',(1.,7.04731412115577E-16,0.));
#5367=DIRECTION('',(-7.04731412115577E-16,1.,0.));
#5368=DIRECTION('',(-1.,-7.04731412115578E-16,0.));
#5369=DIRECTION('',(0.,0.,1.));
#5370=DIRECTION('',(1.,0.,0.));
#5371=CARTESIAN_POINT('',(0.,0.,0.));
#5372=CARTESIAN_POINT('',(-1.01,0.994999999999998,9.85));
#5373=CARTESIAN_POINT('',(-1.01,0.994999999999998,9.85));
#5374=CARTESIAN_POINT('',(-1.01,-0.994999999999997,9.85));
#5375=CARTESIAN_POINT('',(3.51,0.994999999999999,9.85));
#5376=CARTESIAN_POINT('',(3.51,0.994999999999999,9.85));
#5377=CARTESIAN_POINT('',(3.51,-0.994999999999997,9.85));
#5378=CARTESIAN_POINT('',(3.51,-0.994999999999996,9.85));
#5379=CARTESIAN_POINT('',(1.49,-0.994999999999997,9.85));
#5380=CARTESIAN_POINT('',(2.,-0.994999999999997,9.85));
#5381=CARTESIAN_POINT('',(2.,-1.74,9.84999999999999));
#5382=CARTESIAN_POINT('',(2.,-1.74,9.85));
#5383=CARTESIAN_POINT('',(-2.2,-1.74,9.85));
#5384=CARTESIAN_POINT('',(2.2,-1.74,9.85));
#5385=CARTESIAN_POINT('',(2.2,-1.74,9.85));
#5386=CARTESIAN_POINT('',(2.2,-2.5,9.85));
#5387=CARTESIAN_POINT('',(2.97,-2.5,9.85));
#5388=CARTESIAN_POINT('',(2.97,-2.5,9.85));
#5389=CARTESIAN_POINT('',(2.97,-1.74,9.84999999999999));
#5390=CARTESIAN_POINT('',(2.97,-1.74,9.84999999999998));
#5391=CARTESIAN_POINT('',(5.1,-1.74,9.85));
#5392=CARTESIAN_POINT('',(4.22,-1.74,9.85));
#5393=CARTESIAN_POINT('',(4.22,32.316,9.85));
#5394=CARTESIAN_POINT('',(4.22,1.7,9.85));
#5395=CARTESIAN_POINT('',(5.1,1.7,9.85));
#5396=CARTESIAN_POINT('',(-4.22,1.7,9.85));
#5397=CARTESIAN_POINT('',(-4.22,32.316,9.85));
#5398=CARTESIAN_POINT('',(-4.22,-1.74,9.85));
#5399=CARTESIAN_POINT('',(5.1,-1.74,9.85));
#5400=CARTESIAN_POINT('',(-2.97,-1.74,9.84999999999998));
#5401=CARTESIAN_POINT('',(-2.97,-1.74,9.84999999999999));
#5402=CARTESIAN_POINT('',(-2.97,-2.5,9.85));
#5403=CARTESIAN_POINT('',(2.97,-2.5,9.85));
#5404=CARTESIAN_POINT('',(-2.2,-2.5,9.85));
#5405=CARTESIAN_POINT('',(-2.2,-4.25,9.85));
#5406=CARTESIAN_POINT('',(-2.2,-1.74,9.85));
#5407=CARTESIAN_POINT('',(-2.2,-1.74,9.85));
#5408=CARTESIAN_POINT('',(-2.,-1.74,9.85));
#5409=CARTESIAN_POINT('',(-2.,-1.74,9.84999999999999));
#5410=CARTESIAN_POINT('',(-2.,-0.994999999999997,9.85));
#5411=CARTESIAN_POINT('',(-3.51,-0.994999999999997,9.85));
#5412=CARTESIAN_POINT('',(-3.51,-0.994999999999997,9.85));
#5413=CARTESIAN_POINT('',(-3.51,0.994999999999998,9.85));
#5414=CARTESIAN_POINT('',(-3.51,0.994999999999998,9.85));
#5415=CARTESIAN_POINT('',(-1.49,0.994999999999999,9.85));
#5416=CARTESIAN_POINT('',(-1.49,0.994999999999999,9.85));
#5417=CARTESIAN_POINT('',(-1.49,-1.455,9.84999999999999));
#5418=CARTESIAN_POINT('',(-1.49,-1.455,9.84999999999999));
#5419=CARTESIAN_POINT('',(2.,-1.455,9.84999999999998));
#5420=CARTESIAN_POINT('',(1.49,-1.455,9.84999999999999));
#5421=CARTESIAN_POINT('',(1.49,-0.955,9.84999999999999));
#5422=CARTESIAN_POINT('',(1.49,0.484999999999998,9.84999999999999));
#5423=CARTESIAN_POINT('',(0.750000000000002,0.484999999999997,9.84999999999999));
#5424=CARTESIAN_POINT('',(1.01,0.484999999999997,9.84999999999999));
#5425=CARTESIAN_POINT('',(1.01,-0.994999999999997,9.85));
#5426=CARTESIAN_POINT('',(1.01,-0.994999999999997,9.85));
#5427=CARTESIAN_POINT('',(-1.01,-0.994999999999997,9.85));
#5428=CARTESIAN_POINT('',(5.1,-1.74,9.85));
#5429=CARTESIAN_POINT('',(1.49,-0.955,14.));
#5430=CARTESIAN_POINT('',(1.49,0.484999999999998,14.));
#5431=CARTESIAN_POINT('',(1.49,0.994999999999998,14.));
#5432=CARTESIAN_POINT('',(1.49,0.484999999999998,-28.865));
#5433=CARTESIAN_POINT('',(1.49,-1.455,-28.865));
#5434=CARTESIAN_POINT('',(1.49,-1.455,14.2));
#5435=CARTESIAN_POINT('',(1.49,-0.955,14.2));
#5436=CARTESIAN_POINT('',(1.49,-0.994999999999997,14.2));
#5437=CARTESIAN_POINT('',(1.49,-0.994999999999997,15.7));
#5438=CARTESIAN_POINT('',(1.49,-0.994999999999997,15.7));
#5439=CARTESIAN_POINT('',(1.49,0.994999999999998,15.7));
#5440=CARTESIAN_POINT('',(1.49,0.994999999999998,15.7));
#5441=CARTESIAN_POINT('',(1.49,0.994999999999998,15.7));
#5442=CARTESIAN_POINT('',(1.49,-0.955,-28.865));
#5443=CARTESIAN_POINT('',(1.01,0.484999999999998,15.7));
#5444=CARTESIAN_POINT('',(1.01,0.484999999999997,14.));
#5445=CARTESIAN_POINT('',(1.01,-0.994999999999997,14.));
#5446=CARTESIAN_POINT('',(1.01,0.994999999999999,14.));
#5447=CARTESIAN_POINT('',(1.01,0.994999999999999,15.7));
#5448=CARTESIAN_POINT('',(1.01,0.994999999999999,15.7));
#5449=CARTESIAN_POINT('',(1.01,-0.994999999999997,15.7));
#5450=CARTESIAN_POINT('',(1.01,-0.994999999999997,15.7));
#5451=CARTESIAN_POINT('',(1.01,-0.994999999999997,15.7));
#5452=CARTESIAN_POINT('',(1.01,-0.994999999999997,15.7));
#5453=CARTESIAN_POINT('',(-5.1,-0.620000000000001,6.65));
#5454=CARTESIAN_POINT('',(-5.1,-0.620000000000001,6.65));
#5455=CARTESIAN_POINT('',(-5.1,-0.620000000000001,4.85));
#5456=CARTESIAN_POINT('',(-5.1,-1.22,4.85));
#5457=CARTESIAN_POINT('',(-5.1,-1.22,4.85));
#5458=CARTESIAN_POINT('',(-5.1,-1.22,2.21));
#5459=CARTESIAN_POINT('',(-5.1,-1.22,-4.33680868994202E-16));
#5460=CARTESIAN_POINT('',(-5.1,-1.74,0.));
#5461=CARTESIAN_POINT('',(-5.1,-1.74,0.));
#5462=CARTESIAN_POINT('',(-5.1,-1.74,9.85));
#5463=CARTESIAN_POINT('',(-5.1,-1.74,6.8));
#5464=CARTESIAN_POINT('',(-5.1,32.316,6.8));
#5465=CARTESIAN_POINT('',(-5.1,-1.22000000000001,6.8));
#5466=CARTESIAN_POINT('',(-5.1,-1.22,9.85));
#5467=CARTESIAN_POINT('',(-5.1,-1.22,6.65));
#5468=CARTESIAN_POINT('',(-5.1,-1.22,6.65));
#5469=CARTESIAN_POINT('',(-5.1,-1.74,9.85));
#5470=CARTESIAN_POINT('',(-5.1,1.18,6.79999999999999));
#5471=CARTESIAN_POINT('',(-4.22,1.18,9.65999999999999));
#5472=CARTESIAN_POINT('',(-5.1,1.18,6.8));
#5473=CARTESIAN_POINT('',(-4.22,32.316,9.66));
#5474=CARTESIAN_POINT('',(-4.22,1.7,9.66));
#5475=CARTESIAN_POINT('',(-5.1,1.7,6.8));
#5476=CARTESIAN_POINT('',(-5.1,1.7,6.8));
#5477=CARTESIAN_POINT('',(-5.1,32.316,6.8));
#5478=CARTESIAN_POINT('',(-5.1,32.316,6.8));
#5479=CARTESIAN_POINT('',(-5.1,-1.22000000000001,6.8));
#5480=CARTESIAN_POINT('',(-4.22,-1.22,9.66));
#5481=CARTESIAN_POINT('',(-5.1,-1.74,6.8));
#5482=CARTESIAN_POINT('',(-4.22,-1.74,9.66));
#5483=CARTESIAN_POINT('',(-4.22,32.316,9.66));
#5484=CARTESIAN_POINT('',(-5.1,32.316,6.8));
#5485=CARTESIAN_POINT('',(5.1,-1.22,2.21));
#5486=CARTESIAN_POINT('',(5.1,-1.22,4.85));
#5487=CARTESIAN_POINT('',(5.1,-1.22,-4.33680868994202E-16));
#5488=CARTESIAN_POINT('',(5.1,-1.74,4.85));
#5489=CARTESIAN_POINT('',(5.1,-0.620000000000001,4.85));
#5490=CARTESIAN_POINT('',(5.1,-0.620000000000001,6.65));
#5491=CARTESIAN_POINT('',(5.1,-0.620000000000001,6.65));
#5492=CARTESIAN_POINT('',(5.1,-1.22,6.65));
#5493=CARTESIAN_POINT('',(5.1,-1.22,6.65));
#5494=CARTESIAN_POINT('',(5.1,-1.22,9.85));
#5495=CARTESIAN_POINT('',(5.1,-1.22,6.8));
#5496=CARTESIAN_POINT('',(5.1,32.316,6.8));
#5497=CARTESIAN_POINT('',(5.1,-1.74,6.8));
#5498=CARTESIAN_POINT('',(5.1,-1.74,0.));
#5499=CARTESIAN_POINT('',(5.1,-1.74,-3.12284933782575E-16));
#5500=CARTESIAN_POINT('',(5.1,-1.74,-3.12284933782575E-16));
#5501=CARTESIAN_POINT('',(5.1,-1.74,0.));
#5502=CARTESIAN_POINT('',(5.1,0.58,2.21));
#5503=CARTESIAN_POINT('',(5.1,0.579999999999999,4.85));
#5504=CARTESIAN_POINT('',(5.1,0.579999999999999,6.65));
#5505=CARTESIAN_POINT('',(5.1,-1.73999999999999,4.85000000000001));
#5506=CARTESIAN_POINT('',(5.1,1.18,4.85));
#5507=CARTESIAN_POINT('',(5.1,1.18,-4.44089209850063E-16));
#5508=CARTESIAN_POINT('',(5.1,1.18,-3.12284933782575E-16));
#5509=CARTESIAN_POINT('',(5.1,-1.74,-3.12284933782575E-16));
#5510=CARTESIAN_POINT('',(5.1,1.7,-3.12284933782575E-16));
#5511=CARTESIAN_POINT('',(5.1,1.7,0.));
#5512=CARTESIAN_POINT('',(5.1,1.7,6.8));
#5513=CARTESIAN_POINT('',(5.1,32.316,6.8));
#5514=CARTESIAN_POINT('',(5.1,1.18,6.8));
#5515=CARTESIAN_POINT('',(5.1,1.18,6.65));
#5516=CARTESIAN_POINT('',(5.1,1.18,6.65));
#5517=CARTESIAN_POINT('',(5.1,0.579999999999999,6.65));
#5518=CARTESIAN_POINT('',(5.1,-1.74,0.));
#5519=CARTESIAN_POINT('',(4.22,32.316,9.66));
#5520=CARTESIAN_POINT('',(4.22,1.18,9.65999999999999));
#5521=CARTESIAN_POINT('',(4.22,1.7,9.66));
#5522=CARTESIAN_POINT('',(4.22,1.18,9.65999999999999));
#5523=CARTESIAN_POINT('',(4.22,1.7,9.66));
#5524=CARTESIAN_POINT('',(4.22,32.316,9.66));
#5525=CARTESIAN_POINT('',(-4.22,-1.22,-3.12284933782575E-16));
#5526=CARTESIAN_POINT('',(-4.22,-1.22,-4.33680868994202E-16));
#5527=CARTESIAN_POINT('',(-4.22,1.18,-3.12284933782575E-16));
#5528=CARTESIAN_POINT('',(-4.22,1.18,-3.12284933782575E-16));
#5529=CARTESIAN_POINT('',(-5.1,1.18,-3.12284933782575E-16));
#5530=CARTESIAN_POINT('',(-5.1,-1.74,0.));
#5531=CARTESIAN_POINT('',(-5.1,1.7,0.));
#5532=CARTESIAN_POINT('',(-5.1,1.7,-3.12284933782575E-16));
#5533=CARTESIAN_POINT('',(-4.22,1.7,-3.12284933782575E-16));
#5534=CARTESIAN_POINT('',(-4.22,2.5,-3.33066907387547E-16));
#5535=CARTESIAN_POINT('',(-4.22,2.15,-3.33066907387547E-16));
#5536=CARTESIAN_POINT('',(4.22,2.15,-3.25260651745651E-16));
#5537=CARTESIAN_POINT('',(4.22,2.15,-3.25260651745651E-16));
#5538=CARTESIAN_POINT('',(4.22,2.5,-3.25260651745651E-16));
#5539=CARTESIAN_POINT('',(4.22,1.7,-3.12284933782575E-16));
#5540=CARTESIAN_POINT('',(-5.1,1.7,-3.12284933782575E-16));
#5541=CARTESIAN_POINT('',(4.22,1.18,-3.12284933782575E-16));
#5542=CARTESIAN_POINT('',(4.22,1.18,-3.12284933782575E-16));
#5543=CARTESIAN_POINT('',(4.22,-1.22,-3.12284933782575E-16));
#5544=CARTESIAN_POINT('',(4.22,-1.22,-4.33680868994202E-16));
#5545=CARTESIAN_POINT('',(4.22,-1.22,-4.33680868994202E-16));
#5546=CARTESIAN_POINT('',(-5.1,-1.74,-3.12284933782575E-16));
#5547=CARTESIAN_POINT('',(-4.22,-1.22,-4.33680868994202E-16));
#5548=CARTESIAN_POINT('',(-3.,0.989999999999999,-2.47091021704738E-15));
#5549=CARTESIAN_POINT('',(-3.15,0.989999999999998,-3.12284933782575E-16));
#5550=CARTESIAN_POINT('',(-1.85,0.989999999999999,-2.47091021704738E-15));
#5551=CARTESIAN_POINT('',(-5.1,0.989999999999998,-3.12284933782575E-16));
#5552=CARTESIAN_POINT('',(-3.69,0.989999999999998,-3.12284933782575E-16));
#5553=CARTESIAN_POINT('',(-3.69,-1.74,-3.12284933782575E-16));
#5554=CARTESIAN_POINT('',(-3.69,-1.38,-3.12284933782575E-16));
#5555=CARTESIAN_POINT('',(-5.1,-1.38,-3.12284933782575E-16));
#5556=CARTESIAN_POINT('',(-1.31,-1.38,-3.12284933782575E-16));
#5557=CARTESIAN_POINT('',(-1.31,-1.74,-3.12284933782575E-16));
#5558=CARTESIAN_POINT('',(-1.31,0.99,-3.12284933782575E-16));
#5559=CARTESIAN_POINT('',(-5.1,0.989999999999993,-3.12284933782575E-16));
#5560=CARTESIAN_POINT('',(2.,0.989999999999999,-2.47091021704738E-15));
#5561=CARTESIAN_POINT('',(1.85,0.989999999999998,-3.12284933782575E-16));
#5562=CARTESIAN_POINT('',(3.15,0.989999999999999,-2.47091021704738E-15));
#5563=CARTESIAN_POINT('',(-5.1,0.989999999999998,-3.12284933782575E-16));
#5564=CARTESIAN_POINT('',(1.31,0.989999999999998,-3.12284933782575E-16));
#5565=CARTESIAN_POINT('',(1.31,-1.74,-3.12284933782575E-16));
#5566=CARTESIAN_POINT('',(1.31,-1.38,-3.12284933782575E-16));
#5567=CARTESIAN_POINT('',(-5.1,-1.38,-3.12284933782575E-16));
#5568=CARTESIAN_POINT('',(3.69,-1.38,-3.12284933782575E-16));
#5569=CARTESIAN_POINT('',(3.69,-1.74,-3.12284933782575E-16));
#5570=CARTESIAN_POINT('',(3.69,0.99,-3.12284933782575E-16));
#5571=CARTESIAN_POINT('',(-5.1,0.989999999999984,-3.12284933782575E-16));
#5572=CARTESIAN_POINT('',(-0.5,0.989999999999999,-2.47091021704738E-15));
#5573=CARTESIAN_POINT('',(-0.65,0.989999999999998,-3.12284933782575E-16));
#5574=CARTESIAN_POINT('',(0.649999999999999,0.989999999999999,-2.47091021704738E-15));
#5575=CARTESIAN_POINT('',(-5.1,0.989999999999998,-3.12284933782575E-16));
#5576=CARTESIAN_POINT('',(-1.19,0.989999999999998,-3.12284933782575E-16));
#5577=CARTESIAN_POINT('',(-1.19,-1.74,-3.12284933782575E-16));
#5578=CARTESIAN_POINT('',(-1.19,-1.38,-3.12284933782575E-16));
#5579=CARTESIAN_POINT('',(-5.1,-1.38,-3.12284933782575E-16));
#5580=CARTESIAN_POINT('',(1.19,-1.38,-3.12284933782575E-16));
#5581=CARTESIAN_POINT('',(1.19,-1.74,-3.12284933782575E-16));
#5582=CARTESIAN_POINT('',(1.19,0.99,-3.12284933782575E-16));
#5583=CARTESIAN_POINT('',(-5.1,0.989999999999989,-3.12284933782575E-16));
#5584=CARTESIAN_POINT('',(-5.1,-1.74,-3.12284933782575E-16));
#5585=CARTESIAN_POINT('',(2.,-0.994999999999995,14.2));
#5586=CARTESIAN_POINT('',(-2.,-0.994999999999997,14.2));
#5587=CARTESIAN_POINT('',(-1.49,-0.994999999999997,14.2));
#5588=CARTESIAN_POINT('',(-2.,-1.455,14.2));
#5589=CARTESIAN_POINT('',(-2.,-2.75,14.2));
#5590=CARTESIAN_POINT('',(2.,-2.75,14.2));
#5591=CARTESIAN_POINT('',(2.,-2.75,14.2));
#5592=CARTESIAN_POINT('',(2.,-1.455,14.2));
#5593=CARTESIAN_POINT('',(2.,-0.994999999999997,14.2));
#5594=CARTESIAN_POINT('',(2.,-0.994999999999997,14.2));
#5595=CARTESIAN_POINT('',(2.,-1.455,14.2));
#5596=CARTESIAN_POINT('',(-1.49,-1.455,14.2));
#5597=CARTESIAN_POINT('',(-1.49,-1.455,14.2));
#5598=CARTESIAN_POINT('',(2.,-1.455,14.2));
#5599=CARTESIAN_POINT('',(-2.,-0.994999999999997,13.1));
#5600=CARTESIAN_POINT('',(-2.,-1.74,12.8));
#5601=CARTESIAN_POINT('',(-2.,-1.74,12.8));
#5602=CARTESIAN_POINT('',(-2.,-2.34,12.8));
#5603=CARTESIAN_POINT('',(-2.,-2.33999999999999,13.4));
#5604=CARTESIAN_POINT('',(-2.,-2.75,13.4));
#5605=CARTESIAN_POINT('',(-2.,-2.75,13.4));
#5606=CARTESIAN_POINT('',(-2.,-2.75,13.1));
#5607=CARTESIAN_POINT('',(-2.,-3.05,13.1));
#5608=CARTESIAN_POINT('',(-2.,-3.05,8.64999999999998));
#5609=CARTESIAN_POINT('',(-2.,-3.05,8.64999999999998));
#5610=CARTESIAN_POINT('',(-2.,-3.6124,5.60999999999999));
#5611=CARTESIAN_POINT('',(-2.,-3.6124,5.60999999999999));
#5612=CARTESIAN_POINT('',(-2.,-4.15,5.60999999999999));
#5613=CARTESIAN_POINT('',(-2.,-4.15,5.60999999999999));
#5614=CARTESIAN_POINT('',(-2.,-4.15,8.33999999999999));
#5615=CARTESIAN_POINT('',(-2.,-4.15,8.33999999999999));
#5616=CARTESIAN_POINT('',(-2.,-4.01,8.33999999999999));
#5617=CARTESIAN_POINT('',(-2.,-4.01,8.33999999999999));
#5618=CARTESIAN_POINT('',(-2.,-3.65,8.69999999999999));
#5619=CARTESIAN_POINT('',(-2.,-3.65,8.69999999999999));
#5620=CARTESIAN_POINT('',(-2.,-3.65,13.3));
#5621=CARTESIAN_POINT('',(-2.,-3.65,13.3));
#5622=CARTESIAN_POINT('',(-2.,-2.75,13.3));
#5623=CARTESIAN_POINT('',(-2.,-2.75,13.1));
#5624=CARTESIAN_POINT('',(2.,-0.994999999999997,13.1));
#5625=CARTESIAN_POINT('',(2.,-2.75,13.3));
#5626=CARTESIAN_POINT('',(2.,-3.65,13.3));
#5627=CARTESIAN_POINT('',(2.,-3.65,13.3));
#5628=CARTESIAN_POINT('',(2.,-3.65,8.69999999999999));
#5629=CARTESIAN_POINT('',(2.,-3.65,8.69999999999999));
#5630=CARTESIAN_POINT('',(2.,-4.01,8.33999999999999));
#5631=CARTESIAN_POINT('',(2.,-4.01,8.33999999999999));
#5632=CARTESIAN_POINT('',(2.,-4.15,8.33999999999999));
#5633=CARTESIAN_POINT('',(2.,-4.15,8.33999999999999));
#5634=CARTESIAN_POINT('',(2.,-4.15,5.60999999999999));
#5635=CARTESIAN_POINT('',(2.,-4.15,5.60999999999999));
#5636=CARTESIAN_POINT('',(2.,-3.6124,5.60999999999999));
#5637=CARTESIAN_POINT('',(2.,-3.6124,5.60999999999999));
#5638=CARTESIAN_POINT('',(2.,-3.05,8.64999999999998));
#5639=CARTESIAN_POINT('',(2.,-3.05,8.64999999999998));
#5640=CARTESIAN_POINT('',(2.,-3.05,13.1));
#5641=CARTESIAN_POINT('',(2.,-2.75,13.1));
#5642=CARTESIAN_POINT('',(2.,-2.75,13.4));
#5643=CARTESIAN_POINT('',(2.,-2.75,13.4));
#5644=CARTESIAN_POINT('',(2.,-2.33999999999999,13.4));
#5645=CARTESIAN_POINT('',(2.,-2.34,12.8));
#5646=CARTESIAN_POINT('',(2.,-1.74,12.8));
#5647=CARTESIAN_POINT('',(2.,-1.74,12.8));
#5648=CARTESIAN_POINT('',(2.,-2.75,13.1));
#5649=CARTESIAN_POINT('',(-4.22,1.7,-3.33066907387547E-16));
#5650=CARTESIAN_POINT('',(-4.22,1.7,0.8));
#5651=CARTESIAN_POINT('',(-5.1,1.7,9.85));
#5652=CARTESIAN_POINT('',(-4.22,1.7,9.66));
#5653=CARTESIAN_POINT('',(4.22,1.7,9.85));
#5654=CARTESIAN_POINT('',(4.22,1.7,0.8));
#5655=CARTESIAN_POINT('',(4.22,1.7,0.8));
#5656=CARTESIAN_POINT('',(-4.22,1.7,0.8));
#5657=CARTESIAN_POINT('',(0.,1.7,0.));
#5658=CARTESIAN_POINT('',(-1.,-3.65,8.33999999999999));
#5659=CARTESIAN_POINT('',(-1.,-4.01,8.33999999999999));
#5660=CARTESIAN_POINT('',(-1.,-4.4,8.33999999999999));
#5661=CARTESIAN_POINT('',(2.,-4.01,8.33999999999999));
#5662=CARTESIAN_POINT('',(2.,-4.15,8.33999999999999));
#5663=CARTESIAN_POINT('',(-1.5,-4.15,8.33999999999999));
#5664=CARTESIAN_POINT('',(-1.5,-3.6124,8.33999999999999));
#5665=CARTESIAN_POINT('',(-1.5,-4.4,8.33999999999999));
#5666=CARTESIAN_POINT('',(1.5,-4.4,8.33999999999999));
#5667=CARTESIAN_POINT('',(2.,-4.01,8.33999999999999));
#5668=CARTESIAN_POINT('',(-1.,-5.,8.33999999999999));
#5669=CARTESIAN_POINT('',(-1.,-5.,7.73999999999999));
#5670=CARTESIAN_POINT('',(-1.,-5.,5.54999999999998));
#5671=CARTESIAN_POINT('',(1.5,-5.,7.73999999999999));
#5672=CARTESIAN_POINT('',(-1.5,-5.,7.73999999999999));
#5673=CARTESIAN_POINT('',(-1.5,-5.,7.73999999999999));
#5674=CARTESIAN_POINT('',(-1.5,-5.,4.77999999999999));
#5675=CARTESIAN_POINT('',(1.5,-5.,4.77999999999999));
#5676=CARTESIAN_POINT('',(1.5,-5.,4.77999999999999));
#5677=CARTESIAN_POINT('',(1.5,-5.,7.73999999999999));
#5678=CARTESIAN_POINT('',(1.5,-5.,7.73999999999999));
#5679=CARTESIAN_POINT('',(1.5,-5.,7.73999999999999));
#5680=CARTESIAN_POINT('',(1.,-5.,7.73999999999999));
#5681=CARTESIAN_POINT('',(1.,-5.,8.33999999999999));
#5682=CARTESIAN_POINT('',(1.,-5.,5.54999999999998));
#5683=CARTESIAN_POINT('',(1.,-5.,5.54999999999998));
#5684=CARTESIAN_POINT('',(1.5,-5.,7.73999999999999));
#5685=CARTESIAN_POINT('',(-1.,-4.96,2.64999999999998));
#5686=CARTESIAN_POINT('',(-1.,-4.96,2.64999999999998));
#5687=CARTESIAN_POINT('',(-1.,-4.16,2.64999999999998));
#5688=CARTESIAN_POINT('',(1.,-4.96,2.64999999999998));
#5689=CARTESIAN_POINT('',(1.,-4.96,2.64999999999998));
#5690=CARTESIAN_POINT('',(1.,-4.96,2.64999999999998));
#5691=CARTESIAN_POINT('',(1.,-4.16,2.64999999999998));
#5692=CARTESIAN_POINT('',(1.5,-4.16,2.64999999999998));
#5693=CARTESIAN_POINT('',(1.5,-4.16,2.64999999999998));
#5694=CARTESIAN_POINT('',(1.5,-5.,2.64999999999998));
#5695=CARTESIAN_POINT('',(1.5,-4.96,2.64999999999998));
#5696=CARTESIAN_POINT('',(1.95,-4.96,2.64999999999998));
#5697=CARTESIAN_POINT('',(1.95,-4.96,2.64999999999998));
#5698=CARTESIAN_POINT('',(1.95,-5.46,2.64999999999998));
#5699=CARTESIAN_POINT('',(1.95,-5.46,2.64999999999998));
#5700=CARTESIAN_POINT('',(1.95,-5.46,2.64999999999998));
#5701=CARTESIAN_POINT('',(-1.95,-5.46,2.64999999999998));
#5702=CARTESIAN_POINT('',(-1.95,-5.46,2.64999999999998));
#5703=CARTESIAN_POINT('',(-1.95,-4.96,2.64999999999998));
#5704=CARTESIAN_POINT('',(1.95,-4.96,2.64999999999998));
#5705=CARTESIAN_POINT('',(-1.5,-4.96,2.64999999999998));
#5706=CARTESIAN_POINT('',(-1.5,-5.,2.64999999999998));
#5707=CARTESIAN_POINT('',(-1.5,-4.16,2.64999999999998));
#5708=CARTESIAN_POINT('',(1.5,-4.16,2.64999999999998));
#5709=CARTESIAN_POINT('',(1.5,-5.,2.64999999999998));
#5710=CARTESIAN_POINT('',(-1.,-4.4,8.33999999999999));
#5711=CARTESIAN_POINT('',(-1.5,-4.4,8.33999999999999));
#5712=CARTESIAN_POINT('',(1.5,-4.4,8.33999999999999));
#5713=CARTESIAN_POINT('',(-1.49,-1.455,-28.865));
#5714=CARTESIAN_POINT('',(2.,-1.455,9.84999999999998));
#5715=CARTESIAN_POINT('',(1.5,0.,4.77999999999999));
#5716=CARTESIAN_POINT('',(1.5,-4.96,4.77999999999999));
#5717=CARTESIAN_POINT('',(1.5,-4.96,0.));
#5718=CARTESIAN_POINT('',(1.5,-4.16,2.64999999999998));
#5719=CARTESIAN_POINT('',(1.5,-3.6124,5.60999999999999));
#5720=CARTESIAN_POINT('',(1.5,-4.15,5.60999999999999));
#5721=CARTESIAN_POINT('',(1.5,-4.15,5.60999999999999));
#5722=CARTESIAN_POINT('',(1.5,-4.15,8.33999999999999));
#5723=CARTESIAN_POINT('',(1.5,-4.15,8.33999999999999));
#5724=CARTESIAN_POINT('',(1.5,-3.6124,8.33999999999999));
#5725=CARTESIAN_POINT('',(1.5,-4.4,8.33999999999999));
#5726=CARTESIAN_POINT('',(1.5,-4.4,8.33999999999999));
#5727=CARTESIAN_POINT('',(1.5,0.,0.));
#5728=CARTESIAN_POINT('',(-1.5,-4.96,0.));
#5729=CARTESIAN_POINT('',(-1.5,-4.96,4.77999999999999));
#5730=CARTESIAN_POINT('',(-1.5,0.,4.77999999999999));
#5731=CARTESIAN_POINT('',(-1.5,-4.15,8.33999999999999));
#5732=CARTESIAN_POINT('',(-1.5,-4.15,5.60999999999999));
#5733=CARTESIAN_POINT('',(-1.5,-4.15,5.60999999999999));
#5734=CARTESIAN_POINT('',(-1.5,-3.6124,5.60999999999999));
#5735=CARTESIAN_POINT('',(-1.5,-4.16,2.64999999999998));
#5736=CARTESIAN_POINT('',(-1.5,0.,0.));
#5737=CARTESIAN_POINT('',(2.,-4.15,5.60999999999999));
#5738=CARTESIAN_POINT('',(2.,-4.15,8.33999999999999));
#5739=CARTESIAN_POINT('',(2.,-3.6124,5.60999999999999));
#5740=CARTESIAN_POINT('',(2.,-4.15,5.60999999999999));
#5741=CARTESIAN_POINT('',(-1.7,-4.86,10.72));
#5742=CARTESIAN_POINT('',(-1.7,-4.86,7.48999999999999));
#5743=CARTESIAN_POINT('',(-1.7,-4.86,5.90999999999999));
#5744=CARTESIAN_POINT('',(2.97,-4.86,7.49));
#5745=CARTESIAN_POINT('',(-2.97,-4.86,7.49));
#5746=CARTESIAN_POINT('',(-2.97,-4.86,7.49));
#5747=CARTESIAN_POINT('',(-2.97,-4.86,5.90999999999999));
#5748=CARTESIAN_POINT('',(2.97,-4.86,5.90999999999999));
#5749=CARTESIAN_POINT('',(2.97,-4.86,7.49));
#5750=CARTESIAN_POINT('',(-2.2,-4.25,1.15));
#5751=CARTESIAN_POINT('',(-2.2,-2.74,1.15));
#5752=CARTESIAN_POINT('',(-2.2,-1.74,1.15));
#5753=CARTESIAN_POINT('',(2.97,-2.74,1.15));
#5754=CARTESIAN_POINT('',(-2.97,-2.74,1.15));
#5755=CARTESIAN_POINT('',(-2.97,-2.74,1.15));
#5756=CARTESIAN_POINT('',(-2.97,-1.74,1.15));
#5757=CARTESIAN_POINT('',(2.97,-1.74,1.15));
#5758=CARTESIAN_POINT('',(2.97,-2.74,1.15));
#5759=CARTESIAN_POINT('',(2.2,-1.74,1.15));
#5760=CARTESIAN_POINT('',(2.2,-1.74,1.15));
#5761=CARTESIAN_POINT('',(2.2,-2.74,1.15));
#5762=CARTESIAN_POINT('',(2.97,-1.74,1.15));
#5763=CARTESIAN_POINT('',(2.97,-1.74,1.15));
#5764=CARTESIAN_POINT('',(2.97,-2.74,1.15));
#5765=CARTESIAN_POINT('',(2.97,-2.74,1.15));
#5766=CARTESIAN_POINT('',(2.97,-2.74,1.15));
#5767=CARTESIAN_POINT('',(2.97,-2.74,1.15));
#5768=CARTESIAN_POINT('',(2.97,-4.45,5.90999999999999));
#5769=CARTESIAN_POINT('',(-2.,-4.45,5.90999999999999));
#5770=CARTESIAN_POINT('',(-1.7,-4.45,5.90999999999999));
#5771=CARTESIAN_POINT('',(-1.7,-4.86,5.90999999999999));
#5772=CARTESIAN_POINT('',(-2.97,-4.86,5.90999999999999));
#5773=CARTESIAN_POINT('',(-2.97,-3.04,5.90999999999999));
#5774=CARTESIAN_POINT('',(2.97,-3.04,5.90999999999999));
#5775=CARTESIAN_POINT('',(-2.2,-3.04,5.90999999999999));
#5776=CARTESIAN_POINT('',(-2.2,-4.86,5.90999999999999));
#5777=CARTESIAN_POINT('',(-2.2,-4.25,5.90999999999999));
#5778=CARTESIAN_POINT('',(0.690000000000007,-7.14,5.90999999999999));
#5779=CARTESIAN_POINT('',(2.97,-4.86,5.90999999999999));
#5780=CARTESIAN_POINT('',(2.97,-3.04,1.45));
#5781=CARTESIAN_POINT('',(-2.2,-3.04,1.45));
#5782=CARTESIAN_POINT('',(-2.97,-3.04,1.45));
#5783=CARTESIAN_POINT('',(-2.2,-3.04,5.90999999999999));
#5784=CARTESIAN_POINT('',(-2.97,-3.04,5.90999999999999));
#5785=CARTESIAN_POINT('',(2.97,-3.04,5.90999999999999));
#5786=CARTESIAN_POINT('',(-2.2,-2.74,1.45));
#5787=CARTESIAN_POINT('',(-2.97,-2.74,1.45));
#5788=CARTESIAN_POINT('',(2.97,-2.74,1.45));
#5789=CARTESIAN_POINT('',(-2.2,-2.94,9.41));
#5790=CARTESIAN_POINT('',(-2.2,-4.25,8.1));
#5791=CARTESIAN_POINT('',(-2.97,-2.5,9.85));
#5792=CARTESIAN_POINT('',(-1.7,-3.245,9.105));
#5793=CARTESIAN_POINT('',(-1.7,-4.45,7.9));
#5794=CARTESIAN_POINT('',(-1.7,-4.45,7.9));
#5795=CARTESIAN_POINT('',(-2.,-4.45,7.9));
#5796=CARTESIAN_POINT('',(-2.94,-3.51,8.84));
#5797=CARTESIAN_POINT('',(2.97,-2.5,9.85));
#5798=CARTESIAN_POINT('',(1.7,-3.04,9.31));
#5799=CARTESIAN_POINT('',(1.7,-4.45,7.9));
#5800=CARTESIAN_POINT('',(1.7,-4.86,7.49));
#5801=CARTESIAN_POINT('',(2.97,-4.86,7.49));
#5802=CARTESIAN_POINT('',(2.97,-4.86,7.49));
#5803=CARTESIAN_POINT('',(2.97,-2.5,9.85));
#5804=CARTESIAN_POINT('',(2.2,-1.685,10.665));
#5805=CARTESIAN_POINT('',(2.2,-4.25,8.1));
#5806=CARTESIAN_POINT('',(3.07333333333333,-3.37666666666667,8.97333333333333));
#5807=CARTESIAN_POINT('',(2.,-4.45,7.9));
#5808=CARTESIAN_POINT('',(2.,-4.45,7.9));
#5809=CARTESIAN_POINT('',(2.97,-2.5,9.85));
#5810=CARTESIAN_POINT('',(2.2,-1.74,10.72));
#5811=CARTESIAN_POINT('',(2.,-1.74,12.8));
#5812=CARTESIAN_POINT('',(-2.2,-1.74,10.72));
#5813=CARTESIAN_POINT('',(-2.97,-1.74,1.15));
#5814=CARTESIAN_POINT('',(-4.22,-1.74,9.66));
#5815=CARTESIAN_POINT('',(4.22,-1.74,9.66));
#5816=CARTESIAN_POINT('',(4.22,-1.74,9.66));
#5817=CARTESIAN_POINT('',(4.22,-1.74,9.85));
#5818=CARTESIAN_POINT('',(2.97,-1.74,1.15));
#5819=CARTESIAN_POINT('',(0.,-1.74,0.));
#5820=CARTESIAN_POINT('',(-5.1,1.18,-4.44089209850063E-16));
#5821=CARTESIAN_POINT('',(-5.1,1.18,4.85));
#5822=CARTESIAN_POINT('',(-5.1,0.580000000000005,4.85));
#5823=CARTESIAN_POINT('',(-5.1,0.579999999999999,4.85));
#5824=CARTESIAN_POINT('',(-5.1,0.58,2.21));
#5825=CARTESIAN_POINT('',(-5.1,0.579999999999999,6.65));
#5826=CARTESIAN_POINT('',(-5.1,0.579999999999999,6.65));
#5827=CARTESIAN_POINT('',(-5.1,1.18,6.65));
#5828=CARTESIAN_POINT('',(-5.1,1.18,6.65));
#5829=CARTESIAN_POINT('',(-5.1,-1.74,9.85));
#5830=CARTESIAN_POINT('',(4.22,32.316,9.66));
#5831=CARTESIAN_POINT('',(4.22,-1.22000000000001,9.66));
#5832=CARTESIAN_POINT('',(4.22,-1.22,9.85));
#5833=CARTESIAN_POINT('',(4.22,-1.22,6.65));
#5834=CARTESIAN_POINT('',(4.22,-1.22,6.65));
#5835=CARTESIAN_POINT('',(4.22,-0.620000000000001,6.65));
#5836=CARTESIAN_POINT('',(4.22,-0.620000000000001,6.65));
#5837=CARTESIAN_POINT('',(4.22,-0.62,2.21));
#5838=CARTESIAN_POINT('',(4.22,-0.62,2.21));
#5839=CARTESIAN_POINT('',(4.22,-1.22,2.21));
#5840=CARTESIAN_POINT('',(4.22,-1.22,2.21));
#5841=CARTESIAN_POINT('',(4.22,1.18,-4.44089209850063E-16));
#5842=CARTESIAN_POINT('',(4.22,1.18,2.21));
#5843=CARTESIAN_POINT('',(4.22,1.18,2.21));
#5844=CARTESIAN_POINT('',(4.22,0.58,2.21));
#5845=CARTESIAN_POINT('',(4.22,0.58,2.21));
#5846=CARTESIAN_POINT('',(4.22,0.579999999999999,6.65));
#5847=CARTESIAN_POINT('',(4.22,0.579999999999999,6.65));
#5848=CARTESIAN_POINT('',(4.22,1.18,6.65));
#5849=CARTESIAN_POINT('',(4.22,1.18,6.65));
#5850=CARTESIAN_POINT('',(4.22,32.316,9.85));
#5851=CARTESIAN_POINT('',(4.22,-1.22000000000001,9.66));
#5852=CARTESIAN_POINT('',(4.22,32.316,9.66));
#5853=CARTESIAN_POINT('',(-4.22,1.18,6.65));
#5854=CARTESIAN_POINT('',(-4.22,1.18,6.65));
#5855=CARTESIAN_POINT('',(-4.22,0.579999999999999,6.65));
#5856=CARTESIAN_POINT('',(-4.22,0.579999999999999,6.65));
#5857=CARTESIAN_POINT('',(-4.22,0.58,2.21));
#5858=CARTESIAN_POINT('',(-4.22,0.58,2.21));
#5859=CARTESIAN_POINT('',(-4.22,1.18,2.21));
#5860=CARTESIAN_POINT('',(-4.22,1.18,2.21));
#5861=CARTESIAN_POINT('',(-4.22,1.18,-4.44089209850063E-16));
#5862=CARTESIAN_POINT('',(-4.22,-1.22,2.21));
#5863=CARTESIAN_POINT('',(-4.22,-1.22,2.21));
#5864=CARTESIAN_POINT('',(-4.22,-0.62,2.21));
#5865=CARTESIAN_POINT('',(-4.22,-0.62,2.21));
#5866=CARTESIAN_POINT('',(-4.22,-0.620000000000001,6.65));
#5867=CARTESIAN_POINT('',(-4.22,-0.620000000000001,6.65));
#5868=CARTESIAN_POINT('',(-4.22,-1.22,6.65));
#5869=CARTESIAN_POINT('',(-4.22,-1.22,6.65));
#5870=CARTESIAN_POINT('',(-4.22,-1.22,9.85));
#5871=CARTESIAN_POINT('',(-4.22,32.316,9.66));
#5872=CARTESIAN_POINT('',(1.7,-4.86,10.72));
#5873=CARTESIAN_POINT('',(1.7,-4.86,5.90999999999999));
#5874=CARTESIAN_POINT('',(2.97,-4.86,5.90999999999999));
#5875=CARTESIAN_POINT('',(2.97,-4.86,5.90999999999999));
#5876=CARTESIAN_POINT('',(2.97,-4.86,7.49));
#5877=CARTESIAN_POINT('',(2.97,-4.86,7.49));
#5878=CARTESIAN_POINT('',(2.28,-4.17,5.90999999999999));
#5879=CARTESIAN_POINT('',(2.,-4.45,5.90999999999999));
#5880=CARTESIAN_POINT('',(2.2,-4.25,5.90999999999999));
#5881=CARTESIAN_POINT('',(2.2,-4.86,5.90999999999999));
#5882=CARTESIAN_POINT('',(2.2,-3.04,5.90999999999999));
#5883=CARTESIAN_POINT('',(2.97,-3.04,5.90999999999999));
#5884=CARTESIAN_POINT('',(2.97,-3.04,5.90999999999999));
#5885=CARTESIAN_POINT('',(2.97,-4.86,5.90999999999999));
#5886=CARTESIAN_POINT('',(1.7,-4.86,5.90999999999999));
#5887=CARTESIAN_POINT('',(1.7,-4.45,5.90999999999999));
#5888=CARTESIAN_POINT('',(2.97,-4.45,5.90999999999999));
#5889=CARTESIAN_POINT('',(2.97,-4.86,5.90999999999999));
#5890=CARTESIAN_POINT('',(2.2,-3.04,5.90999999999999));
#5891=CARTESIAN_POINT('',(2.2,-3.04,1.45));
#5892=CARTESIAN_POINT('',(2.97,-3.04,1.45));
#5893=CARTESIAN_POINT('',(2.97,-3.04,1.45));
#5894=CARTESIAN_POINT('',(2.97,-3.04,5.90999999999999));
#5895=CARTESIAN_POINT('',(2.97,-3.04,5.90999999999999));
#5896=CARTESIAN_POINT('',(2.2,-2.74,1.45));
#5897=CARTESIAN_POINT('',(2.97,-2.74,1.45));
#5898=CARTESIAN_POINT('',(2.97,-2.74,1.45));
#5899=CARTESIAN_POINT('',(2.97,-2.74,1.45));
#5900=CARTESIAN_POINT('',(-2.97,-2.74,1.45));
#5901=CARTESIAN_POINT('',(-1.7,-4.45,10.72));
#5902=CARTESIAN_POINT('',(-1.7,-4.86,10.72));
#5903=CARTESIAN_POINT('',(1.7,-4.45,10.72));
#5904=CARTESIAN_POINT('',(1.7,-4.45,10.72));
#5905=CARTESIAN_POINT('',(-2.2,-4.25,10.72));
#5906=CARTESIAN_POINT('',(-2.2,-4.25,10.72));
#5907=CARTESIAN_POINT('',(2.2,-4.25,10.72));
#5908=CARTESIAN_POINT('',(2.2,-1.74,10.72));
#5909=CARTESIAN_POINT('',(-2.,-4.45,10.72));
#5910=CARTESIAN_POINT('',(-1.7,-4.45,10.72));
#5911=CARTESIAN_POINT('',(-2.,-4.45,10.72));
#5912=CARTESIAN_POINT('',(2.,-4.45,10.72));
#5913=CARTESIAN_POINT('',(2.2,-4.25,10.72));
#5914=CARTESIAN_POINT('',(2.,-4.45,10.72));
#5915=CARTESIAN_POINT('',(0.95,-3.65,11.835));
#5916=CARTESIAN_POINT('',(0.95,-3.65,11.835));
#5917=CARTESIAN_POINT('',(-0.95,-3.65,11.835));
#5918=CARTESIAN_POINT('',(0.95,-3.65,9.84499999999999));
#5919=CARTESIAN_POINT('',(0.95,-3.65,9.84499999999999));
#5920=CARTESIAN_POINT('',(0.95,-3.65,9.84499999999999));
#5921=CARTESIAN_POINT('',(-0.95,-3.65,9.84499999999999));
#5922=CARTESIAN_POINT('',(-0.95,-3.65,9.84499999999999));
#5923=CARTESIAN_POINT('',(2.,-3.65,8.69999999999999));
#5924=CARTESIAN_POINT('',(2.,-3.65,13.3));
#5925=CARTESIAN_POINT('',(2.,-3.65,13.3));
#5926=CARTESIAN_POINT('',(2.,-4.01,8.33999999999999));
#5927=CARTESIAN_POINT('',(1.,-4.01,8.33999999999999));
#5928=CARTESIAN_POINT('',(2.,-4.01,8.33999999999999));
#5929=CARTESIAN_POINT('',(2.,-3.65,8.69999999999999));
#5930=CARTESIAN_POINT('',(1.,-3.65,8.33999999999999));
#5931=CARTESIAN_POINT('',(1.,-4.4,8.33999999999999));
#5932=CARTESIAN_POINT('',(1.5,-4.4,8.33999999999999));
#5933=CARTESIAN_POINT('',(2.,-4.15,8.33999999999999));
#5934=CARTESIAN_POINT('',(2.,-4.01,8.33999999999999));
#5935=CARTESIAN_POINT('',(2.,-4.15,5.60999999999999));
#5936=CARTESIAN_POINT('',(2.,-4.15,8.33999999999999));
#5937=CARTESIAN_POINT('',(2.,-3.6124,5.60999999999999));
#5938=CARTESIAN_POINT('',(2.,-4.15,5.60999999999999));
#5939=CARTESIAN_POINT('',(1.,-3.6124,5.60999999999999));
#5940=CARTESIAN_POINT('',(1.,-3.4126,6.68999999999999));
#5941=CARTESIAN_POINT('',(2.,-3.4126,6.68999999999999));
#5942=CARTESIAN_POINT('',(-1.,-3.4126,6.68999999999999));
#5943=CARTESIAN_POINT('',(-1.,-3.6124,5.60999999999999));
#5944=CARTESIAN_POINT('',(2.,-3.05,8.64999999999998));
#5945=CARTESIAN_POINT('',(2.,-3.6124,5.60999999999999));
#5946=CARTESIAN_POINT('',(2.,-3.05,13.1));
#5947=CARTESIAN_POINT('',(2.,-3.05,8.64999999999998));
#5948=CARTESIAN_POINT('',(2.,-2.75,13.4));
#5949=CARTESIAN_POINT('',(2.,-2.75,13.1));
#5950=CARTESIAN_POINT('',(2.,-2.33999999999999,13.4));
#5951=CARTESIAN_POINT('',(2.,-2.75,13.4));
#5952=CARTESIAN_POINT('',(2.,-2.34,12.8));
#5953=CARTESIAN_POINT('',(2.,-2.75,13.3));
#5954=CARTESIAN_POINT('',(1.,-4.4,8.33999999999999));
#5955=CARTESIAN_POINT('',(1.5,-4.4,8.33999999999999));
#5956=CARTESIAN_POINT('',(1.95,-4.96,4.77999999999999));
#5957=CARTESIAN_POINT('',(-1.95,-4.96,4.77999999999999));
#5958=CARTESIAN_POINT('',(-1.95,-4.96,2.64999999999998));
#5959=CARTESIAN_POINT('',(1.95,-4.96,2.64999999999998));
#5960=CARTESIAN_POINT('',(-1.95,-5.46,4.01999999999999));
#5961=CARTESIAN_POINT('',(-1.95,-5.46,4.01999999999999));
#5962=CARTESIAN_POINT('',(1.95,-5.46,4.01999999999999));
#5963=CARTESIAN_POINT('',(1.95,-5.46,4.01999999999999));
#5964=CARTESIAN_POINT('',(1.95,-5.46,4.01999999999999));
#5965=CARTESIAN_POINT('',(1.95,-5.46,4.01999999999999));
#5966=CARTESIAN_POINT('',(1.95,-4.96,4.77999999999999));
#5967=CARTESIAN_POINT('',(1.95,-4.96,4.77999999999999));
#5968=CARTESIAN_POINT('',(1.95,-4.96,2.64999999999998));
#5969=CARTESIAN_POINT('',(1.95,-4.96,2.64999999999998));
#5970=CARTESIAN_POINT('',(-1.95,-4.96,4.77999999999999));
#5971=CARTESIAN_POINT('',(-1.95,-5.23,4.77999999999999));
#5972=CARTESIAN_POINT('',(1.95,-5.23,4.77999999999999));
#5973=CARTESIAN_POINT('',(1.95,-5.23,4.77999999999999));
#5974=CARTESIAN_POINT('',(1.95,-4.96,4.77999999999999));
#5975=CARTESIAN_POINT('',(1.95,-4.96,4.77999999999999));
#5976=CARTESIAN_POINT('',(-1.95,-5.23,4.77999999999999));
#5977=CARTESIAN_POINT('',(-1.95,-5.23,4.01999999999999));
#5978=CARTESIAN_POINT('',(1.95,-5.23,4.01999999999999));
#5979=CARTESIAN_POINT('',(1.95,-5.23,4.01999999999999));
#5980=CARTESIAN_POINT('',(1.95,-5.23,4.77999999999999));
#5981=CARTESIAN_POINT('',(1.95,-5.23,4.77999999999999));
#5982=CARTESIAN_POINT('',(-1.95,-5.23,4.01999999999999));
#5983=CARTESIAN_POINT('',(1.95,-5.23,4.01999999999999));
#5984=CARTESIAN_POINT('',(1.95,-5.23,4.01999999999999));
#5985=CARTESIAN_POINT('',(1.95,0.,0.));
#5986=CARTESIAN_POINT('',(-1.95,0.,0.));
#5987=CARTESIAN_POINT('',(-1.49,-0.994999999999997,15.7));
#5988=CARTESIAN_POINT('',(-1.49,-0.994999999999997,15.7));
#5989=CARTESIAN_POINT('',(-1.49,0.994999999999999,15.7));
#5990=CARTESIAN_POINT('',(-1.49,0.994999999999999,15.7));
#5991=CARTESIAN_POINT('',(-1.49,-0.994999999999997,15.7));
#5992=CARTESIAN_POINT('',(-1.49,-1.455,-28.865));
#5993=CARTESIAN_POINT('',(-0.95,-4.37,10.235));
#5994=CARTESIAN_POINT('',(-0.95,-4.37,10.235));
#5995=CARTESIAN_POINT('',(-0.95,-4.37,10.045));
#5996=CARTESIAN_POINT('',(0.95,-4.37,10.045));
#5997=CARTESIAN_POINT('',(0.95,-4.37,10.045));
#5998=CARTESIAN_POINT('',(0.95,-4.37,10.235));
#5999=CARTESIAN_POINT('',(0.95,-4.37,10.235));
#6000=CARTESIAN_POINT('',(0.95,-4.37,10.235));
#6001=CARTESIAN_POINT('',(0.95,-4.37,10.235));
#6002=CARTESIAN_POINT('',(-0.95,-4.37,10.045));
#6003=CARTESIAN_POINT('',(0.95,-4.37,10.045));
#6004=CARTESIAN_POINT('',(0.95,-4.37,10.045));
#6005=CARTESIAN_POINT('',(-0.95,-3.65,11.835));
#6006=CARTESIAN_POINT('',(0.95,-3.65,11.835));
#6007=CARTESIAN_POINT('',(0.95,-3.65,11.835));
#6008=CARTESIAN_POINT('',(0.95,0.,0.));
#6009=CARTESIAN_POINT('',(-0.95,0.,0.));
#6010=CARTESIAN_POINT('',(-1.,-3.65,8.33999999999999));
#6011=CARTESIAN_POINT('',(-1.,-3.65,8.33999999999999));
#6012=CARTESIAN_POINT('',(1.,-3.65,8.33999999999999));
#6013=CARTESIAN_POINT('',(1.,-3.65,8.33999999999999));
#6014=CARTESIAN_POINT('',(1.,-3.65,8.33999999999999));
#6015=CARTESIAN_POINT('',(1.,-3.65,8.33999999999999));
#6016=CARTESIAN_POINT('',(1.,-3.05,6.68999999999999));
#6017=CARTESIAN_POINT('',(1.,-3.65,6.68999999999999));
#6018=CARTESIAN_POINT('',(1.,-3.65,6.68999999999999));
#6019=CARTESIAN_POINT('',(-1.,-3.65,6.68999999999999));
#6020=CARTESIAN_POINT('',(-1.,-3.05,6.68999999999999));
#6021=CARTESIAN_POINT('',(1.,-3.05,6.68999999999999));
#6022=CARTESIAN_POINT('',(1.,-4.47,4.18999999999999));
#6023=CARTESIAN_POINT('',(1.,-4.47,4.18999999999999));
#6024=CARTESIAN_POINT('',(1.,-4.47,5.54999999999998));
#6025=CARTESIAN_POINT('',(1.,-4.47,5.54999999999998));
#6026=CARTESIAN_POINT('',(1.,-5.,5.54999999999998));
#6027=CARTESIAN_POINT('',(1.,-3.65,6.68999999999999));
#6028=CARTESIAN_POINT('',(1.,0.,0.));
#6029=CARTESIAN_POINT('',(-1.,-3.65,6.68999999999999));
#6030=CARTESIAN_POINT('',(-1.,-5.,5.54999999999998));
#6031=CARTESIAN_POINT('',(-1.,-4.47,5.54999999999998));
#6032=CARTESIAN_POINT('',(-1.,-4.47,5.54999999999998));
#6033=CARTESIAN_POINT('',(-1.,-4.47,4.18999999999999));
#6034=CARTESIAN_POINT('',(-1.,-4.47,4.18999999999999));
#6035=CARTESIAN_POINT('',(-1.,0.,0.));
#6036=CARTESIAN_POINT('',(1.,-4.47,5.54999999999998));
#6037=CARTESIAN_POINT('',(1.,-5.,5.54999999999998));
#6038=CARTESIAN_POINT('',(1.,-4.47,4.18999999999999));
#6039=CARTESIAN_POINT('',(1.,-4.47,5.54999999999998));
#6040=CARTESIAN_POINT('',(1.,-4.47,4.18999999999999));
#6041=CARTESIAN_POINT('',(1.,-3.65,6.68999999999999));
#6042=CARTESIAN_POINT('',(-4.22,2.5,0.8));
#6043=CARTESIAN_POINT('',(-4.22,2.15,0.8));
#6044=CARTESIAN_POINT('',(-4.22,2.15,0.45));
#6045=CARTESIAN_POINT('',(-4.22,2.5,0.45));
#6046=CARTESIAN_POINT('',(-4.22,2.5,-3.33066907387547E-16));
#6047=CARTESIAN_POINT('',(-4.22,2.5,0.35));
#6048=CARTESIAN_POINT('',(-4.22,2.15,0.35));
#6049=CARTESIAN_POINT('',(-4.22,2.5,-3.33066907387547E-16));
#6050=CARTESIAN_POINT('',(4.22,2.5,0.8));
#6051=CARTESIAN_POINT('',(4.22,2.15,0.8));
#6052=CARTESIAN_POINT('',(-4.22,2.15,0.8));
#6053=CARTESIAN_POINT('',(-4.22,2.5,0.8));
#6054=CARTESIAN_POINT('',(4.22,2.5,0.8));
#6055=CARTESIAN_POINT('',(4.22,2.5,0.45));
#6056=CARTESIAN_POINT('',(4.22,2.5,0.35));
#6057=CARTESIAN_POINT('',(4.22,2.15,0.45));
#6058=CARTESIAN_POINT('',(4.22,2.15,0.35));
#6059=CARTESIAN_POINT('',(4.22,2.5,0.8));
#6060=CARTESIAN_POINT('',(4.22,2.5,0.45));
#6061=CARTESIAN_POINT('',(-4.22,2.5,0.35));
#6062=CARTESIAN_POINT('',(0.,2.5,0.));
#6063=CARTESIAN_POINT('',(-1.73420963608463E-17,2.15,0.45));
#6064=CARTESIAN_POINT('',(0.,2.15,0.35));
#6065=CARTESIAN_POINT('',(3.51,-0.994999999999997,15.7));
#6066=CARTESIAN_POINT('',(3.51,-0.994999999999997,15.7));
#6067=CARTESIAN_POINT('',(1.49,-0.994999999999997,15.7));
#6068=CARTESIAN_POINT('',(1.49,-0.994999999999997,15.7));
#6069=CARTESIAN_POINT('',(3.51,0.994999999999999,15.7));
#6070=CARTESIAN_POINT('',(3.51,0.994999999999999,15.7));
#6071=CARTESIAN_POINT('',(3.51,-0.994999999999997,15.7));
#6072=CARTESIAN_POINT('',(3.51,-0.994999999999997,15.7));
#6073=CARTESIAN_POINT('',(-1.01,0.994999999999998,15.7));
#6074=CARTESIAN_POINT('',(-1.01,0.994999999999998,15.7));
#6075=CARTESIAN_POINT('',(1.01,0.994999999999999,15.7));
#6076=CARTESIAN_POINT('',(1.75,0.994999999999998,14.));
#6077=CARTESIAN_POINT('',(3.51,0.994999999999999,15.7));
#6078=CARTESIAN_POINT('',(3.51,0.994999999999999,15.7));
#6079=CARTESIAN_POINT('',(2.75,-0.684999999999997,15.7));
#6080=CARTESIAN_POINT('',(2.75,-0.684999999999997,15.7));
#6081=CARTESIAN_POINT('',(3.26,-0.684999999999997,15.7));
#6082=CARTESIAN_POINT('',(2.25,-0.684999999999997,15.7));
#6083=CARTESIAN_POINT('',(2.25,-0.684999999999997,15.7));
#6084=CARTESIAN_POINT('',(1.74,-0.684999999999997,15.7));
#6085=CARTESIAN_POINT('',(1.74,-0.684999999999997,15.7));
#6086=CARTESIAN_POINT('',(1.74,-0.134999999999997,15.7));
#6087=CARTESIAN_POINT('',(1.74,-0.134999999999997,15.7));
#6088=CARTESIAN_POINT('',(2.04,-0.134999999999997,15.7));
#6089=CARTESIAN_POINT('',(1.79,-0.134999999999997,15.7));
#6090=CARTESIAN_POINT('',(1.79,0.435000000000003,15.7));
#6091=CARTESIAN_POINT('',(1.79,0.685000000000003,15.7));
#6092=CARTESIAN_POINT('',(2.96,0.685000000000003,15.7));
#6093=CARTESIAN_POINT('',(3.21,0.685000000000003,15.7));
#6094=CARTESIAN_POINT('',(3.21,-0.134999999999997,15.7));
#6095=CARTESIAN_POINT('',(3.21,-0.134999999999997,15.7));
#6096=CARTESIAN_POINT('',(3.26,-0.134999999999997,15.7));
#6097=CARTESIAN_POINT('',(3.26,-0.134999999999997,15.7));
#6098=CARTESIAN_POINT('',(3.26,-0.684999999999997,15.7));
#6099=CARTESIAN_POINT('',(0.,0.,15.7));
#6100=CARTESIAN_POINT('',(1.74,-0.684999999999997,15.45));
#6101=CARTESIAN_POINT('',(1.74,-0.684999999999997,15.45));
#6102=CARTESIAN_POINT('',(1.74,-0.134999999999997,15.45));
#6103=CARTESIAN_POINT('',(1.74,-0.134999999999997,15.45));
#6104=CARTESIAN_POINT('',(1.74,-0.134999999999997,15.45));
#6105=CARTESIAN_POINT('',(1.74,-0.134999999999997,15.45));
#6106=CARTESIAN_POINT('',(2.25,-0.684999999999997,15.45));
#6107=CARTESIAN_POINT('',(2.25,-0.684999999999997,15.45));
#6108=CARTESIAN_POINT('',(1.74,-0.684999999999997,15.45));
#6109=CARTESIAN_POINT('',(1.74,-0.684999999999997,15.45));
#6110=CARTESIAN_POINT('',(2.25,-0.354999999999997,15.45));
#6111=CARTESIAN_POINT('',(2.25,-0.354999999999997,15.45));
#6112=CARTESIAN_POINT('',(2.25,-0.684999999999997,15.45));
#6113=CARTESIAN_POINT('',(2.25,-0.684999999999997,15.45));
#6114=CARTESIAN_POINT('',(2.75,-0.354999999999997,15.45));
#6115=CARTESIAN_POINT('',(2.75,-0.684999999999997,15.45));
#6116=CARTESIAN_POINT('',(2.75,-0.354999999999997,15.45));
#6117=CARTESIAN_POINT('',(2.75,-0.354999999999997,15.45));
#6118=CARTESIAN_POINT('',(2.75,-0.684999999999997,15.45));
#6119=CARTESIAN_POINT('',(2.75,-0.354999999999997,15.45));
#6120=CARTESIAN_POINT('',(3.26,-0.684999999999997,15.45));
#6121=CARTESIAN_POINT('',(3.26,-0.684999999999997,15.45));
#6122=CARTESIAN_POINT('',(2.75,-0.684999999999997,15.45));
#6123=CARTESIAN_POINT('',(2.75,-0.684999999999997,15.45));
#6124=CARTESIAN_POINT('',(3.26,-0.134999999999997,15.45));
#6125=CARTESIAN_POINT('',(3.26,-0.134999999999997,15.45));
#6126=CARTESIAN_POINT('',(3.26,-0.684999999999997,15.45));
#6127=CARTESIAN_POINT('',(3.26,-0.684999999999997,15.45));
#6128=CARTESIAN_POINT('',(2.96,-0.134999999999997,15.45));
#6129=CARTESIAN_POINT('',(2.96,-0.134999999999997,15.45));
#6130=CARTESIAN_POINT('',(3.26,-0.134999999999997,15.45));
#6131=CARTESIAN_POINT('',(3.26,-0.134999999999997,15.45));
#6132=CARTESIAN_POINT('',(2.04,-0.134999999999997,15.45));
#6133=CARTESIAN_POINT('',(2.04,-0.134999999999997,15.45));
#6134=CARTESIAN_POINT('',(2.04,-0.134999999999997,15.45));
#6135=CARTESIAN_POINT('',(2.04,-0.134999999999997,15.45));
#6136=CARTESIAN_POINT('',(2.25,-0.354999999999997,15.45));
#6137=CARTESIAN_POINT('',(2.96,-0.134999999999997,15.45));
#6138=CARTESIAN_POINT('',(2.96,0.435000000000003,15.45));
#6139=CARTESIAN_POINT('',(2.96,0.435000000000003,15.45));
#6140=CARTESIAN_POINT('',(2.04,0.435000000000003,15.45));
#6141=CARTESIAN_POINT('',(2.04,0.435000000000003,15.45));
#6142=CARTESIAN_POINT('',(0.,0.,15.45));
#6143=CARTESIAN_POINT('',(1.46,-1.23,0.249999999999999));
#6144=CARTESIAN_POINT('',(1.46,-1.23,0.149999999999999));
#6145=CARTESIAN_POINT('',(1.46,-1.23,0.249999999999999));
#6146=CARTESIAN_POINT('',(1.46,-1.23,0.149999999999998));
#6147=CARTESIAN_POINT('',(1.46,0.839999999999999,0.149999999999998));
#6148=CARTESIAN_POINT('',(1.46,0.839999999999999,0.249999999999998));
#6149=CARTESIAN_POINT('',(1.46,0.839999999999999,0.249999999999998));
#6150=CARTESIAN_POINT('',(1.46,-1.23,0.249999999999999));
#6151=CARTESIAN_POINT('',(1.46,-1.23,0.249999999999999));
#6152=CARTESIAN_POINT('',(1.46,0.839999999999999,0.149999999999998));
#6153=CARTESIAN_POINT('',(2.,0.839999999999999,0.149999999999998));
#6154=CARTESIAN_POINT('',(2.,0.839999999999999,0.249999999999998));
#6155=CARTESIAN_POINT('',(2.,0.839999999999999,0.249999999999998));
#6156=CARTESIAN_POINT('',(1.46,0.839999999999999,0.249999999999998));
#6157=CARTESIAN_POINT('',(1.46,0.839999999999999,0.249999999999998));
#6158=CARTESIAN_POINT('',(2.,0.839999999999999,0.149999999999998));
#6159=CARTESIAN_POINT('',(2.,0.989999999999999,0.149999999999998));
#6160=CARTESIAN_POINT('',(2.,0.989999999999999,0.249999999999998));
#6161=CARTESIAN_POINT('',(2.,0.989999999999999,0.249999999999998));
#6162=CARTESIAN_POINT('',(2.,0.839999999999999,0.249999999999998));
#6163=CARTESIAN_POINT('',(2.,0.839999999999999,0.249999999999998));
#6164=CARTESIAN_POINT('',(2.44999999999999,0.989999999999999,0.699999999999996));
#6165=CARTESIAN_POINT('',(3.,0.989999999999999,0.149999999999998));
#6166=CARTESIAN_POINT('',(3.,0.989999999999999,0.249999999999998));
#6167=CARTESIAN_POINT('',(3.,0.989999999999999,0.249999999999998));
#6168=CARTESIAN_POINT('',(2.,0.989999999999999,0.249999999999998));
#6169=CARTESIAN_POINT('',(2.05,0.989999999999999,0.199999999999997));
#6170=CARTESIAN_POINT('',(2.,0.989999999999999,0.249999999999998));
#6171=CARTESIAN_POINT('',(3.,0.989999999999999,0.149999999999998));
#6172=CARTESIAN_POINT('',(3.,0.839999999999999,0.149999999999998));
#6173=CARTESIAN_POINT('',(3.,0.839999999999999,0.249999999999998));
#6174=CARTESIAN_POINT('',(3.,0.839999999999999,0.249999999999998));
#6175=CARTESIAN_POINT('',(3.,0.989999999999999,0.249999999999998));
#6176=CARTESIAN_POINT('',(3.,0.989999999999999,0.249999999999998));
#6177=CARTESIAN_POINT('',(3.,0.839999999999999,0.149999999999998));
#6178=CARTESIAN_POINT('',(3.54,0.84,0.149999999999998));
#6179=CARTESIAN_POINT('',(3.54,0.84,0.249999999999998));
#6180=CARTESIAN_POINT('',(3.54,0.84,0.249999999999998));
#6181=CARTESIAN_POINT('',(3.,0.839999999999999,0.249999999999998));
#6182=CARTESIAN_POINT('',(3.,0.839999999999999,0.249999999999998));
#6183=CARTESIAN_POINT('',(3.54,0.84,0.149999999999999));
#6184=CARTESIAN_POINT('',(3.54,-1.23,0.149999999999999));
#6185=CARTESIAN_POINT('',(3.54,-1.23,0.249999999999999));
#6186=CARTESIAN_POINT('',(3.54,-1.23,0.249999999999999));
#6187=CARTESIAN_POINT('',(3.54,0.84,0.249999999999998));
#6188=CARTESIAN_POINT('',(3.54,0.84,0.249999999999998));
#6189=CARTESIAN_POINT('',(3.54,-1.23,0.149999999999999));
#6190=CARTESIAN_POINT('',(3.54,-1.23,0.249999999999999));
#6191=CARTESIAN_POINT('',(3.54,-1.23,0.249999999999999));
#6192=CARTESIAN_POINT('',(3.90941122625194E-45,-5.42101086242764E-17,0.249999999999998));
#6193=CARTESIAN_POINT('',(3.05,0.89,0.0999999999999978));
#6194=CARTESIAN_POINT('',(3.,0.989999999999999,0.149999999999998));
#6195=CARTESIAN_POINT('',(3.54,0.84,0.149999999999999));
#6196=CARTESIAN_POINT('',(3.,0.839999999999999,0.149999999999998));
#6197=CARTESIAN_POINT('',(3.54,-1.23,0.149999999999999));
#6198=CARTESIAN_POINT('',(3.54,0.84,0.149999999999999));
#6199=CARTESIAN_POINT('',(1.46,-1.23,0.149999999999998));
#6200=CARTESIAN_POINT('',(3.54,-1.23,0.149999999999999));
#6201=CARTESIAN_POINT('',(1.46,0.839999999999999,0.149999999999998));
#6202=CARTESIAN_POINT('',(1.46,-1.23,0.149999999999998));
#6203=CARTESIAN_POINT('',(1.82,1.02,-0.0300000000000026));
#6204=CARTESIAN_POINT('',(1.46,0.839999999999999,0.149999999999998));
#6205=CARTESIAN_POINT('',(2.,0.839999999999999,0.149999999999998));
#6206=CARTESIAN_POINT('',(2.25,-0.354999999999997,15.45));
#6207=CARTESIAN_POINT('',(2.96,0.435000000000003,15.45));
#6208=CARTESIAN_POINT('',(2.96,-0.134999999999997,15.45));
#6209=CARTESIAN_POINT('',(2.04,0.435000000000003,15.45));
#6210=CARTESIAN_POINT('',(2.96,0.435000000000003,15.45));
#6211=CARTESIAN_POINT('',(2.04,0.435000000000003,15.45));
#6212=CARTESIAN_POINT('',(-3.51,-0.994999999999997,15.7));
#6213=CARTESIAN_POINT('',(-3.51,-0.994999999999997,15.7));
#6214=CARTESIAN_POINT('',(-3.51,-0.994999999999997,15.7));
#6215=CARTESIAN_POINT('',(-3.51,-0.994999999999997,15.7));
#6216=CARTESIAN_POINT('',(-3.51,0.994999999999998,15.7));
#6217=CARTESIAN_POINT('',(-3.51,0.994999999999998,15.7));
#6218=CARTESIAN_POINT('',(-3.51,0.994999999999998,15.7));
#6219=CARTESIAN_POINT('',(-3.51,0.994999999999998,15.7));
#6220=CARTESIAN_POINT('',(-1.49,0.994999999999999,15.7));
#6221=CARTESIAN_POINT('',(-1.49,0.994999999999999,15.7));
#6222=CARTESIAN_POINT('',(-2.25,-0.684999999999997,15.7));
#6223=CARTESIAN_POINT('',(-2.25,-0.684999999999997,15.7));
#6224=CARTESIAN_POINT('',(-1.74,-0.684999999999997,15.7));
#6225=CARTESIAN_POINT('',(-2.75,-0.684999999999997,15.7));
#6226=CARTESIAN_POINT('',(-2.75,-0.684999999999997,15.7));
#6227=CARTESIAN_POINT('',(-3.26,-0.684999999999997,15.7));
#6228=CARTESIAN_POINT('',(-3.26,-0.684999999999997,15.7));
#6229=CARTESIAN_POINT('',(-3.26,-0.134999999999997,15.7));
#6230=CARTESIAN_POINT('',(-3.26,-0.134999999999997,15.7));
#6231=CARTESIAN_POINT('',(-2.96,-0.134999999999997,15.7));
#6232=CARTESIAN_POINT('',(-3.21,-0.134999999999997,15.7));
#6233=CARTESIAN_POINT('',(-3.21,0.435000000000003,15.7));
#6234=CARTESIAN_POINT('',(-3.21,0.685000000000003,15.7));
#6235=CARTESIAN_POINT('',(-2.04,0.685000000000003,15.7));
#6236=CARTESIAN_POINT('',(-1.79,0.685000000000003,15.7));
#6237=CARTESIAN_POINT('',(-1.79,-0.134999999999997,15.7));
#6238=CARTESIAN_POINT('',(-1.79,-0.134999999999997,15.7));
#6239=CARTESIAN_POINT('',(-1.74,-0.134999999999997,15.7));
#6240=CARTESIAN_POINT('',(-1.74,-0.134999999999997,15.7));
#6241=CARTESIAN_POINT('',(-1.74,-0.684999999999997,15.7));
#6242=CARTESIAN_POINT('',(-5.,0.,15.7));
#6243=CARTESIAN_POINT('',(-1.01,-0.994999999999997,15.7));
#6244=CARTESIAN_POINT('',(-1.01,-0.994999999999997,15.7));
#6245=CARTESIAN_POINT('',(-1.01,0.994999999999998,15.7));
#6246=CARTESIAN_POINT('',(-1.01,0.994999999999998,15.7));
#6247=CARTESIAN_POINT('',(-1.01,-0.994999999999997,15.7));
#6248=CARTESIAN_POINT('',(-1.01,-0.994999999999997,15.7));
#6249=CARTESIAN_POINT('',(0.249999999999999,-0.684999999999997,15.7));
#6250=CARTESIAN_POINT('',(0.249999999999999,-0.684999999999997,15.7));
#6251=CARTESIAN_POINT('',(0.759999999999999,-0.684999999999997,15.7));
#6252=CARTESIAN_POINT('',(-0.250000000000001,-0.684999999999997,15.7));
#6253=CARTESIAN_POINT('',(-0.250000000000001,-0.684999999999997,15.7));
#6254=CARTESIAN_POINT('',(-0.76,-0.684999999999997,15.7));
#6255=CARTESIAN_POINT('',(-0.76,-0.684999999999997,15.7));
#6256=CARTESIAN_POINT('',(-0.76,-0.134999999999997,15.7));
#6257=CARTESIAN_POINT('',(-0.76,-0.134999999999997,15.7));
#6258=CARTESIAN_POINT('',(-0.459999999999999,-0.134999999999997,15.7));
#6259=CARTESIAN_POINT('',(-0.71,-0.134999999999997,15.7));
#6260=CARTESIAN_POINT('',(-0.71,0.435000000000003,15.7));
#6261=CARTESIAN_POINT('',(-0.71,0.685000000000003,15.7));
#6262=CARTESIAN_POINT('',(0.459999999999999,0.685000000000003,15.7));
#6263=CARTESIAN_POINT('',(0.709999999999998,0.685000000000003,15.7));
#6264=CARTESIAN_POINT('',(0.709999999999998,-0.134999999999997,15.7));
#6265=CARTESIAN_POINT('',(0.709999999999998,-0.134999999999997,15.7));
#6266=CARTESIAN_POINT('',(0.759999999999999,-0.134999999999997,15.7));
#6267=CARTESIAN_POINT('',(0.759999999999999,-0.134999999999997,15.7));
#6268=CARTESIAN_POINT('',(0.759999999999999,-0.684999999999997,15.7));
#6269=CARTESIAN_POINT('',(-2.5,0.,15.7));
#6270=CARTESIAN_POINT('',(-0.76,-0.684999999999997,15.45));
#6271=CARTESIAN_POINT('',(-0.76,-0.684999999999997,15.45));
#6272=CARTESIAN_POINT('',(-0.76,-0.134999999999997,15.45));
#6273=CARTESIAN_POINT('',(-0.76,-0.134999999999997,15.45));
#6274=CARTESIAN_POINT('',(-0.76,-0.134999999999997,15.45));
#6275=CARTESIAN_POINT('',(-0.76,-0.134999999999997,15.45));
#6276=CARTESIAN_POINT('',(-0.250000000000001,-0.684999999999997,15.45));
#6277=CARTESIAN_POINT('',(-0.250000000000001,-0.684999999999997,15.45));
#6278=CARTESIAN_POINT('',(-0.76,-0.684999999999997,15.45));
#6279=CARTESIAN_POINT('',(-0.76,-0.684999999999997,15.45));
#6280=CARTESIAN_POINT('',(-0.250000000000001,-0.354999999999997,15.45));
#6281=CARTESIAN_POINT('',(-0.250000000000001,-0.354999999999997,15.45));
#6282=CARTESIAN_POINT('',(-0.250000000000001,-0.684999999999997,15.45));
#6283=CARTESIAN_POINT('',(-0.250000000000001,-0.684999999999997,15.45));
#6284=CARTESIAN_POINT('',(0.249999999999999,-0.354999999999997,15.45));
#6285=CARTESIAN_POINT('',(0.249999999999999,-0.354999999999997,15.45));
#6286=CARTESIAN_POINT('',(0.249999999999999,-0.684999999999997,15.45));
#6287=CARTESIAN_POINT('',(0.249999999999999,-0.354999999999997,15.45));
#6288=CARTESIAN_POINT('',(0.249999999999999,-0.684999999999997,15.45));
#6289=CARTESIAN_POINT('',(0.249999999999999,-0.354999999999997,15.45));
#6290=CARTESIAN_POINT('',(0.759999999999999,-0.684999999999997,15.45));
#6291=CARTESIAN_POINT('',(0.759999999999999,-0.684999999999997,15.45));
#6292=CARTESIAN_POINT('',(0.249999999999999,-0.684999999999997,15.45));
#6293=CARTESIAN_POINT('',(0.249999999999999,-0.684999999999997,15.45));
#6294=CARTESIAN_POINT('',(0.759999999999999,-0.134999999999997,15.45));
#6295=CARTESIAN_POINT('',(0.759999999999999,-0.134999999999997,15.45));
#6296=CARTESIAN_POINT('',(0.759999999999999,-0.684999999999997,15.45));
#6297=CARTESIAN_POINT('',(0.759999999999999,-0.684999999999997,15.45));
#6298=CARTESIAN_POINT('',(0.459999999999999,-0.134999999999997,15.45));
#6299=CARTESIAN_POINT('',(0.459999999999999,-0.134999999999997,15.45));
#6300=CARTESIAN_POINT('',(0.759999999999999,-0.134999999999997,15.45));
#6301=CARTESIAN_POINT('',(0.759999999999999,-0.134999999999997,15.45));
#6302=CARTESIAN_POINT('',(-0.459999999999999,-0.134999999999997,15.45));
#6303=CARTESIAN_POINT('',(-0.459999999999999,-0.134999999999997,15.45));
#6304=CARTESIAN_POINT('',(-0.459999999999999,-0.134999999999997,15.45));
#6305=CARTESIAN_POINT('',(-0.459999999999999,-0.134999999999997,15.45));
#6306=CARTESIAN_POINT('',(-0.250000000000001,-0.354999999999997,15.45));
#6307=CARTESIAN_POINT('',(0.459999999999999,-0.134999999999997,15.45));
#6308=CARTESIAN_POINT('',(0.459999999999999,0.435000000000003,15.45));
#6309=CARTESIAN_POINT('',(0.459999999999999,0.435000000000003,15.45));
#6310=CARTESIAN_POINT('',(-0.459999999999999,0.435000000000003,15.45));
#6311=CARTESIAN_POINT('',(-0.459999999999999,0.435000000000003,15.45));
#6312=CARTESIAN_POINT('',(-2.5,0.,15.45));
#6313=CARTESIAN_POINT('',(-3.26,-0.684999999999997,15.45));
#6314=CARTESIAN_POINT('',(-3.26,-0.684999999999997,15.45));
#6315=CARTESIAN_POINT('',(-3.26,-0.134999999999997,15.45));
#6316=CARTESIAN_POINT('',(-3.26,-0.134999999999997,15.45));
#6317=CARTESIAN_POINT('',(-3.26,-0.134999999999997,15.45));
#6318=CARTESIAN_POINT('',(-3.26,-0.134999999999997,15.45));
#6319=CARTESIAN_POINT('',(-2.75,-0.684999999999997,15.45));
#6320=CARTESIAN_POINT('',(-2.75,-0.684999999999997,15.45));
#6321=CARTESIAN_POINT('',(-3.26,-0.684999999999997,15.45));
#6322=CARTESIAN_POINT('',(-3.26,-0.684999999999997,15.45));
#6323=CARTESIAN_POINT('',(-2.75,-0.354999999999997,15.45));
#6324=CARTESIAN_POINT('',(-2.75,-0.354999999999997,15.45));
#6325=CARTESIAN_POINT('',(-2.75,-0.684999999999997,15.45));
#6326=CARTESIAN_POINT('',(-2.75,-0.684999999999997,15.45));
#6327=CARTESIAN_POINT('',(-2.25,-0.354999999999997,15.45));
#6328=CARTESIAN_POINT('',(-2.25,-0.354999999999997,15.45));
#6329=CARTESIAN_POINT('',(-2.25,-0.684999999999997,15.45));
#6330=CARTESIAN_POINT('',(-2.25,-0.354999999999997,15.45));
#6331=CARTESIAN_POINT('',(-2.25,-0.684999999999997,15.45));
#6332=CARTESIAN_POINT('',(-2.25,-0.354999999999997,15.45));
#6333=CARTESIAN_POINT('',(-1.74,-0.684999999999997,15.45));
#6334=CARTESIAN_POINT('',(-1.74,-0.684999999999997,15.45));
#6335=CARTESIAN_POINT('',(-2.25,-0.684999999999997,15.45));
#6336=CARTESIAN_POINT('',(-2.25,-0.684999999999997,15.45));
#6337=CARTESIAN_POINT('',(-1.74,-0.134999999999997,15.45));
#6338=CARTESIAN_POINT('',(-1.74,-0.134999999999997,15.45));
#6339=CARTESIAN_POINT('',(-1.74,-0.684999999999997,15.45));
#6340=CARTESIAN_POINT('',(-1.74,-0.684999999999997,15.45));
#6341=CARTESIAN_POINT('',(-2.04,-0.134999999999997,15.45));
#6342=CARTESIAN_POINT('',(-2.04,-0.134999999999997,15.45));
#6343=CARTESIAN_POINT('',(-1.74,-0.134999999999997,15.45));
#6344=CARTESIAN_POINT('',(-1.74,-0.134999999999997,15.45));
#6345=CARTESIAN_POINT('',(-2.96,-0.134999999999997,15.45));
#6346=CARTESIAN_POINT('',(-2.96,-0.134999999999997,15.45));
#6347=CARTESIAN_POINT('',(-2.96,-0.134999999999997,15.45));
#6348=CARTESIAN_POINT('',(-2.96,-0.134999999999997,15.45));
#6349=CARTESIAN_POINT('',(-2.75,-0.354999999999997,15.45));
#6350=CARTESIAN_POINT('',(-2.04,-0.134999999999997,15.45));
#6351=CARTESIAN_POINT('',(-2.04,0.435000000000003,15.45));
#6352=CARTESIAN_POINT('',(-2.04,0.435000000000003,15.45));
#6353=CARTESIAN_POINT('',(-2.96,0.435000000000003,15.45));
#6354=CARTESIAN_POINT('',(-2.96,0.435000000000003,15.45));
#6355=CARTESIAN_POINT('',(-5.,0.,15.45));
#6356=CARTESIAN_POINT('',(-3.54,-1.23,0.249999999999999));
#6357=CARTESIAN_POINT('',(-3.54,-1.23,0.249999999999999));
#6358=CARTESIAN_POINT('',(-3.54,-1.23,0.15));
#6359=CARTESIAN_POINT('',(-3.54,-1.23,0.15));
#6360=CARTESIAN_POINT('',(-3.54,0.839999999999999,0.15));
#6361=CARTESIAN_POINT('',(-3.54,0.839999999999999,0.249999999999998));
#6362=CARTESIAN_POINT('',(-3.54,0.839999999999999,0.249999999999998));
#6363=CARTESIAN_POINT('',(-3.54,-1.23,0.249999999999999));
#6364=CARTESIAN_POINT('',(-3.54,-1.23,0.249999999999999));
#6365=CARTESIAN_POINT('',(-3.54,0.839999999999999,0.15));
#6366=CARTESIAN_POINT('',(-3.,0.839999999999999,0.15));
#6367=CARTESIAN_POINT('',(-3.,0.839999999999999,0.249999999999998));
#6368=CARTESIAN_POINT('',(-3.,0.839999999999999,0.249999999999998));
#6369=CARTESIAN_POINT('',(-3.54,0.839999999999999,0.249999999999998));
#6370=CARTESIAN_POINT('',(-3.54,0.839999999999999,0.249999999999998));
#6371=CARTESIAN_POINT('',(-3.,0.839999999999999,0.15));
#6372=CARTESIAN_POINT('',(-3.,0.989999999999999,0.15));
#6373=CARTESIAN_POINT('',(-3.,0.989999999999999,0.249999999999998));
#6374=CARTESIAN_POINT('',(-3.,0.989999999999999,0.249999999999998));
#6375=CARTESIAN_POINT('',(-3.,0.839999999999999,0.249999999999998));
#6376=CARTESIAN_POINT('',(-3.,0.839999999999999,0.249999999999998));
#6377=CARTESIAN_POINT('',(-2.55,0.989999999999999,0.699999999999998));
#6378=CARTESIAN_POINT('',(-2.,0.989999999999999,0.15));
#6379=CARTESIAN_POINT('',(-2.,0.989999999999999,0.249999999999998));
#6380=CARTESIAN_POINT('',(-2.,0.989999999999999,0.249999999999998));
#6381=CARTESIAN_POINT('',(-3.,0.989999999999999,0.249999999999998));
#6382=CARTESIAN_POINT('',(-2.95,0.989999999999999,0.199999999999999));
#6383=CARTESIAN_POINT('',(-3.,0.989999999999999,0.249999999999998));
#6384=CARTESIAN_POINT('',(-2.,0.989999999999999,0.15));
#6385=CARTESIAN_POINT('',(-2.,0.839999999999999,0.15));
#6386=CARTESIAN_POINT('',(-2.,0.839999999999999,0.249999999999998));
#6387=CARTESIAN_POINT('',(-2.,0.839999999999999,0.249999999999998));
#6388=CARTESIAN_POINT('',(-2.,0.989999999999999,0.249999999999998));
#6389=CARTESIAN_POINT('',(-2.,0.989999999999999,0.249999999999998));
#6390=CARTESIAN_POINT('',(-2.,0.839999999999999,0.15));
#6391=CARTESIAN_POINT('',(-1.46,0.84,0.15));
#6392=CARTESIAN_POINT('',(-1.46,0.84,0.249999999999998));
#6393=CARTESIAN_POINT('',(-1.46,0.84,0.249999999999998));
#6394=CARTESIAN_POINT('',(-2.,0.839999999999999,0.249999999999998));
#6395=CARTESIAN_POINT('',(-2.,0.839999999999999,0.249999999999998));
#6396=CARTESIAN_POINT('',(-1.46,0.84,0.15));
#6397=CARTESIAN_POINT('',(-1.46,-1.23,0.15));
#6398=CARTESIAN_POINT('',(-1.46,-1.23,0.249999999999999));
#6399=CARTESIAN_POINT('',(-1.46,-1.23,0.249999999999999));
#6400=CARTESIAN_POINT('',(-1.46,0.84,0.249999999999998));
#6401=CARTESIAN_POINT('',(-1.46,0.84,0.249999999999998));
#6402=CARTESIAN_POINT('',(-1.46,-1.23,0.15));
#6403=CARTESIAN_POINT('',(-1.46,-1.23,0.249999999999999));
#6404=CARTESIAN_POINT('',(-1.46,-1.23,0.249999999999999));
#6405=CARTESIAN_POINT('',(-5.,-5.42101086242764E-17,0.249999999999998));
#6406=CARTESIAN_POINT('',(-1.04,-1.23,0.249999999999999));
#6407=CARTESIAN_POINT('',(-1.04,-1.23,0.249999999999999));
#6408=CARTESIAN_POINT('',(-1.04,-1.23,0.15));
#6409=CARTESIAN_POINT('',(-1.04,-1.23,0.15));
#6410=CARTESIAN_POINT('',(-1.04,0.839999999999999,0.15));
#6411=CARTESIAN_POINT('',(-1.04,0.839999999999999,0.249999999999998));
#6412=CARTESIAN_POINT('',(-1.04,0.839999999999999,0.249999999999998));
#6413=CARTESIAN_POINT('',(-1.04,-1.23,0.249999999999999));
#6414=CARTESIAN_POINT('',(-1.04,-1.23,0.249999999999999));
#6415=CARTESIAN_POINT('',(-1.04,0.839999999999999,0.15));
#6416=CARTESIAN_POINT('',(-0.5,0.839999999999999,0.15));
#6417=CARTESIAN_POINT('',(-0.5,0.839999999999999,0.249999999999998));
#6418=CARTESIAN_POINT('',(-0.5,0.839999999999999,0.249999999999998));
#6419=CARTESIAN_POINT('',(-1.04,0.839999999999999,0.249999999999998));
#6420=CARTESIAN_POINT('',(-1.04,0.839999999999999,0.249999999999998));
#6421=CARTESIAN_POINT('',(-0.5,0.839999999999999,0.15));
#6422=CARTESIAN_POINT('',(-0.5,0.989999999999999,0.15));
#6423=CARTESIAN_POINT('',(-0.5,0.989999999999999,0.249999999999998));
#6424=CARTESIAN_POINT('',(-0.5,0.989999999999999,0.249999999999998));
#6425=CARTESIAN_POINT('',(-0.5,0.839999999999999,0.249999999999998));
#6426=CARTESIAN_POINT('',(-0.5,0.839999999999999,0.249999999999998));
#6427=CARTESIAN_POINT('',(-0.0499999999999977,0.989999999999999,0.699999999999998));
#6428=CARTESIAN_POINT('',(0.499999999999999,0.989999999999999,0.15));
#6429=CARTESIAN_POINT('',(0.499999999999999,0.989999999999999,0.249999999999998));
#6430=CARTESIAN_POINT('',(0.499999999999999,0.989999999999999,0.249999999999998));
#6431=CARTESIAN_POINT('',(-0.5,0.989999999999999,0.249999999999998));
#6432=CARTESIAN_POINT('',(-0.450000000000001,0.989999999999999,0.199999999999999));
#6433=CARTESIAN_POINT('',(-0.5,0.989999999999999,0.249999999999998));
#6434=CARTESIAN_POINT('',(0.499999999999999,0.989999999999999,0.15));
#6435=CARTESIAN_POINT('',(0.499999999999999,0.839999999999999,0.15));
#6436=CARTESIAN_POINT('',(0.499999999999999,0.839999999999999,0.249999999999998));
#6437=CARTESIAN_POINT('',(0.499999999999999,0.839999999999999,0.249999999999998));
#6438=CARTESIAN_POINT('',(0.499999999999999,0.989999999999999,0.249999999999998));
#6439=CARTESIAN_POINT('',(0.499999999999999,0.989999999999999,0.249999999999998));
#6440=CARTESIAN_POINT('',(0.499999999999999,0.839999999999999,0.15));
#6441=CARTESIAN_POINT('',(1.04,0.84,0.15));
#6442=CARTESIAN_POINT('',(1.04,0.84,0.249999999999998));
#6443=CARTESIAN_POINT('',(1.04,0.84,0.249999999999998));
#6444=CARTESIAN_POINT('',(0.499999999999999,0.839999999999999,0.249999999999998));
#6445=CARTESIAN_POINT('',(0.499999999999999,0.839999999999999,0.249999999999998));
#6446=CARTESIAN_POINT('',(1.04,0.84,0.15));
#6447=CARTESIAN_POINT('',(1.04,-1.23,0.15));
#6448=CARTESIAN_POINT('',(1.04,-1.23,0.249999999999999));
#6449=CARTESIAN_POINT('',(1.04,-1.23,0.249999999999999));
#6450=CARTESIAN_POINT('',(1.04,0.84,0.249999999999998));
#6451=CARTESIAN_POINT('',(1.04,0.84,0.249999999999998));
#6452=CARTESIAN_POINT('',(1.04,-1.23,0.15));
#6453=CARTESIAN_POINT('',(1.04,-1.23,0.249999999999999));
#6454=CARTESIAN_POINT('',(1.04,-1.23,0.249999999999999));
#6455=CARTESIAN_POINT('',(-2.5,-5.42101086242764E-17,0.249999999999998));
#6456=CARTESIAN_POINT('',(-1.95,0.889999999999999,0.0999999999999996));
#6457=CARTESIAN_POINT('',(-2.,0.989999999999999,0.15));
#6458=CARTESIAN_POINT('',(-1.46,0.84,0.15));
#6459=CARTESIAN_POINT('',(-2.,0.839999999999999,0.15));
#6460=CARTESIAN_POINT('',(-1.46,-1.23,0.15));
#6461=CARTESIAN_POINT('',(-1.46,0.84,0.15));
#6462=CARTESIAN_POINT('',(-3.54,-1.23,0.15));
#6463=CARTESIAN_POINT('',(-1.46,-1.23,0.15));
#6464=CARTESIAN_POINT('',(-3.54,0.839999999999999,0.15));
#6465=CARTESIAN_POINT('',(-3.54,-1.23,0.15));
#6466=CARTESIAN_POINT('',(-3.18,1.02,-0.0300000000000012));
#6467=CARTESIAN_POINT('',(-3.54,0.839999999999999,0.15));
#6468=CARTESIAN_POINT('',(-3.,0.839999999999999,0.15));
#6469=CARTESIAN_POINT('',(0.549999999999999,0.889999999999999,0.0999999999999995));
#6470=CARTESIAN_POINT('',(0.499999999999999,0.989999999999999,0.15));
#6471=CARTESIAN_POINT('',(1.04,0.84,0.15));
#6472=CARTESIAN_POINT('',(0.499999999999999,0.839999999999999,0.15));
#6473=CARTESIAN_POINT('',(1.04,-1.23,0.15));
#6474=CARTESIAN_POINT('',(1.04,0.84,0.15));
#6475=CARTESIAN_POINT('',(-1.04,-1.23,0.15));
#6476=CARTESIAN_POINT('',(1.04,-1.23,0.15));
#6477=CARTESIAN_POINT('',(-1.04,0.839999999999999,0.15));
#6478=CARTESIAN_POINT('',(-1.04,-1.23,0.15));
#6479=CARTESIAN_POINT('',(-0.68,1.02,-0.0300000000000012));
#6480=CARTESIAN_POINT('',(-1.04,0.839999999999999,0.15));
#6481=CARTESIAN_POINT('',(-0.5,0.839999999999999,0.15));
#6482=CARTESIAN_POINT('',(-2.75,-0.354999999999997,15.45));
#6483=CARTESIAN_POINT('',(-0.250000000000001,-0.354999999999997,15.45));
#6484=CARTESIAN_POINT('',(-2.04,0.435000000000003,15.45));
#6485=CARTESIAN_POINT('',(-2.04,-0.134999999999997,15.45));
#6486=CARTESIAN_POINT('',(-2.96,0.435000000000003,15.45));
#6487=CARTESIAN_POINT('',(-2.04,0.435000000000003,15.45));
#6488=CARTESIAN_POINT('',(-2.96,0.435000000000003,15.45));
#6489=CARTESIAN_POINT('',(0.459999999999999,0.435000000000003,15.45));
#6490=CARTESIAN_POINT('',(0.459999999999999,-0.134999999999997,15.45));
#6491=CARTESIAN_POINT('',(-0.459999999999999,0.435000000000003,15.45));
#6492=CARTESIAN_POINT('',(0.459999999999999,0.435000000000003,15.45));
#6493=CARTESIAN_POINT('',(-0.459999999999999,0.435000000000003,15.45));
#6494=CARTESIAN_POINT('',(4.22,1.18,6.65));
#6495=CARTESIAN_POINT('',(4.22,1.18,6.65));
#6496=CARTESIAN_POINT('',(4.22,-1.22,6.65));
#6497=CARTESIAN_POINT('',(4.22,-1.22,9.85));
#6498=CARTESIAN_POINT('',(4.22,-1.22,2.21));
#6499=CARTESIAN_POINT('',(4.22,-1.22,2.21));
#6500=CARTESIAN_POINT('',(3.557,1.18,0.221));
#6501=CARTESIAN_POINT('',(4.22,1.18,-4.44089209850063E-16));
#6502=CARTESIAN_POINT('',(4.22,0.58,2.21));
#6503=CARTESIAN_POINT('',(4.22,0.579999999999999,6.65));
#6504=CARTESIAN_POINT('',(4.22,0.58,2.21));
#6505=CARTESIAN_POINT('',(4.22,0.579999999999999,6.65));
#6506=CARTESIAN_POINT('',(4.22,-0.620000000000001,6.65));
#6507=CARTESIAN_POINT('',(4.22,-1.22,6.65));
#6508=CARTESIAN_POINT('',(4.22,-0.62,2.21));
#6509=CARTESIAN_POINT('',(4.22,-0.620000000000001,6.65));
#6510=CARTESIAN_POINT('',(4.22,1.18,2.21));
#6511=CARTESIAN_POINT('',(4.22,-0.62,2.21));
#6512=CARTESIAN_POINT('',(-4.22,1.18,6.65));
#6513=CARTESIAN_POINT('',(-4.22,1.18,6.65));
#6514=CARTESIAN_POINT('',(-4.22,-1.22,6.65));
#6515=CARTESIAN_POINT('',(-4.22,-1.22,9.85));
#6516=CARTESIAN_POINT('',(-5.1,-1.22,4.85));
#6517=CARTESIAN_POINT('',(-4.22,-1.22,2.21));
#6518=CARTESIAN_POINT('',(-5.1,1.18,4.85));
#6519=CARTESIAN_POINT('',(-4.22,1.18,-4.44089209850063E-16));
#6520=CARTESIAN_POINT('',(-4.22,0.58,2.21));
#6521=CARTESIAN_POINT('',(-4.22,0.579999999999999,6.65));
#6522=CARTESIAN_POINT('',(-4.22,0.58,2.21));
#6523=CARTESIAN_POINT('',(-4.22,0.579999999999999,6.65));
#6524=CARTESIAN_POINT('',(-4.22,-0.620000000000001,6.65));
#6525=CARTESIAN_POINT('',(-4.22,-1.22,6.65));
#6526=CARTESIAN_POINT('',(-5.552,-0.620000000000001,6.206));
#6527=CARTESIAN_POINT('',(-4.22,-0.620000000000001,6.65));
#6528=CARTESIAN_POINT('',(-5.1,-1.74000000000001,4.85000000000001));
#6529=CARTESIAN_POINT('',(-5.1,-1.74,4.85));
#6530=CARTESIAN_POINT('',(0.750000000000002,0.484999999999997,14.));
#6531=CARTESIAN_POINT('',(0.750000000000002,0.484999999999997,14.));
#6532=CARTESIAN_POINT('',(0.,0.,14.));
#6533=MECHANICAL_DESIGN_GEOMETRIC_PRESENTATION_REPRESENTATION('',(#24),
#6534);
#6534=(
GEOMETRIC_REPRESENTATION_CONTEXT(3)
GLOBAL_UNCERTAINTY_ASSIGNED_CONTEXT((#6535))
GLOBAL_UNIT_ASSIGNED_CONTEXT((#6541,#6537,#6536))
REPRESENTATION_CONTEXT('1053071203wbm000_01_214',
'TOP_LEVEL_ASSEMBLY_PART')
);
#6535=UNCERTAINTY_MEASURE_WITH_UNIT(LENGTH_MEASURE(2.E-5),#6541,
'DISTANCE_ACCURACY_VALUE','Maximum Tolerance applied to model');
#6536=(
NAMED_UNIT(*)
SI_UNIT($,.STERADIAN.)
SOLID_ANGLE_UNIT()
);
#6537=(
CONVERSION_BASED_UNIT('DEGREE',#6539)
NAMED_UNIT(#6538)
PLANE_ANGLE_UNIT()
);
#6538=DIMENSIONAL_EXPONENTS(0.,0.,0.,0.,0.,0.,0.);
#6539=PLANE_ANGLE_MEASURE_WITH_UNIT(PLANE_ANGLE_MEASURE(0.0174532925),#6540);
#6540=(
NAMED_UNIT(*)
PLANE_ANGLE_UNIT()
SI_UNIT($,.RADIAN.)
);
#6541=(
LENGTH_UNIT()
NAMED_UNIT(*)
SI_UNIT(.MILLI.,.METRE.)
);
ENDSEC;
END-ISO-10303-21;
