ISO-10303-21;
HEADER;
FILE_DESCRIPTION (( 'STEP AP214' ),
    '1' );
FILE_NAME ('BD0826J50200AHF.STEP',
    '2025-05-28T04:24:40',
    ( '' ),
    ( '' ),
    'SwSTEP 2.0',
    'SolidWorks 2023',
    '' );
FILE_SCHEMA (( 'AUTOMOTIVE_DESIGN' ));
ENDSEC;

DATA;
#1 = LINE ( 'NONE', #3623, #3751 ) ;
#2 =( GEOMETRIC_REPRESENTATION_CONTEXT ( 3 ) GLOBAL_UNCERTAINTY_ASSIGNED_CONTEXT ( ( #1427 ) ) GLOBAL_UNIT_ASSIGNED_CONTEXT ( ( #488, #2885, #2847 ) ) REPRESENTATION_CONTEXT ( 'NONE', 'WORKASPACE' ) );
#3 = FILL_AREA_STYLE ('',( #328 ) ) ;
#4 = CARTESIAN_POINT ( 'NONE',  ( 0.6000000000000000888, -0.7999999999999998224, 0.000000000000000000 ) ) ;
#5 = VERTEX_POINT ( 'NONE', #2289 ) ;
#6 = ORIENTED_EDGE ( 'NONE', *, *, #3190, .T. ) ;
#7 = SURFACE_SIDE_STYLE ('',( #1836 ) ) ;
#8 = SURFACE_SIDE_STYLE ('',( #928 ) ) ;
#9 = CARTESIAN_POINT ( 'NONE',  ( -0.6000000000000003109, -0.1499999999999998557, 0.08500000000000000611 ) ) ;
#10 = FACE_OUTER_BOUND ( 'NONE', #3308, .T. ) ;
#11 = LINE ( 'NONE', #299, #2727 ) ;
#12 = MECHANICAL_DESIGN_GEOMETRIC_PRESENTATION_REPRESENTATION (  '', ( #3936 ), #599 ) ;
#13 = ORIENTED_EDGE ( 'NONE', *, *, #487, .T. ) ;
#14 = LINE ( 'NONE', #911, #699 ) ;
#15 = ADVANCED_FACE ( 'NONE', ( #1997 ), #1395, .F. ) ;
#16 = EDGE_CURVE ( 'NONE', #1546, #3832, #1364, .T. ) ;
#17 = COLOUR_RGB ( '',0.2862745098039215508, 0.2862745098039215508, 0.2862745098039215508 ) ;
#18 =( NAMED_UNIT ( * ) PLANE_ANGLE_UNIT ( ) SI_UNIT ( $, .RADIAN. ) );
#19 = CARTESIAN_POINT ( 'NONE',  ( 0.6000000000000000888, -0.4999999999999998890, 0.08500000000000000611 ) ) ;
#20 = ORIENTED_EDGE ( 'NONE', *, *, #2220, .F. ) ;
#21 = VECTOR ( 'NONE', #1537, 1000.000000000000000 ) ;
#22 = SURFACE_STYLE_FILL_AREA ( #3688 ) ;
#23 = LINE ( 'NONE', #2456, #1301 ) ;
#24 = DIRECTION ( 'NONE',  ( 1.000000000000000000, 0.000000000000000000, -0.000000000000000000 ) ) ;
#25 = SURFACE_STYLE_FILL_AREA ( #996 ) ;
#26 = VERTEX_POINT ( 'NONE', #1719 ) ;
#27 = ORIENTED_EDGE ( 'NONE', *, *, #2190, .F. ) ;
#28 =( NAMED_UNIT ( * ) SI_UNIT ( $, .STERADIAN. ) SOLID_ANGLE_UNIT ( ) );
#29 = FILL_AREA_STYLE_COLOUR ( '', #2240 ) ;
#30 = UNCERTAINTY_MEASURE_WITH_UNIT (LENGTH_MEASURE( 1.000000000000000082E-05 ), #3561, 'distance_accuracy_value', 'NONE');
#31 = CARTESIAN_POINT ( 'NONE',  ( -0.5085750000000003324, 0.9190499999999995895, 0.6550000000000000266 ) ) ;
#32 = CARTESIAN_POINT ( 'NONE',  ( 0.6000000000000000888, 0.5000000000000001110, -0.01499999999999999944 ) ) ;
#33 = ORIENTED_EDGE ( 'NONE', *, *, #1069, .T. ) ;
#34 = DIRECTION ( 'NONE',  ( 0.000000000000000000, 0.000000000000000000, 1.000000000000000000 ) ) ;
#35 = MECHANICAL_DESIGN_GEOMETRIC_PRESENTATION_REPRESENTATION (  '', ( #361 ), #3124 ) ;
#36 = LINE ( 'NONE', #2800, #1867 ) ;
#37 = ADVANCED_FACE ( 'NONE', ( #1443 ), #3622, .F. ) ;
#38 = PRESENTATION_LAYER_ASSIGNMENT (  '', '', ( #2938 ) ) ;
#39 =( NAMED_UNIT ( * ) SI_UNIT ( $, .STERADIAN. ) SOLID_ANGLE_UNIT ( ) );
#40 = EDGE_CURVE ( 'NONE', #3832, #2458, #1119, .T. ) ;
#41 = FACE_OUTER_BOUND ( 'NONE', #2055, .T. ) ;
#42 = LINE ( 'NONE', #1269, #1229 ) ;
#43 = ORIENTED_EDGE ( 'NONE', *, *, #2771, .T. ) ;
#44 =( GEOMETRIC_REPRESENTATION_CONTEXT ( 3 ) GLOBAL_UNCERTAINTY_ASSIGNED_CONTEXT ( ( #3330 ) ) GLOBAL_UNIT_ASSIGNED_CONTEXT ( ( #1268, #2208, #2515 ) ) REPRESENTATION_CONTEXT ( 'NONE', 'WORKASPACE' ) );
#45 = VERTEX_POINT ( 'NONE', #3584 ) ;
#46 = LINE ( 'NONE', #70, #2924 ) ;
#47 = SURFACE_SIDE_STYLE ('',( #695 ) ) ;
#48 =( NAMED_UNIT ( * ) PLANE_ANGLE_UNIT ( ) SI_UNIT ( $, .RADIAN. ) );
#49 = VERTEX_POINT ( 'NONE', #3925 ) ;
#50 = DIRECTION ( 'NONE',  ( 0.000000000000000000, -1.000000000000000000, 0.000000000000000000 ) ) ;
#51 = CARTESIAN_POINT ( 'NONE',  ( 0.3800000000000001155, 0.8000000000000000444, 0.08500000000000000611 ) ) ;
#52 = ORIENTED_EDGE ( 'NONE', *, *, #3036, .T. ) ;
#53 = FILL_AREA_STYLE_COLOUR ( '', #1635 ) ;
#54 = UNCERTAINTY_MEASURE_WITH_UNIT (LENGTH_MEASURE( 1.000000000000000082E-05 ), #824, 'distance_accuracy_value', 'NONE');
#55 = SURFACE_SIDE_STYLE ('',( #2827 ) ) ;
#56 = PRESENTATION_LAYER_ASSIGNMENT (  '', '', ( #1859 ) ) ;
#57 =( GEOMETRIC_REPRESENTATION_CONTEXT ( 3 ) GLOBAL_UNCERTAINTY_ASSIGNED_CONTEXT ( ( #2527 ) ) GLOBAL_UNIT_ASSIGNED_CONTEXT ( ( #3856, #3944, #2720 ) ) REPRESENTATION_CONTEXT ( 'NONE', 'WORKASPACE' ) );
#58 = CARTESIAN_POINT ( 'NONE',  ( -0.6000000000000003109, -0.4999999999999997780, 0.08500000000000000611 ) ) ;
#59 = ORIENTED_EDGE ( 'NONE', *, *, #1509, .F. ) ;
#60 = EDGE_LOOP ( 'NONE', ( #1035, #2605, #3019, #3109 ) ) ;
#61 = LINE ( 'NONE', #1307, #3836 ) ;
#62 = UNCERTAINTY_MEASURE_WITH_UNIT (LENGTH_MEASURE( 1.000000000000000082E-05 ), #3136, 'distance_accuracy_value', 'NONE');
#63 = EDGE_CURVE ( 'NONE', #3832, #2373, #3387, .T. ) ;
#64 = EDGE_CURVE ( 'NONE', #140, #2785, #2056, .T. ) ;
#65 = MECHANICAL_DESIGN_GEOMETRIC_PRESENTATION_REPRESENTATION (  '', ( #3921 ), #394 ) ;
#66 = DIRECTION ( 'NONE',  ( 1.000000000000000000, 0.000000000000000000, -0.000000000000000000 ) ) ;
#67 = STYLED_ITEM ( 'NONE', ( #2529 ), #1857 ) ;
#68 = CARTESIAN_POINT ( 'NONE',  ( -0.3800000000000002265, 0.5000000000000001110, -0.01499999999999999944 ) ) ;
#69 = MECHANICAL_DESIGN_GEOMETRIC_PRESENTATION_REPRESENTATION (  '', ( #856 ), #2772 ) ;
#70 = CARTESIAN_POINT ( 'NONE',  ( -0.6000000000000003109, -0.7999999999999998224, -0.01499999999999999944 ) ) ;
#71 = SURFACE_STYLE_FILL_AREA ( #2895 ) ;
#72 = CARTESIAN_POINT ( 'NONE',  ( 0.3800000000000001155, -0.4999999999999998890, 0.08500000000000000611 ) ) ;
#73 = ORIENTED_EDGE ( 'NONE', *, *, #561, .F. ) ;
#74 = DIRECTION ( 'NONE',  ( -1.000000000000000000, 0.000000000000000000, 0.000000000000000000 ) ) ;
#75 = VECTOR ( 'NONE', #84, 1000.000000000000000 ) ;
#76 =( LENGTH_UNIT ( ) NAMED_UNIT ( * ) SI_UNIT ( .MILLI., .METRE. ) );
#77 = ORIENTED_EDGE ( 'NONE', *, *, #1189, .T. ) ;
#78 = PRESENTATION_STYLE_ASSIGNMENT (( #3162 ) ) ;
#79 = AXIS2_PLACEMENT_3D ( 'NONE', #2931, #246, #505 ) ;
#80 = CARTESIAN_POINT ( 'NONE',  ( -0.6150000000000003242, 0.000000000000000000, 0.6350000000000000089 ) ) ;
#81 = SURFACE_STYLE_USAGE ( .BOTH. , #1994 ) ;
#82 = DIRECTION ( 'NONE',  ( 0.000000000000000000, -1.000000000000000000, 0.000000000000000000 ) ) ;
#83 = VECTOR ( 'NONE', #3851, 1000.000000000000000 ) ;
#84 = DIRECTION ( 'NONE',  ( -0.000000000000000000, -0.000000000000000000, -1.000000000000000000 ) ) ;
#85 = ORIENTED_EDGE ( 'NONE', *, *, #1464, .T. ) ;
#86 = ORIENTED_EDGE ( 'NONE', *, *, #335, .T. ) ;
#87 = LINE ( 'NONE', #2344, #3974 ) ;
#88 = EDGE_CURVE ( 'NONE', #2378, #2301, #3949, .T. ) ;
#89 = CARTESIAN_POINT ( 'NONE',  ( 0.6000000000000000888, -0.1499999999999998557, 0.08500000000000000611 ) ) ;
#90 =( NAMED_UNIT ( * ) PLANE_ANGLE_UNIT ( ) SI_UNIT ( $, .RADIAN. ) );
#91 = ORIENTED_EDGE ( 'NONE', *, *, #2520, .T. ) ;
#92 = CARTESIAN_POINT ( 'NONE',  ( -0.3800000000000002265, -0.7999999999999998224, -0.01499999999999999944 ) ) ;
#93 =( NAMED_UNIT ( * ) PLANE_ANGLE_UNIT ( ) SI_UNIT ( $, .RADIAN. ) );
#94 = ORIENTED_EDGE ( 'NONE', *, *, #2978, .F. ) ;
#95 = CLOSED_SHELL ( 'NONE', ( #161, #419, #681, #3317 ) ) ;
#96 = UNCERTAINTY_MEASURE_WITH_UNIT (LENGTH_MEASURE( 1.000000000000000082E-05 ), #775, 'distance_accuracy_value', 'NONE');
#97 = MECHANICAL_DESIGN_GEOMETRIC_PRESENTATION_REPRESENTATION (  '', ( #1124 ), #621 ) ;
#98 = PLANE ( 'NONE',  #710 ) ;
#99 =( NAMED_UNIT ( * ) SI_UNIT ( $, .STERADIAN. ) SOLID_ANGLE_UNIT ( ) );
#100 = ORIENTED_EDGE ( 'NONE', *, *, #3369, .F. ) ;
#101 = ORIENTED_EDGE ( 'NONE', *, *, #2291, .F. ) ;
#102 = FILL_AREA_STYLE_COLOUR ( '', #1390 ) ;
#103 =( GEOMETRIC_REPRESENTATION_CONTEXT ( 3 ) GLOBAL_UNCERTAINTY_ASSIGNED_CONTEXT ( ( #3926 ) ) GLOBAL_UNIT_ASSIGNED_CONTEXT ( ( #1511, #578, #3337 ) ) REPRESENTATION_CONTEXT ( 'NONE', 'WORKASPACE' ) );
#104 = AXIS2_PLACEMENT_3D ( 'NONE', #3247, #770, #1995 ) ;
#105 = CARTESIAN_POINT ( 'NONE',  ( -0.3800000000000002265, 0.8000000000000001554, -0.01499999999999999944 ) ) ;
#106 = UNCERTAINTY_MEASURE_WITH_UNIT (LENGTH_MEASURE( 1.000000000000000082E-05 ), #3964, 'distance_accuracy_value', 'NONE');
#107 = COLOUR_RGB ( '',0.2862745098039215508, 0.2862745098039215508, 0.2862745098039215508 ) ;
#108 = SURFACE_STYLE_FILL_AREA ( #3155 ) ;
#109 = ORIENTED_EDGE ( 'NONE', *, *, #2367, .T. ) ;
#110 = DIRECTION ( 'NONE',  ( -1.000000000000000000, 0.000000000000000000, 0.000000000000000000 ) ) ;
#111 = EDGE_CURVE ( 'NONE', #1203, #3695, #3600, .T. ) ;
#112 = EDGE_CURVE ( 'NONE', #616, #2040, #3662, .T. ) ;
#113 = FILL_AREA_STYLE_COLOUR ( '', #147 ) ;
#114 = LINE ( 'NONE', #3408, #2404 ) ;
#115 = LINE ( 'NONE', #1926, #1232 ) ;
#116 = ORIENTED_EDGE ( 'NONE', *, *, #3558, .T. ) ;
#117 = ORIENTED_EDGE ( 'NONE', *, *, #1052, .T. ) ;
#118 = ORIENTED_EDGE ( 'NONE', *, *, #2930, .T. ) ;
#119 =( NAMED_UNIT ( * ) SI_UNIT ( $, .STERADIAN. ) SOLID_ANGLE_UNIT ( ) );
#120 =( GEOMETRIC_REPRESENTATION_CONTEXT ( 3 ) GLOBAL_UNCERTAINTY_ASSIGNED_CONTEXT ( ( #2656 ) ) GLOBAL_UNIT_ASSIGNED_CONTEXT ( ( #2075, #1741, #3858 ) ) REPRESENTATION_CONTEXT ( 'NONE', 'WORKASPACE' ) );
#121 = CARTESIAN_POINT ( 'NONE',  ( -0.3800000000000002265, 0.1500000000000001887, 0.08500000000000000611 ) ) ;
#122 = FILL_AREA_STYLE_COLOUR ( '', #2471 ) ;
#123 = SURFACE_SIDE_STYLE ('',( #1649 ) ) ;
#124 =( NAMED_UNIT ( * ) SI_UNIT ( $, .STERADIAN. ) SOLID_ANGLE_UNIT ( ) );
#125 = CARTESIAN_POINT ( 'NONE',  ( -0.6150000000000003242, 0.9899999999999995470, 0.6350000000000000089 ) ) ;
#126 = COLOUR_RGB ( '',0.8039215686274510109, 0.8039215686274510109, 0.8039215686274510109 ) ;
#127 = DIRECTION ( 'NONE',  ( -1.000000000000000000, 0.000000000000000000, 0.000000000000000000 ) ) ;
#128 = CARTESIAN_POINT ( 'NONE',  ( -0.6150000000000003242, 1.019999999999999574, 0.6650000000000000355 ) ) ;
#129 = PRESENTATION_STYLE_ASSIGNMENT (( #852 ) ) ;
#130 = VECTOR ( 'NONE', #233, 1000.000000000000000 ) ;
#131 = VERTEX_POINT ( 'NONE', #1199 ) ;
#132 = EDGE_CURVE ( 'NONE', #3721, #3149, #2360, .T. ) ;
#133 = SURFACE_STYLE_FILL_AREA ( #2562 ) ;
#134 = COLOUR_RGB ( '',0.8039215686274510109, 0.8039215686274510109, 0.8039215686274510109 ) ;
#135 = COLOUR_RGB ( '',0.2862745098039215508, 0.2862745098039215508, 0.2862745098039215508 ) ;
#136 = FILL_AREA_STYLE_COLOUR ( '', #3595 ) ;
#137 = PRESENTATION_STYLE_ASSIGNMENT (( #3483 ) ) ;
#138 = DIRECTION ( 'NONE',  ( 0.000000000000000000, 1.000000000000000000, 0.000000000000000000 ) ) ;
#139 = EDGE_LOOP ( 'NONE', ( #2030, #2011, #3411, #330 ) ) ;
#140 = VERTEX_POINT ( 'NONE', #2994 ) ;
#141 = VECTOR ( 'NONE', #2784, 1000.000000000000000 ) ;
#142 = STYLED_ITEM ( 'NONE', ( #2925 ), #3399 ) ;
#143 = LINE ( 'NONE', #1842, #2666 ) ;
#144 =( GEOMETRIC_REPRESENTATION_CONTEXT ( 3 ) GLOBAL_UNCERTAINTY_ASSIGNED_CONTEXT ( ( #3135 ) ) GLOBAL_UNIT_ASSIGNED_CONTEXT ( ( #2903, #2363, #154 ) ) REPRESENTATION_CONTEXT ( 'NONE', 'WORKASPACE' ) );
#145 = SURFACE_SIDE_STYLE ('',( #3512 ) ) ;
#146 = DIRECTION ( 'NONE',  ( -1.000000000000000000, 0.000000000000000000, 0.000000000000000000 ) ) ;
#147 = COLOUR_RGB ( '',0.8039215686274510109, 0.8039215686274510109, 0.8039215686274510109 ) ;
#148 =( LENGTH_UNIT ( ) NAMED_UNIT ( * ) SI_UNIT ( .MILLI., .METRE. ) );
#149 = PRESENTATION_STYLE_ASSIGNMENT (( #2003 ) ) ;
#150 =( NAMED_UNIT ( * ) SI_UNIT ( $, .STERADIAN. ) SOLID_ANGLE_UNIT ( ) );
#151 =( LENGTH_UNIT ( ) NAMED_UNIT ( * ) SI_UNIT ( .MILLI., .METRE. ) );
#152 = CARTESIAN_POINT ( 'NONE',  ( 0.6000000000000000888, 0.8000000000000000444, 0.08500000000000000611 ) ) ;
#153 = CARTESIAN_POINT ( 'NONE',  ( 0.6000000000000000888, -0.4999999999999998890, 0.08500000000000000611 ) ) ;
#154 =( NAMED_UNIT ( * ) SI_UNIT ( $, .STERADIAN. ) SOLID_ANGLE_UNIT ( ) );
#155 = APPLICATION_CONTEXT ( 'automotive_design' ) ;
#156 = CARTESIAN_POINT ( 'NONE',  ( 0.6000000000000000888, 0.8000000000000000444, 0.08500000000000000611 ) ) ;
#157 = DIRECTION ( 'NONE',  ( 0.000000000000000000, -0.000000000000000000, -1.000000000000000000 ) ) ;
#158 = FACE_OUTER_BOUND ( 'NONE', #2869, .T. ) ;
#159 = SURFACE_SIDE_STYLE ('',( #2352 ) ) ;
#160 = AXIS2_PLACEMENT_3D ( 'NONE', #3905, #1737, #855 ) ;
#161 = ADVANCED_FACE ( 'NONE', ( #3012 ), #3911, .T. ) ;
#162 =( LENGTH_UNIT ( ) NAMED_UNIT ( * ) SI_UNIT ( .MILLI., .METRE. ) );
#163 = CARTESIAN_POINT ( 'NONE',  ( 0.000000000000000000, 0.6500000000000000222, 0.08500000000000000611 ) ) ;
#164 =( NAMED_UNIT ( * ) SI_UNIT ( $, .STERADIAN. ) SOLID_ANGLE_UNIT ( ) );
#165 = PRESENTATION_LAYER_ASSIGNMENT (  '', '', ( #1903 ) ) ;
#166 = FILL_AREA_STYLE ('',( #2901 ) ) ;
#167 = PRESENTATION_LAYER_ASSIGNMENT (  '', '', ( #1382 ) ) ;
#168 = PRESENTATION_STYLE_ASSIGNMENT (( #189 ) ) ;
#169 = SURFACE_STYLE_USAGE ( .BOTH. , #810 ) ;
#170 = EDGE_LOOP ( 'NONE', ( #3502, #1645, #197, #3554 ) ) ;
#171 = SURFACE_STYLE_USAGE ( .BOTH. , #2946 ) ;
#172 = CARTESIAN_POINT ( 'NONE',  ( -0.6450000000000002398, 1.019999999999999574, 0.6650000000000000355 ) ) ;
#173 =( NAMED_UNIT ( * ) PLANE_ANGLE_UNIT ( ) SI_UNIT ( $, .RADIAN. ) );
#174 =( NAMED_UNIT ( * ) SI_UNIT ( $, .STERADIAN. ) SOLID_ANGLE_UNIT ( ) );
#175 = ORIENTED_EDGE ( 'NONE', *, *, #2857, .F. ) ;
#176 = VECTOR ( 'NONE', #2124, 1000.000000000000000 ) ;
#177 = DIRECTION ( 'NONE',  ( -0.000000000000000000, -0.000000000000000000, -1.000000000000000000 ) ) ;
#178 = CARTESIAN_POINT ( 'NONE',  ( 0.6000000000000000888, 0.5000000000000001110, 0.000000000000000000 ) ) ;
#179 = EDGE_CURVE ( 'NONE', #1854, #3485, #2078, .T. ) ;
#180 = EDGE_CURVE ( 'NONE', #3226, #2776, #2706, .T. ) ;
#181 = VECTOR ( 'NONE', #1438, 1000.000000000000000 ) ;
#182 =( NAMED_UNIT ( * ) PLANE_ANGLE_UNIT ( ) SI_UNIT ( $, .RADIAN. ) );
#183 = DIRECTION ( 'NONE',  ( 0.000000000000000000, 1.000000000000000000, 0.000000000000000000 ) ) ;
#184 = MECHANICAL_DESIGN_GEOMETRIC_PRESENTATION_REPRESENTATION (  '', ( #651 ), #3597 ) ;
#185 = PRESENTATION_STYLE_ASSIGNMENT (( #850 ) ) ;
#186 = CARTESIAN_POINT ( 'NONE',  ( 0.6149999999999998801, 0.9899999999999995470, 0.6350000000000000089 ) ) ;
#187 = UNCERTAINTY_MEASURE_WITH_UNIT (LENGTH_MEASURE( 1.000000000000000082E-05 ), #2428, 'distance_accuracy_value', 'NONE');
#188 =( NAMED_UNIT ( * ) SI_UNIT ( $, .STERADIAN. ) SOLID_ANGLE_UNIT ( ) );
#189 = SURFACE_STYLE_USAGE ( .BOTH. , #2311 ) ;
#190 = DIRECTION ( 'NONE',  ( -1.000000000000000000, 0.000000000000000000, 0.000000000000000000 ) ) ;
#191 = ORIENTED_EDGE ( 'NONE', *, *, #1380, .F. ) ;
#192 = CARTESIAN_POINT ( 'NONE',  ( -0.6000000000000003109, -0.7999999999999998224, 0.08500000000000000611 ) ) ;
#193 = DIRECTION ( 'NONE',  ( 1.000000000000000000, 0.000000000000000000, 0.000000000000000000 ) ) ;
#194 = AXIS2_PLACEMENT_3D ( 'NONE', #936, #1847, #3368 ) ;
#195 = EDGE_LOOP ( 'NONE', ( #2229, #2665, #685, #2051 ) ) ;
#196 = VECTOR ( 'NONE', #498, 1000.000000000000000 ) ;
#197 = ORIENTED_EDGE ( 'NONE', *, *, #2899, .T. ) ;
#198 = VECTOR ( 'NONE', #3274, 1000.000000000000000 ) ;
#199 = FILL_AREA_STYLE ('',( #3646 ) ) ;
#200 = SURFACE_STYLE_FILL_AREA ( #1467 ) ;
#201 = PRESENTATION_LAYER_ASSIGNMENT (  '', '', ( #1942 ) ) ;
#202 = CIRCLE ( 'NONE', #529, 0.02999999999999997113 ) ;
#203 = CARTESIAN_POINT ( 'NONE',  ( 0.3800000000000001155, -0.4999999999999998890, 0.08500000000000000611 ) ) ;
#204 = MECHANICAL_DESIGN_GEOMETRIC_PRESENTATION_REPRESENTATION (  '', ( #870 ), #3107 ) ;
#205 = ADVANCED_FACE ( 'NONE', ( #2493 ), #2786, .F. ) ;
#206 = EDGE_CURVE ( 'NONE', #3721, #2093, #3392, .T. ) ;
#207 = SURFACE_STYLE_FILL_AREA ( #3898 ) ;
#208 = STYLED_ITEM ( 'NONE', ( #659 ), #3515 ) ;
#209 = COLOUR_RGB ( '',0.9607843137254902244, 0.9607843137254902244, 0.9607843137254902244 ) ;
#210 = CARTESIAN_POINT ( 'NONE',  ( 0.6149999999999998801, 0.9899999999999995470, 0.6350000000000000089 ) ) ;
#211 = DIRECTION ( 'NONE',  ( -1.000000000000000000, 0.000000000000000000, -0.000000000000000000 ) ) ;
#212 = EDGE_CURVE ( 'NONE', #3149, #3721, #2611, .T. ) ;
#213 = CARTESIAN_POINT ( 'NONE',  ( 0.6149999999999998801, -0.9900000000000002132, 0.6650000000000000355 ) ) ;
#214 = DIRECTION ( 'NONE',  ( -0.000000000000000000, -0.000000000000000000, 1.000000000000000000 ) ) ;
#215 = SURFACE_STYLE_FILL_AREA ( #2300 ) ;
#216 = ORIENTED_EDGE ( 'NONE', *, *, #1727, .F. ) ;
#217 = PLANE ( 'NONE',  #3917 ) ;
#218 = SURFACE_STYLE_FILL_AREA ( #524 ) ;
#219 = DIRECTION ( 'NONE',  ( 0.000000000000000000, -1.000000000000000000, 0.000000000000000000 ) ) ;
#220 = DIRECTION ( 'NONE',  ( 0.000000000000000000, -1.000000000000000000, 0.000000000000000000 ) ) ;
#221 = PRESENTATION_STYLE_ASSIGNMENT (( #2991 ) ) ;
#222 = CARTESIAN_POINT ( 'NONE',  ( 0.6149999999999999911, 0.9899999999999995470, 0.000000000000000000 ) ) ;
#223 = DIRECTION ( 'NONE',  ( 1.000000000000000000, -0.000000000000000000, -0.000000000000000000 ) ) ;
#224 = FACE_OUTER_BOUND ( 'NONE', #139, .T. ) ;
#225 = LINE ( 'NONE', #3604, #1420 ) ;
#226 = ORIENTED_EDGE ( 'NONE', *, *, #2469, .F. ) ;
#227 = ORIENTED_EDGE ( 'NONE', *, *, #1005, .T. ) ;
#228 = LINE ( 'NONE', #1426, #1195 ) ;
#229 = CLOSED_SHELL ( 'NONE', ( #2336, #588, #636, #3975, #418, #2393 ) ) ;
#230 = UNCERTAINTY_MEASURE_WITH_UNIT (LENGTH_MEASURE( 1.000000000000000082E-05 ), #2957, 'distance_accuracy_value', 'NONE');
#231 = VECTOR ( 'NONE', #2033, 1000.000000000000000 ) ;
#232 = FACE_OUTER_BOUND ( 'NONE', #195, .T. ) ;
#233 = DIRECTION ( 'NONE',  ( 0.000000000000000000, 0.000000000000000000, -1.000000000000000000 ) ) ;
#234 = DIRECTION ( 'NONE',  ( 1.000000000000000000, 0.000000000000000000, 0.000000000000000000 ) ) ;
#235 = MECHANICAL_DESIGN_GEOMETRIC_PRESENTATION_REPRESENTATION (  '', ( #888 ), #3324 ) ;
#236 = AXIS2_PLACEMENT_3D ( 'NONE', #3661, #608, #306 ) ;
#237 = LINE ( 'NONE', #1455, #1451 ) ;
#238 = EDGE_LOOP ( 'NONE', ( #3130, #3065, #932, #2541 ) ) ;
#239 = DIRECTION ( 'NONE',  ( -0.000000000000000000, 0.000000000000000000, 1.000000000000000000 ) ) ;
#240 = FACE_OUTER_BOUND ( 'NONE', #1765, .T. ) ;
#241 = EDGE_CURVE ( 'NONE', #3248, #2170, #2182, .T. ) ;
#242 = EDGE_CURVE ( 'NONE', #1182, #2740, #2823, .T. ) ;
#243 = AXIS2_PLACEMENT_3D ( 'NONE', #72, #3592, #2937 ) ;
#244 = DIRECTION ( 'NONE',  ( 0.000000000000000000, 0.000000000000000000, 1.000000000000000000 ) ) ;
#245 = CARTESIAN_POINT ( 'NONE',  ( -0.6000000000000003109, 0.8000000000000001554, 0.000000000000000000 ) ) ;
#246 = DIRECTION ( 'NONE',  ( 0.000000000000000000, 0.000000000000000000, 1.000000000000000000 ) ) ;
#247 = ORIENTED_EDGE ( 'NONE', *, *, #2631, .F. ) ;
#248 = COLOUR_RGB ( '',0.2862745098039215508, 0.2862745098039215508, 0.2862745098039215508 ) ;
#249 =( NAMED_UNIT ( * ) PLANE_ANGLE_UNIT ( ) SI_UNIT ( $, .RADIAN. ) );
#250 = STYLED_ITEM ( 'NONE', ( #3608 ), #1087 ) ;
#251 = DIRECTION ( 'NONE',  ( -1.000000000000000000, 0.000000000000000000, -0.000000000000000000 ) ) ;
#252 = FACE_OUTER_BOUND ( 'NONE', #2121, .T. ) ;
#253 = ORIENTED_EDGE ( 'NONE', *, *, #40, .T. ) ;
#254 = FILL_AREA_STYLE_COLOUR ( '', #864 ) ;
#255 = ORIENTED_EDGE ( 'NONE', *, *, #489, .T. ) ;
#256 = FILL_AREA_STYLE ('',( #871 ) ) ;
#257 = CARTESIAN_POINT ( 'NONE',  ( 0.6149999999999999911, -1.020000000000000240, 0.6650000000000000355 ) ) ;
#258 = FILL_AREA_STYLE ('',( #3003 ) ) ;
#259 =( GEOMETRIC_REPRESENTATION_CONTEXT ( 3 ) GLOBAL_UNCERTAINTY_ASSIGNED_CONTEXT ( ( #1105 ) ) GLOBAL_UNIT_ASSIGNED_CONTEXT ( ( #304, #3980, #3010 ) ) REPRESENTATION_CONTEXT ( 'NONE', 'WORKASPACE' ) );
#260 = VECTOR ( 'NONE', #2820, 1000.000000000000000 ) ;
#261 = DIRECTION ( 'NONE',  ( 0.000000000000000000, -1.000000000000000000, 0.000000000000000000 ) ) ;
#262 = DIRECTION ( 'NONE',  ( -0.000000000000000000, -0.000000000000000000, 1.000000000000000000 ) ) ;
#263 = VERTEX_POINT ( 'NONE', #1554 ) ;
#264 = SURFACE_SIDE_STYLE ('',( #1154 ) ) ;
#265 = FILL_AREA_STYLE ('',( #282 ) ) ;
#266 = EDGE_CURVE ( 'NONE', #392, #2323, #946, .T. ) ;
#267 =( NAMED_UNIT ( * ) SI_UNIT ( $, .STERADIAN. ) SOLID_ANGLE_UNIT ( ) );
#268 = ADVANCED_FACE ( 'NONE', ( #3982 ), #1302, .F. ) ;
#269 = ORIENTED_EDGE ( 'NONE', *, *, #40, .F. ) ;
#270 = FILL_AREA_STYLE_COLOUR ( '', #2278 ) ;
#271 = PRESENTATION_STYLE_ASSIGNMENT (( #2062 ) ) ;
#272 = ORIENTED_EDGE ( 'NONE', *, *, #3772, .F. ) ;
#273 = VECTOR ( 'NONE', #2664, 1000.000000000000000 ) ;
#274 = MECHANICAL_DESIGN_GEOMETRIC_PRESENTATION_REPRESENTATION (  '', ( #2332 ), #2850 ) ;
#275 = LINE ( 'NONE', #3402, #2752 ) ;
#276 =( NAMED_UNIT ( * ) SI_UNIT ( $, .STERADIAN. ) SOLID_ANGLE_UNIT ( ) );
#277 = VECTOR ( 'NONE', #2640, 1000.000000000000000 ) ;
#278 = SPHERICAL_SURFACE ( 'NONE', #2778, 0.02999999999999999889 ) ;
#279 = LINE ( 'NONE', #2425, #3439 ) ;
#280 = EDGE_LOOP ( 'NONE', ( #3498, #3332, #811, #117 ) ) ;
#281 = MECHANICAL_DESIGN_GEOMETRIC_PRESENTATION_REPRESENTATION (  '', ( #408 ), #3375 ) ;
#282 = FILL_AREA_STYLE_COLOUR ( '', #2663 ) ;
#283 = SURFACE_STYLE_FILL_AREA ( #953 ) ;
#284 = SURFACE_STYLE_USAGE ( .BOTH. , #668 ) ;
#285 = FILL_AREA_STYLE ('',( #3051 ) ) ;
#286 = ORIENTED_EDGE ( 'NONE', *, *, #1654, .F. ) ;
#287 = FILL_AREA_STYLE ('',( #270 ) ) ;
#288 = PLANE ( 'NONE',  #1150 ) ;
#289 = ORIENTED_EDGE ( 'NONE', *, *, #3342, .T. ) ;
#290 = PRESENTATION_STYLE_ASSIGNMENT (( #2419 ) ) ;
#291 = ORIENTED_EDGE ( 'NONE', *, *, #3036, .F. ) ;
#292 = DIRECTION ( 'NONE',  ( -0.000000000000000000, 0.000000000000000000, 1.000000000000000000 ) ) ;
#293 = EDGE_CURVE ( 'NONE', #1284, #473, #1974, .T. ) ;
#294 = EDGE_CURVE ( 'NONE', #3284, #1576, #2259, .T. ) ;
#295 = PLANE ( 'NONE',  #951 ) ;
#296 =( NAMED_UNIT ( * ) PLANE_ANGLE_UNIT ( ) SI_UNIT ( $, .RADIAN. ) );
#297 = STYLED_ITEM ( 'NONE', ( #3232 ), #365 ) ;
#298 =( NAMED_UNIT ( * ) PLANE_ANGLE_UNIT ( ) SI_UNIT ( $, .RADIAN. ) );
#299 = CARTESIAN_POINT ( 'NONE',  ( -0.6150000000000003242, -1.020000000000000240, 0.6650000000000000355 ) ) ;
#300 = ORIENTED_EDGE ( 'NONE', *, *, #1431, .F. ) ;
#301 = PRESENTATION_LAYER_ASSIGNMENT (  '', '', ( #624 ) ) ;
#302 = FACE_OUTER_BOUND ( 'NONE', #3824, .T. ) ;
#303 = MECHANICAL_DESIGN_GEOMETRIC_PRESENTATION_REPRESENTATION (  '', ( #3830 ), #1900 ) ;
#304 =( LENGTH_UNIT ( ) NAMED_UNIT ( * ) SI_UNIT ( .MILLI., .METRE. ) );
#305 = FILL_AREA_STYLE ('',( #1826 ) ) ;
#306 = DIRECTION ( 'NONE',  ( -1.000000000000000000, 0.000000000000000000, 0.000000000000000000 ) ) ;
#307 = ORIENTED_EDGE ( 'NONE', *, *, #63, .F. ) ;
#308 = DIRECTION ( 'NONE',  ( -1.000000000000000000, 0.000000000000000000, 0.000000000000000000 ) ) ;
#309 = COLOUR_RGB ( '',0.2862745098039215508, 0.2862745098039215508, 0.2862745098039215508 ) ;
#310 = VECTOR ( 'NONE', #2440, 1000.000000000000000 ) ;
#311 = FACE_OUTER_BOUND ( 'NONE', #2492, .T. ) ;
#312 = EDGE_LOOP ( 'NONE', ( #3168, #3156, #3605, #1084 ) ) ;
#313 = ORIENTED_EDGE ( 'NONE', *, *, #1839, .T. ) ;
#314 = CARTESIAN_POINT ( 'NONE',  ( 0.6149999999999999911, 1.019999999999999574, 0.000000000000000000 ) ) ;
#315 = UNCERTAINTY_MEASURE_WITH_UNIT (LENGTH_MEASURE( 1.000000000000000082E-05 ), #3627, 'distance_accuracy_value', 'NONE');
#316 = ADVANCED_FACE ( 'NONE', ( #2283 ), #1990, .T. ) ;
#317 = ADVANCED_FACE ( 'NONE', ( #3522 ), #3833, .F. ) ;
#318 = PLANE ( 'NONE',  #1982 ) ;
#319 = ORIENTED_EDGE ( 'NONE', *, *, #206, .F. ) ;
#320 = DIRECTION ( 'NONE',  ( 0.000000000000000000, -0.000000000000000000, -1.000000000000000000 ) ) ;
#321 = MECHANICAL_DESIGN_GEOMETRIC_PRESENTATION_REPRESENTATION (  '', ( #2965 ), #1335 ) ;
#322 = VECTOR ( 'NONE', #2005, 1000.000000000000000 ) ;
#323 = ORIENTED_EDGE ( 'NONE', *, *, #1907, .F. ) ;
#324 = SURFACE_STYLE_USAGE ( .BOTH. , #3436 ) ;
#325 = PRESENTATION_LAYER_ASSIGNMENT (  '', '', ( #1473 ) ) ;
#326 = PRESENTATION_STYLE_ASSIGNMENT (( #3349 ) ) ;
#327 =( GEOMETRIC_REPRESENTATION_CONTEXT ( 3 ) GLOBAL_UNCERTAINTY_ASSIGNED_CONTEXT ( ( #1629 ) ) GLOBAL_UNIT_ASSIGNED_CONTEXT ( ( #3692, #3723, #2788 ) ) REPRESENTATION_CONTEXT ( 'NONE', 'WORKASPACE' ) );
#328 = FILL_AREA_STYLE_COLOUR ( '', #653 ) ;
#329 = CARTESIAN_POINT ( 'NONE',  ( 0.6000000000000000888, 0.1500000000000000777, -0.01499999999999999944 ) ) ;
#330 = ORIENTED_EDGE ( 'NONE', *, *, #1631, .F. ) ;
#331 = PRESENTATION_LAYER_ASSIGNMENT (  '', '', ( #1158 ) ) ;
#332 = CARTESIAN_POINT ( 'NONE',  ( 0.6000000000000000888, -0.4999999999999998890, 0.000000000000000000 ) ) ;
#333 = AXIS2_PLACEMENT_3D ( 'NONE', #1399, #1103, #1961 ) ;
#334 =( GEOMETRIC_REPRESENTATION_CONTEXT ( 3 ) GLOBAL_UNCERTAINTY_ASSIGNED_CONTEXT ( ( #3209 ) ) GLOBAL_UNIT_ASSIGNED_CONTEXT ( ( #2499, #632, #1556 ) ) REPRESENTATION_CONTEXT ( 'NONE', 'WORKASPACE' ) );
#335 = EDGE_CURVE ( 'NONE', #1927, #1624, #1457, .T. ) ;
#336 = FILL_AREA_STYLE_COLOUR ( '', #1948 ) ;
#337 = MECHANICAL_DESIGN_GEOMETRIC_PRESENTATION_REPRESENTATION (  '', ( #2272 ), #866 ) ;
#338 = EDGE_LOOP ( 'NONE', ( #2691, #1558, #2212, #715 ) ) ;
#339 = FILL_AREA_STYLE_COLOUR ( '', #1148 ) ;
#340 = ADVANCED_FACE ( 'NONE', ( #240 ), #3885, .F. ) ;
#341 = AXIS2_PLACEMENT_3D ( 'NONE', #3946, #1501, #3388 ) ;
#342 = AXIS2_PLACEMENT_3D ( 'NONE', #2342, #2926, #1137 ) ;
#343 = LINE ( 'NONE', #2159, #3095 ) ;
#344 = DIRECTION ( 'NONE',  ( 0.000000000000000000, 1.000000000000000000, 0.000000000000000000 ) ) ;
#345 = ORIENTED_EDGE ( 'NONE', *, *, #913, .F. ) ;
#346 = COLOUR_RGB ( '',0.8039215686274510109, 0.8039215686274510109, 0.8039215686274510109 ) ;
#347 = DIRECTION ( 'NONE',  ( -0.000000000000000000, -0.000000000000000000, -1.000000000000000000 ) ) ;
#348 = DIRECTION ( 'NONE',  ( -1.000000000000000000, 0.000000000000000000, -0.000000000000000000 ) ) ;
#349 = DIRECTION ( 'NONE',  ( -0.000000000000000000, -0.000000000000000000, -1.000000000000000000 ) ) ;
#350 = CARTESIAN_POINT ( 'NONE',  ( -0.09958963440504037257, 0.8685094525064316340, -0.01499999999999999944 ) ) ;
#351 = ORIENTED_EDGE ( 'NONE', *, *, #2367, .F. ) ;
#352 = ORIENTED_EDGE ( 'NONE', *, *, #3631, .T. ) ;
#353 = DIRECTION ( 'NONE',  ( 1.000000000000000000, -0.000000000000000000, 0.000000000000000000 ) ) ;
#354 = CARTESIAN_POINT ( 'NONE',  ( 0.6000000000000000888, -0.4999999999999998890, -0.01499999999999999944 ) ) ;
#355 = COLOUR_RGB ( '',0.8039215686274510109, 0.8039215686274510109, 0.8039215686274510109 ) ;
#356 = SURFACE_SIDE_STYLE ('',( #108 ) ) ;
#357 = ORIENTED_EDGE ( 'NONE', *, *, #2658, .T. ) ;
#358 = AXIS2_PLACEMENT_3D ( 'NONE', #2387, #2964, #193 ) ;
#359 = FACE_OUTER_BOUND ( 'NONE', #2766, .T. ) ;
#360 = FILL_AREA_STYLE ('',( #2201 ) ) ;
#361 = STYLED_ITEM ( 'NONE', ( #1668 ), #418 ) ;
#362 = DIRECTION ( 'NONE',  ( -1.000000000000000000, 0.000000000000000000, 0.000000000000000000 ) ) ;
#363 = VERTEX_POINT ( 'NONE', #1714 ) ;
#364 = EDGE_CURVE ( 'NONE', #3694, #3764, #948, .T. ) ;
#365 = ADVANCED_FACE ( 'NONE', ( #1685 ), #436, .F. ) ;
#366 = STYLED_ITEM ( 'NONE', ( #1187 ), #432 ) ;
#367 = PLANE ( 'NONE',  #1664 ) ;
#368 = DIRECTION ( 'NONE',  ( 0.000000000000000000, 0.000000000000000000, -1.000000000000000000 ) ) ;
#369 = FACE_BOUND ( 'NONE', #3959, .T. ) ;
#370 = ORIENTED_EDGE ( 'NONE', *, *, #1334, .F. ) ;
#371 =( GEOMETRIC_REPRESENTATION_CONTEXT ( 3 ) GLOBAL_UNCERTAINTY_ASSIGNED_CONTEXT ( ( #431 ) ) GLOBAL_UNIT_ASSIGNED_CONTEXT ( ( #2017, #469, #702 ) ) REPRESENTATION_CONTEXT ( 'NONE', 'WORKASPACE' ) );
#372 = ORIENTED_EDGE ( 'NONE', *, *, #2421, .T. ) ;
#373 = DIRECTION ( 'NONE',  ( -0.000000000000000000, -0.000000000000000000, 1.000000000000000000 ) ) ;
#374 =( GEOMETRIC_REPRESENTATION_CONTEXT ( 3 ) GLOBAL_UNCERTAINTY_ASSIGNED_CONTEXT ( ( #2290 ) ) GLOBAL_UNIT_ASSIGNED_CONTEXT ( ( #2157, #3477, #150 ) ) REPRESENTATION_CONTEXT ( 'NONE', 'WORKASPACE' ) );
#375 = SURFACE_SIDE_STYLE ('',( #3152 ) ) ;
#376 = VECTOR ( 'NONE', #1821, 1000.000000000000000 ) ;
#377 = CARTESIAN_POINT ( 'NONE',  ( 0.6000000000000000888, 0.1500000000000000777, -0.01499999999999999944 ) ) ;
#378 = DIRECTION ( 'NONE',  ( -0.000000000000000000, 0.000000000000000000, 1.000000000000000000 ) ) ;
#379 = FILL_AREA_STYLE ('',( #647 ) ) ;
#380 =( NAMED_UNIT ( * ) PLANE_ANGLE_UNIT ( ) SI_UNIT ( $, .RADIAN. ) );
#381 = CARTESIAN_POINT ( 'NONE',  ( 0.6000000000000000888, 0.8000000000000000444, 0.000000000000000000 ) ) ;
#382 = FILL_AREA_STYLE_COLOUR ( '', #1975 ) ;
#383 = ORIENTED_EDGE ( 'NONE', *, *, #758, .T. ) ;
#384 = CARTESIAN_POINT ( 'NONE',  ( 0.3800000000000001155, -0.4999999999999998890, 0.000000000000000000 ) ) ;
#385 = UNCERTAINTY_MEASURE_WITH_UNIT (LENGTH_MEASURE( 1.000000000000000082E-05 ), #151, 'distance_accuracy_value', 'NONE');
#386 = EDGE_CURVE ( 'NONE', #131, #2758, #481, .T. ) ;
#387 = SURFACE_STYLE_USAGE ( .BOTH. , #55 ) ;
#388 = SURFACE_SIDE_STYLE ('',( #1573 ) ) ;
#389 = SURFACE_STYLE_USAGE ( .BOTH. , #1555 ) ;
#390 = STYLED_ITEM ( 'NONE', ( #1736 ), #1456 ) ;
#391 = LINE ( 'NONE', #3726, #3738 ) ;
#392 = VERTEX_POINT ( 'NONE', #2356 ) ;
#393 = CARTESIAN_POINT ( 'NONE',  ( -0.09958963440504037257, 0.8685094525064316340, 0.2121320343559642829 ) ) ;
#394 =( GEOMETRIC_REPRESENTATION_CONTEXT ( 3 ) GLOBAL_UNCERTAINTY_ASSIGNED_CONTEXT ( ( #3768 ) ) GLOBAL_UNIT_ASSIGNED_CONTEXT ( ( #2080, #1125, #3624 ) ) REPRESENTATION_CONTEXT ( 'NONE', 'WORKASPACE' ) );
#395 = AXIS2_PLACEMENT_3D ( 'NONE', #2984, #3004, #1410 ) ;
#396 =( GEOMETRIC_REPRESENTATION_CONTEXT ( 3 ) GLOBAL_UNCERTAINTY_ASSIGNED_CONTEXT ( ( #1625 ) ) GLOBAL_UNIT_ASSIGNED_CONTEXT ( ( #420, #48, #3460 ) ) REPRESENTATION_CONTEXT ( 'NONE', 'WORKASPACE' ) );
#397 =( GEOMETRIC_REPRESENTATION_CONTEXT ( 3 ) GLOBAL_UNCERTAINTY_ASSIGNED_CONTEXT ( ( #2859 ) ) GLOBAL_UNIT_ASSIGNED_CONTEXT ( ( #3716, #298, #3634 ) ) REPRESENTATION_CONTEXT ( 'NONE', 'WORKASPACE' ) );
#398 = FILL_AREA_STYLE ('',( #1238 ) ) ;
#399 = VECTOR ( 'NONE', #743, 1000.000000000000000 ) ;
#400 =( GEOMETRIC_REPRESENTATION_CONTEXT ( 3 ) GLOBAL_UNCERTAINTY_ASSIGNED_CONTEXT ( ( #1704 ) ) GLOBAL_UNIT_ASSIGNED_CONTEXT ( ( #3822, #2887, #174 ) ) REPRESENTATION_CONTEXT ( 'NONE', 'WORKASPACE' ) );
#401 = FILL_AREA_STYLE_COLOUR ( '', #17 ) ;
#402 = VERTEX_POINT ( 'NONE', #2273 ) ;
#403 = CARTESIAN_POINT ( 'NONE',  ( 0.3800000000000001155, 0.1500000000000000777, 0.08500000000000000611 ) ) ;
#404 =( GEOMETRIC_REPRESENTATION_CONTEXT ( 3 ) GLOBAL_UNCERTAINTY_ASSIGNED_CONTEXT ( ( #2507 ) ) GLOBAL_UNIT_ASSIGNED_CONTEXT ( ( #2911, #2304, #3838 ) ) REPRESENTATION_CONTEXT ( 'NONE', 'WORKASPACE' ) );
#405 = FACE_OUTER_BOUND ( 'NONE', #1091, .T. ) ;
#406 = DIRECTION ( 'NONE',  ( 0.000000000000000000, 0.000000000000000000, 1.000000000000000000 ) ) ;
#407 =( LENGTH_UNIT ( ) NAMED_UNIT ( * ) SI_UNIT ( .MILLI., .METRE. ) );
#408 = STYLED_ITEM ( 'NONE', ( #2733 ), #3400 ) ;
#409 = PRESENTATION_LAYER_ASSIGNMENT (  '', '', ( #3872 ) ) ;
#410 = DIRECTION ( 'NONE',  ( -0.000000000000000000, 1.000000000000000000, -0.000000000000000000 ) ) ;
#411 = VERTEX_POINT ( 'NONE', #1650 ) ;
#412 = LINE ( 'NONE', #1017, #2697 ) ;
#413 = VECTOR ( 'NONE', #1275, 1000.000000000000000 ) ;
#414 = FILL_AREA_STYLE_COLOUR ( '', #1211 ) ;
#415 = DIRECTION ( 'NONE',  ( 1.000000000000000000, -0.000000000000000000, -0.000000000000000000 ) ) ;
#416 = STYLED_ITEM ( 'NONE', ( #977 ), #3686 ) ;
#417 = PRESENTATION_STYLE_ASSIGNMENT (( #2293 ) ) ;
#418 = ADVANCED_FACE ( 'NONE', ( #3253 ), #2936, .T. ) ;
#419 = ADVANCED_FACE ( 'NONE', ( #232 ), #2126, .T. ) ;
#420 =( LENGTH_UNIT ( ) NAMED_UNIT ( * ) SI_UNIT ( .MILLI., .METRE. ) );
#421 = EDGE_LOOP ( 'NONE', ( #2888, #1697 ) ) ;
#422 = DIRECTION ( 'NONE',  ( 0.000000000000000000, 0.000000000000000000, 1.000000000000000000 ) ) ;
#423 = DIRECTION ( 'NONE',  ( 0.000000000000000000, 0.000000000000000000, 1.000000000000000000 ) ) ;
#424 =( NAMED_UNIT ( * ) SI_UNIT ( $, .STERADIAN. ) SOLID_ANGLE_UNIT ( ) );
#425 = ORIENTED_EDGE ( 'NONE', *, *, #1489, .F. ) ;
#426 = VECTOR ( 'NONE', #347, 1000.000000000000000 ) ;
#427 = MANIFOLD_SOLID_BREP ( 'Boss-Extrude2[1]', #2547 ) ;
#428 = AXIS2_PLACEMENT_3D ( 'NONE', #3576, #1803, #3048 ) ;
#429 =( LENGTH_UNIT ( ) NAMED_UNIT ( * ) SI_UNIT ( .MILLI., .METRE. ) );
#430 = EDGE_LOOP ( 'NONE', ( #3758, #545, #3446, #1973 ) ) ;
#431 = UNCERTAINTY_MEASURE_WITH_UNIT (LENGTH_MEASURE( 1.000000000000000082E-05 ), #2017, 'distance_accuracy_value', 'NONE');
#432 = MANIFOLD_SOLID_BREP ( 'LPattern2[4]', #3251 ) ;
#433 =( NAMED_UNIT ( * ) PLANE_ANGLE_UNIT ( ) SI_UNIT ( $, .RADIAN. ) );
#434 = DIRECTION ( 'NONE',  ( -0.000000000000000000, -0.000000000000000000, -1.000000000000000000 ) ) ;
#435 = ADVANCED_FACE ( 'NONE', ( #1855 ), #295, .F. ) ;
#436 = PLANE ( 'NONE',  #1444 ) ;
#437 = EDGE_CURVE ( 'NONE', #3855, #2458, #3767, .T. ) ;
#438 = LINE ( 'NONE', #2295, #3360 ) ;
#439 = EDGE_LOOP ( 'NONE', ( #2839, #3521, #2737, #2454 ) ) ;
#440 = LINE ( 'NONE', #1687, #1279 ) ;
#441 = CARTESIAN_POINT ( 'NONE',  ( 0.6449999999999997957, -1.020000000000000240, 0.6350000000000000089 ) ) ;
#442 = LINE ( 'NONE', #381, #2722 ) ;
#443 = CARTESIAN_POINT ( 'NONE',  ( 0.3800000000000001155, -0.4999999999999998890, -0.01499999999999999944 ) ) ;
#444 = ORIENTED_EDGE ( 'NONE', *, *, #3953, .T. ) ;
#445 = CARTESIAN_POINT ( 'NONE',  ( -0.5795250000000002899, 0.9190499999999995895, 0.6550000000000000266 ) ) ;
#446 = DIRECTION ( 'NONE',  ( -0.000000000000000000, -0.000000000000000000, -1.000000000000000000 ) ) ;
#447 = FILL_AREA_STYLE_COLOUR ( '', #2302 ) ;
#448 = VERTEX_POINT ( 'NONE', #1665 ) ;
#449 = ORIENTED_EDGE ( 'NONE', *, *, #3877, .F. ) ;
#450 = STYLED_ITEM ( 'NONE', ( #2348 ), #3705 ) ;
#451 = SURFACE_SIDE_STYLE ('',( #1959 ) ) ;
#452 = SURFACE_STYLE_USAGE ( .BOTH. , #753 ) ;
#453 = MECHANICAL_DESIGN_GEOMETRIC_PRESENTATION_REPRESENTATION (  '', ( #3664 ), #776 ) ;
#454 = DIRECTION ( 'NONE',  ( 0.000000000000000000, 1.000000000000000000, -0.000000000000000000 ) ) ;
#455 = FILL_AREA_STYLE_COLOUR ( '', #2795 ) ;
#456 = MANIFOLD_SOLID_BREP ( 'Boss-Extrude3', #3121 ) ;
#457 = ORIENTED_EDGE ( 'NONE', *, *, #890, .F. ) ;
#458 = VECTOR ( 'NONE', #2139, 1000.000000000000000 ) ;
#459 = DIRECTION ( 'NONE',  ( 0.000000000000000000, 1.000000000000000000, 0.000000000000000000 ) ) ;
#460 =( NAMED_UNIT ( * ) SI_UNIT ( $, .STERADIAN. ) SOLID_ANGLE_UNIT ( ) );
#461 = LINE ( 'NONE', #3275, #1495 ) ;
#462 =( GEOMETRIC_REPRESENTATION_CONTEXT ( 3 ) GLOBAL_UNCERTAINTY_ASSIGNED_CONTEXT ( ( #2655 ) ) GLOBAL_UNIT_ASSIGNED_CONTEXT ( ( #1435, #2312, #1758 ) ) REPRESENTATION_CONTEXT ( 'NONE', 'WORKASPACE' ) );
#463 = SPHERICAL_SURFACE ( 'NONE', #3577, 0.02999999999999999889 ) ;
#464 = ORIENTED_EDGE ( 'NONE', *, *, #984, .F. ) ;
#465 = EDGE_CURVE ( 'NONE', #3435, #1437, #1960, .T. ) ;
#466 = AXIS2_PLACEMENT_3D ( 'NONE', #32, #183, #1670 ) ;
#467 = LINE ( 'NONE', #3800, #926 ) ;
#468 = PRESENTATION_STYLE_ASSIGNMENT (( #2685 ) ) ;
#469 =( NAMED_UNIT ( * ) PLANE_ANGLE_UNIT ( ) SI_UNIT ( $, .RADIAN. ) );
#470 = LINE ( 'NONE', #1028, #3231 ) ;
#471 = VERTEX_POINT ( 'NONE', #3564 ) ;
#472 =( GEOMETRIC_REPRESENTATION_CONTEXT ( 3 ) GLOBAL_UNCERTAINTY_ASSIGNED_CONTEXT ( ( #2085 ) ) GLOBAL_UNIT_ASSIGNED_CONTEXT ( ( #790, #3504, #1693 ) ) REPRESENTATION_CONTEXT ( 'NONE', 'WORKASPACE' ) );
#473 = VERTEX_POINT ( 'NONE', #2572 ) ;
#474 = UNCERTAINTY_MEASURE_WITH_UNIT (LENGTH_MEASURE( 1.000000000000000082E-05 ), #1251, 'distance_accuracy_value', 'NONE');
#475 = VECTOR ( 'NONE', #2940, 1000.000000000000000 ) ;
#476 = AXIS2_PLACEMENT_3D ( 'NONE', #2488, #892, #3681 ) ;
#477 = FILL_AREA_STYLE_COLOUR ( '', #1529 ) ;
#478 = FILL_AREA_STYLE_COLOUR ( '', #3516 ) ;
#479 =( NAMED_UNIT ( * ) PLANE_ANGLE_UNIT ( ) SI_UNIT ( $, .RADIAN. ) );
#480 = AXIS2_PLACEMENT_3D ( 'NONE', #1422, #799, #1701 ) ;
#481 = LINE ( 'NONE', #2976, #3006 ) ;
#482 =( NAMED_UNIT ( * ) SI_UNIT ( $, .STERADIAN. ) SOLID_ANGLE_UNIT ( ) );
#483 = LINE ( 'NONE', #1690, #273 ) ;
#484 = CYLINDRICAL_SURFACE ( 'NONE', #1882, 0.02999999999999997113 ) ;
#485 = ORIENTED_EDGE ( 'NONE', *, *, #3098, .T. ) ;
#486 = PLANE ( 'NONE',  #3169 ) ;
#487 = EDGE_CURVE ( 'NONE', #3952, #3321, #1054, .T. ) ;
#488 =( LENGTH_UNIT ( ) NAMED_UNIT ( * ) SI_UNIT ( .MILLI., .METRE. ) );
#489 = EDGE_CURVE ( 'NONE', #1834, #2500, #3789, .T. ) ;
#490 = SURFACE_SIDE_STYLE ('',( #2586 ) ) ;
#491 = COLOUR_RGB ( '',0.2862745098039215508, 0.2862745098039215508, 0.2862745098039215508 ) ;
#492 = MANIFOLD_SOLID_BREP ( 'Boss-Extrude2[2]', #3510 ) ;
#493 = FILL_AREA_STYLE ('',( #414 ) ) ;
#494 = FACE_OUTER_BOUND ( 'NONE', #3626, .T. ) ;
#495 = PRESENTATION_STYLE_ASSIGNMENT (( #3255 ) ) ;
#496 = MECHANICAL_DESIGN_GEOMETRIC_PRESENTATION_REPRESENTATION (  '', ( #630 ), #3459 ) ;
#497 = SURFACE_STYLE_USAGE ( .BOTH. , #2361 ) ;
#498 = DIRECTION ( 'NONE',  ( -0.000000000000000000, -0.000000000000000000, -1.000000000000000000 ) ) ;
#499 = DIRECTION ( 'NONE',  ( -0.000000000000000000, -0.000000000000000000, -1.000000000000000000 ) ) ;
#500 = ORIENTED_EDGE ( 'NONE', *, *, #2219, .T. ) ;
#501 = DIRECTION ( 'NONE',  ( -1.000000000000000000, 0.000000000000000000, -0.000000000000000000 ) ) ;
#502 =( NAMED_UNIT ( * ) SI_UNIT ( $, .STERADIAN. ) SOLID_ANGLE_UNIT ( ) );
#503 = FILL_AREA_STYLE_COLOUR ( '', #1147 ) ;
#504 = CARTESIAN_POINT ( 'NONE',  ( -0.6000000000000003109, -0.4999999999999997780, 0.08500000000000000611 ) ) ;
#505 = DIRECTION ( 'NONE',  ( 1.000000000000000000, 0.000000000000000000, 0.000000000000000000 ) ) ;
#506 = CARTESIAN_POINT ( 'NONE',  ( -0.6150000000000003242, 0.000000000000000000, 0.6650000000000000355 ) ) ;
#507 = ADVANCED_FACE ( 'NONE', ( #224 ), #1032, .T. ) ;
#508 = ADVANCED_FACE ( 'NONE', ( #252 ), #3586, .T. ) ;
#509 =( LENGTH_UNIT ( ) NAMED_UNIT ( * ) SI_UNIT ( .MILLI., .METRE. ) );
#510 = PRESENTATION_STYLE_ASSIGNMENT (( #899 ) ) ;
#511 = SURFACE_STYLE_USAGE ( .BOTH. , #534 ) ;
#512 = UNCERTAINTY_MEASURE_WITH_UNIT (LENGTH_MEASURE( 1.000000000000000082E-05 ), #1350, 'distance_accuracy_value', 'NONE');
#513 = ADVANCED_FACE ( 'NONE', ( #41 ), #1833, .F. ) ;
#514 = AXIS2_PLACEMENT_3D ( 'NONE', #1459, #3033, #2490 ) ;
#515 = VECTOR ( 'NONE', #2954, 1000.000000000000000 ) ;
#516 = CARTESIAN_POINT ( 'NONE',  ( 0.3800000000000001155, -0.4999999999999998890, -0.01499999999999999944 ) ) ;
#517 = SURFACE_STYLE_FILL_AREA ( #3272 ) ;
#518 = CARTESIAN_POINT ( 'NONE',  ( 0.000000000000000000, 0.6500000000000000222, -0.01499999999999999944 ) ) ;
#519 = CARTESIAN_POINT ( 'NONE',  ( 0.3800000000000001155, 0.1500000000000000777, -0.01499999999999999944 ) ) ;
#520 = SURFACE_STYLE_FILL_AREA ( #3240 ) ;
#521 = LINE ( 'NONE', #1734, #3137 ) ;
#522 = ORIENTED_EDGE ( 'NONE', *, *, #2582, .F. ) ;
#523 = SURFACE_STYLE_USAGE ( .BOTH. , #2368 ) ;
#524 = FILL_AREA_STYLE ('',( #3920 ) ) ;
#525 = SURFACE_STYLE_USAGE ( .BOTH. , #1356 ) ;
#526 = CARTESIAN_POINT ( 'NONE',  ( -0.5440500000000003666, 0.9190499999999995895, 0.6650000000000000355 ) ) ;
#527 = VERTEX_POINT ( 'NONE', #1912 ) ;
#528 = PRESENTATION_LAYER_ASSIGNMENT (  '', '', ( #2069 ) ) ;
#529 = AXIS2_PLACEMENT_3D ( 'NONE', #1049, #747, #1321 ) ;
#530 = PRESENTATION_LAYER_ASSIGNMENT (  '', '', ( #2272 ) ) ;
#531 = ORIENTED_EDGE ( 'NONE', *, *, #3910, .T. ) ;
#532 = SURFACE_STYLE_FILL_AREA ( #1724 ) ;
#533 = VERTEX_POINT ( 'NONE', #942 ) ;
#534 = SURFACE_SIDE_STYLE ('',( #2974 ) ) ;
#535 = MECHANICAL_DESIGN_GEOMETRIC_PRESENTATION_REPRESENTATION (  '', ( #1494 ), #2981 ) ;
#536 = EDGE_CURVE ( 'NONE', #3204, #3952, #3724, .T. ) ;
#537 = CARTESIAN_POINT ( 'NONE',  ( -0.3800000000000002265, -0.1499999999999998557, -0.01499999999999999944 ) ) ;
#538 = COLOUR_RGB ( '',0.2862745098039215508, 0.2862745098039215508, 0.2862745098039215508 ) ;
#539 = ADVANCED_FACE ( 'NONE', ( #311 ), #3146, .T. ) ;
#540 = CYLINDRICAL_SURFACE ( 'NONE', #3967, 0.02999999999999997113 ) ;
#541 = LINE ( 'NONE', #1756, #914 ) ;
#542 = PRESENTATION_STYLE_ASSIGNMENT (( #2698 ) ) ;
#543 = SURFACE_SIDE_STYLE ('',( #520 ) ) ;
#544 = DIRECTION ( 'NONE',  ( 0.000000000000000000, 1.000000000000000000, 0.000000000000000000 ) ) ;
#545 = ORIENTED_EDGE ( 'NONE', *, *, #1726, .F. ) ;
#546 =( NAMED_UNIT ( * ) PLANE_ANGLE_UNIT ( ) SI_UNIT ( $, .RADIAN. ) );
#547 = PLANE ( 'NONE',  #3809 ) ;
#548 = FILL_AREA_STYLE_COLOUR ( '', #1794 ) ;
#549 =( NAMED_UNIT ( * ) SI_UNIT ( $, .STERADIAN. ) SOLID_ANGLE_UNIT ( ) );
#550 = VERTEX_POINT ( 'NONE', #2185 ) ;
#551 = CARTESIAN_POINT ( 'NONE',  ( 0.6000000000000000888, -0.1499999999999998557, 0.08500000000000000611 ) ) ;
#552 = SURFACE_SIDE_STYLE ('',( #3950 ) ) ;
#553 = LINE ( 'NONE', #2160, #141 ) ;
#554 = ORIENTED_EDGE ( 'NONE', *, *, #3514, .T. ) ;
#555 = SURFACE_SIDE_STYLE ('',( #901 ) ) ;
#556 = ORIENTED_EDGE ( 'NONE', *, *, #3581, .F. ) ;
#557 = VECTOR ( 'NONE', #3328, 1000.000000000000000 ) ;
#558 =( LENGTH_UNIT ( ) NAMED_UNIT ( * ) SI_UNIT ( .MILLI., .METRE. ) );
#559 = DIRECTION ( 'NONE',  ( -1.000000000000000000, 0.000000000000000000, 0.000000000000000000 ) ) ;
#560 = DIRECTION ( 'NONE',  ( -1.000000000000000000, -0.000000000000000000, -0.000000000000000000 ) ) ;
#561 = EDGE_CURVE ( 'NONE', #2970, #3588, #1247, .T. ) ;
#562 = EDGE_CURVE ( 'NONE', #1546, #2700, #1565, .T. ) ;
#563 = DIRECTION ( 'NONE',  ( -1.000000000000000000, 0.000000000000000000, 0.000000000000000000 ) ) ;
#564 = PRESENTATION_LAYER_ASSIGNMENT (  '', '', ( #3013 ) ) ;
#565 = PRESENTATION_STYLE_ASSIGNMENT (( #1113 ) ) ;
#566 = ORIENTED_EDGE ( 'NONE', *, *, #1985, .F. ) ;
#567 = FILL_AREA_STYLE ('',( #2450 ) ) ;
#568 = MECHANICAL_DESIGN_GEOMETRIC_PRESENTATION_REPRESENTATION (  '', ( #3015 ), #690 ) ;
#569 = CARTESIAN_POINT ( 'NONE',  ( 0.3800000000000001155, -0.7999999999999998224, 0.000000000000000000 ) ) ;
#570 =( LENGTH_UNIT ( ) NAMED_UNIT ( * ) SI_UNIT ( .MILLI., .METRE. ) );
#571 = PLANE ( 'NONE',  #1534 ) ;
#572 = DIRECTION ( 'NONE',  ( 1.000000000000000000, 0.000000000000000000, 0.000000000000000000 ) ) ;
#573 = LINE ( 'NONE', #939, #3493 ) ;
#574 = ORIENTED_EDGE ( 'NONE', *, *, #700, .T. ) ;
#575 = PRESENTATION_STYLE_ASSIGNMENT (( #3606 ) ) ;
#576 = VERTEX_POINT ( 'NONE', #2623 ) ;
#577 =( GEOMETRIC_REPRESENTATION_CONTEXT ( 3 ) GLOBAL_UNCERTAINTY_ASSIGNED_CONTEXT ( ( #2163 ) ) GLOBAL_UNIT_ASSIGNED_CONTEXT ( ( #2171, #3092, #119 ) ) REPRESENTATION_CONTEXT ( 'NONE', 'WORKASPACE' ) );
#578 =( NAMED_UNIT ( * ) PLANE_ANGLE_UNIT ( ) SI_UNIT ( $, .RADIAN. ) );
#579 = LINE ( 'NONE', #2191, #376 ) ;
#580 = STYLED_ITEM ( 'NONE', ( #3068 ), #3805 ) ;
#581 = STYLED_ITEM ( 'NONE', ( #3904 ), #1432 ) ;
#582 = SURFACE_SIDE_STYLE ('',( #1800 ) ) ;
#583 = PLANE ( 'NONE',  #243 ) ;
#584 = ORIENTED_EDGE ( 'NONE', *, *, #3630, .F. ) ;
#585 = MECHANICAL_DESIGN_GEOMETRIC_PRESENTATION_REPRESENTATION (  '', ( #1402 ), #3666 ) ;
#586 = VERTEX_POINT ( 'NONE', #2247 ) ;
#587 = EDGE_CURVE ( 'NONE', #1009, #3710, #1621, .T. ) ;
#588 = ADVANCED_FACE ( 'NONE', ( #2567 ), #2910, .F. ) ;
#589 = UNCERTAINTY_MEASURE_WITH_UNIT (LENGTH_MEASURE( 1.000000000000000082E-05 ), #76, 'distance_accuracy_value', 'NONE');
#590 = PLANE ( 'NONE',  #1421 ) ;
#591 = MECHANICAL_DESIGN_GEOMETRIC_PRESENTATION_REPRESENTATION (  '', ( #3430 ), #1034 ) ;
#592 = ORIENTED_EDGE ( 'NONE', *, *, #2930, .F. ) ;
#593 = VERTEX_POINT ( 'NONE', #1012 ) ;
#594 = CARTESIAN_POINT ( 'NONE',  ( 0.000000000000000000, 0.000000000000000000, 0.08500000000000000611 ) ) ;
#595 = UNCERTAINTY_MEASURE_WITH_UNIT (LENGTH_MEASURE( 1.000000000000000082E-05 ), #3913, 'distance_accuracy_value', 'NONE');
#596 = VECTOR ( 'NONE', #3484, 1000.000000000000000 ) ;
#597 = DIRECTION ( 'NONE',  ( -1.000000000000000000, 0.000000000000000000, 0.000000000000000000 ) ) ;
#598 = SURFACE_STYLE_FILL_AREA ( #1858 ) ;
#599 =( GEOMETRIC_REPRESENTATION_CONTEXT ( 3 ) GLOBAL_UNCERTAINTY_ASSIGNED_CONTEXT ( ( #1666 ) ) GLOBAL_UNIT_ASSIGNED_CONTEXT ( ( #3923, #3307, #1786 ) ) REPRESENTATION_CONTEXT ( 'NONE', 'WORKASPACE' ) );
#600 = SURFACE_SIDE_STYLE ('',( #3594 ) ) ;
#601 = VECTOR ( 'NONE', #2775, 1000.000000000000000 ) ;
#602 =( NAMED_UNIT ( * ) PLANE_ANGLE_UNIT ( ) SI_UNIT ( $, .RADIAN. ) );
#603 = PRESENTATION_STYLE_ASSIGNMENT (( #3656 ) ) ;
#604 = EDGE_LOOP ( 'NONE', ( #3170, #1378, #1391, #2945 ) ) ;
#605 = SURFACE_STYLE_USAGE ( .BOTH. , #3305 ) ;
#606 = CARTESIAN_POINT ( 'NONE',  ( -0.2495896344050404225, 0.8685094525064316340, -0.01499999999999999944 ) ) ;
#607 =( GEOMETRIC_REPRESENTATION_CONTEXT ( 3 ) GLOBAL_UNCERTAINTY_ASSIGNED_CONTEXT ( ( #3093 ) ) GLOBAL_UNIT_ASSIGNED_CONTEXT ( ( #2884, #2805, #3183 ) ) REPRESENTATION_CONTEXT ( 'NONE', 'WORKASPACE' ) );
#608 = DIRECTION ( 'NONE',  ( 0.000000000000000000, 0.000000000000000000, -1.000000000000000000 ) ) ;
#609 = ORIENTED_EDGE ( 'NONE', *, *, #2086, .F. ) ;
#610 = DIRECTION ( 'NONE',  ( -0.000000000000000000, -0.000000000000000000, 1.000000000000000000 ) ) ;
#611 = EDGE_CURVE ( 'NONE', #649, #1546, #1082, .T. ) ;
#612 = EDGE_CURVE ( 'NONE', #45, #411, #3782, .T. ) ;
#613 =( LENGTH_UNIT ( ) NAMED_UNIT ( * ) SI_UNIT ( .MILLI., .METRE. ) );
#614 = SURFACE_STYLE_USAGE ( .BOTH. , #2167 ) ;
#615 = CARTESIAN_POINT ( 'NONE',  ( 0.000000000000000000, -0.9900000000000002132, 0.6350000000000000089 ) ) ;
#616 = VERTEX_POINT ( 'NONE', #3821 ) ;
#617 = ORIENTED_EDGE ( 'NONE', *, *, #3976, .T. ) ;
#618 = CARTESIAN_POINT ( 'NONE',  ( -0.3800000000000002265, 0.5000000000000001110, 0.08500000000000000611 ) ) ;
#619 = CARTESIAN_POINT ( 'NONE',  ( -0.1745896344050403837, 0.8685094525064316340, 0.2121320343559642829 ) ) ;
#620 = STYLED_ITEM ( 'NONE', ( #78 ), #205 ) ;
#621 =( GEOMETRIC_REPRESENTATION_CONTEXT ( 3 ) GLOBAL_UNCERTAINTY_ASSIGNED_CONTEXT ( ( #1829 ) ) GLOBAL_UNIT_ASSIGNED_CONTEXT ( ( #3557, #1783, #2053 ) ) REPRESENTATION_CONTEXT ( 'NONE', 'WORKASPACE' ) );
#622 = DIRECTION ( 'NONE',  ( 0.000000000000000000, 0.000000000000000000, 1.000000000000000000 ) ) ;
#623 = LINE ( 'NONE', #1780, #2921 ) ;
#624 = STYLED_ITEM ( 'NONE', ( #999 ), #435 ) ;
#625 = COLOUR_RGB ( '',0.2862745098039215508, 0.2862745098039215508, 0.2862745098039215508 ) ;
#626 = FACE_OUTER_BOUND ( 'NONE', #3395, .T. ) ;
#627 = PRESENTATION_STYLE_ASSIGNMENT (( #2354 ) ) ;
#628 = ORIENTED_EDGE ( 'NONE', *, *, #661, .T. ) ;
#629 = DIRECTION ( 'NONE',  ( -0.000000000000000000, 1.000000000000000000, -0.000000000000000000 ) ) ;
#630 = STYLED_ITEM ( 'NONE', ( #2506 ), #912 ) ;
#631 = DIRECTION ( 'NONE',  ( 1.000000000000000000, 0.000000000000000000, -0.000000000000000000 ) ) ;
#632 =( NAMED_UNIT ( * ) PLANE_ANGLE_UNIT ( ) SI_UNIT ( $, .RADIAN. ) );
#633 = EDGE_LOOP ( 'NONE', ( #742, #2112, #3018, #2546 ) ) ;
#634 = EDGE_LOOP ( 'NONE', ( #1218, #531, #3717, #3186 ) ) ;
#635 = DIRECTION ( 'NONE',  ( 0.000000000000000000, 0.000000000000000000, 1.000000000000000000 ) ) ;
#636 = ADVANCED_FACE ( 'NONE', ( #746 ), #3525, .F. ) ;
#637 = UNCERTAINTY_MEASURE_WITH_UNIT (LENGTH_MEASURE( 1.000000000000000082E-05 ), #3285, 'distance_accuracy_value', 'NONE');
#638 = UNCERTAINTY_MEASURE_WITH_UNIT (LENGTH_MEASURE( 1.000000000000000082E-05 ), #2701, 'distance_accuracy_value', 'NONE');
#639 = DIRECTION ( 'NONE',  ( -0.000000000000000000, -0.000000000000000000, 1.000000000000000000 ) ) ;
#640 = ADVANCED_FACE ( 'NONE', ( #2929 ), #1260, .T. ) ;
#641 = CARTESIAN_POINT ( 'NONE',  ( -0.5085750000000003324, 0.9190499999999995895, 0.6650000000000000355 ) ) ;
#642 = MECHANICAL_DESIGN_GEOMETRIC_PRESENTATION_REPRESENTATION (  '', ( #3722 ), #57 ) ;
#643 = ORIENTED_EDGE ( 'NONE', *, *, #732, .T. ) ;
#644 = LINE ( 'NONE', #1901, #1921 ) ;
#645 = AXIS2_PLACEMENT_3D ( 'NONE', #1097, #220, #157 ) ;
#646 = PRESENTATION_LAYER_ASSIGNMENT (  '', '', ( #390 ) ) ;
#647 = FILL_AREA_STYLE_COLOUR ( '', #2790 ) ;
#648 = DIRECTION ( 'NONE',  ( -0.000000000000000000, 1.000000000000000000, -0.000000000000000000 ) ) ;
#649 = VERTEX_POINT ( 'NONE', #2801 ) ;
#650 = CARTESIAN_POINT ( 'NONE',  ( -0.2495896344050404225, 0.8685094525064316340, 0.2121320343559642829 ) ) ;
#651 = STYLED_ITEM ( 'NONE', ( #1789 ), #1785 ) ;
#652 = CARTESIAN_POINT ( 'NONE',  ( -0.6000000000000003109, -0.1499999999999998557, -0.01499999999999999944 ) ) ;
#653 = COLOUR_RGB ( '',0.8039215686274510109, 0.8039215686274510109, 0.8039215686274510109 ) ;
#654 = DIRECTION ( 'NONE',  ( 1.000000000000000000, 0.000000000000000000, 0.000000000000000000 ) ) ;
#655 = VERTEX_POINT ( 'NONE', #1590 ) ;
#656 = EDGE_LOOP ( 'NONE', ( #2531, #1352, #698, #1967 ) ) ;
#657 = DIRECTION ( 'NONE',  ( 0.000000000000000000, -1.000000000000000000, 0.000000000000000000 ) ) ;
#658 = VECTOR ( 'NONE', #3238, 1000.000000000000000 ) ;
#659 = PRESENTATION_STYLE_ASSIGNMENT (( #2195 ) ) ;
#660 = ADVANCED_FACE ( 'NONE', ( #669 ), #463, .T. ) ;
#661 = EDGE_CURVE ( 'NONE', #3526, #3711, #3142, .T. ) ;
#662 = LINE ( 'NONE', #1173, #717 ) ;
#663 = PRESENTATION_STYLE_ASSIGNMENT (( #714 ) ) ;
#664 = AXIS2_PLACEMENT_3D ( 'NONE', #2418, #3103, #2995 ) ;
#665 = EDGE_LOOP ( 'NONE', ( #3179, #2552, #3765, #980 ) ) ;
#666 = COLOUR_RGB ( '',0.2862745098039215508, 0.2862745098039215508, 0.2862745098039215508 ) ;
#667 = FILL_AREA_STYLE_COLOUR ( '', #1601 ) ;
#668 = SURFACE_SIDE_STYLE ('',( #1519 ) ) ;
#669 = FACE_OUTER_BOUND ( 'NONE', #1363, .T. ) ;
#670 = ORIENTED_EDGE ( 'NONE', *, *, #2519, .T. ) ;
#671 = AXIS2_PLACEMENT_3D ( 'NONE', #876, #3316, #563 ) ;
#672 = PRESENTATION_LAYER_ASSIGNMENT (  '', '', ( #416 ) ) ;
#673 = DIRECTION ( 'NONE',  ( 1.000000000000000000, 0.000000000000000000, 0.000000000000000000 ) ) ;
#674 = DIRECTION ( 'NONE',  ( 1.000000000000000000, 0.000000000000000000, 0.000000000000000000 ) ) ;
#675 = ORIENTED_EDGE ( 'NONE', *, *, #2088, .T. ) ;
#676 = EDGE_LOOP ( 'NONE', ( #1065, #886, #59, #351 ) ) ;
#677 = DIRECTION ( 'NONE',  ( 1.000000000000000000, -0.000000000000000000, -0.000000000000000000 ) ) ;
#678 = FILL_AREA_STYLE ('',( #3612 ) ) ;
#679 =( NAMED_UNIT ( * ) PLANE_ANGLE_UNIT ( ) SI_UNIT ( $, .RADIAN. ) );
#680 = COLOUR_RGB ( '',0.8039215686274510109, 0.8039215686274510109, 0.8039215686274510109 ) ;
#681 = ADVANCED_FACE ( 'NONE', ( #1691 ), #2599, .T. ) ;
#682 = EDGE_CURVE ( 'NONE', #49, #1100, #741, .T. ) ;
#683 = SURFACE_SIDE_STYLE ('',( #3773 ) ) ;
#684 = SURFACE_STYLE_FILL_AREA ( #1657 ) ;
#685 = ORIENTED_EDGE ( 'NONE', *, *, #206, .T. ) ;
#686 = CARTESIAN_POINT ( 'NONE',  ( 0.6000000000000000888, -0.1499999999999998557, 0.08500000012645614333 ) ) ;
#687 = SURFACE_STYLE_FILL_AREA ( #1222 ) ;
#688 = DIRECTION ( 'NONE',  ( -0.000000000000000000, -1.000000000000000000, -0.000000000000000000 ) ) ;
#689 = ORIENTED_EDGE ( 'NONE', *, *, #266, .T. ) ;
#690 =( GEOMETRIC_REPRESENTATION_CONTEXT ( 3 ) GLOBAL_UNCERTAINTY_ASSIGNED_CONTEXT ( ( #54 ) ) GLOBAL_UNIT_ASSIGNED_CONTEXT ( ( #824, #1729, #2400 ) ) REPRESENTATION_CONTEXT ( 'NONE', 'WORKASPACE' ) );
#691 = VERTEX_POINT ( 'NONE', #443 ) ;
#692 = LINE ( 'NONE', #1031, #1200 ) ;
#693 = VECTOR ( 'NONE', #2355, 1000.000000000000000 ) ;
#694 = VECTOR ( 'NONE', #1206, 1000.000000000000000 ) ;
#695 = SURFACE_STYLE_FILL_AREA ( #1669 ) ;
#696 = SURFACE_STYLE_USAGE ( .BOTH. , #3754 ) ;
#697 = PLANE ( 'NONE',  #990 ) ;
#698 = ORIENTED_EDGE ( 'NONE', *, *, #3514, .F. ) ;
#699 = VECTOR ( 'NONE', #50, 1000.000000000000000 ) ;
#700 = EDGE_CURVE ( 'NONE', #2809, #1844, #3816, .T. ) ;
#701 = DIRECTION ( 'NONE',  ( -1.000000000000000000, -0.000000000000000000, -0.000000000000000000 ) ) ;
#702 =( NAMED_UNIT ( * ) SI_UNIT ( $, .STERADIAN. ) SOLID_ANGLE_UNIT ( ) );
#703 = ADVANCED_FACE ( 'NONE', ( #1021 ), #722, .T. ) ;
#704 =( GEOMETRIC_REPRESENTATION_CONTEXT ( 3 ) GLOBAL_UNCERTAINTY_ASSIGNED_CONTEXT ( ( #2174 ) ) GLOBAL_UNIT_ASSIGNED_CONTEXT ( ( #570, #1176, #3049 ) ) REPRESENTATION_CONTEXT ( 'NONE', 'WORKASPACE' ) );
#705 = PRESENTATION_LAYER_ASSIGNMENT (  '', '', ( #3664 ) ) ;
#706 = DIRECTION ( 'NONE',  ( 0.000000000000000000, 1.000000000000000000, 0.000000000000000000 ) ) ;
#707 = ORIENTED_EDGE ( 'NONE', *, *, #3602, .T. ) ;
#708 = ORIENTED_EDGE ( 'NONE', *, *, #212, .F. ) ;
#709 = CARTESIAN_POINT ( 'NONE',  ( -0.3800000000000002265, -0.4999999999999997780, 0.08500000000000000611 ) ) ;
#710 = AXIS2_PLACEMENT_3D ( 'NONE', #504, #3263, #1742 ) ;
#711 =( LENGTH_UNIT ( ) NAMED_UNIT ( * ) SI_UNIT ( .MILLI., .METRE. ) );
#712 = AXIS2_PLACEMENT_3D ( 'NONE', #2049, #3615, #877 ) ;
#713 = DIRECTION ( 'NONE',  ( -1.000000000000000000, 0.000000000000000000, -0.000000000000000000 ) ) ;
#714 = SURFACE_STYLE_USAGE ( .BOTH. , #2509 ) ;
#715 = ORIENTED_EDGE ( 'NONE', *, *, #1431, .T. ) ;
#716 = PRESENTATION_LAYER_ASSIGNMENT (  '', '', ( #3545 ) ) ;
#717 = VECTOR ( 'NONE', #3957, 1000.000000000000000 ) ;
#718 =( LENGTH_UNIT ( ) NAMED_UNIT ( * ) SI_UNIT ( .MILLI., .METRE. ) );
#719 =( GEOMETRIC_REPRESENTATION_CONTEXT ( 3 ) GLOBAL_UNCERTAINTY_ASSIGNED_CONTEXT ( ( #3132 ) ) GLOBAL_UNIT_ASSIGNED_CONTEXT ( ( #1715, #833, #1355 ) ) REPRESENTATION_CONTEXT ( 'NONE', 'WORKASPACE' ) );
#720 = COLOUR_RGB ( '',0.8039215686274510109, 0.8039215686274510109, 0.8039215686274510109 ) ;
#721 = CARTESIAN_POINT ( 'NONE',  ( -0.3800000000000002265, -0.7999999999999998224, 0.08500000012645614333 ) ) ;
#722 = PLANE ( 'NONE',  #1015 ) ;
#723 = ORIENTED_EDGE ( 'NONE', *, *, #3213, .T. ) ;
#724 = PRESENTATION_LAYER_ASSIGNMENT (  '', '', ( #798 ) ) ;
#725 = AXIS2_PLACEMENT_3D ( 'NONE', #2225, #3775, #1972 ) ;
#726 = CARTESIAN_POINT ( 'NONE',  ( 0.6000000000000000888, -0.1499999999999998557, -0.01499999999999999944 ) ) ;
#727 = AXIS2_PLACEMENT_3D ( 'NONE', #2962, #2299, #190 ) ;
#728 = ORIENTED_EDGE ( 'NONE', *, *, #1600, .T. ) ;
#729 = ORIENTED_EDGE ( 'NONE', *, *, #1654, .T. ) ;
#730 = SURFACE_STYLE_USAGE ( .BOTH. , #1646 ) ;
#731 = EDGE_CURVE ( 'NONE', #691, #2301, #2092, .T. ) ;
#732 = EDGE_CURVE ( 'NONE', #533, #2600, #3340, .T. ) ;
#733 = CARTESIAN_POINT ( 'NONE',  ( -0.3800000000000002265, 0.8000000000000001554, 0.08500000000000000611 ) ) ;
#734 =( NAMED_UNIT ( * ) PLANE_ANGLE_UNIT ( ) SI_UNIT ( $, .RADIAN. ) );
#735 = LINE ( 'NONE', #3790, #757 ) ;
#736 = EDGE_LOOP ( 'NONE', ( #1324, #1623, #3442, #1905 ) ) ;
#737 = SURFACE_SIDE_STYLE ('',( #1922 ) ) ;
#738 = LINE ( 'NONE', #3552, #1231 ) ;
#739 = FACE_OUTER_BOUND ( 'NONE', #2379, .T. ) ;
#740 =( NAMED_UNIT ( * ) SI_UNIT ( $, .STERADIAN. ) SOLID_ANGLE_UNIT ( ) );
#741 = LINE ( 'NONE', #1613, #3401 ) ;
#742 = ORIENTED_EDGE ( 'NONE', *, *, #1214, .F. ) ;
#743 = DIRECTION ( 'NONE',  ( 1.000000000000000000, 0.000000000000000000, 0.000000000000000000 ) ) ;
#744 = MECHANICAL_DESIGN_GEOMETRIC_PRESENTATION_REPRESENTATION (  '', ( #1508 ), #2031 ) ;
#745 = DIRECTION ( 'NONE',  ( 0.000000000000000000, -1.000000000000000000, 0.000000000000000000 ) ) ;
#746 = FACE_OUTER_BOUND ( 'NONE', #1614, .T. ) ;
#747 = DIRECTION ( 'NONE',  ( 0.000000000000000000, 0.000000000000000000, -1.000000000000000000 ) ) ;
#748 = ORIENTED_EDGE ( 'NONE', *, *, #2953, .T. ) ;
#749 = UNCERTAINTY_MEASURE_WITH_UNIT (LENGTH_MEASURE( 1.000000000000000082E-05 ), #2695, 'distance_accuracy_value', 'NONE');
#750 =( NAMED_UNIT ( * ) PLANE_ANGLE_UNIT ( ) SI_UNIT ( $, .RADIAN. ) );
#751 = STYLED_ITEM ( 'NONE', ( #992 ), #660 ) ;
#752 = LINE ( 'NONE', #733, #515 ) ;
#753 = SURFACE_SIDE_STYLE ('',( #1684 ) ) ;
#754 = EDGE_CURVE ( 'NONE', #2288, #691, #521, .T. ) ;
#755 = UNCERTAINTY_MEASURE_WITH_UNIT (LENGTH_MEASURE( 1.000000000000000082E-05 ), #558, 'distance_accuracy_value', 'NONE');
#756 = CIRCLE ( 'NONE', #1323, 0.02999999999999997113 ) ;
#757 = VECTOR ( 'NONE', #434, 1000.000000000000000 ) ;
#758 = EDGE_CURVE ( 'NONE', #2819, #2587, #1781, .T. ) ;
#759 = FILL_AREA_STYLE ('',( #455 ) ) ;
#760 = ORIENTED_EDGE ( 'NONE', *, *, #3147, .T. ) ;
#761 = FACE_OUTER_BOUND ( 'NONE', #3129, .T. ) ;
#762 = STYLED_ITEM ( 'NONE', ( #2483 ), #1208 ) ;
#763 = CARTESIAN_POINT ( 'NONE',  ( 0.3800000000000001155, 0.5000000000000001110, 0.000000000000000000 ) ) ;
#764 = DIRECTION ( 'NONE',  ( -0.000000000000000000, -0.000000000000000000, 1.000000000000000000 ) ) ;
#765 = LINE ( 'NONE', #2050, #2279 ) ;
#766 = VERTEX_POINT ( 'NONE', #2426 ) ;
#767 = LINE ( 'NONE', #2369, #2338 ) ;
#768 = SURFACE_SIDE_STYLE ('',( #1393 ) ) ;
#769 = DIRECTION ( 'NONE',  ( -0.000000000000000000, -0.000000000000000000, 1.000000000000000000 ) ) ;
#770 = DIRECTION ( 'NONE',  ( 1.000000000000000000, -0.000000000000000000, 0.000000000000000000 ) ) ;
#771 = DIRECTION ( 'NONE',  ( 0.000000000000000000, -0.000000000000000000, 1.000000000000000000 ) ) ;
#772 = ORIENTED_EDGE ( 'NONE', *, *, #1839, .F. ) ;
#773 = PRESENTATION_STYLE_ASSIGNMENT (( #1066 ) ) ;
#774 =( NAMED_UNIT ( * ) SI_UNIT ( $, .STERADIAN. ) SOLID_ANGLE_UNIT ( ) );
#775 =( LENGTH_UNIT ( ) NAMED_UNIT ( * ) SI_UNIT ( .MILLI., .METRE. ) );
#776 =( GEOMETRIC_REPRESENTATION_CONTEXT ( 3 ) GLOBAL_UNCERTAINTY_ASSIGNED_CONTEXT ( ( #2844 ) ) GLOBAL_UNIT_ASSIGNED_CONTEXT ( ( #711, #433, #2292 ) ) REPRESENTATION_CONTEXT ( 'NONE', 'WORKASPACE' ) );
#777 = DIRECTION ( 'NONE',  ( 1.000000000000000000, -0.000000000000000000, -0.000000000000000000 ) ) ;
#778 = MECHANICAL_DESIGN_GEOMETRIC_PRESENTATION_REPRESENTATION (  '', ( #2770 ), #2 ) ;
#779 = CARTESIAN_POINT ( 'NONE',  ( -0.3800000000000002265, 0.1500000000000001887, 0.08500000000000000611 ) ) ;
#780 = SURFACE_STYLE_USAGE ( .BOTH. , #807 ) ;
#781 = DIRECTION ( 'NONE',  ( 0.000000000000000000, 0.000000000000000000, 1.000000000000000000 ) ) ;
#782 = EDGE_CURVE ( 'NONE', #3185, #2587, #237, .T. ) ;
#783 = ADVANCED_FACE ( 'NONE', ( #1174 ), #583, .F. ) ;
#784 = CARTESIAN_POINT ( 'NONE',  ( -0.6450000000000002398, -1.020000000000000240, 0.6650000000000000355 ) ) ;
#785 = LINE ( 'NONE', #2008, #658 ) ;
#786 = DIRECTION ( 'NONE',  ( -0.000000000000000000, -0.000000000000000000, 1.000000000000000000 ) ) ;
#787 =( GEOMETRIC_REPRESENTATION_CONTEXT ( 3 ) GLOBAL_UNCERTAINTY_ASSIGNED_CONTEXT ( ( #3494 ) ) GLOBAL_UNIT_ASSIGNED_CONTEXT ( ( #987, #1943, #124 ) ) REPRESENTATION_CONTEXT ( 'NONE', 'WORKASPACE' ) );
#788 = EDGE_LOOP ( 'NONE', ( #3039, #33, #1029, #2731 ) ) ;
#789 = PRESENTATION_LAYER_ASSIGNMENT (  '', '', ( #1412 ) ) ;
#790 =( LENGTH_UNIT ( ) NAMED_UNIT ( * ) SI_UNIT ( .MILLI., .METRE. ) );
#791 = CARTESIAN_POINT ( 'NONE',  ( -0.6000000000000003109, 0.8000000000000001554, 0.08500000012645614333 ) ) ;
#792 = CARTESIAN_POINT ( 'NONE',  ( -0.6000000000000003109, -0.4999999999999997780, -0.01499999999999999944 ) ) ;
#793 = SURFACE_SIDE_STYLE ('',( #3203 ) ) ;
#794 = FILL_AREA_STYLE ('',( #3167 ) ) ;
#795 = ORIENTED_EDGE ( 'NONE', *, *, #2682, .T. ) ;
#796 = ORIENTED_EDGE ( 'NONE', *, *, #1675, .T. ) ;
#797 = MECHANICAL_DESIGN_GEOMETRIC_PRESENTATION_REPRESENTATION (  '', ( #2593 ), #3175 ) ;
#798 = STYLED_ITEM ( 'NONE', ( #2095 ), #3243 ) ;
#799 = DIRECTION ( 'NONE',  ( -0.000000000000000000, 0.000000000000000000, 1.000000000000000000 ) ) ;
#800 = MECHANICAL_DESIGN_GEOMETRIC_PRESENTATION_REPRESENTATION (  '', ( #2536 ), #144 ) ;
#801 = LINE ( 'NONE', #3491, #3278 ) ;
#802 =( NAMED_UNIT ( * ) SI_UNIT ( $, .STERADIAN. ) SOLID_ANGLE_UNIT ( ) );
#803 = MECHANICAL_DESIGN_GEOMETRIC_PRESENTATION_REPRESENTATION (  '', ( #208 ), #2484 ) ;
#804 =( NAMED_UNIT ( * ) SI_UNIT ( $, .STERADIAN. ) SOLID_ANGLE_UNIT ( ) );
#805 = DIRECTION ( 'NONE',  ( 1.000000000000000000, 0.000000000000000000, -0.000000000000000000 ) ) ;
#806 = SURFACE_STYLE_FILL_AREA ( #3550 ) ;
#807 = SURFACE_SIDE_STYLE ('',( #2422 ) ) ;
#808 =( NAMED_UNIT ( * ) PLANE_ANGLE_UNIT ( ) SI_UNIT ( $, .RADIAN. ) );
#809 = DIRECTION ( 'NONE',  ( -0.000000000000000000, -0.000000000000000000, -1.000000000000000000 ) ) ;
#810 = SURFACE_SIDE_STYLE ('',( #1411 ) ) ;
#811 = ORIENTED_EDGE ( 'NONE', *, *, #3002, .F. ) ;
#812 = EDGE_CURVE ( 'NONE', #26, #2758, #756, .T. ) ;
#813 = CARTESIAN_POINT ( 'NONE',  ( 0.3800000000000001155, 0.5000000000000001110, -0.01499999999999999944 ) ) ;
#814 =( NAMED_UNIT ( * ) PLANE_ANGLE_UNIT ( ) SI_UNIT ( $, .RADIAN. ) );
#815 = CARTESIAN_POINT ( 'NONE',  ( -0.3800000000000002265, 0.8000000000000001554, 0.08500000000000000611 ) ) ;
#816 = VECTOR ( 'NONE', #2588, 1000.000000000000000 ) ;
#817 = CARTESIAN_POINT ( 'NONE',  ( 0.6000000000000000888, -0.7999999999999998224, -0.01499999999999999944 ) ) ;
#818 = DIRECTION ( 'NONE',  ( -1.000000000000000000, 0.000000000000000000, -0.000000000000000000 ) ) ;
#819 = ORIENTED_EDGE ( 'NONE', *, *, #1885, .T. ) ;
#820 = ORIENTED_EDGE ( 'NONE', *, *, #3147, .F. ) ;
#821 = LINE ( 'NONE', #19, #2074 ) ;
#822 = VECTOR ( 'NONE', #146, 1000.000000000000000 ) ;
#823 = AXIS2_PLACEMENT_3D ( 'NONE', #615, #3414, #368 ) ;
#824 =( LENGTH_UNIT ( ) NAMED_UNIT ( * ) SI_UNIT ( .MILLI., .METRE. ) );
#825 = PRESENTATION_LAYER_ASSIGNMENT (  '', '', ( #2748 ) ) ;
#826 = DIRECTION ( 'NONE',  ( -0.000000000000000000, 1.000000000000000000, -0.000000000000000000 ) ) ;
#827 = CARTESIAN_POINT ( 'NONE',  ( -0.3800000000000002265, -0.1499999999999998557, 0.08500000000000000611 ) ) ;
#828 = MECHANICAL_DESIGN_GEOMETRIC_PRESENTATION_REPRESENTATION (  '', ( #1266 ), #3264 ) ;
#829 = FILL_AREA_STYLE ('',( #1058 ) ) ;
#830 = LINE ( 'NONE', #2029, #1870 ) ;
#831 = CARTESIAN_POINT ( 'NONE',  ( -0.6000000000000003109, -0.1499999999999998557, -0.01499999999999999944 ) ) ;
#832 = ORIENTED_EDGE ( 'NONE', *, *, #2556, .F. ) ;
#833 =( NAMED_UNIT ( * ) PLANE_ANGLE_UNIT ( ) SI_UNIT ( $, .RADIAN. ) );
#834 = VECTOR ( 'NONE', #635, 1000.000000000000000 ) ;
#835 = CARTESIAN_POINT ( 'NONE',  ( -0.3800000000000002265, 0.5000000000000001110, 0.08500000000000000611 ) ) ;
#836 = CARTESIAN_POINT ( 'NONE',  ( -0.6000000000000003109, 0.5000000000000001110, 0.08500000000000000611 ) ) ;
#837 = UNCERTAINTY_MEASURE_WITH_UNIT (LENGTH_MEASURE( 1.000000000000000082E-05 ), #956, 'distance_accuracy_value', 'NONE');
#838 = EDGE_CURVE ( 'NONE', #1915, #3889, #1512, .T. ) ;
#839 = ADVANCED_FACE ( 'NONE', ( #2979 ), #1385, .F. ) ;
#840 = FACE_OUTER_BOUND ( 'NONE', #2712, .T. ) ;
#841 =( NAMED_UNIT ( * ) SI_UNIT ( $, .STERADIAN. ) SOLID_ANGLE_UNIT ( ) );
#842 = ORIENTED_EDGE ( 'NONE', *, *, #294, .F. ) ;
#843 = VERTEX_POINT ( 'NONE', #1474 ) ;
#844 = CARTESIAN_POINT ( 'NONE',  ( -0.6000000000000003109, -0.1499999999999998557, 0.08500000012645614333 ) ) ;
#845 = UNCERTAINTY_MEASURE_WITH_UNIT (LENGTH_MEASURE( 1.000000000000000082E-05 ), #1404, 'distance_accuracy_value', 'NONE');
#846 = UNCERTAINTY_MEASURE_WITH_UNIT (LENGTH_MEASURE( 1.000000000000000082E-05 ), #3245, 'distance_accuracy_value', 'NONE');
#847 = VECTOR ( 'NONE', #2073, 1000.000000000000000 ) ;
#848 = DIRECTION ( 'NONE',  ( 0.000000000000000000, 0.000000000000000000, -1.000000000000000000 ) ) ;
#849 = PRESENTATION_LAYER_ASSIGNMENT (  '', '', ( #651 ) ) ;
#850 = SURFACE_STYLE_USAGE ( .BOTH. , #2958 ) ;
#851 = CARTESIAN_POINT ( 'NONE',  ( -0.6000000000000003109, 0.5000000000000001110, 0.000000000000000000 ) ) ;
#852 = SURFACE_STYLE_USAGE ( .BOTH. , #543 ) ;
#853 = ORIENTED_EDGE ( 'NONE', *, *, #3266, .F. ) ;
#854 =( LENGTH_UNIT ( ) NAMED_UNIT ( * ) SI_UNIT ( .MILLI., .METRE. ) );
#855 = DIRECTION ( 'NONE',  ( 0.000000000000000000, -0.000000000000000000, 1.000000000000000000 ) ) ;
#856 = STYLED_ITEM ( 'NONE', ( #1717 ), #2013 ) ;
#857 = CARTESIAN_POINT ( 'NONE',  ( 0.6000000000000000888, -0.1499999999999998557, -0.01499999999999999944 ) ) ;
#858 = FACE_OUTER_BOUND ( 'NONE', #1996, .T. ) ;
#859 = DIRECTION ( 'NONE',  ( 1.000000000000000000, 0.000000000000000000, -0.000000000000000000 ) ) ;
#860 = PRESENTATION_STYLE_ASSIGNMENT (( #2704 ) ) ;
#861 = ORIENTED_EDGE ( 'NONE', *, *, #3266, .T. ) ;
#862 =( GEOMETRIC_REPRESENTATION_CONTEXT ( 3 ) GLOBAL_UNCERTAINTY_ASSIGNED_CONTEXT ( ( #1878 ) ) GLOBAL_UNIT_ASSIGNED_CONTEXT ( ( #3553, #1478, #3679 ) ) REPRESENTATION_CONTEXT ( 'NONE', 'WORKASPACE' ) );
#863 = DIRECTION ( 'NONE',  ( 0.000000000000000000, 0.000000000000000000, -1.000000000000000000 ) ) ;
#864 = COLOUR_RGB ( '',0.2862745098039215508, 0.2862745098039215508, 0.2862745098039215508 ) ;
#865 = SURFACE_STYLE_FILL_AREA ( #199 ) ;
#866 =( GEOMETRIC_REPRESENTATION_CONTEXT ( 3 ) GLOBAL_UNCERTAINTY_ASSIGNED_CONTEXT ( ( #3730 ) ) GLOBAL_UNIT_ASSIGNED_CONTEXT ( ( #1950, #2523, #740 ) ) REPRESENTATION_CONTEXT ( 'NONE', 'WORKASPACE' ) );
#867 = PLANE ( 'NONE',  #1608 ) ;
#868 = VERTEX_POINT ( 'NONE', #1170 ) ;
#869 = ADVANCED_FACE ( 'NONE', ( #3849 ), #540, .T. ) ;
#870 = STYLED_ITEM ( 'NONE', ( #2557 ), #3288 ) ;
#871 = FILL_AREA_STYLE_COLOUR ( '', #887 ) ;
#872 = DIRECTION ( 'NONE',  ( 0.000000000000000000, 1.000000000000000000, 0.000000000000000000 ) ) ;
#873 =( GEOMETRIC_REPRESENTATION_CONTEXT ( 3 ) GLOBAL_UNCERTAINTY_ASSIGNED_CONTEXT ( ( #2812 ) ) GLOBAL_UNIT_ASSIGNED_CONTEXT ( ( #889, #1151, #2423 ) ) REPRESENTATION_CONTEXT ( 'NONE', 'WORKASPACE' ) );
#874 =( LENGTH_UNIT ( ) NAMED_UNIT ( * ) SI_UNIT ( .MILLI., .METRE. ) );
#875 = STYLED_ITEM ( 'NONE', ( #1932 ), #3653 ) ;
#876 = CARTESIAN_POINT ( 'NONE',  ( 0.000000000000000000, 1.300000000000000044, -0.01499999999999999944 ) ) ;
#877 = DIRECTION ( 'NONE',  ( 0.000000000000000000, -0.000000000000000000, -1.000000000000000000 ) ) ;
#878 = EDGE_LOOP ( 'NONE', ( #2876, #916, #3807, #3418 ) ) ;
#879 =( LENGTH_UNIT ( ) NAMED_UNIT ( * ) SI_UNIT ( .MILLI., .METRE. ) );
#880 = FILL_AREA_STYLE_COLOUR ( '', #3437 ) ;
#881 = DIRECTION ( 'NONE',  ( 0.000000000000000000, -0.000000000000000000, -1.000000000000000000 ) ) ;
#882 = UNCERTAINTY_MEASURE_WITH_UNIT (LENGTH_MEASURE( 1.000000000000000082E-05 ), #3057, 'distance_accuracy_value', 'NONE');
#883 = FILL_AREA_STYLE ('',( #2417 ) ) ;
#884 = CARTESIAN_POINT ( 'NONE',  ( 0.3800000000000001155, 0.5000000000000001110, 0.08500000012645614333 ) ) ;
#885 = VERTEX_POINT ( 'NONE', #2359 ) ;
#886 = ORIENTED_EDGE ( 'NONE', *, *, #1361, .T. ) ;
#887 = COLOUR_RGB ( '',0.8039215686274510109, 0.8039215686274510109, 0.8039215686274510109 ) ;
#888 = STYLED_ITEM ( 'NONE', ( #510 ), #508 ) ;
#889 =( LENGTH_UNIT ( ) NAMED_UNIT ( * ) SI_UNIT ( .MILLI., .METRE. ) );
#890 = EDGE_CURVE ( 'NONE', #691, #944, #3271, .T. ) ;
#891 = DIRECTION ( 'NONE',  ( 1.000000000000000000, 0.000000000000000000, 0.000000000000000000 ) ) ;
#892 = DIRECTION ( 'NONE',  ( 0.000000000000000000, 0.000000000000000000, 1.000000000000000000 ) ) ;
#893 = ORIENTED_EDGE ( 'NONE', *, *, #465, .T. ) ;
#894 =( NAMED_UNIT ( * ) PLANE_ANGLE_UNIT ( ) SI_UNIT ( $, .RADIAN. ) );
#895 = COLOUR_RGB ( '',0.8039215686274510109, 0.8039215686274510109, 0.8039215686274510109 ) ;
#896 = STYLED_ITEM ( 'NONE', ( #3547 ), #1045 ) ;
#897 = DIRECTION ( 'NONE',  ( -0.000000000000000000, -0.000000000000000000, -1.000000000000000000 ) ) ;
#898 = FILL_AREA_STYLE_COLOUR ( '', #1923 ) ;
#899 = SURFACE_STYLE_USAGE ( .BOTH. , #1790 ) ;
#900 = ORIENTED_EDGE ( 'NONE', *, *, #587, .F. ) ;
#901 = SURFACE_STYLE_FILL_AREA ( #3353 ) ;
#902 = ORIENTED_EDGE ( 'NONE', *, *, #1527, .T. ) ;
#903 = CARTESIAN_POINT ( 'NONE',  ( -0.6000000000000003109, 0.8000000000000001554, 0.08500000000000000611 ) ) ;
#904 = CARTESIAN_POINT ( 'NONE',  ( -0.6000000000000003109, 0.1500000000000001887, 0.08500000000000000611 ) ) ;
#905 = AXIS2_PLACEMENT_3D ( 'NONE', #3658, #2032, #501 ) ;
#906 = APPLICATION_PROTOCOL_DEFINITION ( 'draft international standard', 'automotive_design', 1998, #3941 ) ;
#907 =( GEOMETRIC_REPRESENTATION_CONTEXT ( 3 ) GLOBAL_UNCERTAINTY_ASSIGNED_CONTEXT ( ( #1910 ) ) GLOBAL_UNIT_ASSIGNED_CONTEXT ( ( #854, #2199, #933 ) ) REPRESENTATION_CONTEXT ( 'NONE', 'WORKASPACE' ) );
#908 = SURFACE_SIDE_STYLE ('',( #1255 ) ) ;
#909 =( LENGTH_UNIT ( ) NAMED_UNIT ( * ) SI_UNIT ( .MILLI., .METRE. ) );
#910 = ORIENTED_EDGE ( 'NONE', *, *, #16, .T. ) ;
#911 = CARTESIAN_POINT ( 'NONE',  ( 0.6000000000000000888, -0.4999999999999998890, 0.08500000000000000611 ) ) ;
#912 = ADVANCED_FACE ( 'NONE', ( #3425 ), #3632, .F. ) ;
#913 = EDGE_CURVE ( 'NONE', #1126, #3588, #1797, .T. ) ;
#914 = VECTOR ( 'NONE', #2333, 1000.000000000000000 ) ;
#915 = SURFACE_STYLE_USAGE ( .BOTH. , #3740 ) ;
#916 = ORIENTED_EDGE ( 'NONE', *, *, #2978, .T. ) ;
#917 = FILL_AREA_STYLE ('',( #2687 ) ) ;
#918 = UNCERTAINTY_MEASURE_WITH_UNIT (LENGTH_MEASURE( 1.000000000000000082E-05 ), #1569, 'distance_accuracy_value', 'NONE');
#919 = PRESENTATION_LAYER_ASSIGNMENT (  '', '', ( #1804 ) ) ;
#920 = DIRECTION ( 'NONE',  ( 0.000000000000000000, 1.000000000000000000, 0.000000000000000000 ) ) ;
#921 = PRESENTATION_LAYER_ASSIGNMENT (  '', '', ( #3430 ) ) ;
#922 = ORIENTED_EDGE ( 'NONE', *, *, #1488, .T. ) ;
#923 = VECTOR ( 'NONE', #2358, 1000.000000000000000 ) ;
#924 = ORIENTED_EDGE ( 'NONE', *, *, #1627, .F. ) ;
#925 = UNCERTAINTY_MEASURE_WITH_UNIT (LENGTH_MEASURE( 1.000000000000000082E-05 ), #429, 'distance_accuracy_value', 'NONE');
#926 = VECTOR ( 'NONE', #1392, 1000.000000000000000 ) ;
#927 = AXIS2_PLACEMENT_3D ( 'NONE', #1955, #3224, #1662 ) ;
#928 = SURFACE_STYLE_FILL_AREA ( #3338 ) ;
#929 = FACE_OUTER_BOUND ( 'NONE', #430, .T. ) ;
#930 = MECHANICAL_DESIGN_GEOMETRIC_PRESENTATION_REPRESENTATION (  '', ( #1820 ), #3177 ) ;
#931 = DIRECTION ( 'NONE',  ( 1.000000000000000000, -0.000000000000000000, -0.000000000000000000 ) ) ;
#932 = ORIENTED_EDGE ( 'NONE', *, *, #731, .F. ) ;
#933 =( NAMED_UNIT ( * ) SI_UNIT ( $, .STERADIAN. ) SOLID_ANGLE_UNIT ( ) );
#934 = CARTESIAN_POINT ( 'NONE',  ( -0.6000000000000003109, 0.1500000000000001887, 0.000000000000000000 ) ) ;
#935 = EDGE_CURVE ( 'NONE', #2568, #2500, #3094, .T. ) ;
#936 = CARTESIAN_POINT ( 'NONE',  ( -0.5440500000000003666, 0.9190499999999995895, 0.6650000000000000355 ) ) ;
#937 = EDGE_CURVE ( 'NONE', #3321, #1989, #579, .T. ) ;
#938 = PRESENTATION_STYLE_ASSIGNMENT (( #324 ) ) ;
#939 = CARTESIAN_POINT ( 'NONE',  ( -0.3800000000000002265, 0.1500000000000001887, 0.08500000000000000611 ) ) ;
#940 = EDGE_CURVE ( 'NONE', #3204, #655, #3112, .T. ) ;
#941 =( NAMED_UNIT ( * ) PLANE_ANGLE_UNIT ( ) SI_UNIT ( $, .RADIAN. ) );
#942 = CARTESIAN_POINT ( 'NONE',  ( 0.3800000000000001155, 0.5000000000000001110, -0.01499999999999999944 ) ) ;
#943 = DIRECTION ( 'NONE',  ( 0.000000000000000000, 0.000000000000000000, -1.000000000000000000 ) ) ;
#944 = VERTEX_POINT ( 'NONE', #2486 ) ;
#945 = EDGE_LOOP ( 'NONE', ( #1061, #3637, #1277, #900 ) ) ;
#946 = CIRCLE ( 'NONE', #3188, 0.03547499999999997877 ) ;
#947 = LINE ( 'NONE', #354, #2951 ) ;
#948 = CIRCLE ( 'NONE', #358, 0.03547499999999997877 ) ;
#949 = CARTESIAN_POINT ( 'NONE',  ( 0.3800000000000001155, -0.1499999999999998557, 0.08500000012645614333 ) ) ;
#950 = SURFACE_STYLE_USAGE ( .BOTH. , #908 ) ;
#951 = AXIS2_PLACEMENT_3D ( 'NONE', #2814, #2855, #66 ) ;
#952 = AXIS2_PLACEMENT_3D ( 'NONE', #1851, #1538, #24 ) ;
#953 = FILL_AREA_STYLE ('',( #548 ) ) ;
#954 = PLANE ( 'NONE',  #725 ) ;
#955 = SURFACE_SIDE_STYLE ('',( #1242 ) ) ;
#956 =( LENGTH_UNIT ( ) NAMED_UNIT ( * ) SI_UNIT ( .MILLI., .METRE. ) );
#957 =( GEOMETRIC_REPRESENTATION_CONTEXT ( 3 ) GLOBAL_UNCERTAINTY_ASSIGNED_CONTEXT ( ( #1341 ) ) GLOBAL_UNIT_ASSIGNED_CONTEXT ( ( #3301, #2364, #3636 ) ) REPRESENTATION_CONTEXT ( 'NONE', 'WORKASPACE' ) );
#958 =( NAMED_UNIT ( * ) PLANE_ANGLE_UNIT ( ) SI_UNIT ( $, .RADIAN. ) );
#959 =( NAMED_UNIT ( * ) SI_UNIT ( $, .STERADIAN. ) SOLID_ANGLE_UNIT ( ) );
#960 = DIRECTION ( 'NONE',  ( -1.000000000000000000, 0.000000000000000000, 0.000000000000000000 ) ) ;
#961 = ORIENTED_EDGE ( 'NONE', *, *, #1907, .T. ) ;
#962 = ORIENTED_EDGE ( 'NONE', *, *, #1600, .F. ) ;
#963 = CARTESIAN_POINT ( 'NONE',  ( 0.6000000000000000888, -0.7999999999999998224, 0.08500000000000000611 ) ) ;
#964 = UNCERTAINTY_MEASURE_WITH_UNIT (LENGTH_MEASURE( 1.000000000000000082E-05 ), #1245, 'distance_accuracy_value', 'NONE');
#965 = EDGE_CURVE ( 'NONE', #1284, #1835, #3697, .T. ) ;
#966 = EDGE_CURVE ( 'NONE', #944, #45, #947, .T. ) ;
#967 = SURFACE_STYLE_FILL_AREA ( #3384 ) ;
#968 = FILL_AREA_STYLE_COLOUR ( '', #1811 ) ;
#969 = ORIENTED_EDGE ( 'NONE', *, *, #2779, .T. ) ;
#970 =( NAMED_UNIT ( * ) PLANE_ANGLE_UNIT ( ) SI_UNIT ( $, .RADIAN. ) );
#971 = PLANE ( 'NONE',  #2327 ) ;
#972 = SURFACE_STYLE_USAGE ( .BOTH. , #1317 ) ;
#973 = FILL_AREA_STYLE ('',( #3370 ) ) ;
#974 = ORIENTED_EDGE ( 'NONE', *, *, #437, .F. ) ;
#975 = DIRECTION ( 'NONE',  ( 0.000000000000000000, 0.000000000000000000, -1.000000000000000000 ) ) ;
#976 = COLOUR_RGB ( '',0.2862745098039215508, 0.2862745098039215508, 0.2862745098039215508 ) ;
#977 = PRESENTATION_STYLE_ASSIGNMENT (( #2245 ) ) ;
#978 = COLOUR_RGB ( '',0.2862745098039215508, 0.2862745098039215508, 0.2862745098039215508 ) ;
#979 = PRESENTATION_STYLE_ASSIGNMENT (( #389 ) ) ;
#980 = ORIENTED_EDGE ( 'NONE', *, *, #2662, .T. ) ;
#981 = ORIENTED_EDGE ( 'NONE', *, *, #3467, .T. ) ;
#982 = CARTESIAN_POINT ( 'NONE',  ( -0.5795250000000002899, 0.9190499999999995895, 0.6550000000000000266 ) ) ;
#983 = EDGE_CURVE ( 'NONE', #473, #1256, #275, .T. ) ;
#984 = EDGE_CURVE ( 'NONE', #2776, #1735, #3956, .T. ) ;
#985 = MECHANICAL_DESIGN_GEOMETRIC_PRESENTATION_REPRESENTATION (  '', ( #2006 ), #334 ) ;
#986 = SURFACE_SIDE_STYLE ('',( #967 ) ) ;
#987 =( LENGTH_UNIT ( ) NAMED_UNIT ( * ) SI_UNIT ( .MILLI., .METRE. ) );
#988 = DIRECTION ( 'NONE',  ( 0.000000000000000000, -1.000000000000000000, 0.000000000000000000 ) ) ;
#989 = COLOUR_RGB ( '',0.2862745098039215508, 0.2862745098039215508, 0.2862745098039215508 ) ;
#990 = AXIS2_PLACEMENT_3D ( 'NONE', #1904, #362, #2881 ) ;
#991 = FACE_OUTER_BOUND ( 'NONE', #60, .T. ) ;
#992 = PRESENTATION_STYLE_ASSIGNMENT (( #915 ) ) ;
#993 = VERTEX_POINT ( 'NONE', #904 ) ;
#994 = COLOUR_RGB ( '',0.2862745098039215508, 0.2862745098039215508, 0.2862745098039215508 ) ;
#995 = FILL_AREA_STYLE_COLOUR ( '', #2042 ) ;
#996 = FILL_AREA_STYLE ('',( #3024 ) ) ;
#997 = ORIENTED_EDGE ( 'NONE', *, *, #2497, .T. ) ;
#998 = ORIENTED_EDGE ( 'NONE', *, *, #1380, .T. ) ;
#999 = PRESENTATION_STYLE_ASSIGNMENT (( #2548 ) ) ;
#1000 = PRESENTATION_LAYER_ASSIGNMENT (  '', '', ( #620 ) ) ;
#1001 = DIRECTION ( 'NONE',  ( -0.000000000000000000, 0.000000000000000000, 1.000000000000000000 ) ) ;
#1002 = SURFACE_STYLE_FILL_AREA ( #3139 ) ;
#1003 =( GEOMETRIC_REPRESENTATION_CONTEXT ( 3 ) GLOBAL_UNCERTAINTY_ASSIGNED_CONTEXT ( ( #837 ) ) GLOBAL_UNIT_ASSIGNED_CONTEXT ( ( #956, #2227, #2905 ) ) REPRESENTATION_CONTEXT ( 'NONE', 'WORKASPACE' ) );
#1004 = ADVANCED_FACE ( 'NONE', ( #2128 ), #318, .F. ) ;
#1005 = EDGE_CURVE ( 'NONE', #1322, #3748, #735, .T. ) ;
#1006 = CARTESIAN_POINT ( 'NONE',  ( -0.6150000000000003242, -0.9900000000000002132, 0.6650000000000000355 ) ) ;
#1007 = VECTOR ( 'NONE', #2353, 1000.000000000000000 ) ;
#1008 =( NAMED_UNIT ( * ) PLANE_ANGLE_UNIT ( ) SI_UNIT ( $, .RADIAN. ) );
#1009 = VERTEX_POINT ( 'NONE', #105 ) ;
#1010 = MECHANICAL_DESIGN_GEOMETRIC_PRESENTATION_REPRESENTATION (  '', ( #1841 ), #3766 ) ;
#1011 = FILL_AREA_STYLE_COLOUR ( '', #3356 ) ;
#1012 = CARTESIAN_POINT ( 'NONE',  ( -0.6000000000000003109, -0.7999999999999998224, 0.000000000000000000 ) ) ;
#1013 = FACE_BOUND ( 'NONE', #2161, .T. ) ;
#1014 = VERTEX_POINT ( 'NONE', #1580 ) ;
#1015 = AXIS2_PLACEMENT_3D ( 'NONE', #2641, #3882, #3854 ) ;
#1016 = EDGE_LOOP ( 'NONE', ( #2351, #3354, #370, #3035 ) ) ;
#1017 = CARTESIAN_POINT ( 'NONE',  ( -0.6000000000000003109, -0.4999999999999997780, 0.08500000000000000611 ) ) ;
#1018 = DIRECTION ( 'NONE',  ( 0.000000000000000000, 1.000000000000000000, 0.000000000000000000 ) ) ;
#1019 = DIRECTION ( 'NONE',  ( 0.000000000000000000, 1.000000000000000000, 0.000000000000000000 ) ) ;
#1020 = CARTESIAN_POINT ( 'NONE',  ( -0.6000000000000003109, -0.4999999999999997780, 0.08500000000000000611 ) ) ;
#1021 = FACE_OUTER_BOUND ( 'NONE', #1197, .T. ) ;
#1022 = EDGE_LOOP ( 'NONE', ( #1183, #216, #1848, #795 ) ) ;
#1023 = ADVANCED_FACE ( 'NONE', ( #2856 ), #2573, .F. ) ;
#1024 = COLOUR_RGB ( '',0.9607843137254902244, 0.9607843137254902244, 0.9607843137254902244 ) ;
#1025 = PRESENTATION_LAYER_ASSIGNMENT (  '', '', ( #3787 ) ) ;
#1026 = DIRECTION ( 'NONE',  ( 0.000000000000000000, 1.000000000000000000, 0.000000000000000000 ) ) ;
#1027 = DIRECTION ( 'NONE',  ( -0.000000000000000000, -0.000000000000000000, 1.000000000000000000 ) ) ;
#1028 = CARTESIAN_POINT ( 'NONE',  ( -0.6000000000000003109, -0.4999999999999997780, 0.08500000000000000611 ) ) ;
#1029 = ORIENTED_EDGE ( 'NONE', *, *, #2952, .F. ) ;
#1030 = VERTEX_POINT ( 'NONE', #844 ) ;
#1031 = CARTESIAN_POINT ( 'NONE',  ( -0.3800000000000002265, -0.4999999999999997780, 0.000000000000000000 ) ) ;
#1032 = CYLINDRICAL_SURFACE ( 'NONE', #3704, 0.02999999999999997113 ) ;
#1033 = SURFACE_SIDE_STYLE ('',( #2023 ) ) ;
#1034 =( GEOMETRIC_REPRESENTATION_CONTEXT ( 3 ) GLOBAL_UNCERTAINTY_ASSIGNED_CONTEXT ( ( #3335 ) ) GLOBAL_UNIT_ASSIGNED_CONTEXT ( ( #3141, #380, #2862 ) ) REPRESENTATION_CONTEXT ( 'NONE', 'WORKASPACE' ) );
#1035 = ORIENTED_EDGE ( 'NONE', *, *, #966, .T. ) ;
#1036 = CARTESIAN_POINT ( 'NONE',  ( -0.6000000000000003109, 0.5000000000000001110, 0.08500000000000000611 ) ) ;
#1037 = VECTOR ( 'NONE', #1083, 1000.000000000000000 ) ;
#1038 = SURFACE_STYLE_FILL_AREA ( #1329 ) ;
#1039 = LINE ( 'NONE', #2637, #3733 ) ;
#1040 = PLANE ( 'NONE',  #342 ) ;
#1041 = DIRECTION ( 'NONE',  ( 0.000000000000000000, 0.000000000000000000, -1.000000000000000000 ) ) ;
#1042 = EDGE_LOOP ( 'NONE', ( #2150, #3965, #3090, #444 ) ) ;
#1043 = DIRECTION ( 'NONE',  ( 1.000000000000000000, 0.000000000000000000, 0.000000000000000000 ) ) ;
#1044 = FACE_OUTER_BOUND ( 'NONE', #3981, .T. ) ;
#1045 = ADVANCED_FACE ( 'NONE', ( #3020 ), #2326, .F. ) ;
#1046 = PLANE ( 'NONE',  #2316 ) ;
#1047 = DIRECTION ( 'NONE',  ( 0.000000000000000000, -1.000000000000000000, 0.000000000000000000 ) ) ;
#1048 = PRESENTATION_LAYER_ASSIGNMENT (  '', '', ( #1234 ) ) ;
#1049 = CARTESIAN_POINT ( 'NONE',  ( -0.6150000000000003242, 0.9899999999999993250, 0.000000000000000000 ) ) ;
#1050 = ORIENTED_EDGE ( 'NONE', *, *, #937, .T. ) ;
#1051 = ORIENTED_EDGE ( 'NONE', *, *, #1264, .F. ) ;
#1052 = EDGE_CURVE ( 'NONE', #1894, #2776, #1999, .T. ) ;
#1053 = LINE ( 'NONE', #2154, #1747 ) ;
#1054 = LINE ( 'NONE', #178, #822 ) ;
#1055 =( NAMED_UNIT ( * ) SI_UNIT ( $, .STERADIAN. ) SOLID_ANGLE_UNIT ( ) );
#1056 = FACE_OUTER_BOUND ( 'NONE', #3161, .T. ) ;
#1057 =( NAMED_UNIT ( * ) SI_UNIT ( $, .STERADIAN. ) SOLID_ANGLE_UNIT ( ) );
#1058 = FILL_AREA_STYLE_COLOUR ( '', #2843 ) ;
#1059 = DIRECTION ( 'NONE',  ( 0.000000000000000000, 0.000000000000000000, 1.000000000000000000 ) ) ;
#1060 = DIRECTION ( 'NONE',  ( -1.000000000000000000, -0.000000000000000000, -0.000000000000000000 ) ) ;
#1061 = ORIENTED_EDGE ( 'NONE', *, *, #3875, .T. ) ;
#1062 = AXIS2_PLACEMENT_3D ( 'NONE', #2741, #223, #2391 ) ;
#1063 = CARTESIAN_POINT ( 'NONE',  ( -0.6450000000000002398, -1.020000000000000240, 0.000000000000000000 ) ) ;
#1064 = FACE_OUTER_BOUND ( 'NONE', #2158, .T. ) ;
#1065 = ORIENTED_EDGE ( 'NONE', *, *, #3927, .T. ) ;
#1066 = SURFACE_STYLE_USAGE ( .BOTH. , #159 ) ;
#1067 = SURFACE_SIDE_STYLE ('',( #2397 ) ) ;
#1068 = EDGE_CURVE ( 'NONE', #527, #1894, #228, .T. ) ;
#1069 = EDGE_CURVE ( 'NONE', #1256, #1030, #3589, .T. ) ;
#1070 = PLANE ( 'NONE',  #1413 ) ;
#1071 = PLANE ( 'NONE',  #1207 ) ;
#1072 = VECTOR ( 'NONE', #1272, 1000.000000000000000 ) ;
#1073 = DIRECTION ( 'NONE',  ( 0.000000000000000000, -1.000000000000000000, 0.000000000000000000 ) ) ;
#1074 = FILL_AREA_STYLE ('',( #3119 ) ) ;
#1075 = VECTOR ( 'NONE', #373, 1000.000000000000000 ) ;
#1076 = DIRECTION ( 'NONE',  ( 1.000000000000000000, 0.000000000000000000, 0.000000000000000000 ) ) ;
#1077 = ORIENTED_EDGE ( 'NONE', *, *, #64, .T. ) ;
#1078 = FILL_AREA_STYLE_COLOUR ( '', #3896 ) ;
#1079 = SURFACE_STYLE_USAGE ( .BOTH. , #3560 ) ;
#1080 = DIRECTION ( 'NONE',  ( -0.000000000000000000, 1.000000000000000000, -0.000000000000000000 ) ) ;
#1081 = DIRECTION ( 'NONE',  ( 0.000000000000000000, -1.000000000000000000, 0.000000000000000000 ) ) ;
#1082 = LINE ( 'NONE', #1642, #1698 ) ;
#1083 = DIRECTION ( 'NONE',  ( -0.000000000000000000, -0.000000000000000000, -1.000000000000000000 ) ) ;
#1084 = ORIENTED_EDGE ( 'NONE', *, *, #1727, .T. ) ;
#1085 = ORIENTED_EDGE ( 'NONE', *, *, #2803, .F. ) ;
#1086 = VECTOR ( 'NONE', #826, 1000.000000000000000 ) ;
#1087 = ADVANCED_FACE ( 'NONE', ( #3866 ), #1145, .F. ) ;
#1088 = PLANE ( 'NONE',  #333 ) ;
#1089 = MECHANICAL_DESIGN_GEOMETRIC_PRESENTATION_REPRESENTATION (  '', ( #3164 ), #1291 ) ;
#1090 = FILL_AREA_STYLE ('',( #1801 ) ) ;
#1091 = EDGE_LOOP ( 'NONE', ( #1981, #3621, #20, #191 ) ) ;
#1092 = LINE ( 'NONE', #2811, #1072 ) ;
#1093 = FILL_AREA_STYLE_COLOUR ( '', #491 ) ;
#1094 = MECHANICAL_DESIGN_GEOMETRIC_PRESENTATION_REPRESENTATION (  '', ( #3545 ), #1226 ) ;
#1095 = PRESENTATION_LAYER_ASSIGNMENT (  '', '', ( #3611 ) ) ;
#1096 = SURFACE_SIDE_STYLE ('',( #3857 ) ) ;
#1097 = CARTESIAN_POINT ( 'NONE',  ( 0.3800000000000001155, 0.8000000000000000444, -0.01499999999999999944 ) ) ;
#1098 = FILL_AREA_STYLE_COLOUR ( '', #1217 ) ;
#1099 = CARTESIAN_POINT ( 'NONE',  ( -0.6000000000000003109, -0.4999999999999997780, 0.08500000000000000611 ) ) ;
#1100 = VERTEX_POINT ( 'NONE', #3649 ) ;
#1101 = AXIS2_PLACEMENT_3D ( 'NONE', #2735, #2110, #1759 ) ;
#1102 = CARTESIAN_POINT ( 'NONE',  ( 0.6149999999999998801, -0.9900000000000002132, 0.6350000000000000089 ) ) ;
#1103 = DIRECTION ( 'NONE',  ( -0.000000000000000000, 0.000000000000000000, 1.000000000000000000 ) ) ;
#1104 =( NAMED_UNIT ( * ) PLANE_ANGLE_UNIT ( ) SI_UNIT ( $, .RADIAN. ) );
#1105 = UNCERTAINTY_MEASURE_WITH_UNIT (LENGTH_MEASURE( 1.000000000000000082E-05 ), #304, 'distance_accuracy_value', 'NONE');
#1106 = CARTESIAN_POINT ( 'NONE',  ( 0.6000000000000000888, 0.1500000000000000777, 0.08500000000000000611 ) ) ;
#1107 = CARTESIAN_POINT ( 'NONE',  ( -0.3800000000000002265, -0.4999999999999997780, -0.01499999999999999944 ) ) ;
#1108 = DIRECTION ( 'NONE',  ( 0.000000000000000000, 0.000000000000000000, -1.000000000000000000 ) ) ;
#1109 =( NAMED_UNIT ( * ) PLANE_ANGLE_UNIT ( ) SI_UNIT ( $, .RADIAN. ) );
#1110 = CARTESIAN_POINT ( 'NONE',  ( -0.6000000000000003109, -0.1499999999999998557, -0.01499999999999999944 ) ) ;
#1111 = LINE ( 'NONE', #1388, #1536 ) ;
#1112 = FILL_AREA_STYLE_COLOUR ( '', #2014 ) ;
#1113 = SURFACE_STYLE_USAGE ( .BOTH. , #2986 ) ;
#1114 = ORIENTED_EDGE ( 'NONE', *, *, #364, .T. ) ;
#1115 = SURFACE_STYLE_FILL_AREA ( #3884 ) ;
#1116 = EDGE_CURVE ( 'NONE', #2726, #2306, #3973, .T. ) ;
#1117 = EDGE_CURVE ( 'NONE', #448, #3225, #1524, .T. ) ;
#1118 = FILL_AREA_STYLE_COLOUR ( '', #2854 ) ;
#1119 = CIRCLE ( 'NONE', #1763, 0.02999999999999997113 ) ;
#1120 = SURFACE_STYLE_USAGE ( .BOTH. , #3620 ) ;
#1121 = LINE ( 'NONE', #2115, #1879 ) ;
#1122 = ORIENTED_EDGE ( 'NONE', *, *, #940, .T. ) ;
#1123 = DIRECTION ( 'NONE',  ( 1.000000000000000000, 0.000000000000000000, 0.000000000000000000 ) ) ;
#1124 = STYLED_ITEM ( 'NONE', ( #2644 ), #317 ) ;
#1125 =( NAMED_UNIT ( * ) PLANE_ANGLE_UNIT ( ) SI_UNIT ( $, .RADIAN. ) );
#1126 = VERTEX_POINT ( 'NONE', #3971 ) ;
#1127 = STYLED_ITEM ( 'NONE', ( #3283 ), #507 ) ;
#1128 = DIRECTION ( 'NONE',  ( -0.000000000000000000, 1.000000000000000000, -0.000000000000000000 ) ) ;
#1129 = STYLED_ITEM ( 'NONE', ( #2204 ), #640 ) ;
#1130 = SURFACE_STYLE_FILL_AREA ( #1428 ) ;
#1131 = DIRECTION ( 'NONE',  ( -0.000000000000000000, -0.000000000000000000, -1.000000000000000000 ) ) ;
#1132 = SURFACE_STYLE_FILL_AREA ( #1450 ) ;
#1133 = PRESENTATION_LAYER_ASSIGNMENT (  '', '', ( #630 ) ) ;
#1134 = DIRECTION ( 'NONE',  ( 1.000000000000000000, 0.000000000000000000, 0.000000000000000000 ) ) ;
#1135 = STYLED_ITEM ( 'NONE', ( #417 ), #1004 ) ;
#1136 = SURFACE_STYLE_FILL_AREA ( #2942 ) ;
#1137 = DIRECTION ( 'NONE',  ( -1.000000000000000000, 0.000000000000000000, -0.000000000000000000 ) ) ;
#1138 = PRODUCT_DEFINITION ( 'UNKNOWN', '', #1223, #1146 ) ;
#1139 =( NAMED_UNIT ( * ) PLANE_ANGLE_UNIT ( ) SI_UNIT ( $, .RADIAN. ) );
#1140 = EDGE_CURVE ( 'NONE', #3764, #2810, #3398, .T. ) ;
#1141 = CARTESIAN_POINT ( 'NONE',  ( -0.1745896344050403837, 0.8685094525064316340, 0.2121320343559642829 ) ) ;
#1142 = UNCERTAINTY_MEASURE_WITH_UNIT (LENGTH_MEASURE( 1.000000000000000082E-05 ), #3862, 'distance_accuracy_value', 'NONE');
#1143 = ORIENTED_EDGE ( 'NONE', *, *, #3630, .T. ) ;
#1144 = SURFACE_SIDE_STYLE ('',( #532 ) ) ;
#1145 = PLANE ( 'NONE',  #1198 ) ;
#1146 = PRODUCT_DEFINITION_CONTEXT ( 'detailed design', #155, 'design' ) ;
#1147 = COLOUR_RGB ( '',0.2862745098039215508, 0.2862745098039215508, 0.2862745098039215508 ) ;
#1148 = COLOUR_RGB ( '',0.8039215686274510109, 0.8039215686274510109, 0.8039215686274510109 ) ;
#1149 = PRESENTATION_STYLE_ASSIGNMENT (( #3874 ) ) ;
#1150 = AXIS2_PLACEMENT_3D ( 'NONE', #3891, #251, #2375 ) ;
#1151 =( NAMED_UNIT ( * ) PLANE_ANGLE_UNIT ( ) SI_UNIT ( $, .RADIAN. ) );
#1152 = FILL_AREA_STYLE ('',( #3978 ) ) ;
#1153 = ORIENTED_EDGE ( 'NONE', *, *, #1310, .F. ) ;
#1154 = SURFACE_STYLE_FILL_AREA ( #567 ) ;
#1155 = SURFACE_STYLE_USAGE ( .BOTH. , #3639 ) ;
#1156 = AXIS2_PLACEMENT_3D ( 'NONE', #3181, #423, #2880 ) ;
#1157 = DIRECTION ( 'NONE',  ( 1.000000000000000000, 0.000000000000000000, -0.000000000000000000 ) ) ;
#1158 = STYLED_ITEM ( 'NONE', ( #2675 ), #2374 ) ;
#1159 = ORIENTED_EDGE ( 'NONE', *, *, #3214, .T. ) ;
#1160 = DIRECTION ( 'NONE',  ( 1.000000000000000000, 0.000000000000000000, 0.000000000000000000 ) ) ;
#1161 = VECTOR ( 'NONE', #1540, 1000.000000000000000 ) ;
#1162 = PLANE ( 'NONE',  #1798 ) ;
#1163 = FILL_AREA_STYLE ('',( #3931 ) ) ;
#1164 = PLANE ( 'NONE',  #664 ) ;
#1165 = VERTEX_POINT ( 'NONE', #314 ) ;
#1166 = VERTEX_POINT ( 'NONE', #2747 ) ;
#1167 = PLANE ( 'NONE',  #2824 ) ;
#1168 = EDGE_CURVE ( 'NONE', #993, #3225, #3712, .T. ) ;
#1169 = PRESENTATION_LAYER_ASSIGNMENT (  '', '', ( #2413 ) ) ;
#1170 = CARTESIAN_POINT ( 'NONE',  ( -0.6000000000000003109, -0.7999999999999998224, -0.01499999999999999944 ) ) ;
#1171 =( GEOMETRIC_REPRESENTATION_CONTEXT ( 3 ) GLOBAL_UNCERTAINTY_ASSIGNED_CONTEXT ( ( #925 ) ) GLOBAL_UNIT_ASSIGNED_CONTEXT ( ( #429, #1977, #39 ) ) REPRESENTATION_CONTEXT ( 'NONE', 'WORKASPACE' ) );
#1172 = FACE_OUTER_BOUND ( 'NONE', #2187, .T. ) ;
#1173 = CARTESIAN_POINT ( 'NONE',  ( 0.6000000000000000888, 0.8000000000000000444, 0.08500000000000000611 ) ) ;
#1174 = FACE_OUTER_BOUND ( 'NONE', #736, .T. ) ;
#1175 = ORIENTED_EDGE ( 'NONE', *, *, #838, .T. ) ;
#1176 =( NAMED_UNIT ( * ) PLANE_ANGLE_UNIT ( ) SI_UNIT ( $, .RADIAN. ) );
#1177 = CARTESIAN_POINT ( 'NONE',  ( 0.6449999999999997957, -0.9900000000000002132, 0.000000000000000000 ) ) ;
#1178 = VERTEX_POINT ( 'NONE', #963 ) ;
#1179 = CARTESIAN_POINT ( 'NONE',  ( -0.6000000000000003109, -0.7999999999999998224, 0.08500000000000000611 ) ) ;
#1180 = AXIS2_PLACEMENT_3D ( 'NONE', #2041, #2913, #3265 ) ;
#1181 =( NAMED_UNIT ( * ) PLANE_ANGLE_UNIT ( ) SI_UNIT ( $, .RADIAN. ) );
#1182 = VERTEX_POINT ( 'NONE', #618 ) ;
#1183 = ORIENTED_EDGE ( 'NONE', *, *, #3778, .T. ) ;
#1184 = DIRECTION ( 'NONE',  ( 0.000000000000000000, 0.000000000000000000, -1.000000000000000000 ) ) ;
#1185 = MECHANICAL_DESIGN_GEOMETRIC_PRESENTATION_REPRESENTATION (  '', ( #2549 ), #2614 ) ;
#1186 =( GEOMETRIC_REPRESENTATION_CONTEXT ( 3 ) GLOBAL_UNCERTAINTY_ASSIGNED_CONTEXT ( ( #1379 ) ) GLOBAL_UNIT_ASSIGNED_CONTEXT ( ( #2892, #2916, #774 ) ) REPRESENTATION_CONTEXT ( 'NONE', 'WORKASPACE' ) );
#1187 = PRESENTATION_STYLE_ASSIGNMENT (( #1472 ) ) ;
#1188 = EDGE_CURVE ( 'NONE', #2740, #1203, #1205, .T. ) ;
#1189 = EDGE_CURVE ( 'NONE', #766, #411, #3355, .T. ) ;
#1190 = CARTESIAN_POINT ( 'NONE',  ( 0.6000000000000000888, 0.5000000000000001110, 0.08500000000000000611 ) ) ;
#1191 = AXIS2_PLACEMENT_3D ( 'NONE', #2886, #2585, #3166 ) ;
#1192 = VECTOR ( 'NONE', #3673, 1000.000000000000000 ) ;
#1193 = SURFACE_STYLE_USAGE ( .BOTH. , #1513 ) ;
#1194 = DIRECTION ( 'NONE',  ( 0.000000000000000000, 0.000000000000000000, -1.000000000000000000 ) ) ;
#1195 = VECTOR ( 'NONE', #1128, 1000.000000000000000 ) ;
#1196 = SURFACE_STYLE_USAGE ( .BOTH. , #1239 ) ;
#1197 = EDGE_LOOP ( 'NONE', ( #2849, #2518, #2545, #1952 ) ) ;
#1198 = AXIS2_PLACEMENT_3D ( 'NONE', #594, #292, #3334 ) ;
#1199 = CARTESIAN_POINT ( 'NONE',  ( -0.6150000000000003242, 1.019999999999999574, 0.6350000000000000089 ) ) ;
#1200 = VECTOR ( 'NONE', #1916, 1000.000000000000000 ) ;
#1201 = DIRECTION ( 'NONE',  ( 0.000000000000000000, -1.000000000000000000, 0.000000000000000000 ) ) ;
#1202 =( LENGTH_UNIT ( ) NAMED_UNIT ( * ) SI_UNIT ( .MILLI., .METRE. ) );
#1203 = VERTEX_POINT ( 'NONE', #3060 ) ;
#1204 = ORIENTED_EDGE ( 'NONE', *, *, #3481, .F. ) ;
#1205 = LINE ( 'NONE', #903, #3083 ) ;
#1206 = DIRECTION ( 'NONE',  ( -0.000000000000000000, -0.000000000000000000, 1.000000000000000000 ) ) ;
#1207 = AXIS2_PLACEMENT_3D ( 'NONE', #2310, #422, #1327 ) ;
#1208 = ADVANCED_FACE ( 'NONE', ( #1507 ), #1167, .F. ) ;
#1209 = DIRECTION ( 'NONE',  ( -0.000000000000000000, 0.000000000000000000, 1.000000000000000000 ) ) ;
#1210 = VECTOR ( 'NONE', #1080, 1000.000000000000000 ) ;
#1211 = COLOUR_RGB ( '',0.2862745098039215508, 0.2862745098039215508, 0.2862745098039215508 ) ;
#1212 = EDGE_LOOP ( 'NONE', ( #1332, #922, #2169, #1417 ) ) ;
#1213 = MECHANICAL_DESIGN_GEOMETRIC_PRESENTATION_REPRESENTATION (  '', ( #1532 ), #327 ) ;
#1214 = EDGE_CURVE ( 'NONE', #392, #3212, #3785, .T. ) ;
#1215 = CARTESIAN_POINT ( 'NONE',  ( -0.5795250000000002899, 0.9190499999999995895, 0.6650000000000000355 ) ) ;
#1216 = DIRECTION ( 'NONE',  ( 1.000000000000000000, 0.000000000000000000, 0.000000000000000000 ) ) ;
#1217 = COLOUR_RGB ( '',0.8039215686274510109, 0.8039215686274510109, 0.8039215686274510109 ) ;
#1218 = ORIENTED_EDGE ( 'NONE', *, *, #3054, .T. ) ;
#1219 = UNCERTAINTY_MEASURE_WITH_UNIT (LENGTH_MEASURE( 1.000000000000000082E-05 ), #874, 'distance_accuracy_value', 'NONE');
#1220 = AXIS2_PLACEMENT_3D ( 'NONE', #89, #1632, #3476 ) ;
#1221 = SURFACE_STYLE_FILL_AREA ( #1871 ) ;
#1222 = FILL_AREA_STYLE ('',( #995 ) ) ;
#1223 = PRODUCT_DEFINITION_FORMATION_WITH_SPECIFIED_SOURCE ( 'ANY', '', #3674, .NOT_KNOWN. ) ;
#1224 = CARTESIAN_POINT ( 'NONE',  ( 0.6149999999999998801, 0.9899999999999995470, 0.6350000000000000089 ) ) ;
#1225 = ORIENTED_EDGE ( 'NONE', *, *, #2469, .T. ) ;
#1226 =( GEOMETRIC_REPRESENTATION_CONTEXT ( 3 ) GLOBAL_UNCERTAINTY_ASSIGNED_CONTEXT ( ( #3021 ) ) GLOBAL_UNIT_ASSIGNED_CONTEXT ( ( #1607, #90, #3770 ) ) REPRESENTATION_CONTEXT ( 'NONE', 'WORKASPACE' ) );
#1227 = ORIENTED_EDGE ( 'NONE', *, *, #3877, .T. ) ;
#1228 = SURFACE_STYLE_USAGE ( .BOTH. , #7 ) ;
#1229 = VECTOR ( 'NONE', #2516, 1000.000000000000000 ) ;
#1230 = DIRECTION ( 'NONE',  ( -0.000000000000000000, -0.000000000000000000, 1.000000000000000000 ) ) ;
#1231 = VECTOR ( 'NONE', #1688, 1000.000000000000000 ) ;
#1232 = VECTOR ( 'NONE', #2863, 1000.000000000000000 ) ;
#1233 = CARTESIAN_POINT ( 'NONE',  ( -0.6000000000000003109, -0.1499999999999998557, 0.08500000000000000611 ) ) ;
#1234 = STYLED_ITEM ( 'NONE', ( #2403 ), #3423 ) ;
#1235 = STYLED_ITEM ( 'NONE', ( #663 ), #3081 ) ;
#1236 =( NAMED_UNIT ( * ) SI_UNIT ( $, .STERADIAN. ) SOLID_ANGLE_UNIT ( ) );
#1237 = LINE ( 'NONE', #2489, #1660 ) ;
#1238 = FILL_AREA_STYLE_COLOUR ( '', #666 ) ;
#1239 = SURFACE_SIDE_STYLE ('',( #2724 ) ) ;
#1240 = DIRECTION ( 'NONE',  ( -1.000000000000000000, -0.000000000000000000, -0.000000000000000000 ) ) ;
#1241 = FACE_OUTER_BOUND ( 'NONE', #3205, .T. ) ;
#1242 = SURFACE_STYLE_FILL_AREA ( #973 ) ;
#1243 = EDGE_CURVE ( 'NONE', #3248, #1782, #87, .T. ) ;
#1244 = EDGE_CURVE ( 'NONE', #1915, #2726, #1092, .T. ) ;
#1245 =( LENGTH_UNIT ( ) NAMED_UNIT ( * ) SI_UNIT ( .MILLI., .METRE. ) );
#1246 =( NAMED_UNIT ( * ) SI_UNIT ( $, .STERADIAN. ) SOLID_ANGLE_UNIT ( ) );
#1247 = LINE ( 'NONE', #3708, #1773 ) ;
#1248 = SURFACE_STYLE_USAGE ( .BOTH. , #3394 ) ;
#1249 = ORIENTED_EDGE ( 'NONE', *, *, #3752, .T. ) ;
#1250 = ORIENTED_EDGE ( 'NONE', *, *, #612, .T. ) ;
#1251 =( LENGTH_UNIT ( ) NAMED_UNIT ( * ) SI_UNIT ( .MILLI., .METRE. ) );
#1252 =( GEOMETRIC_REPRESENTATION_CONTEXT ( 3 ) GLOBAL_UNCERTAINTY_ASSIGNED_CONTEXT ( ( #3890 ) ) GLOBAL_UNIT_ASSIGNED_CONTEXT ( ( #3071, #249, #1486 ) ) REPRESENTATION_CONTEXT ( 'NONE', 'WORKASPACE' ) );
#1253 = PRESENTATION_LAYER_ASSIGNMENT (  '', '', ( #361 ) ) ;
#1254 = LINE ( 'NONE', #1366, #1947 ) ;
#1255 = SURFACE_STYLE_FILL_AREA ( #1884 ) ;
#1256 = VERTEX_POINT ( 'NONE', #1340 ) ;
#1257 = MECHANICAL_DESIGN_GEOMETRIC_PRESENTATION_REPRESENTATION (  '', ( #2938 ), #2742 ) ;
#1258 = FACE_OUTER_BOUND ( 'NONE', #665, .T. ) ;
#1259 = PRESENTATION_LAYER_ASSIGNMENT (  '', '', ( #3830 ) ) ;
#1260 = CYLINDRICAL_SURFACE ( 'NONE', #236, 0.02999999999999997113 ) ;
#1261 = ORIENTED_EDGE ( 'NONE', *, *, #812, .F. ) ;
#1262 = CARTESIAN_POINT ( 'NONE',  ( -0.5440500000000003666, 0.9190499999999995895, 0.6550000000000000266 ) ) ;
#1263 = AXIS2_PLACEMENT_3D ( 'NONE', #2635, #3570, #3256 ) ;
#1264 = EDGE_CURVE ( 'NONE', #2785, #2970, #1578, .T. ) ;
#1265 = SURFACE_SIDE_STYLE ('',( #1953 ) ) ;
#1266 = STYLED_ITEM ( 'NONE', ( #1292 ), #1023 ) ;
#1267 =( NAMED_UNIT ( * ) PLANE_ANGLE_UNIT ( ) SI_UNIT ( $, .RADIAN. ) );
#1268 =( LENGTH_UNIT ( ) NAMED_UNIT ( * ) SI_UNIT ( .MILLI., .METRE. ) );
#1269 = CARTESIAN_POINT ( 'NONE',  ( -0.6450000000000002398, 0.9899999999999993250, 0.6650000000000000355 ) ) ;
#1270 = EDGE_LOOP ( 'NONE', ( #13, #2746, #1338, #3479 ) ) ;
#1271 = ORIENTED_EDGE ( 'NONE', *, *, #1311, .F. ) ;
#1272 = DIRECTION ( 'NONE',  ( 0.000000000000000000, 0.000000000000000000, -1.000000000000000000 ) ) ;
#1273 = AXIS2_PLACEMENT_3D ( 'NONE', #1493, #1184, #2502 ) ;
#1274 = CARTESIAN_POINT ( 'NONE',  ( 0.6000000000000000888, 0.5000000000000001110, 0.08500000000000000611 ) ) ;
#1275 = DIRECTION ( 'NONE',  ( -1.000000000000000000, -0.000000000000000000, -0.000000000000000000 ) ) ;
#1276 =( NAMED_UNIT ( * ) PLANE_ANGLE_UNIT ( ) SI_UNIT ( $, .RADIAN. ) );
#1277 = ORIENTED_EDGE ( 'NONE', *, *, #2192, .F. ) ;
#1278 =( GEOMETRIC_REPRESENTATION_CONTEXT ( 3 ) GLOBAL_UNCERTAINTY_ASSIGNED_CONTEXT ( ( #3457 ) ) GLOBAL_UNIT_ASSIGNED_CONTEXT ( ( #1911, #1993, #3835 ) ) REPRESENTATION_CONTEXT ( 'NONE', 'WORKASPACE' ) );
#1279 = VECTOR ( 'NONE', #2878, 1000.000000000000000 ) ;
#1280 = CARTESIAN_POINT ( 'NONE',  ( 0.3800000000000001155, 0.1500000000000000777, 0.08500000000000000611 ) ) ;
#1281 = PRESENTATION_STYLE_ASSIGNMENT (( #2241 ) ) ;
#1282 = PRESENTATION_STYLE_ASSIGNMENT (( #284 ) ) ;
#1283 =( LENGTH_UNIT ( ) NAMED_UNIT ( * ) SI_UNIT ( .MILLI., .METRE. ) );
#1284 = VERTEX_POINT ( 'NONE', #2833 ) ;
#1285 = PRESENTATION_LAYER_ASSIGNMENT (  '', '', ( #3921 ) ) ;
#1286 = AXIS2_PLACEMENT_3D ( 'NONE', #1891, #3126, #631 ) ;
#1287 = ORIENTED_EDGE ( 'NONE', *, *, #3173, .F. ) ;
#1288 = ORIENTED_EDGE ( 'NONE', *, *, #242, .F. ) ;
#1289 = DIRECTION ( 'NONE',  ( -1.000000000000000000, 0.000000000000000000, -0.000000000000000000 ) ) ;
#1290 = MECHANICAL_DESIGN_GEOMETRIC_PRESENTATION_REPRESENTATION (  '', ( #2399 ), #3731 ) ;
#1291 =( GEOMETRIC_REPRESENTATION_CONTEXT ( 3 ) GLOBAL_UNCERTAINTY_ASSIGNED_CONTEXT ( ( #1964 ) ) GLOBAL_UNIT_ASSIGNED_CONTEXT ( ( #2221, #1276, #2594 ) ) REPRESENTATION_CONTEXT ( 'NONE', 'WORKASPACE' ) );
#1292 = PRESENTATION_STYLE_ASSIGNMENT (( #2252 ) ) ;
#1293 = EDGE_CURVE ( 'NONE', #363, #2373, #61, .T. ) ;
#1294 = AXIS2_PLACEMENT_3D ( 'NONE', #3416, #943, #2209 ) ;
#1295 = DIRECTION ( 'NONE',  ( -1.000000000000000000, 0.000000000000000000, 0.000000000000000000 ) ) ;
#1296 = ORIENTED_EDGE ( 'NONE', *, *, #1293, .T. ) ;
#1297 = STYLED_ITEM ( 'NONE', ( #2539 ), #3267 ) ;
#1298 = VECTOR ( 'NONE', #1389, 1000.000000000000000 ) ;
#1299 =( LENGTH_UNIT ( ) NAMED_UNIT ( * ) SI_UNIT ( .MILLI., .METRE. ) );
#1300 = EDGE_LOOP ( 'NONE', ( #2405, #3397, #842, #2427 ) ) ;
#1301 = VECTOR ( 'NONE', #3665, 1000.000000000000000 ) ;
#1302 = PLANE ( 'NONE',  #1968 ) ;
#1303 = FACE_OUTER_BOUND ( 'NONE', #633, .T. ) ;
#1304 = CARTESIAN_POINT ( 'NONE',  ( 0.6000000000000000888, 0.5000000000000001110, 0.08500000000000000611 ) ) ;
#1305 = ORIENTED_EDGE ( 'NONE', *, *, #2682, .F. ) ;
#1306 = ORIENTED_EDGE ( 'NONE', *, *, #3343, .F. ) ;
#1307 = CARTESIAN_POINT ( 'NONE',  ( -0.6450000000000002398, -1.020000000000000240, 0.6350000000000000089 ) ) ;
#1308 =( LENGTH_UNIT ( ) NAMED_UNIT ( * ) SI_UNIT ( .MILLI., .METRE. ) );
#1309 = PRESENTATION_LAYER_ASSIGNMENT (  '', '', ( #3701 ) ) ;
#1310 = EDGE_CURVE ( 'NONE', #550, #3465, #412, .T. ) ;
#1311 = EDGE_CURVE ( 'NONE', #402, #586, #3110, .T. ) ;
#1312 = EDGE_LOOP ( 'NONE', ( #893, #3312, #3277, #2149 ) ) ;
#1313 =( LENGTH_UNIT ( ) NAMED_UNIT ( * ) SI_UNIT ( .MILLI., .METRE. ) );
#1314 = COLOUR_RGB ( '',0.2862745098039215508, 0.2862745098039215508, 0.2862745098039215508 ) ;
#1315 = SURFACE_SIDE_STYLE ('',( #1533 ) ) ;
#1316 = PRESENTATION_LAYER_ASSIGNMENT (  '', '', ( #1127 ) ) ;
#1317 = SURFACE_SIDE_STYLE ('',( #2512 ) ) ;
#1318 = ORIENTED_EDGE ( 'NONE', *, *, #111, .T. ) ;
#1319 = CARTESIAN_POINT ( 'NONE',  ( -0.3800000000000002265, 0.1500000000000001887, -0.01499999999999999944 ) ) ;
#1320 = COLOUR_RGB ( '',0.8039215686274510109, 0.8039215686274510109, 0.8039215686274510109 ) ;
#1321 = DIRECTION ( 'NONE',  ( -1.000000000000000000, 0.000000000000000000, 0.000000000000000000 ) ) ;
#1322 = VERTEX_POINT ( 'NONE', #2533 ) ;
#1323 = AXIS2_PLACEMENT_3D ( 'NONE', #210, #1686, #234 ) ;
#1324 = ORIENTED_EDGE ( 'NONE', *, *, #180, .T. ) ;
#1325 = SURFACE_STYLE_FILL_AREA ( #3487 ) ;
#1326 = ORIENTED_EDGE ( 'NONE', *, *, #3846, .F. ) ;
#1327 = DIRECTION ( 'NONE',  ( 1.000000000000000000, 0.000000000000000000, -0.000000000000000000 ) ) ;
#1328 = EDGE_CURVE ( 'NONE', #3149, #2501, #2250, .T. ) ;
#1329 = FILL_AREA_STYLE ('',( #113 ) ) ;
#1330 = FACE_OUTER_BOUND ( 'NONE', #2482, .T. ) ;
#1331 = FACE_BOUND ( 'NONE', #3148, .T. ) ;
#1332 = ORIENTED_EDGE ( 'NONE', *, *, #3002, .T. ) ;
#1333 = PRESENTATION_STYLE_ASSIGNMENT (( #3798 ) ) ;
#1334 = EDGE_CURVE ( 'NONE', #2040, #3748, #692, .T. ) ;
#1335 =( GEOMETRIC_REPRESENTATION_CONTEXT ( 3 ) GLOBAL_UNCERTAINTY_ASSIGNED_CONTEXT ( ( #3420 ) ) GLOBAL_UNIT_ASSIGNED_CONTEXT ( ( #3448, #3737, #3794 ) ) REPRESENTATION_CONTEXT ( 'NONE', 'WORKASPACE' ) );
#1336 = SURFACE_SIDE_STYLE ('',( #1641 ) ) ;
#1337 = CARTESIAN_POINT ( 'NONE',  ( 0.3800000000000001155, 0.8000000000000000444, -0.01499999999999999944 ) ) ;
#1338 = ORIENTED_EDGE ( 'NONE', *, *, #940, .F. ) ;
#1339 = VERTEX_POINT ( 'NONE', #3472 ) ;
#1340 = CARTESIAN_POINT ( 'NONE',  ( -0.3800000000000002265, -0.1499999999999998557, 0.08500000012645614333 ) ) ;
#1341 = UNCERTAINTY_MEASURE_WITH_UNIT (LENGTH_MEASURE( 1.000000000000000082E-05 ), #3301, 'distance_accuracy_value', 'NONE');
#1342 = VECTOR ( 'NONE', #1521, 1000.000000000000000 ) ;
#1343 = CARTESIAN_POINT ( 'NONE',  ( -0.6000000000000003109, -0.1499999999999998557, 0.08500000000000000611 ) ) ;
#1344 = UNCERTAINTY_MEASURE_WITH_UNIT (LENGTH_MEASURE( 1.000000000000000082E-05 ), #1593, 'distance_accuracy_value', 'NONE');
#1345 =( NAMED_UNIT ( * ) PLANE_ANGLE_UNIT ( ) SI_UNIT ( $, .RADIAN. ) );
#1346 = CYLINDRICAL_SURFACE ( 'NONE', #3359, 0.02999999999999997113 ) ;
#1347 = STYLED_ITEM ( 'NONE', ( #495 ), #3116 ) ;
#1348 = LINE ( 'NONE', #2296, #1586 ) ;
#1349 = CARTESIAN_POINT ( 'NONE',  ( 0.6149999999999998801, 0.000000000000000000, 0.6650000000000000355 ) ) ;
#1350 =( LENGTH_UNIT ( ) NAMED_UNIT ( * ) SI_UNIT ( .MILLI., .METRE. ) );
#1351 = PRESENTATION_LAYER_ASSIGNMENT (  '', '', ( #2593 ) ) ;
#1352 = ORIENTED_EDGE ( 'NONE', *, *, #179, .T. ) ;
#1353 = AXIS2_PLACEMENT_3D ( 'NONE', #152, #3180, #2636 ) ;
#1354 = PRESENTATION_LAYER_ASSIGNMENT (  '', '', ( #2536 ) ) ;
#1355 =( NAMED_UNIT ( * ) SI_UNIT ( $, .STERADIAN. ) SOLID_ANGLE_UNIT ( ) );
#1356 = SURFACE_SIDE_STYLE ('',( #3579 ) ) ;
#1357 = EDGE_CURVE ( 'NONE', #3710, #2819, #2853, .T. ) ;
#1358 = CARTESIAN_POINT ( 'NONE',  ( -0.5440500000000003666, 0.9190499999999995895, 0.6550000000000000266 ) ) ;
#1359 = DIRECTION ( 'NONE',  ( -1.000000000000000000, 0.000000000000000000, 0.000000000000000000 ) ) ;
#1360 = VECTOR ( 'NONE', #3698, 1000.000000000000000 ) ;
#1361 = EDGE_CURVE ( 'NONE', #3465, #2809, #2643, .T. ) ;
#1362 = LINE ( 'NONE', #2604, #1739 ) ;
#1363 = EDGE_LOOP ( 'NONE', ( #253, #796, #307 ) ) ;
#1364 = LINE ( 'NONE', #506, #816 ) ;
#1365 = COLOUR_RGB ( '',0.8039215686274510109, 0.8039215686274510109, 0.8039215686274510109 ) ;
#1366 = CARTESIAN_POINT ( 'NONE',  ( 0.3800000000000001155, -0.1499999999999998557, -0.01499999999999999944 ) ) ;
#1367 =( LENGTH_UNIT ( ) NAMED_UNIT ( * ) SI_UNIT ( .MILLI., .METRE. ) );
#1368 = DIRECTION ( 'NONE',  ( 0.000000000000000000, -0.000000000000000000, -1.000000000000000000 ) ) ;
#1369 = SURFACE_SIDE_STYLE ('',( #2047 ) ) ;
#1370 = ORIENTED_EDGE ( 'NONE', *, *, #2825, .F. ) ;
#1371 = LINE ( 'NONE', #3499, #2780 ) ;
#1372 = DIRECTION ( 'NONE',  ( 0.000000000000000000, 1.000000000000000000, 0.000000000000000000 ) ) ;
#1373 = ORIENTED_EDGE ( 'NONE', *, *, #1188, .T. ) ;
#1374 = AXIS2_PLACEMENT_3D ( 'NONE', #3590, #2693, #3629 ) ;
#1375 = FACE_OUTER_BOUND ( 'NONE', #1042, .T. ) ;
#1376 = MECHANICAL_DESIGN_GEOMETRIC_PRESENTATION_REPRESENTATION (  '', ( #1127 ), #3572 ) ;
#1377 = DIRECTION ( 'NONE',  ( 0.000000000000000000, -0.000000000000000000, -1.000000000000000000 ) ) ;
#1378 = ORIENTED_EDGE ( 'NONE', *, *, #782, .T. ) ;
#1379 = UNCERTAINTY_MEASURE_WITH_UNIT (LENGTH_MEASURE( 1.000000000000000082E-05 ), #2892, 'distance_accuracy_value', 'NONE');
#1380 = EDGE_CURVE ( 'NONE', #3711, #1166, #1937, .T. ) ;
#1381 = DIRECTION ( 'NONE',  ( -1.000000000000000000, 0.000000000000000000, 0.000000000000000000 ) ) ;
#1382 = STYLED_ITEM ( 'NONE', ( #603 ), #783 ) ;
#1383 = VECTOR ( 'NONE', #3043, 1000.000000000000000 ) ;
#1384 = DIRECTION ( 'NONE',  ( -1.000000000000000000, 0.000000000000000000, 0.000000000000000000 ) ) ;
#1385 = CYLINDRICAL_SURFACE ( 'NONE', #1263, 0.03547499999999997877 ) ;
#1386 = PRESENTATION_STYLE_ASSIGNMENT (( #696 ) ) ;
#1387 = VECTOR ( 'NONE', #3750, 1000.000000000000000 ) ;
#1388 = CARTESIAN_POINT ( 'NONE',  ( -0.3800000000000002265, 0.5000000000000001110, -0.01499999999999999944 ) ) ;
#1389 = DIRECTION ( 'NONE',  ( 0.000000000000000000, -1.000000000000000000, 0.000000000000000000 ) ) ;
#1390 = COLOUR_RGB ( '',0.8039215686274510109, 0.8039215686274510109, 0.8039215686274510109 ) ;
#1391 = ORIENTED_EDGE ( 'NONE', *, *, #758, .F. ) ;
#1392 = DIRECTION ( 'NONE',  ( 0.000000000000000000, -1.000000000000000000, 0.000000000000000000 ) ) ;
#1393 = SURFACE_STYLE_FILL_AREA ( #3523 ) ;
#1394 = PLANE ( 'NONE',  #3548 ) ;
#1395 = PLANE ( 'NONE',  #1180 ) ;
#1396 =( GEOMETRIC_REPRESENTATION_CONTEXT ( 3 ) GLOBAL_UNCERTAINTY_ASSIGNED_CONTEXT ( ( #385 ) ) GLOBAL_UNIT_ASSIGNED_CONTEXT ( ( #151, #2254, #2613 ) ) REPRESENTATION_CONTEXT ( 'NONE', 'WORKASPACE' ) );
#1397 = MECHANICAL_DESIGN_GEOMETRIC_PRESENTATION_REPRESENTATION (  '', ( #3725 ), #704 ) ;
#1398 = FACE_OUTER_BOUND ( 'NONE', #439, .T. ) ;
#1399 = CARTESIAN_POINT ( 'NONE',  ( 0.000000000000000000, 0.000000000000000000, 0.08500000000000000611 ) ) ;
#1400 =( NAMED_UNIT ( * ) SI_UNIT ( $, .STERADIAN. ) SOLID_ANGLE_UNIT ( ) );
#1401 = MECHANICAL_DESIGN_GEOMETRIC_PRESENTATION_REPRESENTATION (  '', ( #2462 ), #2900 ) ;
#1402 = STYLED_ITEM ( 'NONE', ( #1850 ), #1838 ) ;
#1403 = ADVANCED_FACE ( 'NONE', ( #3171 ), #2870, .T. ) ;
#1404 =( LENGTH_UNIT ( ) NAMED_UNIT ( * ) SI_UNIT ( .MILLI., .METRE. ) );
#1405 =( NAMED_UNIT ( * ) SI_UNIT ( $, .STERADIAN. ) SOLID_ANGLE_UNIT ( ) );
#1406 = EDGE_CURVE ( 'NONE', #3647, #868, #2052, .T. ) ;
#1407 = SURFACE_STYLE_USAGE ( .BOTH. , #2714 ) ;
#1408 = PRESENTATION_LAYER_ASSIGNMENT (  '', '', ( #2136 ) ) ;
#1409 = DIRECTION ( 'NONE',  ( -1.000000000000000000, 0.000000000000000000, 0.000000000000000000 ) ) ;
#1410 = DIRECTION ( 'NONE',  ( -0.000000000000000000, 0.000000000000000000, 1.000000000000000000 ) ) ;
#1411 = SURFACE_STYLE_FILL_AREA ( #1074 ) ;
#1412 = STYLED_ITEM ( 'NONE', ( #290 ), #3145 ) ;
#1413 = AXIS2_PLACEMENT_3D ( 'NONE', #537, #872, #3531 ) ;
#1414 = ORIENTED_EDGE ( 'NONE', *, *, #2750, .T. ) ;
#1415 = FACE_OUTER_BOUND ( 'NONE', #3470, .T. ) ;
#1416 = CARTESIAN_POINT ( 'NONE',  ( -0.6000000000000003109, -0.4999999999999997780, -0.01499999999999999944 ) ) ;
#1417 = ORIENTED_EDGE ( 'NONE', *, *, #1068, .T. ) ;
#1418 = VECTOR ( 'NONE', #1924, 1000.000000000000000 ) ;
#1419 = VERTEX_POINT ( 'NONE', #3260 ) ;
#1420 = VECTOR ( 'NONE', #344, 1000.000000000000000 ) ;
#1421 = AXIS2_PLACEMENT_3D ( 'NONE', #2119, #3331, #2760 ) ;
#1422 = CARTESIAN_POINT ( 'NONE',  ( 0.6149999999999998801, -0.9900000000000002132, 0.6350000000000000089 ) ) ;
#1423 =( GEOMETRIC_REPRESENTATION_CONTEXT ( 3 ) GLOBAL_UNCERTAINTY_ASSIGNED_CONTEXT ( ( #1917 ) ) GLOBAL_UNIT_ASSIGNED_CONTEXT ( ( #3405, #1454, #2091 ) ) REPRESENTATION_CONTEXT ( 'NONE', 'WORKASPACE' ) );
#1424 =( NAMED_UNIT ( * ) PLANE_ANGLE_UNIT ( ) SI_UNIT ( $, .RADIAN. ) );
#1425 =( NAMED_UNIT ( * ) SI_UNIT ( $, .STERADIAN. ) SOLID_ANGLE_UNIT ( ) );
#1426 = CARTESIAN_POINT ( 'NONE',  ( 0.3800000000000001155, -0.4999999999999998890, 0.08500000000000000611 ) ) ;
#1427 = UNCERTAINTY_MEASURE_WITH_UNIT (LENGTH_MEASURE( 1.000000000000000082E-05 ), #488, 'distance_accuracy_value', 'NONE');
#1428 = FILL_AREA_STYLE ('',( #3041 ) ) ;
#1429 = SURFACE_STYLE_USAGE ( .BOTH. , #3844 ) ;
#1430 = DIRECTION ( 'NONE',  ( 0.000000000000000000, -1.000000000000000000, 0.000000000000000000 ) ) ;
#1431 = EDGE_CURVE ( 'NONE', #1322, #3241, #3007, .T. ) ;
#1432 = ADVANCED_FACE ( 'NONE', ( #1415 ), #3961, .T. ) ;
#1433 = FILL_AREA_STYLE ('',( #2383 ) ) ;
#1434 = CARTESIAN_POINT ( 'NONE',  ( 0.6000000000000000888, 0.1500000000000000777, 0.08500000000000000611 ) ) ;
#1435 =( LENGTH_UNIT ( ) NAMED_UNIT ( * ) SI_UNIT ( .MILLI., .METRE. ) );
#1436 = LINE ( 'NONE', #3300, #277 ) ;
#1437 = VERTEX_POINT ( 'NONE', #3323 ) ;
#1438 = DIRECTION ( 'NONE',  ( -1.000000000000000000, -0.000000000000000000, -0.000000000000000000 ) ) ;
#1439 = FACE_OUTER_BOUND ( 'NONE', #3643, .T. ) ;
#1440 = AXIS2_PLACEMENT_3D ( 'NONE', #1928, #1849, #1908 ) ;
#1441 = DIRECTION ( 'NONE',  ( 1.000000000000000000, 0.000000000000000000, 0.000000000000000000 ) ) ;
#1442 = EDGE_LOOP ( 'NONE', ( #1770, #2178, #372, #3543 ) ) ;
#1443 = FACE_OUTER_BOUND ( 'NONE', #2343, .T. ) ;
#1444 = AXIS2_PLACEMENT_3D ( 'NONE', #1106, #454, #3567 ) ;
#1445 = CARTESIAN_POINT ( 'NONE',  ( 0.3800000000000001155, 0.1500000000000000777, 0.08500000012645614333 ) ) ;
#1446 = SURFACE_SIDE_STYLE ('',( #200 ) ) ;
#1447 = PRODUCT_DEFINITION_SHAPE ( 'NONE', 'NONE',  #1138 ) ;
#1448 = ORIENTED_EDGE ( 'NONE', *, *, #3190, .F. ) ;
#1449 = ORIENTED_EDGE ( 'NONE', *, *, #2952, .T. ) ;
#1450 = FILL_AREA_STYLE ('',( #2381 ) ) ;
#1451 = VECTOR ( 'NONE', #3320, 1000.000000000000000 ) ;
#1452 = SPHERICAL_SURFACE ( 'NONE', #3984, 0.02999999999999999889 ) ;
#1453 = FILL_AREA_STYLE_COLOUR ( '', #1998 ) ;
#1454 =( NAMED_UNIT ( * ) PLANE_ANGLE_UNIT ( ) SI_UNIT ( $, .RADIAN. ) );
#1455 = CARTESIAN_POINT ( 'NONE',  ( -0.6000000000000003109, 0.5000000000000001110, 0.08500000000000000611 ) ) ;
#1456 = ADVANCED_FACE ( 'NONE', ( #1762 ), #217, .F. ) ;
#1457 = LINE ( 'NONE', #2721, #3322 ) ;
#1458 = FILL_AREA_STYLE ('',( #2409 ) ) ;
#1459 = CARTESIAN_POINT ( 'NONE',  ( -0.6000000000000003109, -0.7999999999999998224, -0.01499999999999999944 ) ) ;
#1460 = MECHANICAL_DESIGN_GEOMETRIC_PRESENTATION_REPRESENTATION (  '', ( #762 ), #577 ) ;
#1461 = FILL_AREA_STYLE ('',( #1098 ) ) ;
#1462 = DIRECTION ( 'NONE',  ( -1.000000000000000000, 0.000000000000000000, 0.000000000000000000 ) ) ;
#1463 = ORIENTED_EDGE ( 'NONE', *, *, #180, .F. ) ;
#1464 = EDGE_CURVE ( 'NONE', #1419, #993, #2777, .T. ) ;
#1465 = DIRECTION ( 'NONE',  ( -1.000000000000000000, 0.000000000000000000, 0.000000000000000000 ) ) ;
#1466 = UNCERTAINTY_MEASURE_WITH_UNIT (LENGTH_MEASURE( 1.000000000000000082E-05 ), #2439, 'distance_accuracy_value', 'NONE');
#1467 = FILL_AREA_STYLE ('',( #1723 ) ) ;
#1468 = EDGE_LOOP ( 'NONE', ( #3346, #2457, #3075, #1480 ) ) ;
#1469 = SURFACE_SIDE_STYLE ('',( #1792 ) ) ;
#1470 = ORIENTED_EDGE ( 'NONE', *, *, #812, .T. ) ;
#1471 = MECHANICAL_DESIGN_GEOMETRIC_PRESENTATION_REPRESENTATION (  '', ( #1859 ), #1278 ) ;
#1472 = SURFACE_STYLE_USAGE ( .BOTH. , #1795 ) ;
#1473 = STYLED_ITEM ( 'NONE', ( #3827 ), #1778 ) ;
#1474 = CARTESIAN_POINT ( 'NONE',  ( -0.6150000000000003242, 1.019999999999999574, 0.000000000000000000 ) ) ;
#1475 = PLANE ( 'NONE',  #3153 ) ;
#1476 = AXIS2_PLACEMENT_3D ( 'NONE', #1358, #3803, #3820 ) ;
#1477 =( NAMED_UNIT ( * ) PLANE_ANGLE_UNIT ( ) SI_UNIT ( $, .RADIAN. ) );
#1478 =( NAMED_UNIT ( * ) PLANE_ANGLE_UNIT ( ) SI_UNIT ( $, .RADIAN. ) );
#1479 = CARTESIAN_POINT ( 'NONE',  ( -0.3800000000000002265, 0.8000000000000001554, 0.000000000000000000 ) ) ;
#1480 = ORIENTED_EDGE ( 'NONE', *, *, #732, .F. ) ;
#1481 =( NAMED_UNIT ( * ) SI_UNIT ( $, .STERADIAN. ) SOLID_ANGLE_UNIT ( ) );
#1482 = VECTOR ( 'NONE', #809, 1000.000000000000000 ) ;
#1483 = VECTOR ( 'NONE', #764, 1000.000000000000000 ) ;
#1484 = VECTOR ( 'NONE', #2466, 1000.000000000000000 ) ;
#1485 = FACE_OUTER_BOUND ( 'NONE', #2744, .T. ) ;
#1486 =( NAMED_UNIT ( * ) SI_UNIT ( $, .STERADIAN. ) SOLID_ANGLE_UNIT ( ) );
#1487 =( GEOMETRIC_REPRESENTATION_CONTEXT ( 3 ) GLOBAL_UNCERTAINTY_ASSIGNED_CONTEXT ( ( #2768 ) ) GLOBAL_UNIT_ASSIGNED_CONTEXT ( ( #2222, #3178, #2235 ) ) REPRESENTATION_CONTEXT ( 'NONE', 'WORKASPACE' ) );
#1488 = EDGE_CURVE ( 'NONE', #3784, #1178, #14, .T. ) ;
#1489 = EDGE_CURVE ( 'NONE', #3450, #49, #2134, .T. ) ;
#1490 =( GEOMETRIC_REPRESENTATION_CONTEXT ( 3 ) GLOBAL_UNCERTAINTY_ASSIGNED_CONTEXT ( ( #315 ) ) GLOBAL_UNIT_ASSIGNED_CONTEXT ( ( #3627, #3893, #3587 ) ) REPRESENTATION_CONTEXT ( 'NONE', 'WORKASPACE' ) );
#1491 = PRESENTATION_LAYER_ASSIGNMENT (  '', '', ( #2215 ) ) ;
#1492 = EDGE_LOOP ( 'NONE', ( #707, #2673, #3892, #2831 ) ) ;
#1493 = CARTESIAN_POINT ( 'NONE',  ( 0.6149999999999998801, -0.9900000000000002132, 0.000000000000000000 ) ) ;
#1494 = STYLED_ITEM ( 'NONE', ( #2388 ), #3242 ) ;
#1495 = VECTOR ( 'NONE', #499, 1000.000000000000000 ) ;
#1496 = CIRCLE ( 'NONE', #2669, 0.02999999999999997113 ) ;
#1497 = SURFACE_STYLE_USAGE ( .BOTH. , #8 ) ;
#1498 = DIRECTION ( 'NONE',  ( 0.000000000000000000, 0.000000000000000000, -1.000000000000000000 ) ) ;
#1499 = CARTESIAN_POINT ( 'NONE',  ( 0.6149999999999998801, -0.9900000000000002132, 0.6350000000000000089 ) ) ;
#1500 = ORIENTED_EDGE ( 'NONE', *, *, #3529, .F. ) ;
#1501 = DIRECTION ( 'NONE',  ( 0.000000000000000000, 0.000000000000000000, 1.000000000000000000 ) ) ;
#1502 =( NAMED_UNIT ( * ) SI_UNIT ( $, .STERADIAN. ) SOLID_ANGLE_UNIT ( ) );
#1503 = DIRECTION ( 'NONE',  ( -0.000000000000000000, -0.000000000000000000, -1.000000000000000000 ) ) ;
#1504 = DIRECTION ( 'NONE',  ( -1.000000000000000000, -0.000000000000000000, 0.000000000000000000 ) ) ;
#1505 = ORIENTED_EDGE ( 'NONE', *, *, #1293, .F. ) ;
#1506 = ORIENTED_EDGE ( 'NONE', *, *, #1509, .T. ) ;
#1507 = FACE_OUTER_BOUND ( 'NONE', #1468, .T. ) ;
#1508 = STYLED_ITEM ( 'NONE', ( #2407 ), #340 ) ;
#1509 = EDGE_CURVE ( 'NONE', #3647, #2809, #1237, .T. ) ;
#1510 = MECHANICAL_DESIGN_GEOMETRIC_PRESENTATION_REPRESENTATION (  '', ( #366 ), #2234 ) ;
#1511 =( LENGTH_UNIT ( ) NAMED_UNIT ( * ) SI_UNIT ( .MILLI., .METRE. ) );
#1512 = CIRCLE ( 'NONE', #3645, 0.02999999999999997113 ) ;
#1513 = SURFACE_SIDE_STYLE ('',( #2131 ) ) ;
#1514 = DIRECTION ( 'NONE',  ( -1.000000000000000000, 0.000000000000000000, 0.000000000000000000 ) ) ;
#1515 = ORIENTED_EDGE ( 'NONE', *, *, #1939, .F. ) ;
#1516 = CARTESIAN_POINT ( 'NONE',  ( -0.6000000000000003109, 0.1500000000000001887, 0.08500000000000000611 ) ) ;
#1517 = VECTOR ( 'NONE', #3828, 1000.000000000000000 ) ;
#1518 = DIRECTION ( 'NONE',  ( 0.000000000000000000, 1.000000000000000000, -0.000000000000000000 ) ) ;
#1519 = SURFACE_STYLE_FILL_AREA ( #305 ) ;
#1520 = ORIENTED_EDGE ( 'NONE', *, *, #3927, .F. ) ;
#1521 = DIRECTION ( 'NONE',  ( 0.000000000000000000, -1.000000000000000000, 0.000000000000000000 ) ) ;
#1522 = FACE_BOUND ( 'NONE', #2765, .T. ) ;
#1523 = EDGE_LOOP ( 'NONE', ( #2249, #1791, #323, #2576, #226, #118, #1802, #3607 ) ) ;
#1524 = LINE ( 'NONE', #2459, #176 ) ;
#1525 = MECHANICAL_DESIGN_GEOMETRIC_PRESENTATION_REPRESENTATION (  '', ( #581 ), #3659 ) ;
#1526 = LINE ( 'NONE', #9, #413 ) ;
#1527 = EDGE_CURVE ( 'NONE', #1927, #1989, #644, .T. ) ;
#1528 = ADVANCED_FACE ( 'NONE', ( #3365 ), #1864, .F. ) ;
#1529 = COLOUR_RGB ( '',0.8039215686274510109, 0.8039215686274510109, 0.8039215686274510109 ) ;
#1530 = DIRECTION ( 'NONE',  ( -0.000000000000000000, 0.000000000000000000, 1.000000000000000000 ) ) ;
#1531 = LINE ( 'NONE', #3655, #601 ) ;
#1532 = STYLED_ITEM ( 'NONE', ( #2228 ), #1856 ) ;
#1533 = SURFACE_STYLE_FILL_AREA ( #398 ) ;
#1534 = AXIS2_PLACEMENT_3D ( 'NONE', #817, #2511, #2224 ) ;
#1535 = EDGE_LOOP ( 'NONE', ( #85, #289, #485, #2083 ) ) ;
#1536 = VECTOR ( 'NONE', #2639, 1000.000000000000000 ) ;
#1537 = DIRECTION ( 'NONE',  ( 1.000000000000000000, 0.000000000000000000, 0.000000000000000000 ) ) ;
#1538 = DIRECTION ( 'NONE',  ( 0.000000000000000000, 0.000000000000000000, 1.000000000000000000 ) ) ;
#1539 = VECTOR ( 'NONE', #3814, 1000.000000000000000 ) ;
#1540 = DIRECTION ( 'NONE',  ( 0.000000000000000000, -1.000000000000000000, 0.000000000000000000 ) ) ;
#1541 = STYLED_ITEM ( 'NONE', ( #2838 ), #3088 ) ;
#1542 = ORIENTED_EDGE ( 'NONE', *, *, #64, .F. ) ;
#1543 = VECTOR ( 'NONE', #2670, 1000.000000000000000 ) ;
#1544 = MECHANICAL_DESIGN_GEOMETRIC_PRESENTATION_REPRESENTATION (  '', ( #1297 ), #1944 ) ;
#1545 = VECTOR ( 'NONE', #2985, 1000.000000000000000 ) ;
#1546 = VERTEX_POINT ( 'NONE', #3157 ) ;
#1547 = FILL_AREA_STYLE ('',( #339 ) ) ;
#1548 = ADVANCED_FACE ( 'NONE', ( #1673 ), #1071, .T. ) ;
#1549 = CARTESIAN_POINT ( 'NONE',  ( -0.6000000000000003109, 0.1500000000000001887, 0.08500000000000000611 ) ) ;
#1550 = DIRECTION ( 'NONE',  ( -0.000000000000000000, 0.000000000000000000, -1.000000000000000000 ) ) ;
#1551 = LINE ( 'NONE', #3050, #458 ) ;
#1552 = CARTESIAN_POINT ( 'NONE',  ( 0.3800000000000001155, -0.4999999999999998890, 0.000000000000000000 ) ) ;
#1553 = ORIENTED_EDGE ( 'NONE', *, *, #611, .T. ) ;
#1554 = CARTESIAN_POINT ( 'NONE',  ( -0.3800000000000002265, 0.5000000000000001110, 0.000000000000000000 ) ) ;
#1555 = SURFACE_SIDE_STYLE ('',( #687 ) ) ;
#1556 =( NAMED_UNIT ( * ) SI_UNIT ( $, .STERADIAN. ) SOLID_ANGLE_UNIT ( ) );
#1557 = EDGE_LOOP ( 'NONE', ( #1050, #1761, #1306, #91 ) ) ;
#1558 = ORIENTED_EDGE ( 'NONE', *, *, #294, .T. ) ;
#1559 = DIRECTION ( 'NONE',  ( 0.000000000000000000, -1.000000000000000000, 0.000000000000000000 ) ) ;
#1560 = PRESENTATION_LAYER_ASSIGNMENT (  '', '', ( #1630 ) ) ;
#1561 = MECHANICAL_DESIGN_GEOMETRIC_PRESENTATION_REPRESENTATION (  '', ( #297 ), #2431 ) ;
#1562 = DIRECTION ( 'NONE',  ( 1.000000000000000000, 0.000000000000000000, 0.000000000000000000 ) ) ;
#1563 = SURFACE_SIDE_STYLE ('',( #3427 ) ) ;
#1564 = ORIENTED_EDGE ( 'NONE', *, *, #3214, .F. ) ;
#1565 = CIRCLE ( 'NONE', #1191, 0.02999999999999997113 ) ;
#1566 = SURFACE_STYLE_USAGE ( .BOTH. , #1612 ) ;
#1567 = FILL_AREA_STYLE ('',( #382 ) ) ;
#1568 = ORIENTED_EDGE ( 'NONE', *, *, #335, .F. ) ;
#1569 =( LENGTH_UNIT ( ) NAMED_UNIT ( * ) SI_UNIT ( .MILLI., .METRE. ) );
#1570 = VECTOR ( 'NONE', #1060, 1000.000000000000000 ) ;
#1571 = PLANE ( 'NONE',  #2125 ) ;
#1572 = EDGE_CURVE ( 'NONE', #885, #3537, #440, .T. ) ;
#1573 = SURFACE_STYLE_FILL_AREA ( #3 ) ;
#1574 = SURFACE_SIDE_STYLE ('',( #2807 ) ) ;
#1575 = PRESENTATION_STYLE_ASSIGNMENT (( #1248 ) ) ;
#1576 = VERTEX_POINT ( 'NONE', #2577 ) ;
#1577 = ORIENTED_EDGE ( 'NONE', *, *, #1757, .T. ) ;
#1578 = LINE ( 'NONE', #2231, #1579 ) ;
#1579 = VECTOR ( 'NONE', #3556, 1000.000000000000000 ) ;
#1580 = CARTESIAN_POINT ( 'NONE',  ( 0.6000000000000000888, 0.8000000000000000444, 0.000000000000000000 ) ) ;
#1581 = UNCERTAINTY_MEASURE_WITH_UNIT (LENGTH_MEASURE( 1.000000000000000082E-05 ), #909, 'distance_accuracy_value', 'NONE');
#1582 = SURFACE_STYLE_USAGE ( .BOTH. , #1919 ) ;
#1583 = FILL_AREA_STYLE ('',( #1862 ) ) ;
#1584 = ORIENTED_EDGE ( 'NONE', *, *, #935, .F. ) ;
#1585 = MECHANICAL_DESIGN_GEOMETRIC_PRESENTATION_REPRESENTATION (  '', ( #450 ), #120 ) ;
#1586 = VECTOR ( 'NONE', #3518, 1000.000000000000000 ) ;
#1587 =( NAMED_UNIT ( * ) SI_UNIT ( $, .STERADIAN. ) SOLID_ANGLE_UNIT ( ) );
#1588 = SURFACE_STYLE_FILL_AREA ( #1887 ) ;
#1589 = LINE ( 'NONE', #3739, #1748 ) ;
#1590 = CARTESIAN_POINT ( 'NONE',  ( 0.3800000000000001155, 0.5000000000000001110, 0.08500000000000000611 ) ) ;
#1591 = EDGE_LOOP ( 'NONE', ( #3182, #2475 ) ) ;
#1592 = MECHANICAL_DESIGN_GEOMETRIC_PRESENTATION_REPRESENTATION (  '', ( #2713 ), #3671 ) ;
#1593 =( LENGTH_UNIT ( ) NAMED_UNIT ( * ) SI_UNIT ( .MILLI., .METRE. ) );
#1594 = LINE ( 'NONE', #1873, #75 ) ;
#1595 = EDGE_LOOP ( 'NONE', ( #592, #3840, #2198, #974 ) ) ;
#1596 = ORIENTED_EDGE ( 'NONE', *, *, #2468, .T. ) ;
#1597 = DIRECTION ( 'NONE',  ( -1.000000000000000000, 0.000000000000000000, 0.000000000000000000 ) ) ;
#1598 = VECTOR ( 'NONE', #2967, 1000.000000000000000 ) ;
#1599 = EDGE_CURVE ( 'NONE', #1546, #131, #3533, .T. ) ;
#1600 = EDGE_CURVE ( 'NONE', #2740, #1874, #3793, .T. ) ;
#1601 = COLOUR_RGB ( '',0.2862745098039215508, 0.2862745098039215508, 0.2862745098039215508 ) ;
#1602 =( NAMED_UNIT ( * ) PLANE_ANGLE_UNIT ( ) SI_UNIT ( $, .RADIAN. ) );
#1603 = PRESENTATION_LAYER_ASSIGNMENT (  '', '', ( #2332 ) ) ;
#1604 =( GEOMETRIC_REPRESENTATION_CONTEXT ( 3 ) GLOBAL_UNCERTAINTY_ASSIGNED_CONTEXT ( ( #755 ) ) GLOBAL_UNIT_ASSIGNED_CONTEXT ( ( #558, #2357, #482 ) ) REPRESENTATION_CONTEXT ( 'NONE', 'WORKASPACE' ) );
#1605 = DIRECTION ( 'NONE',  ( 0.000000000000000000, 1.000000000000000000, 0.000000000000000000 ) ) ;
#1606 = MECHANICAL_DESIGN_GEOMETRIC_PRESENTATION_REPRESENTATION (  '', ( #3743 ), #472 ) ;
#1607 =( LENGTH_UNIT ( ) NAMED_UNIT ( * ) SI_UNIT ( .MILLI., .METRE. ) );
#1608 = AXIS2_PLACEMENT_3D ( 'NONE', #156, #2621, #3200 ) ;
#1609 = MECHANICAL_DESIGN_GEOMETRIC_PRESENTATION_REPRESENTATION (  '', ( #3799 ), #404 ) ;
#1610 = ORIENTED_EDGE ( 'NONE', *, *, #2703, .F. ) ;
#1611 = COLOUR_RGB ( '',0.2862745098039215508, 0.2862745098039215508, 0.2862745098039215508 ) ;
#1612 = SURFACE_SIDE_STYLE ('',( #684 ) ) ;
#1613 = CARTESIAN_POINT ( 'NONE',  ( 0.6000000000000000888, -0.1499999999999998557, 0.000000000000000000 ) ) ;
#1614 = EDGE_LOOP ( 'NONE', ( #554, #1577, #2606, #1271 ) ) ;
#1615 = MECHANICAL_DESIGN_GEOMETRIC_PRESENTATION_REPRESENTATION (  '', ( #3876 ), #873 ) ;
#1616 = DIRECTION ( 'NONE',  ( -1.000000000000000000, -0.000000000000000000, -0.000000000000000000 ) ) ;
#1617 = UNCERTAINTY_MEASURE_WITH_UNIT (LENGTH_MEASURE( 1.000000000000000082E-05 ), #3269, 'distance_accuracy_value', 'NONE');
#1618 = PRESENTATION_LAYER_ASSIGNMENT (  '', '', ( #875 ) ) ;
#1619 = FILL_AREA_STYLE ('',( #2207 ) ) ;
#1620 = CARTESIAN_POINT ( 'NONE',  ( 0.6000000000000000888, 0.1500000000000000777, 0.08500000000000000611 ) ) ;
#1621 = LINE ( 'NONE', #2264, #2815 ) ;
#1622 = CARTESIAN_POINT ( 'NONE',  ( 0.6000000000000000888, -0.1499999999999998557, 0.08500000000000000611 ) ) ;
#1623 = ORIENTED_EDGE ( 'NONE', *, *, #1052, .F. ) ;
#1624 = VERTEX_POINT ( 'NONE', #2277 ) ;
#1625 = UNCERTAINTY_MEASURE_WITH_UNIT (LENGTH_MEASURE( 1.000000000000000082E-05 ), #420, 'distance_accuracy_value', 'NONE');
#1626 = SURFACE_SIDE_STYLE ('',( #2325 ) ) ;
#1627 = EDGE_CURVE ( 'NONE', #1437, #1835, #1348, .T. ) ;
#1628 = ADVANCED_FACE ( 'NONE', ( #761 ), #1452, .T. ) ;
#1629 = UNCERTAINTY_MEASURE_WITH_UNIT (LENGTH_MEASURE( 1.000000000000000082E-05 ), #3692, 'distance_accuracy_value', 'NONE');
#1630 = STYLED_ITEM ( 'NONE', ( #773 ), #15 ) ;
#1631 = EDGE_CURVE ( 'NONE', #2306, #363, #1986, .T. ) ;
#1632 = DIRECTION ( 'NONE',  ( 0.000000000000000000, -1.000000000000000000, 0.000000000000000000 ) ) ;
#1633 = CARTESIAN_POINT ( 'NONE',  ( 0.000000000000000000, 0.6500000000000000222, 0.08500000000000000611 ) ) ;
#1634 = EDGE_LOOP ( 'NONE', ( #3417, #522, #1515, #3924 ) ) ;
#1635 = COLOUR_RGB ( '',0.2862745098039215508, 0.2862745098039215508, 0.2862745098039215508 ) ;
#1636 = FACE_OUTER_BOUND ( 'NONE', #3380, .T. ) ;
#1637 = CARTESIAN_POINT ( 'NONE',  ( 0.000000000000000000, 0.000000000000000000, -0.01499999999999999944 ) ) ;
#1638 = EDGE_LOOP ( 'NONE', ( #2481, #1227, #1204, #2098 ) ) ;
#1639 = DIRECTION ( 'NONE',  ( 1.000000000000000000, 0.000000000000000000, 0.000000000000000000 ) ) ;
#1640 = FILL_AREA_STYLE_COLOUR ( '', #2601 ) ;
#1641 = SURFACE_STYLE_FILL_AREA ( #2602 ) ;
#1642 = CARTESIAN_POINT ( 'NONE',  ( 0.000000000000000000, 0.9899999999999995470, 0.6650000000000000355 ) ) ;
#1643 = SURFACE_STYLE_USAGE ( .BOTH. , #3507 ) ;
#1644 = ORIENTED_EDGE ( 'NONE', *, *, #1168, .T. ) ;
#1645 = ORIENTED_EDGE ( 'NONE', *, *, #1939, .T. ) ;
#1646 = SURFACE_SIDE_STYLE ('',( #1325 ) ) ;
#1647 = CARTESIAN_POINT ( 'NONE',  ( 0.6000000000000000888, -0.4999999999999998890, 0.08500000000000000611 ) ) ;
#1648 = PRESENTATION_STYLE_ASSIGNMENT (( #452 ) ) ;
#1649 = SURFACE_STYLE_FILL_AREA ( #2893 ) ;
#1650 = CARTESIAN_POINT ( 'NONE',  ( 0.6000000000000000888, -0.7999999999999998224, 0.08500000012645614333 ) ) ;
#1651 = SURFACE_STYLE_USAGE ( .BOTH. , #47 ) ;
#1652 = ORIENTED_EDGE ( 'NONE', *, *, #2468, .F. ) ;
#1653 = EDGE_CURVE ( 'NONE', #263, #1874, #3899, .T. ) ;
#1654 = EDGE_CURVE ( 'NONE', #1100, #2170, #3571, .T. ) ;
#1655 = LINE ( 'NONE', #1349, #3937 ) ;
#1656 = CARTESIAN_POINT ( 'NONE',  ( 0.6000000000000000888, -0.7999999999999998224, -0.01499999999999999944 ) ) ;
#1657 = FILL_AREA_STYLE ('',( #401 ) ) ;
#1658 = EDGE_LOOP ( 'NONE', ( #3406, #3728, #772, #566 ) ) ;
#1659 = MECHANICAL_DESIGN_GEOMETRIC_PRESENTATION_REPRESENTATION (  '', ( #3415 ), #3847 ) ;
#1660 = VECTOR ( 'NONE', #3407, 1000.000000000000000 ) ;
#1661 = FILL_AREA_STYLE_COLOUR ( '', #1320 ) ;
#1662 = DIRECTION ( 'NONE',  ( 0.000000000000000000, 0.000000000000000000, -1.000000000000000000 ) ) ;
#1663 =( NAMED_UNIT ( * ) SI_UNIT ( $, .STERADIAN. ) SOLID_ANGLE_UNIT ( ) );
#1664 = AXIS2_PLACEMENT_3D ( 'NONE', #792, #1047, #1377 ) ;
#1665 = CARTESIAN_POINT ( 'NONE',  ( -0.6000000000000003109, -0.1499999999999998557, 0.000000000000000000 ) ) ;
#1666 = UNCERTAINTY_MEASURE_WITH_UNIT (LENGTH_MEASURE( 1.000000000000000082E-05 ), #3923, 'distance_accuracy_value', 'NONE');
#1667 = STYLED_ITEM ( 'NONE', ( #3829 ), #2393 ) ;
#1668 = PRESENTATION_STYLE_ASSIGNMENT (( #1706 ) ) ;
#1669 = FILL_AREA_STYLE ('',( #3517 ) ) ;
#1670 = DIRECTION ( 'NONE',  ( 0.000000000000000000, -0.000000000000000000, 1.000000000000000000 ) ) ;
#1671 = ORIENTED_EDGE ( 'NONE', *, *, #3559, .T. ) ;
#1672 = COLOUR_RGB ( '',0.8039215686274510109, 0.8039215686274510109, 0.8039215686274510109 ) ;
#1673 = FACE_OUTER_BOUND ( 'NONE', #2420, .T. ) ;
#1674 = ORIENTED_EDGE ( 'NONE', *, *, #3466, .F. ) ;
#1675 = EDGE_CURVE ( 'NONE', #2458, #2373, #2709, .T. ) ;
#1676 = AXIS2_PLACEMENT_3D ( 'NONE', #3197, #2959, #3237 ) ;
#1677 = PRESENTATION_STYLE_ASSIGNMENT (( #2347 ) ) ;
#1678 = CARTESIAN_POINT ( 'NONE',  ( -0.5440500000000003666, 0.9190499999999995895, 0.6550000000000000266 ) ) ;
#1679 = SURFACE_STYLE_USAGE ( .BOTH. , #793 ) ;
#1680 = CIRCLE ( 'NONE', #480, 0.02999999999999997113 ) ;
#1681 = DIRECTION ( 'NONE',  ( -0.000000000000000000, -0.000000000000000000, -1.000000000000000000 ) ) ;
#1682 = ORIENTED_EDGE ( 'NONE', *, *, #3559, .F. ) ;
#1683 = ORIENTED_EDGE ( 'NONE', *, *, #682, .F. ) ;
#1684 = SURFACE_STYLE_FILL_AREA ( #3189 ) ;
#1685 = FACE_OUTER_BOUND ( 'NONE', #1492, .T. ) ;
#1686 = DIRECTION ( 'NONE',  ( 0.000000000000000000, 0.000000000000000000, 1.000000000000000000 ) ) ;
#1687 = CARTESIAN_POINT ( 'NONE',  ( -0.6000000000000003109, -0.4999999999999997780, -0.01499999999999999944 ) ) ;
#1688 = DIRECTION ( 'NONE',  ( -0.000000000000000000, 1.000000000000000000, -0.000000000000000000 ) ) ;
#1689 = LINE ( 'NONE', #1656, #3289 ) ;
#1690 = CARTESIAN_POINT ( 'NONE',  ( -0.6000000000000003109, 0.1500000000000001887, 0.08500000000000000611 ) ) ;
#1691 = FACE_OUTER_BOUND ( 'NONE', #421, .T. ) ;
#1692 = EDGE_LOOP ( 'NONE', ( #832, #2517, #2864, #2996 ) ) ;
#1693 =( NAMED_UNIT ( * ) SI_UNIT ( $, .STERADIAN. ) SOLID_ANGLE_UNIT ( ) );
#1694 = PRESENTATION_LAYER_ASSIGNMENT (  '', '', ( #3191 ) ) ;
#1695 = CARTESIAN_POINT ( 'NONE',  ( -0.6000000000000003109, 0.8000000000000001554, 0.000000000000000000 ) ) ;
#1696 = ORIENTED_EDGE ( 'NONE', *, *, #3954, .F. ) ;
#1697 = ORIENTED_EDGE ( 'NONE', *, *, #1784, .T. ) ;
#1698 = VECTOR ( 'NONE', #1359, 1000.000000000000000 ) ;
#1699 = EDGE_CURVE ( 'NONE', #576, #1100, #541, .T. ) ;
#1700 = ADVANCED_FACE ( 'NONE', ( #2660 ), #1475, .F. ) ;
#1701 = DIRECTION ( 'NONE',  ( 1.000000000000000000, 0.000000000000000000, 0.000000000000000000 ) ) ;
#1702 =( NAMED_UNIT ( * ) PLANE_ANGLE_UNIT ( ) SI_UNIT ( $, .RADIAN. ) );
#1703 =( LENGTH_UNIT ( ) NAMED_UNIT ( * ) SI_UNIT ( .MILLI., .METRE. ) );
#1704 = UNCERTAINTY_MEASURE_WITH_UNIT (LENGTH_MEASURE( 1.000000000000000082E-05 ), #3822, 'distance_accuracy_value', 'NONE');
#1705 = AXIS2_PLACEMENT_3D ( 'NONE', #1274, #657, #3383 ) ;
#1706 = SURFACE_STYLE_USAGE ( .BOTH. , #1033 ) ;
#1707 = FILL_AREA_STYLE_COLOUR ( '', #3848 ) ;
#1708 = UNCERTAINTY_MEASURE_WITH_UNIT (LENGTH_MEASURE( 1.000000000000000082E-05 ), #2917, 'distance_accuracy_value', 'NONE');
#1709 = DIRECTION ( 'NONE',  ( 0.000000000000000000, 0.000000000000000000, -1.000000000000000000 ) ) ;
#1710 = DIRECTION ( 'NONE',  ( 0.000000000000000000, 0.000000000000000000, -1.000000000000000000 ) ) ;
#1711 = PRESENTATION_STYLE_ASSIGNMENT (( #2341 ) ) ;
#1712 = VERTEX_POINT ( 'NONE', #121 ) ;
#1713 = FILL_AREA_STYLE_COLOUR ( '', #3596 ) ;
#1714 = CARTESIAN_POINT ( 'NONE',  ( 0.6149999999999998801, -1.020000000000000240, 0.6350000000000000089 ) ) ;
#1715 =( LENGTH_UNIT ( ) NAMED_UNIT ( * ) SI_UNIT ( .MILLI., .METRE. ) );
#1716 = CARTESIAN_POINT ( 'NONE',  ( -0.5440500000000003666, 0.9190499999999995895, 0.6650000000000000355 ) ) ;
#1717 = PRESENTATION_STYLE_ASSIGNMENT (( #1120 ) ) ;
#1718 = SURFACE_STYLE_FILL_AREA ( #2725 ) ;
#1719 = CARTESIAN_POINT ( 'NONE',  ( 0.6449999999999997957, 0.9899999999999995470, 0.6350000000000000089 ) ) ;
#1720 = VECTOR ( 'NONE', #1216, 1000.000000000000000 ) ;
#1721 = AXIS2_PLACEMENT_3D ( 'NONE', #2571, #3585, #1722 ) ;
#1722 = DIRECTION ( 'NONE',  ( -1.000000000000000000, 0.000000000000000000, 0.000000000000000000 ) ) ;
#1723 = FILL_AREA_STYLE_COLOUR ( '', #3456 ) ;
#1724 = FILL_AREA_STYLE ('',( #122 ) ) ;
#1725 =( NAMED_UNIT ( * ) SI_UNIT ( $, .STERADIAN. ) SOLID_ANGLE_UNIT ( ) );
#1726 = EDGE_CURVE ( 'NONE', #1419, #448, #2271, .T. ) ;
#1727 = EDGE_CURVE ( 'NONE', #3695, #3052, #752, .T. ) ;
#1728 = VECTOR ( 'NONE', #1441, 1000.000000000000000 ) ;
#1729 =( NAMED_UNIT ( * ) PLANE_ANGLE_UNIT ( ) SI_UNIT ( $, .RADIAN. ) );
#1730 = SURFACE_SIDE_STYLE ('',( #517 ) ) ;
#1731 = PRESENTATION_LAYER_ASSIGNMENT (  '', '', ( #2473 ) ) ;
#1732 =( NAMED_UNIT ( * ) PLANE_ANGLE_UNIT ( ) SI_UNIT ( $, .RADIAN. ) );
#1733 = MECHANICAL_DESIGN_GEOMETRIC_PRESENTATION_REPRESENTATION (  '', ( #1541 ), #396 ) ;
#1734 = CARTESIAN_POINT ( 'NONE',  ( 0.3800000000000001155, -0.7999999999999998224, -0.01499999999999999944 ) ) ;
#1735 = VERTEX_POINT ( 'NONE', #3788 ) ;
#1736 = PRESENTATION_STYLE_ASSIGNMENT (( #523 ) ) ;
#1737 = DIRECTION ( 'NONE',  ( 0.000000000000000000, 1.000000000000000000, 0.000000000000000000 ) ) ;
#1738 = VECTOR ( 'NONE', #3067, 1000.000000000000000 ) ;
#1739 = VECTOR ( 'NONE', #410, 1000.000000000000000 ) ;
#1740 = CARTESIAN_POINT ( 'NONE',  ( -0.09958963440504037257, 0.8685094525064316340, 0.000000000000000000 ) ) ;
#1741 =( NAMED_UNIT ( * ) PLANE_ANGLE_UNIT ( ) SI_UNIT ( $, .RADIAN. ) );
#1742 = DIRECTION ( 'NONE',  ( 0.000000000000000000, 0.000000000000000000, 1.000000000000000000 ) ) ;
#1743 = LINE ( 'NONE', #2739, #1543 ) ;
#1744 = AXIS2_PLACEMENT_3D ( 'NONE', #784, #2028, #1709 ) ;
#1745 = DIRECTION ( 'NONE',  ( 0.000000000000000000, -1.000000000000000000, 0.000000000000000000 ) ) ;
#1746 = UNCERTAINTY_MEASURE_WITH_UNIT (LENGTH_MEASURE( 1.000000000000000082E-05 ), #879, 'distance_accuracy_value', 'NONE');
#1747 = VECTOR ( 'NONE', #2915, 1000.000000000000000 ) ;
#1748 = VECTOR ( 'NONE', #3720, 1000.000000000000000 ) ;
#1749 =( NAMED_UNIT ( * ) SI_UNIT ( $, .STERADIAN. ) SOLID_ANGLE_UNIT ( ) );
#1750 = EDGE_LOOP ( 'NONE', ( #2705, #3894, #1520, #3029 ) ) ;
#1751 = ORIENTED_EDGE ( 'NONE', *, *, #700, .F. ) ;
#1752 = MECHANICAL_DESIGN_GEOMETRIC_PRESENTATION_REPRESENTATION (  '', ( #416 ), #1171 ) ;
#1753 = UNCERTAINTY_MEASURE_WITH_UNIT (LENGTH_MEASURE( 1.000000000000000082E-05 ), #613, 'distance_accuracy_value', 'NONE');
#1754 = ADVANCED_FACE ( 'NONE', ( #1398 ), #3841, .F. ) ;
#1755 = PRESENTATION_STYLE_ASSIGNMENT (( #780 ) ) ;
#1756 = CARTESIAN_POINT ( 'NONE',  ( 0.3800000000000001155, -0.1499999999999998557, 0.08500000000000000611 ) ) ;
#1757 = EDGE_CURVE ( 'NONE', #3485, #1834, #801, .T. ) ;
#1758 =( NAMED_UNIT ( * ) SI_UNIT ( $, .STERADIAN. ) SOLID_ANGLE_UNIT ( ) );
#1759 = DIRECTION ( 'NONE',  ( 1.000000000000000000, 0.000000000000000000, 0.000000000000000000 ) ) ;
#1760 = DIRECTION ( 'NONE',  ( 0.000000000000000000, 1.000000000000000000, 0.000000000000000000 ) ) ;
#1761 = ORIENTED_EDGE ( 'NONE', *, *, #1527, .F. ) ;
#1762 = FACE_OUTER_BOUND ( 'NONE', #1312, .T. ) ;
#1763 = AXIS2_PLACEMENT_3D ( 'NONE', #3347, #1745, #3373 ) ;
#1764 = PLANE ( 'NONE',  #2534 ) ;
#1765 = EDGE_LOOP ( 'NONE', ( #1596, #2882, #1674, #3059 ) ) ;
#1766 = DIRECTION ( 'NONE',  ( -1.000000000000000000, 0.000000000000000000, 0.000000000000000000 ) ) ;
#1767 = COLOUR_RGB ( '',0.8039215686274510109, 0.8039215686274510109, 0.8039215686274510109 ) ;
#1768 = PRESENTATION_STYLE_ASSIGNMENT (( #3282 ) ) ;
#1769 = DIRECTION ( 'NONE',  ( 1.000000000000000000, -0.000000000000000000, -0.000000000000000000 ) ) ;
#1770 = ORIENTED_EDGE ( 'NONE', *, *, #3729, .T. ) ;
#1771 =( NAMED_UNIT ( * ) SI_UNIT ( $, .STERADIAN. ) SOLID_ANGLE_UNIT ( ) );
#1772 = ORIENTED_EDGE ( 'NONE', *, *, #3077, .T. ) ;
#1773 = VECTOR ( 'NONE', #1872, 1000.000000000000000 ) ;
#1774 = CARTESIAN_POINT ( 'NONE',  ( -0.6450000000000002398, -1.020000000000000240, 0.6350000000000000089 ) ) ;
#1775 = COLOUR_RGB ( '',0.2862745098039215508, 0.2862745098039215508, 0.2862745098039215508 ) ;
#1776 = CARTESIAN_POINT ( 'NONE',  ( -0.6150000000000003242, -0.9900000000000002132, 0.6350000000000000089 ) ) ;
#1777 = AXIS2_PLACEMENT_3D ( 'NONE', #2045, #2674, #3895 ) ;
#1778 = MANIFOLD_SOLID_BREP ( 'Boss-Extrude7', #95 ) ;
#1779 = FACE_OUTER_BOUND ( 'NONE', #3352, .T. ) ;
#1780 = CARTESIAN_POINT ( 'NONE',  ( 0.6000000000000000888, -0.4999999999999998890, 0.08500000000000000611 ) ) ;
#1781 = LINE ( 'NONE', #2071, #2558 ) ;
#1782 = VERTEX_POINT ( 'NONE', #3930 ) ;
#1783 =( NAMED_UNIT ( * ) PLANE_ANGLE_UNIT ( ) SI_UNIT ( $, .RADIAN. ) );
#1784 = EDGE_CURVE ( 'NONE', #2501, #2093, #2837, .T. ) ;
#1785 = ADVANCED_FACE ( 'NONE', ( #2043 ), #3268, .F. ) ;
#1786 =( NAMED_UNIT ( * ) SI_UNIT ( $, .STERADIAN. ) SOLID_ANGLE_UNIT ( ) );
#1787 = ORIENTED_EDGE ( 'NONE', *, *, #2803, .T. ) ;
#1788 = SURFACE_STYLE_USAGE ( .BOTH. , #3966 ) ;
#1789 = PRESENTATION_STYLE_ASSIGNMENT (( #2120 ) ) ;
#1790 = SURFACE_SIDE_STYLE ('',( #3625 ) ) ;
#1791 = ORIENTED_EDGE ( 'NONE', *, *, #2703, .T. ) ;
#1792 = SURFACE_STYLE_FILL_AREA ( #2972 ) ;
#1793 = ORIENTED_EDGE ( 'NONE', *, *, #3367, .T. ) ;
#1794 = COLOUR_RGB ( '',0.2862745098039215508, 0.2862745098039215508, 0.2862745098039215508 ) ;
#1795 = SURFACE_SIDE_STYLE ('',( #3062 ) ) ;
#1796 = MECHANICAL_DESIGN_GEOMETRIC_PRESENTATION_REPRESENTATION (  '', ( #1473 ), #3350 ) ;
#1797 = LINE ( 'NONE', #1880, #2179 ) ;
#1798 = AXIS2_PLACEMENT_3D ( 'NONE', #3106, #348, #3452 ) ;
#1799 = FILL_AREA_STYLE_COLOUR ( '', #2206 ) ;
#1800 = SURFACE_STYLE_FILL_AREA ( #3339 ) ;
#1801 = FILL_AREA_STYLE_COLOUR ( '', #309 ) ;
#1802 = ORIENTED_EDGE ( 'NONE', *, *, #3729, .F. ) ;
#1803 = DIRECTION ( 'NONE',  ( 0.000000000000000000, -1.000000000000000000, 0.000000000000000000 ) ) ;
#1804 = STYLED_ITEM ( 'NONE', ( #1711 ), #2142 ) ;
#1805 = CARTESIAN_POINT ( 'NONE',  ( 0.6000000000000000888, 0.5000000000000001110, 0.08500000000000000611 ) ) ;
#1806 = CARTESIAN_POINT ( 'NONE',  ( -0.3800000000000002265, -0.4999999999999997780, 0.08500000000000000611 ) ) ;
#1807 = EDGE_CURVE ( 'NONE', #363, #3889, #1861, .T. ) ;
#1808 = ADVANCED_FACE ( 'NONE', ( #840 ), #288, .F. ) ;
#1809 = ORIENTED_EDGE ( 'NONE', *, *, #2750, .F. ) ;
#1810 = CARTESIAN_POINT ( 'NONE',  ( 0.3800000000000001155, -0.4999999999999998890, 0.08500000000000000611 ) ) ;
#1811 = COLOUR_RGB ( '',0.8039215686274510109, 0.8039215686274510109, 0.8039215686274510109 ) ;
#1812 = VECTOR ( 'NONE', #2480, 1000.000000000000000 ) ;
#1813 = CARTESIAN_POINT ( 'NONE',  ( 0.6149999999999999911, 0.9899999999999995470, 0.6350000000000000089 ) ) ;
#1814 = ORIENTED_EDGE ( 'NONE', *, *, #179, .F. ) ;
#1815 = ORIENTED_EDGE ( 'NONE', *, *, #16, .F. ) ;
#1816 = DIRECTION ( 'NONE',  ( 0.000000000000000000, -1.000000000000000000, 0.000000000000000000 ) ) ;
#1817 = AXIS2_PLACEMENT_3D ( 'NONE', #1902, #2842, #74 ) ;
#1818 = MECHANICAL_DESIGN_GEOMETRIC_PRESENTATION_REPRESENTATION (  '', ( #2152 ), #3234 ) ;
#1819 = PRESENTATION_STYLE_ASSIGNMENT (( #3897 ) ) ;
#1820 = STYLED_ITEM ( 'NONE', ( #3691 ), #3609 ) ;
#1821 = DIRECTION ( 'NONE',  ( -0.000000000000000000, 1.000000000000000000, -0.000000000000000000 ) ) ;
#1822 = SHAPE_DEFINITION_REPRESENTATION ( #1447, #3123 ) ;
#1823 = LINE ( 'NONE', #2797, #1484 ) ;
#1824 = LINE ( 'NONE', #3064, #2860 ) ;
#1825 = CARTESIAN_POINT ( 'NONE',  ( 0.6000000000000000888, -0.4999999999999998890, 0.08500000000000000611 ) ) ;
#1826 = FILL_AREA_STYLE_COLOUR ( '', #126 ) ;
#1827 = ORIENTED_EDGE ( 'NONE', *, *, #2491, .F. ) ;
#1828 = DIRECTION ( 'NONE',  ( 0.000000000000000000, -1.000000000000000000, 0.000000000000000000 ) ) ;
#1829 = UNCERTAINTY_MEASURE_WITH_UNIT (LENGTH_MEASURE( 1.000000000000000082E-05 ), #3557, 'distance_accuracy_value', 'NONE');
#1830 = VECTOR ( 'NONE', #1160, 1000.000000000000000 ) ;
#1831 = LINE ( 'NONE', #652, #3236 ) ;
#1832 = LINE ( 'NONE', #2828, #1342 ) ;
#1833 = PLANE ( 'NONE',  #3641 ) ;
#1834 = VERTEX_POINT ( 'NONE', #1445 ) ;
#1835 = VERTEX_POINT ( 'NONE', #3563 ) ;
#1836 = SURFACE_STYLE_FILL_AREA ( #2151 ) ;
#1837 = PRESENTATION_LAYER_ASSIGNMENT (  '', '', ( #2233 ) ) ;
#1838 = ADVANCED_FACE ( 'NONE', ( #2710 ), #1162, .F. ) ;
#1839 = EDGE_CURVE ( 'NONE', #3341, #3428, #1832, .T. ) ;
#1840 = COLOUR_RGB ( '',0.2862745098039215508, 0.2862745098039215508, 0.2862745098039215508 ) ;
#1841 = STYLED_ITEM ( 'NONE', ( #2603 ), #636 ) ;
#1842 = CARTESIAN_POINT ( 'NONE',  ( 0.6000000000000000888, -0.7999999999999998224, 0.08500000000000000611 ) ) ;
#1843 = SURFACE_STYLE_USAGE ( .BOTH. , #3385 ) ;
#1844 = VERTEX_POINT ( 'NONE', #2498 ) ;
#1845 = PRESENTATION_LAYER_ASSIGNMENT (  '', '', ( #896 ) ) ;
#1846 = FILL_AREA_STYLE ('',( #3947 ) ) ;
#1847 = DIRECTION ( 'NONE',  ( 0.000000000000000000, 0.000000000000000000, 1.000000000000000000 ) ) ;
#1848 = ORIENTED_EDGE ( 'NONE', *, *, #111, .F. ) ;
#1849 = DIRECTION ( 'NONE',  ( -0.000000000000000000, -0.000000000000000000, 1.000000000000000000 ) ) ;
#1850 = PRESENTATION_STYLE_ASSIGNMENT (( #3707 ) ) ;
#1851 = CARTESIAN_POINT ( 'NONE',  ( 0.000000000000000000, 1.300000000000000044, 0.08500000000000000611 ) ) ;
#1852 = PLANE ( 'NONE',  #1294 ) ;
#1853 = ORIENTED_EDGE ( 'NONE', *, *, #2662, .F. ) ;
#1854 = VERTEX_POINT ( 'NONE', #686 ) ;
#1855 = FACE_OUTER_BOUND ( 'NONE', #1591, .T. ) ;
#1856 = ADVANCED_FACE ( 'NONE', ( #2145 ), #2184, .F. ) ;
#1857 = ADVANCED_FACE ( 'NONE', ( #3087 ), #367, .F. ) ;
#1858 = FILL_AREA_STYLE ('',( #3357 ) ) ;
#1859 = STYLED_ITEM ( 'NONE', ( #2528 ), #3687 ) ;
#1860 = CARTESIAN_POINT ( 'NONE',  ( -0.6000000000000003109, 0.8000000000000001554, -0.01499999999999999944 ) ) ;
#1861 = CIRCLE ( 'NONE', #2127, 0.02999999999999997113 ) ;
#1862 = FILL_AREA_STYLE_COLOUR ( '', #2211 ) ;
#1863 = ORIENTED_EDGE ( 'NONE', *, *, #3377, .F. ) ;
#1864 = PLANE ( 'NONE',  #2707 ) ;
#1865 = MECHANICAL_DESIGN_GEOMETRIC_PRESENTATION_REPRESENTATION (  '', ( #67 ), #2398 ) ;
#1866 = CARTESIAN_POINT ( 'NONE',  ( -0.6450000000000002398, -0.9900000000000002132, 0.000000000000000000 ) ) ;
#1867 = VECTOR ( 'NONE', #2202, 1000.000000000000000 ) ;
#1868 = EDGE_LOOP ( 'NONE', ( #27, #2396, #94, #924 ) ) ;
#1869 = DIRECTION ( 'NONE',  ( 0.000000000000000000, 0.000000000000000000, -1.000000000000000000 ) ) ;
#1870 = VECTOR ( 'NONE', #2961, 1000.000000000000000 ) ;
#1871 = FILL_AREA_STYLE ('',( #2728 ) ) ;
#1872 = DIRECTION ( 'NONE',  ( 1.000000000000000000, -0.000000000000000000, -0.000000000000000000 ) ) ;
#1873 = CARTESIAN_POINT ( 'NONE',  ( 0.3800000000000001155, 0.5000000000000001110, 0.08500000000000000611 ) ) ;
#1874 = VERTEX_POINT ( 'NONE', #3540 ) ;
#1875 = EDGE_LOOP ( 'NONE', ( #2394, #3364 ) ) ;
#1876 =( GEOMETRIC_REPRESENTATION_CONTEXT ( 3 ) GLOBAL_UNCERTAINTY_ASSIGNED_CONTEXT ( ( #845 ) ) GLOBAL_UNIT_ASSIGNED_CONTEXT ( ( #1404, #182, #2330 ) ) REPRESENTATION_CONTEXT ( 'NONE', 'WORKASPACE' ) );
#1877 = DIRECTION ( 'NONE',  ( -0.000000000000000000, 1.000000000000000000, -0.000000000000000000 ) ) ;
#1878 = UNCERTAINTY_MEASURE_WITH_UNIT (LENGTH_MEASURE( 1.000000000000000082E-05 ), #3553, 'distance_accuracy_value', 'NONE');
#1879 = VECTOR ( 'NONE', #1503, 1000.000000000000000 ) ;
#1880 = CARTESIAN_POINT ( 'NONE',  ( 0.6000000000000000888, 0.8000000000000000444, -0.01499999999999999944 ) ) ;
#1881 = UNCERTAINTY_MEASURE_WITH_UNIT (LENGTH_MEASURE( 1.000000000000000082E-05 ), #1283, 'distance_accuracy_value', 'NONE');
#1882 = AXIS2_PLACEMENT_3D ( 'NONE', #3815, #1372, #1059 ) ;
#1883 = PRESENTATION_LAYER_ASSIGNMENT (  '', '', ( #408 ) ) ;
#1884 = FILL_AREA_STYLE ('',( #1799 ) ) ;
#1885 = EDGE_CURVE ( 'NONE', #3241, #593, #2566, .T. ) ;
#1886 = SURFACE_STYLE_USAGE ( .BOTH. , #1315 ) ;
#1887 = FILL_AREA_STYLE ('',( #667 ) ) ;
#1888 = ORIENTED_EDGE ( 'NONE', *, *, #3098, .F. ) ;
#1889 = DIRECTION ( 'NONE',  ( 1.000000000000000000, 0.000000000000000000, 0.000000000000000000 ) ) ;
#1890 = FILL_AREA_STYLE_COLOUR ( '', #1024 ) ;
#1891 = CARTESIAN_POINT ( 'NONE',  ( 0.000000000000000000, 0.6500000000000000222, 0.08500000000000000611 ) ) ;
#1892 = FACE_BOUND ( 'NONE', #2650, .T. ) ;
#1893 = ORIENTED_EDGE ( 'NONE', *, *, #1406, .T. ) ;
#1894 = VERTEX_POINT ( 'NONE', #1978 ) ;
#1895 = CLOSED_SHELL ( 'NONE', ( #839, #3843, #3288, #912, #3805, #3145, #268, #317, #3652, #2142, #3609, #1700, #3172, #3399, #2802, #2858, #2444, #3242, #783, #340, #1754, #2013, #1984, #37, #3753, #2607, #1087, #3243, #3515, #1785, #2749, #3078, #365, #2826, #2335, #1023, #1856, #869, #3115, #3267, #316, #1628, #640, #3653, #2927, #507, #660, #2308, #508, #1963, #1548 ) ) ;
#1896 = MECHANICAL_DESIGN_GEOMETRIC_PRESENTATION_REPRESENTATION (  '', ( #2233 ), #1003 ) ;
#1897 = MECHANICAL_DESIGN_GEOMETRIC_PRESENTATION_REPRESENTATION (  '', ( #624 ), #2551 ) ;
#1898 = FILL_AREA_STYLE_COLOUR ( '', #2067 ) ;
#1899 = ORIENTED_EDGE ( 'NONE', *, *, #3369, .T. ) ;
#1900 =( GEOMETRIC_REPRESENTATION_CONTEXT ( 3 ) GLOBAL_UNCERTAINTY_ASSIGNED_CONTEXT ( ( #3644 ) ) GLOBAL_UNIT_ASSIGNED_CONTEXT ( ( #3379, #2762, #959 ) ) REPRESENTATION_CONTEXT ( 'NONE', 'WORKASPACE' ) );
#1901 = CARTESIAN_POINT ( 'NONE',  ( 0.3800000000000001155, 0.8000000000000000444, 0.08500000000000000611 ) ) ;
#1902 = CARTESIAN_POINT ( 'NONE',  ( 0.6149999999999999911, 0.9899999999999995470, 0.6650000000000000355 ) ) ;
#1903 = STYLED_ITEM ( 'NONE', ( #185 ), #839 ) ;
#1904 = CARTESIAN_POINT ( 'NONE',  ( 0.3800000000000001155, 0.1500000000000000777, 0.08500000000000000611 ) ) ;
#1905 = ORIENTED_EDGE ( 'NONE', *, *, #2907, .T. ) ;
#1906 = EDGE_CURVE ( 'NONE', #1165, #843, #3222, .T. ) ;
#1907 = EDGE_CURVE ( 'NONE', #2726, #1980, #3505, .T. ) ;
#1908 = DIRECTION ( 'NONE',  ( -1.000000000000000000, 0.000000000000000000, 0.000000000000000000 ) ) ;
#1909 = MECHANICAL_DESIGN_GEOMETRIC_PRESENTATION_REPRESENTATION (  '', ( #2748 ), #957 ) ;
#1910 = UNCERTAINTY_MEASURE_WITH_UNIT (LENGTH_MEASURE( 1.000000000000000082E-05 ), #854, 'distance_accuracy_value', 'NONE');
#1911 =( LENGTH_UNIT ( ) NAMED_UNIT ( * ) SI_UNIT ( .MILLI., .METRE. ) );
#1912 = CARTESIAN_POINT ( 'NONE',  ( 0.3800000000000001155, -0.7999999999999998224, 0.08500000000000000611 ) ) ;
#1913 = CARTESIAN_POINT ( 'NONE',  ( -0.6450000000000002398, -0.9900000000000002132, 0.6350000000000000089 ) ) ;
#1914 = ORIENTED_EDGE ( 'NONE', *, *, #2165, .F. ) ;
#1915 = VERTEX_POINT ( 'NONE', #2584 ) ;
#1916 = DIRECTION ( 'NONE',  ( 0.000000000000000000, -1.000000000000000000, 0.000000000000000000 ) ) ;
#1917 = UNCERTAINTY_MEASURE_WITH_UNIT (LENGTH_MEASURE( 1.000000000000000082E-05 ), #3405, 'distance_accuracy_value', 'NONE');
#1918 = UNCERTAINTY_MEASURE_WITH_UNIT (LENGTH_MEASURE( 1.000000000000000082E-05 ), #2411, 'distance_accuracy_value', 'NONE');
#1919 = SURFACE_SIDE_STYLE ('',( #71 ) ) ;
#1920 = PLANE ( 'NONE',  #466 ) ;
#1921 = VECTOR ( 'NONE', #2840, 1000.000000000000000 ) ;
#1922 = SURFACE_STYLE_FILL_AREA ( #3771 ) ;
#1923 = COLOUR_RGB ( '',0.2862745098039215508, 0.2862745098039215508, 0.2862745098039215508 ) ;
#1924 = DIRECTION ( 'NONE',  ( -1.000000000000000000, 0.000000000000000000, 0.000000000000000000 ) ) ;
#1925 = SURFACE_STYLE_USAGE ( .BOTH. , #2799 ) ;
#1926 = CARTESIAN_POINT ( 'NONE',  ( -0.3800000000000002265, -0.1499999999999998557, 0.08500000000000000611 ) ) ;
#1927 = VERTEX_POINT ( 'NONE', #3202 ) ;
#1928 = CARTESIAN_POINT ( 'NONE',  ( -0.1745896344050403837, 0.8685094525064316340, 0.000000000000000000 ) ) ;
#1929 = CIRCLE ( 'NONE', #2906, 0.03547499999999997877 ) ;
#1930 = EDGE_CURVE ( 'NONE', #2323, #2223, #2016, .T. ) ;
#1931 = EDGE_CURVE ( 'NONE', #3428, #448, #2285, .T. ) ;
#1932 = PRESENTATION_STYLE_ASSIGNMENT (( #2846 ) ) ;
#1933 = PRESENTATION_LAYER_ASSIGNMENT (  '', '', ( #1402 ) ) ;
#1934 = CYLINDRICAL_SURFACE ( 'NONE', #1476, 0.03547499999999997877 ) ;
#1935 = EDGE_LOOP ( 'NONE', ( #1249, #1305, #2061, #728 ) ) ;
#1936 = ORIENTED_EDGE ( 'NONE', *, *, #212, .T. ) ;
#1937 = LINE ( 'NONE', #2269, #2832 ) ;
#1938 = MECHANICAL_DESIGN_GEOMETRIC_PRESENTATION_REPRESENTATION (  '', ( #1804 ), #462 ) ;
#1939 = EDGE_CURVE ( 'NONE', #1782, #5, #2622, .T. ) ;
#1940 = DIRECTION ( 'NONE',  ( -0.000000000000000000, 0.000000000000000000, -1.000000000000000000 ) ) ;
#1941 = CIRCLE ( 'NONE', #2973, 0.02999999999999997113 ) ;
#1942 = STYLED_ITEM ( 'NONE', ( #1677 ), #3192 ) ;
#1943 =( NAMED_UNIT ( * ) PLANE_ANGLE_UNIT ( ) SI_UNIT ( $, .RADIAN. ) );
#1944 =( GEOMETRIC_REPRESENTATION_CONTEXT ( 3 ) GLOBAL_UNCERTAINTY_ASSIGNED_CONTEXT ( ( #2769 ) ) GLOBAL_UNIT_ASSIGNED_CONTEXT ( ( #718, #970, #1587 ) ) REPRESENTATION_CONTEXT ( 'NONE', 'WORKASPACE' ) );
#1945 = CIRCLE ( 'NONE', #79, 0.03547499999999997877 ) ;
#1946 = ORIENTED_EDGE ( 'NONE', *, *, #3342, .F. ) ;
#1947 = VECTOR ( 'NONE', #2521, 1000.000000000000000 ) ;
#1948 = COLOUR_RGB ( '',0.2862745098039215508, 0.2862745098039215508, 0.2862745098039215508 ) ;
#1949 = SURFACE_STYLE_FILL_AREA ( #360 ) ;
#1950 =( LENGTH_UNIT ( ) NAMED_UNIT ( * ) SI_UNIT ( .MILLI., .METRE. ) );
#1951 = FILL_AREA_STYLE_COLOUR ( '', #895 ) ;
#1952 = ORIENTED_EDGE ( 'NONE', *, *, #1189, .F. ) ;
#1953 = SURFACE_STYLE_FILL_AREA ( #3125 ) ;
#1954 = DIRECTION ( 'NONE',  ( 0.000000000000000000, -0.000000000000000000, 1.000000000000000000 ) ) ;
#1955 = CARTESIAN_POINT ( 'NONE',  ( -0.6000000000000003109, 0.5000000000000001110, -0.01499999999999999944 ) ) ;
#1956 = ORIENTED_EDGE ( 'NONE', *, *, #3976, .F. ) ;
#1957 = FILL_AREA_STYLE ('',( #2651 ) ) ;
#1958 = UNCERTAINTY_MEASURE_WITH_UNIT (LENGTH_MEASURE( 1.000000000000000082E-05 ), #3310, 'distance_accuracy_value', 'NONE');
#1959 = SURFACE_STYLE_FILL_AREA ( #493 ) ;
#1960 = LINE ( 'NONE', #2955, #1007 ) ;
#1961 = DIRECTION ( 'NONE',  ( 1.000000000000000000, 0.000000000000000000, 0.000000000000000000 ) ) ;
#1962 = EDGE_CURVE ( 'NONE', #2323, #392, #1929, .T. ) ;
#1963 = ADVANCED_FACE ( 'NONE', ( #1303 ), #1934, .F. ) ;
#1964 = UNCERTAINTY_MEASURE_WITH_UNIT (LENGTH_MEASURE( 1.000000000000000082E-05 ), #2221, 'distance_accuracy_value', 'NONE');
#1965 = CLOSED_SHELL ( 'NONE', ( #15, #1456, #2106, #2374, #3400, #1403 ) ) ;
#1966 = DIRECTION ( 'NONE',  ( 1.000000000000000000, 0.000000000000000000, 0.000000000000000000 ) ) ;
#1967 = ORIENTED_EDGE ( 'NONE', *, *, #3213, .F. ) ;
#1968 = AXIS2_PLACEMENT_3D ( 'NONE', #2012, #3244, #1043 ) ;
#1969 = LINE ( 'NONE', #1987, #3614 ) ;
#1970 = SURFACE_STYLE_FILL_AREA ( #829 ) ;
#1971 = PRESENTATION_LAYER_ASSIGNMENT (  '', '', ( #888 ) ) ;
#1972 = DIRECTION ( 'NONE',  ( 0.000000000000000000, -0.000000000000000000, 1.000000000000000000 ) ) ;
#1973 = ORIENTED_EDGE ( 'NONE', *, *, #2825, .T. ) ;
#1974 = LINE ( 'NONE', #1319, #231 ) ;
#1975 = COLOUR_RGB ( '',0.2862745098039215508, 0.2862745098039215508, 0.2862745098039215508 ) ;
#1976 = DIRECTION ( 'NONE',  ( 0.000000000000000000, -0.000000000000000000, -1.000000000000000000 ) ) ;
#1977 =( NAMED_UNIT ( * ) PLANE_ANGLE_UNIT ( ) SI_UNIT ( $, .RADIAN. ) );
#1978 = CARTESIAN_POINT ( 'NONE',  ( 0.3800000000000001155, -0.4999999999999998890, 0.08500000000000000611 ) ) ;
#1979 = SURFACE_STYLE_FILL_AREA ( #2287 ) ;
#1980 = VERTEX_POINT ( 'NONE', #3165 ) ;
#1981 = ORIENTED_EDGE ( 'NONE', *, *, #2088, .F. ) ;
#1982 = AXIS2_PLACEMENT_3D ( 'NONE', #68, #1605, #3134 ) ;
#1983 =( NAMED_UNIT ( * ) SI_UNIT ( $, .STERADIAN. ) SOLID_ANGLE_UNIT ( ) );
#1984 = ADVANCED_FACE ( 'NONE', ( #1064 ), #98, .F. ) ;
#1985 = EDGE_CURVE ( 'NONE', #3225, #3341, #3887, .T. ) ;
#1986 = LINE ( 'NONE', #257, #2255 ) ;
#1987 = CARTESIAN_POINT ( 'NONE',  ( 0.6000000000000000888, -0.7999999999999998224, 0.08500000000000000611 ) ) ;
#1988 = CARTESIAN_POINT ( 'NONE',  ( 0.3800000000000001155, 0.8000000000000000444, 0.08500000012645614333 ) ) ;
#1989 = VERTEX_POINT ( 'NONE', #3345 ) ;
#1990 = SPHERICAL_SURFACE ( 'NONE', #3252, 0.02999999999999999889 ) ;
#1991 = VECTOR ( 'NONE', #988, 1000.000000000000000 ) ;
#1992 = CARTESIAN_POINT ( 'NONE',  ( 0.3800000000000001155, 0.1500000000000000777, -0.01499999999999999944 ) ) ;
#1993 =( NAMED_UNIT ( * ) PLANE_ANGLE_UNIT ( ) SI_UNIT ( $, .RADIAN. ) );
#1994 = SURFACE_SIDE_STYLE ('',( #3184 ) ) ;
#1995 = DIRECTION ( 'NONE',  ( 0.000000000000000000, 0.000000000000000000, -1.000000000000000000 ) ) ;
#1996 = EDGE_LOOP ( 'NONE', ( #997, #2672, #345, #3120 ) ) ;
#1997 = FACE_OUTER_BOUND ( 'NONE', #3562, .T. ) ;
#1998 = COLOUR_RGB ( '',0.2862745098039215508, 0.2862745098039215508, 0.2862745098039215508 ) ;
#1999 = LINE ( 'NONE', #203, #693 ) ;
#2000 = MECHANICAL_DESIGN_GEOMETRIC_PRESENTATION_REPRESENTATION (  '', ( #2136 ), #2270 ) ;
#2001 = AXIS2_PLACEMENT_3D ( 'NONE', #2753, #3046, #1530 ) ;
#2002 = SURFACE_STYLE_FILL_AREA ( #3869 ) ;
#2003 = SURFACE_STYLE_USAGE ( .BOTH. , #3532 ) ;
#2004 = FILL_AREA_STYLE ('',( #2089 ) ) ;
#2005 = DIRECTION ( 'NONE',  ( -0.000000000000000000, -0.000000000000000000, -1.000000000000000000 ) ) ;
#2006 = STYLED_ITEM ( 'NONE', ( #1575 ), #2444 ) ;
#2007 = LINE ( 'NONE', #2661, #83 ) ;
#2008 = CARTESIAN_POINT ( 'NONE',  ( -0.6000000000000003109, 0.8000000000000001554, -0.01499999999999999944 ) ) ;
#2009 = AXIS2_PLACEMENT_3D ( 'NONE', #526, #3948, #572 ) ;
#2010 = FACE_OUTER_BOUND ( 'NONE', #2116, .T. ) ;
#2011 = ORIENTED_EDGE ( 'NONE', *, *, #1244, .F. ) ;
#2012 = CARTESIAN_POINT ( 'NONE',  ( 0.000000000000000000, 1.300000000000000044, 0.08500000000000000611 ) ) ;
#2013 = ADVANCED_FACE ( 'NONE', ( #2686 ), #2389, .F. ) ;
#2014 = COLOUR_RGB ( '',0.2862745098039215508, 0.2862745098039215508, 0.2862745098039215508 ) ;
#2015 = CARTESIAN_POINT ( 'NONE',  ( -0.3800000000000002265, -0.7999999999999998224, 0.000000000000000000 ) ) ;
#2016 = LINE ( 'NONE', #3469, #2652 ) ;
#2017 =( LENGTH_UNIT ( ) NAMED_UNIT ( * ) SI_UNIT ( .MILLI., .METRE. ) );
#2018 = COLOUR_RGB ( '',0.8039215686274510109, 0.8039215686274510109, 0.8039215686274510109 ) ;
#2019 = ORIENTED_EDGE ( 'NONE', *, *, #1653, .F. ) ;
#2020 = DIRECTION ( 'NONE',  ( -0.000000000000000000, 1.000000000000000000, -0.000000000000000000 ) ) ;
#2021 = FILL_AREA_STYLE_COLOUR ( '', #3960 ) ;
#2022 = DIRECTION ( 'NONE',  ( 0.000000000000000000, -1.000000000000000000, 0.000000000000000000 ) ) ;
#2023 = SURFACE_STYLE_FILL_AREA ( #3496 ) ;
#2024 = LINE ( 'NONE', #1774, #2852 ) ;
#2025 = SURFACE_SIDE_STYLE ('',( #806 ) ) ;
#2026 = FILL_AREA_STYLE ('',( #2696 ) ) ;
#2027 =( GEOMETRIC_REPRESENTATION_CONTEXT ( 3 ) GLOBAL_UNCERTAINTY_ASSIGNED_CONTEXT ( ( #918 ) ) GLOBAL_UNIT_ASSIGNED_CONTEXT ( ( #1569, #3742, #2514 ) ) REPRESENTATION_CONTEXT ( 'NONE', 'WORKASPACE' ) );
#2028 = DIRECTION ( 'NONE',  ( 1.000000000000000000, 0.000000000000000000, 0.000000000000000000 ) ) ;
#2029 = CARTESIAN_POINT ( 'NONE',  ( -0.3800000000000002265, -0.4999999999999997780, 0.08500000000000000611 ) ) ;
#2030 = ORIENTED_EDGE ( 'NONE', *, *, #1116, .F. ) ;
#2031 =( GEOMETRIC_REPRESENTATION_CONTEXT ( 3 ) GLOBAL_UNCERTAINTY_ASSIGNED_CONTEXT ( ( #1746 ) ) GLOBAL_UNIT_ASSIGNED_CONTEXT ( ( #879, #546, #1481 ) ) REPRESENTATION_CONTEXT ( 'NONE', 'WORKASPACE' ) );
#2032 = DIRECTION ( 'NONE',  ( 0.000000000000000000, 0.000000000000000000, -1.000000000000000000 ) ) ;
#2033 = DIRECTION ( 'NONE',  ( 0.000000000000000000, -1.000000000000000000, 0.000000000000000000 ) ) ;
#2034 = STYLED_ITEM ( 'NONE', ( #1819 ), #427 ) ;
#2035 = LINE ( 'NONE', #1416, #2896 ) ;
#2036 = EDGE_CURVE ( 'NONE', #1182, #263, #2949, .T. ) ;
#2037 = DIRECTION ( 'NONE',  ( 0.000000000000000000, 0.000000000000000000, 1.000000000000000000 ) ) ;
#2038 = ADVANCED_FACE ( 'NONE', ( #2097 ), #571, .F. ) ;
#2039 = SURFACE_STYLE_FILL_AREA ( #285 ) ;
#2040 = VERTEX_POINT ( 'NONE', #3719 ) ;
#2041 = CARTESIAN_POINT ( 'NONE',  ( -0.6000000000000003109, -0.1499999999999998557, -0.01499999999999999944 ) ) ;
#2042 = COLOUR_RGB ( '',0.8039215686274510109, 0.8039215686274510109, 0.8039215686274510109 ) ;
#2043 = FACE_OUTER_BOUND ( 'NONE', #3527, .T. ) ;
#2044 = DIRECTION ( 'NONE',  ( -1.000000000000000000, 0.000000000000000000, 0.000000000000000000 ) ) ;
#2045 = CARTESIAN_POINT ( 'NONE',  ( 0.6000000000000000888, 0.1500000000000000777, 0.08500000000000000611 ) ) ;
#2046 = FILL_AREA_STYLE_COLOUR ( '', #1314 ) ;
#2047 = SURFACE_STYLE_FILL_AREA ( #2694 ) ;
#2048 = DIRECTION ( 'NONE',  ( 0.000000000000000000, 0.000000000000000000, 1.000000000000000000 ) ) ;
#2049 = CARTESIAN_POINT ( 'NONE',  ( -0.6000000000000003109, 0.5000000000000001110, 0.08500000000000000611 ) ) ;
#2050 = CARTESIAN_POINT ( 'NONE',  ( -0.6000000000000003109, -0.7999999999999998224, -0.01499999999999999944 ) ) ;
#2051 = ORIENTED_EDGE ( 'NONE', *, *, #1784, .F. ) ;
#2052 = LINE ( 'NONE', #2988, #847 ) ;
#2053 =( NAMED_UNIT ( * ) SI_UNIT ( $, .STERADIAN. ) SOLID_ANGLE_UNIT ( ) );
#2054 = CARTESIAN_POINT ( 'NONE',  ( -0.2495896344050404225, 0.8685094525064316340, 0.000000000000000000 ) ) ;
#2055 = EDGE_LOOP ( 'NONE', ( #2140, #969, #1564, #457 ) ) ;
#2056 = LINE ( 'NONE', #2099, #2294 ) ;
#2057 = PRESENTATION_LAYER_ASSIGNMENT (  '', '', ( #3725 ) ) ;
#2058 = EDGE_CURVE ( 'NONE', #3748, #593, #343, .T. ) ;
#2059 = PRESENTATION_LAYER_ASSIGNMENT (  '', '', ( #2575 ) ) ;
#2060 = SURFACE_SIDE_STYLE ('',( #865 ) ) ;
#2061 = ORIENTED_EDGE ( 'NONE', *, *, #1188, .F. ) ;
#2062 = SURFACE_STYLE_USAGE ( .BOTH. , #1144 ) ;
#2063 = FILL_AREA_STYLE_COLOUR ( '', #2628 ) ;
#2064 = EDGE_CURVE ( 'NONE', #1126, #3700, #1551, .T. ) ;
#2065 = STYLED_ITEM ( 'NONE', ( #221 ), #2038 ) ;
#2066 = CARTESIAN_POINT ( 'NONE',  ( 0.6149999999999998801, -0.9900000000000002132, 0.6350000000000000089 ) ) ;
#2067 = COLOUR_RGB ( '',0.2862745098039215508, 0.2862745098039215508, 0.2862745098039215508 ) ;
#2068 = LINE ( 'NONE', #2943, #1298 ) ;
#2069 = STYLED_ITEM ( 'NONE', ( #575 ), #3127 ) ;
#2070 = MECHANICAL_DESIGN_GEOMETRIC_PRESENTATION_REPRESENTATION (  '', ( #1667 ), #1876 ) ;
#2071 = CARTESIAN_POINT ( 'NONE',  ( -0.6000000000000003109, 0.5000000000000001110, -0.01499999999999999944 ) ) ;
#2072 = ORIENTED_EDGE ( 'NONE', *, *, #1807, .T. ) ;
#2073 = DIRECTION ( 'NONE',  ( -1.000000000000000000, 0.000000000000000000, 0.000000000000000000 ) ) ;
#2074 = VECTOR ( 'NONE', #1769, 1000.000000000000000 ) ;
#2075 =( LENGTH_UNIT ( ) NAMED_UNIT ( * ) SI_UNIT ( .MILLI., .METRE. ) );
#2076 =( NAMED_UNIT ( * ) PLANE_ANGLE_UNIT ( ) SI_UNIT ( $, .RADIAN. ) );
#2077 = ORIENTED_EDGE ( 'NONE', *, *, #1464, .F. ) ;
#2078 = LINE ( 'NONE', #551, #3315 ) ;
#2079 = AXIS2_PLACEMENT_3D ( 'NONE', #518, #1498, #2129 ) ;
#2080 =( LENGTH_UNIT ( ) NAMED_UNIT ( * ) SI_UNIT ( .MILLI., .METRE. ) );
#2081 = CARTESIAN_POINT ( 'NONE',  ( 0.6149999999999999911, 1.019999999999999574, 0.6350000000000000089 ) ) ;
#2082 = ORIENTED_EDGE ( 'NONE', *, *, #2582, .T. ) ;
#2083 = ORIENTED_EDGE ( 'NONE', *, *, #3447, .T. ) ;
#2084 = AXIS2_PLACEMENT_3D ( 'NONE', #3744, #3468, #2542 ) ;
#2085 = UNCERTAINTY_MEASURE_WITH_UNIT (LENGTH_MEASURE( 1.000000000000000082E-05 ), #790, 'distance_accuracy_value', 'NONE');
#2086 = EDGE_CURVE ( 'NONE', #3143, #2810, #2135, .T. ) ;
#2087 = LINE ( 'NONE', #2999, #130 ) ;
#2088 = EDGE_CURVE ( 'NONE', #2587, #3711, #36, .T. ) ;
#2089 = FILL_AREA_STYLE_COLOUR ( '', #2817 ) ;
#2090 = PLANE ( 'NONE',  #3303 ) ;
#2091 =( NAMED_UNIT ( * ) SI_UNIT ( $, .STERADIAN. ) SOLID_ANGLE_UNIT ( ) );
#2092 = LINE ( 'NONE', #3276, #3198 ) ;
#2093 = VERTEX_POINT ( 'NONE', #606 ) ;
#2094 = VECTOR ( 'NONE', #629, 1000.000000000000000 ) ;
#2095 = PRESENTATION_STYLE_ASSIGNMENT (( #2738 ) ) ;
#2096 = CARTESIAN_POINT ( 'NONE',  ( -0.5085750000000003324, 0.9190499999999995895, 0.6550000000000000266 ) ) ;
#2097 = FACE_OUTER_BOUND ( 'NONE', #2830, .T. ) ;
#2098 = ORIENTED_EDGE ( 'NONE', *, *, #2519, .F. ) ;
#2099 = CARTESIAN_POINT ( 'NONE',  ( 0.6000000000000000888, 0.5000000000000001110, 0.08500000000000000611 ) ) ;
#2100 =( NAMED_UNIT ( * ) PLANE_ANGLE_UNIT ( ) SI_UNIT ( $, .RADIAN. ) );
#2101 = SURFACE_STYLE_FILL_AREA ( #883 ) ;
#2102 = EDGE_LOOP ( 'NONE', ( #1414, #617, #3808, #2993 ) ) ;
#2103 = FACE_OUTER_BOUND ( 'NONE', #3333, .T. ) ;
#2104 = ORIENTED_EDGE ( 'NONE', *, *, #1631, .T. ) ;
#2105 =( NAMED_UNIT ( * ) SI_UNIT ( $, .STERADIAN. ) SOLID_ANGLE_UNIT ( ) );
#2106 = ADVANCED_FACE ( 'NONE', ( #3070 ), #3433, .F. ) ;
#2107 =( LENGTH_UNIT ( ) NAMED_UNIT ( * ) SI_UNIT ( .MILLI., .METRE. ) );
#2108 = MECHANICAL_DESIGN_GEOMETRIC_PRESENTATION_REPRESENTATION (  '', ( #1135 ), #2510 ) ;
#2109 = CARTESIAN_POINT ( 'NONE',  ( -0.6150000000000003242, 0.9899999999999995470, 0.6350000000000000089 ) ) ;
#2110 = DIRECTION ( 'NONE',  ( 0.000000000000000000, 0.000000000000000000, 1.000000000000000000 ) ) ;
#2111 = DIRECTION ( 'NONE',  ( -0.000000000000000000, -0.000000000000000000, 1.000000000000000000 ) ) ;
#2112 = ORIENTED_EDGE ( 'NONE', *, *, #1962, .F. ) ;
#2113 = SURFACE_SIDE_STYLE ('',( #2723 ) ) ;
#2114 = SURFACE_STYLE_FILL_AREA ( #3909 ) ;
#2115 = CARTESIAN_POINT ( 'NONE',  ( 0.6000000000000000888, 0.8000000000000000444, 0.08500000000000000611 ) ) ;
#2116 = EDGE_LOOP ( 'NONE', ( #2322, #1863, #2987, #100 ) ) ;
#2117 = CARTESIAN_POINT ( 'NONE',  ( -0.6000000000000003109, 0.8000000000000001554, 0.08500000000000000611 ) ) ;
#2118 = UNCERTAINTY_MEASURE_WITH_UNIT (LENGTH_MEASURE( 1.000000000000000082E-05 ), #407, 'distance_accuracy_value', 'NONE');
#2119 = CARTESIAN_POINT ( 'NONE',  ( -0.6000000000000003109, 0.8000000000000001554, 0.08500000000000000611 ) ) ;
#2120 = SURFACE_STYLE_USAGE ( .BOTH. , #552 ) ;
#2121 = EDGE_LOOP ( 'NONE', ( #2922, #1505, #2072, #101 ) ) ;
#2122 =( NAMED_UNIT ( * ) PLANE_ANGLE_UNIT ( ) SI_UNIT ( $, .RADIAN. ) );
#2123 = ORIENTED_EDGE ( 'NONE', *, *, #3530, .T. ) ;
#2124 = DIRECTION ( 'NONE',  ( -0.000000000000000000, 1.000000000000000000, -0.000000000000000000 ) ) ;
#2125 = AXIS2_PLACEMENT_3D ( 'NONE', #3438, #2565, #673 ) ;
#2126 = CYLINDRICAL_SURFACE ( 'NONE', #2505, 0.07500000000000003886 ) ;
#2127 = AXIS2_PLACEMENT_3D ( 'NONE', #1102, #1504, #3351 ) ;
#2128 = FACE_OUTER_BOUND ( 'NONE', #604, .T. ) ;
#2129 = DIRECTION ( 'NONE',  ( -1.000000000000000000, 0.000000000000000000, -0.000000000000000000 ) ) ;
#2130 = PRODUCT_CONTEXT ( 'NONE', #3941, 'mechanical' ) ;
#2131 = SURFACE_STYLE_FILL_AREA ( #3977 ) ;
#2132 = CARTESIAN_POINT ( 'NONE',  ( -0.3800000000000002265, -0.1499999999999998557, -0.01499999999999999944 ) ) ;
#2133 = VERTEX_POINT ( 'NONE', #3880 ) ;
#2134 = LINE ( 'NONE', #3734, #1991 ) ;
#2135 = CIRCLE ( 'NONE', #194, 0.03547499999999997877 ) ;
#2136 = STYLED_ITEM ( 'NONE', ( #168 ), #3975 ) ;
#2137 =( NAMED_UNIT ( * ) PLANE_ANGLE_UNIT ( ) SI_UNIT ( $, .RADIAN. ) );
#2138 = MECHANICAL_DESIGN_GEOMETRIC_PRESENTATION_REPRESENTATION (  '', ( #2473 ), #787 ) ;
#2139 = DIRECTION ( 'NONE',  ( 0.000000000000000000, -1.000000000000000000, 0.000000000000000000 ) ) ;
#2140 = ORIENTED_EDGE ( 'NONE', *, *, #731, .T. ) ;
#2141 = EDGE_CURVE ( 'NONE', #1178, #2133, #3901, .T. ) ;
#2142 = ADVANCED_FACE ( 'NONE', ( #1779 ), #2699, .F. ) ;
#2143 = PRESENTATION_STYLE_ASSIGNMENT (( #1788 ) ) ;
#2144 = CARTESIAN_POINT ( 'NONE',  ( 0.6000000000000000888, 0.8000000000000000444, 0.08500000012645614333 ) ) ;
#2145 = FACE_OUTER_BOUND ( 'NONE', #170, .T. ) ;
#2146 = FILL_AREA_STYLE ('',( #2789 ) ) ;
#2147 = PRESENTATION_LAYER_ASSIGNMENT (  '', '', ( #1494 ) ) ;
#2148 = AXIS2_PLACEMENT_3D ( 'NONE', #222, #3599, #1462 ) ;
#2149 = ORIENTED_EDGE ( 'NONE', *, *, #3631, .F. ) ;
#2150 = ORIENTED_EDGE ( 'NONE', *, *, #386, .T. ) ;
#2151 = FILL_AREA_STYLE ('',( #3670 ) ) ;
#2152 = STYLED_ITEM ( 'NONE', ( #3853 ), #2858 ) ;
#2153 =( LENGTH_UNIT ( ) NAMED_UNIT ( * ) SI_UNIT ( .MILLI., .METRE. ) );
#2154 = CARTESIAN_POINT ( 'NONE',  ( 0.6000000000000000888, -0.1499999999999998557, -0.01499999999999999944 ) ) ;
#2155 = FILL_AREA_STYLE_COLOUR ( '', #3227 ) ;
#2156 = PRESENTATION_STYLE_ASSIGNMENT (( #2717 ) ) ;
#2157 =( LENGTH_UNIT ( ) NAMED_UNIT ( * ) SI_UNIT ( .MILLI., .METRE. ) );
#2158 = EDGE_LOOP ( 'NONE', ( #43, #3668, #3914, #819 ) ) ;
#2159 = CARTESIAN_POINT ( 'NONE',  ( -0.6000000000000003109, -0.7999999999999998224, 0.000000000000000000 ) ) ;
#2160 = CARTESIAN_POINT ( 'NONE',  ( -0.6000000000000003109, -0.4999999999999997780, 0.000000000000000000 ) ) ;
#2161 = EDGE_LOOP ( 'NONE', ( #464, #1463, #1652, #175 ) ) ;
#2162 = CARTESIAN_POINT ( 'NONE',  ( 0.3800000000000001155, -0.7999999999999998224, -0.01499999999999999944 ) ) ;
#2163 = UNCERTAINTY_MEASURE_WITH_UNIT (LENGTH_MEASURE( 1.000000000000000082E-05 ), #2171, 'distance_accuracy_value', 'NONE');
#2164 = VECTOR ( 'NONE', #975, 1000.000000000000000 ) ;
#2165 = EDGE_CURVE ( 'NONE', #2288, #2378, #3027, .T. ) ;
#2166 = FACE_OUTER_BOUND ( 'NONE', #312, .T. ) ;
#2167 = SURFACE_SIDE_STYLE ('',( #2761 ) ) ;
#2168 = CARTESIAN_POINT ( 'NONE',  ( 0.6000000000000000888, 0.1500000000000000777, 0.08500000012645614333 ) ) ;
#2169 = ORIENTED_EDGE ( 'NONE', *, *, #3466, .T. ) ;
#2170 = VERTEX_POINT ( 'NONE', #3239 ) ;
#2171 =( LENGTH_UNIT ( ) NAMED_UNIT ( * ) SI_UNIT ( .MILLI., .METRE. ) );
#2172 = COLOUR_RGB ( '',0.2862745098039215508, 0.2862745098039215508, 0.2862745098039215508 ) ;
#2173 = UNCERTAINTY_MEASURE_WITH_UNIT (LENGTH_MEASURE( 1.000000000000000082E-05 ), #3569, 'distance_accuracy_value', 'NONE');
#2174 = UNCERTAINTY_MEASURE_WITH_UNIT (LENGTH_MEASURE( 1.000000000000000082E-05 ), #570, 'distance_accuracy_value', 'NONE');
#2175 = DIRECTION ( 'NONE',  ( 0.000000000000000000, -1.000000000000000000, 0.000000000000000000 ) ) ;
#2176 = DIRECTION ( 'NONE',  ( 0.000000000000000000, -0.000000000000000000, -1.000000000000000000 ) ) ;
#2177 = CARTESIAN_POINT ( 'NONE',  ( -0.5440500000000003666, 0.9190499999999995895, 0.6550000000000000266 ) ) ;
#2178 = ORIENTED_EDGE ( 'NONE', *, *, #437, .T. ) ;
#2179 = VECTOR ( 'NONE', #2751, 1000.000000000000000 ) ;
#2180 =( NAMED_UNIT ( * ) SI_UNIT ( $, .STERADIAN. ) SOLID_ANGLE_UNIT ( ) );
#2181 = ORIENTED_EDGE ( 'NONE', *, *, #562, .T. ) ;
#2182 = LINE ( 'NONE', #403, #426 ) ;
#2183 = FACE_OUTER_BOUND ( 'NONE', #1935, .T. ) ;
#2184 = PLANE ( 'NONE',  #1286 ) ;
#2185 = CARTESIAN_POINT ( 'NONE',  ( -0.6000000000000003109, -0.4999999999999997780, 0.08500000012645614333 ) ) ;
#2186 = LINE ( 'NONE', #329, #1161 ) ;
#2187 = EDGE_LOOP ( 'NONE', ( #3741, #861, #643, #3099 ) ) ;
#2188 = ORIENTED_EDGE ( 'NONE', *, *, #2064, .F. ) ;
#2189 = CARTESIAN_POINT ( 'NONE',  ( -0.5085750000000003324, 0.9190499999999995895, 0.6550000000000000266 ) ) ;
#2190 = EDGE_CURVE ( 'NONE', #1030, #1437, #483, .T. ) ;
#2191 = CARTESIAN_POINT ( 'NONE',  ( 0.3800000000000001155, 0.8000000000000000444, 0.000000000000000000 ) ) ;
#2192 = EDGE_CURVE ( 'NONE', #3710, #3185, #1111, .T. ) ;
#2193 = PRESENTATION_LAYER_ASSIGNMENT (  '', '', ( #450 ) ) ;
#2194 = MECHANICAL_DESIGN_GEOMETRIC_PRESENTATION_REPRESENTATION (  '', ( #3979 ), #2253 ) ;
#2195 = SURFACE_STYLE_USAGE ( .BOTH. , #986 ) ;
#2196 =( GEOMETRIC_REPRESENTATION_CONTEXT ( 3 ) GLOBAL_UNCERTAINTY_ASSIGNED_CONTEXT ( ( #2759 ) ) GLOBAL_UNIT_ASSIGNED_CONTEXT ( ( #2382, #1109, #3025 ) ) REPRESENTATION_CONTEXT ( 'NONE', 'WORKASPACE' ) );
#2197 = SURFACE_STYLE_USAGE ( .BOTH. , #1563 ) ;
#2198 = ORIENTED_EDGE ( 'NONE', *, *, #1675, .F. ) ;
#2199 =( NAMED_UNIT ( * ) PLANE_ANGLE_UNIT ( ) SI_UNIT ( $, .RADIAN. ) );
#2200 = COLOUR_RGB ( '',0.2862745098039215508, 0.2862745098039215508, 0.2862745098039215508 ) ;
#2201 = FILL_AREA_STYLE_COLOUR ( '', #2461 ) ;
#2202 = DIRECTION ( 'NONE',  ( -0.000000000000000000, 1.000000000000000000, -0.000000000000000000 ) ) ;
#2203 = MECHANICAL_DESIGN_GEOMETRIC_PRESENTATION_REPRESENTATION (  '', ( #2065 ), #3281 ) ;
#2204 = PRESENTATION_STYLE_ASSIGNMENT (( #3390 ) ) ;
#2205 = DIRECTION ( 'NONE',  ( 0.000000000000000000, 0.000000000000000000, 1.000000000000000000 ) ) ;
#2206 = COLOUR_RGB ( '',0.2862745098039215508, 0.2862745098039215508, 0.2862745098039215508 ) ;
#2207 = FILL_AREA_STYLE_COLOUR ( '', #1365 ) ;
#2208 =( NAMED_UNIT ( * ) PLANE_ANGLE_UNIT ( ) SI_UNIT ( $, .RADIAN. ) );
#2209 = DIRECTION ( 'NONE',  ( -1.000000000000000000, 0.000000000000000000, -0.000000000000000000 ) ) ;
#2210 = ORIENTED_EDGE ( 'NONE', *, *, #1572, .T. ) ;
#2211 = COLOUR_RGB ( '',0.8039215686274510109, 0.8039215686274510109, 0.8039215686274510109 ) ;
#2212 = ORIENTED_EDGE ( 'NONE', *, *, #3581, .T. ) ;
#2213 = PRESENTATION_LAYER_ASSIGNMENT (  '', '', ( #2006 ) ) ;
#2214 = CARTESIAN_POINT ( 'NONE',  ( 0.3800000000000001155, -0.1499999999999998557, -0.01499999999999999944 ) ) ;
#2215 = STYLED_ITEM ( 'NONE', ( #2559 ), #2802 ) ;
#2216 = UNCERTAINTY_MEASURE_WITH_UNIT (LENGTH_MEASURE( 1.000000000000000082E-05 ), #2385, 'distance_accuracy_value', 'NONE');
#2217 = CIRCLE ( 'NONE', #1101, 0.03547499999999997877 ) ;
#2218 = CARTESIAN_POINT ( 'NONE',  ( 0.6000000000000000888, 0.1500000000000000777, 0.000000000000000000 ) ) ;
#2219 = EDGE_CURVE ( 'NONE', #1576, #2040, #830, .T. ) ;
#2220 = EDGE_CURVE ( 'NONE', #1166, #3185, #2362, .T. ) ;
#2221 =( LENGTH_UNIT ( ) NAMED_UNIT ( * ) SI_UNIT ( .MILLI., .METRE. ) );
#2222 =( LENGTH_UNIT ( ) NAMED_UNIT ( * ) SI_UNIT ( .MILLI., .METRE. ) );
#2223 = VERTEX_POINT ( 'NONE', #641 ) ;
#2224 = DIRECTION ( 'NONE',  ( 0.000000000000000000, -0.000000000000000000, 1.000000000000000000 ) ) ;
#2225 = CARTESIAN_POINT ( 'NONE',  ( -0.6450000000000002398, -1.020000000000000240, 0.6650000000000000355 ) ) ;
#2226 = ORIENTED_EDGE ( 'NONE', *, *, #2421, .F. ) ;
#2227 =( NAMED_UNIT ( * ) PLANE_ANGLE_UNIT ( ) SI_UNIT ( $, .RADIAN. ) );
#2228 = PRESENTATION_STYLE_ASSIGNMENT (( #614 ) ) ;
#2229 = ORIENTED_EDGE ( 'NONE', *, *, #1328, .F. ) ;
#2230 = EDGE_LOOP ( 'NONE', ( #729, #2625, #247, #3797 ) ) ;
#2231 = CARTESIAN_POINT ( 'NONE',  ( 0.3800000000000001155, 0.8000000000000000444, 0.08500000000000000611 ) ) ;
#2232 = AXIS2_PLACEMENT_3D ( 'NONE', #2455, #610, #308 ) ;
#2233 = STYLED_ITEM ( 'NONE', ( #938 ), #268 ) ;
#2234 =( GEOMETRIC_REPRESENTATION_CONTEXT ( 3 ) GLOBAL_UNCERTAINTY_ASSIGNED_CONTEXT ( ( #1466 ) ) GLOBAL_UNIT_ASSIGNED_CONTEXT ( ( #2439, #2463, #28 ) ) REPRESENTATION_CONTEXT ( 'NONE', 'WORKASPACE' ) );
#2235 =( NAMED_UNIT ( * ) SI_UNIT ( $, .STERADIAN. ) SOLID_ANGLE_UNIT ( ) );
#2236 = PRESENTATION_LAYER_ASSIGNMENT (  '', '', ( #2877 ) ) ;
#2237 = DIRECTION ( 'NONE',  ( 0.000000000000000000, -0.000000000000000000, 1.000000000000000000 ) ) ;
#2238 = EDGE_CURVE ( 'NONE', #1624, #3204, #662, .T. ) ;
#2239 = CYLINDRICAL_SURFACE ( 'NONE', #1817, 0.02999999999999997113 ) ;
#2240 = COLOUR_RGB ( '',0.2862745098039215508, 0.2862745098039215508, 0.2862745098039215508 ) ;
#2241 = SURFACE_STYLE_USAGE ( .BOTH. , #3756 ) ;
#2242 = FILL_AREA_STYLE ('',( #3409 ) ) ;
#2243 = EDGE_LOOP ( 'NONE', ( #670, #723, #3970, #760 ) ) ;
#2244 = PRESENTATION_LAYER_ASSIGNMENT (  '', '', ( #1266 ) ) ;
#2245 = SURFACE_STYLE_USAGE ( .BOTH. , #3201 ) ;
#2246 = CARTESIAN_POINT ( 'NONE',  ( 0.6449999999999997957, -1.020000000000000240, 0.000000000000000000 ) ) ;
#2247 = CARTESIAN_POINT ( 'NONE',  ( 0.3800000000000001155, 0.1500000000000000777, -0.01499999999999999944 ) ) ;
#2248 = ORIENTED_EDGE ( 'NONE', *, *, #1005, .F. ) ;
#2249 = ORIENTED_EDGE ( 'NONE', *, *, #1906, .F. ) ;
#2250 = LINE ( 'NONE', #393, #1387 ) ;
#2251 = VECTOR ( 'NONE', #1559, 1000.000000000000000 ) ;
#2252 = SURFACE_STYLE_USAGE ( .BOTH. , #123 ) ;
#2253 =( GEOMETRIC_REPRESENTATION_CONTEXT ( 3 ) GLOBAL_UNCERTAINTY_ASSIGNED_CONTEXT ( ( #3085 ) ) GLOBAL_UNIT_ASSIGNED_CONTEXT ( ( #1313, #2597, #1057 ) ) REPRESENTATION_CONTEXT ( 'NONE', 'WORKASPACE' ) );
#2254 =( NAMED_UNIT ( * ) PLANE_ANGLE_UNIT ( ) SI_UNIT ( $, .RADIAN. ) );
#2255 = VECTOR ( 'NONE', #3314, 1000.000000000000000 ) ;
#2256 =( NAMED_UNIT ( * ) SI_UNIT ( $, .STERADIAN. ) SOLID_ANGLE_UNIT ( ) );
#2257 = FACE_OUTER_BOUND ( 'NONE', #2230, .T. ) ;
#2258 = ORIENTED_EDGE ( 'NONE', *, *, #2899, .F. ) ;
#2259 = LINE ( 'NONE', #3480, #2503 ) ;
#2260 = COLOUR_RGB ( '',0.2862745098039215508, 0.2862745098039215508, 0.2862745098039215508 ) ;
#2261 = CYLINDRICAL_SURFACE ( 'NONE', #3497, 0.02999999999999997113 ) ;
#2262 = ADVANCED_FACE ( 'NONE', ( #3114 ), #2734, .F. ) ;
#2263 = CARTESIAN_POINT ( 'NONE',  ( -0.6000000000000003109, -0.1499999999999998557, 0.000000000000000000 ) ) ;
#2264 = CARTESIAN_POINT ( 'NONE',  ( -0.3800000000000002265, 0.8000000000000001554, -0.01499999999999999944 ) ) ;
#2265 = EDGE_CURVE ( 'NONE', #131, #2700, #1941, .T. ) ;
#2266 = FILL_AREA_STYLE_COLOUR ( '', #720 ) ;
#2267 = EDGE_LOOP ( 'NONE', ( #628, #998, #3453, #1956 ) ) ;
#2268 = ORIENTED_EDGE ( 'NONE', *, *, #612, .F. ) ;
#2269 = CARTESIAN_POINT ( 'NONE',  ( -0.6000000000000003109, 0.8000000000000001554, 0.08500000000000000611 ) ) ;
#2270 =( GEOMETRIC_REPRESENTATION_CONTEXT ( 3 ) GLOBAL_UNCERTAINTY_ASSIGNED_CONTEXT ( ( #512 ) ) GLOBAL_UNIT_ASSIGNED_CONTEXT ( ( #1350, #2298, #460 ) ) REPRESENTATION_CONTEXT ( 'NONE', 'WORKASPACE' ) );
#2271 = LINE ( 'NONE', #1343, #3534 ) ;
#2272 = STYLED_ITEM ( 'NONE', ( #2580 ), #2826 ) ;
#2273 = CARTESIAN_POINT ( 'NONE',  ( 0.3800000000000001155, -0.1499999999999998557, -0.01499999999999999944 ) ) ;
#2274 = FACE_OUTER_BOUND ( 'NONE', #1638, .T. ) ;
#2275 = FACE_OUTER_BOUND ( 'NONE', #3951, .T. ) ;
#2276 = PRESENTATION_LAYER_ASSIGNMENT (  '', '', ( #2152 ) ) ;
#2277 = CARTESIAN_POINT ( 'NONE',  ( 0.6000000000000000888, 0.8000000000000000444, 0.08500000000000000611 ) ) ;
#2278 = COLOUR_RGB ( '',0.2862745098039215508, 0.2862745098039215508, 0.2862745098039215508 ) ;
#2279 = VECTOR ( 'NONE', #214, 1000.000000000000000 ) ;
#2280 = SURFACE_SIDE_STYLE ('',( #1038 ) ) ;
#2281 = CARTESIAN_POINT ( 'NONE',  ( -0.1745896344050403837, 0.8685094525064316340, -0.01499999999999999944 ) ) ;
#2282 = ORIENTED_EDGE ( 'NONE', *, *, #562, .F. ) ;
#2283 = FACE_OUTER_BOUND ( 'NONE', #2386, .T. ) ;
#2284 = FILL_AREA_STYLE ('',( #1118 ) ) ;
#2285 = LINE ( 'NONE', #2263, #2841 ) ;
#2286 = PRESENTATION_STYLE_ASSIGNMENT (( #2544 ) ) ;
#2287 = FILL_AREA_STYLE ('',( #2266 ) ) ;
#2288 = VERTEX_POINT ( 'NONE', #3699 ) ;
#2289 = CARTESIAN_POINT ( 'NONE',  ( 0.6000000000000000888, -0.1499999999999998557, 0.08500000000000000611 ) ) ;
#2290 = UNCERTAINTY_MEASURE_WITH_UNIT (LENGTH_MEASURE( 1.000000000000000082E-05 ), #2157, 'distance_accuracy_value', 'NONE');
#2291 = EDGE_CURVE ( 'NONE', #3832, #3889, #1823, .T. ) ;
#2292 =( NAMED_UNIT ( * ) SI_UNIT ( $, .STERADIAN. ) SOLID_ANGLE_UNIT ( ) );
#2293 = SURFACE_STYLE_USAGE ( .BOTH. , #3445 ) ;
#2294 = VECTOR ( 'NONE', #3309, 1000.000000000000000 ) ;
#2295 = CARTESIAN_POINT ( 'NONE',  ( 0.6000000000000000888, 0.1500000000000000777, 0.08500000000000000611 ) ) ;
#2296 = CARTESIAN_POINT ( 'NONE',  ( -0.6000000000000003109, 0.1500000000000001887, 0.08500000000000000611 ) ) ;
#2297 =( LENGTH_UNIT ( ) NAMED_UNIT ( * ) SI_UNIT ( .MILLI., .METRE. ) );
#2298 =( NAMED_UNIT ( * ) PLANE_ANGLE_UNIT ( ) SI_UNIT ( $, .RADIAN. ) );
#2299 = DIRECTION ( 'NONE',  ( 0.000000000000000000, 0.000000000000000000, -1.000000000000000000 ) ) ;
#2300 = FILL_AREA_STYLE ('',( #1951 ) ) ;
#2301 = VERTEX_POINT ( 'NONE', #3680 ) ;
#2302 = COLOUR_RGB ( '',0.8039215686274510109, 0.8039215686274510109, 0.8039215686274510109 ) ;
#2303 = DIRECTION ( 'NONE',  ( -1.000000000000000000, -0.000000000000000000, -0.000000000000000000 ) ) ;
#2304 =( NAMED_UNIT ( * ) PLANE_ANGLE_UNIT ( ) SI_UNIT ( $, .RADIAN. ) );
#2305 = PRESENTATION_LAYER_ASSIGNMENT (  '', '', ( #3015 ) ) ;
#2306 = VERTEX_POINT ( 'NONE', #2774 ) ;
#2307 = PRESENTATION_STYLE_ASSIGNMENT (( #3208 ) ) ;
#2308 = ADVANCED_FACE ( 'NONE', ( #10 ), #278, .T. ) ;
#2309 = SURFACE_STYLE_FILL_AREA ( #759 ) ;
#2310 = CARTESIAN_POINT ( 'NONE',  ( -0.5440500000000003666, 0.9190499999999995895, 0.6550000000000000266 ) ) ;
#2311 = SURFACE_SIDE_STYLE ('',( #1970 ) ) ;
#2312 =( NAMED_UNIT ( * ) PLANE_ANGLE_UNIT ( ) SI_UNIT ( $, .RADIAN. ) );
#2313 = CARTESIAN_POINT ( 'NONE',  ( -0.6000000000000003109, 0.8000000000000001554, -0.01499999999999999944 ) ) ;
#2314 = EDGE_LOOP ( 'NONE', ( #3648, #1936 ) ) ;
#2315 = FILL_AREA_STYLE ('',( #1078 ) ) ;
#2316 = AXIS2_PLACEMENT_3D ( 'NONE', #1716, #3598, #3818 ) ;
#2317 = AXIS2_PLACEMENT_3D ( 'NONE', #125, #110, #781 ) ;
#2318 = FILL_AREA_STYLE ('',( #3886 ) ) ;
#2319 = CARTESIAN_POINT ( 'NONE',  ( 0.6000000000000000888, 0.5000000000000001110, -0.01499999999999999944 ) ) ;
#2320 = FILL_AREA_STYLE ('',( #1661 ) ) ;
#2321 = PRESENTATION_STYLE_ASSIGNMENT (( #1643 ) ) ;
#2322 = ORIENTED_EDGE ( 'NONE', *, *, #2491, .T. ) ;
#2323 = VERTEX_POINT ( 'NONE', #31 ) ;
#2324 = VECTOR ( 'NONE', #1026, 1000.000000000000000 ) ;
#2325 = SURFACE_STYLE_FILL_AREA ( #3492 ) ;
#2326 = PLANE ( 'NONE',  #2441 ) ;
#2327 = AXIS2_PLACEMENT_3D ( 'NONE', #1637, #1550, #3432 ) ;
#2328 = STYLED_ITEM ( 'NONE', ( #2424 ), #2262 ) ;
#2329 = SURFACE_STYLE_USAGE ( .BOTH. , #2919 ) ;
#2330 =( NAMED_UNIT ( * ) SI_UNIT ( $, .STERADIAN. ) SOLID_ANGLE_UNIT ( ) );
#2331 = FILL_AREA_STYLE_COLOUR ( '', #134 ) ;
#2332 = STYLED_ITEM ( 'NONE', ( #271 ), #3117 ) ;
#2333 = DIRECTION ( 'NONE',  ( -0.000000000000000000, -0.000000000000000000, -1.000000000000000000 ) ) ;
#2334 = AXIS2_PLACEMENT_3D ( 'NONE', #163, #3549, #805 ) ;
#2335 = ADVANCED_FACE ( 'NONE', ( #1056 ), #3812, .F. ) ;
#2336 = ADVANCED_FACE ( 'NONE', ( #2274 ), #3138, .F. ) ;
#2337 = FACE_OUTER_BOUND ( 'NONE', #2314, .T. ) ;
#2338 = VECTOR ( 'NONE', #3221, 1000.000000000000000 ) ;
#2339 = PLANE ( 'NONE',  #3675 ) ;
#2340 = PRESENTATION_LAYER_ASSIGNMENT (  '', '', ( #3936 ) ) ;
#2341 = SURFACE_STYLE_USAGE ( .BOTH. , #3318 ) ;
#2342 = CARTESIAN_POINT ( 'NONE',  ( 0.000000000000000000, 0.000000000000000000, 0.6650000000000000355 ) ) ;
#2343 = EDGE_LOOP ( 'NONE', ( #3381, #3074, #300, #227 ) ) ;
#2344 = CARTESIAN_POINT ( 'NONE',  ( 0.6000000000000000888, 0.1500000000000000777, 0.08500000000000000611 ) ) ;
#2345 = SURFACE_STYLE_FILL_AREA ( #2315 ) ;
#2346 =( GEOMETRIC_REPRESENTATION_CONTEXT ( 3 ) GLOBAL_UNCERTAINTY_ASSIGNED_CONTEXT ( ( #1581 ) ) GLOBAL_UNIT_ASSIGNED_CONTEXT ( ( #909, #3940, #1236 ) ) REPRESENTATION_CONTEXT ( 'NONE', 'WORKASPACE' ) );
#2347 = SURFACE_STYLE_USAGE ( .BOTH. , #1096 ) ;
#2348 = PRESENTATION_STYLE_ASSIGNMENT (( #525 ) ) ;
#2349 = SURFACE_STYLE_FILL_AREA ( #1461 ) ;
#2350 = FACE_OUTER_BOUND ( 'NONE', #1300, .T. ) ;
#2351 = ORIENTED_EDGE ( 'NONE', *, *, #2771, .F. ) ;
#2352 = SURFACE_STYLE_FILL_AREA ( #1957 ) ;
#2353 = DIRECTION ( 'NONE',  ( -0.000000000000000000, -0.000000000000000000, 1.000000000000000000 ) ) ;
#2354 = SURFACE_STYLE_USAGE ( .BOTH. , #2377 ) ;
#2355 = DIRECTION ( 'NONE',  ( -0.000000000000000000, -0.000000000000000000, -1.000000000000000000 ) ) ;
#2356 = CARTESIAN_POINT ( 'NONE',  ( -0.5795250000000002899, 0.9190499999999995895, 0.6550000000000000266 ) ) ;
#2357 =( NAMED_UNIT ( * ) PLANE_ANGLE_UNIT ( ) SI_UNIT ( $, .RADIAN. ) );
#2358 = DIRECTION ( 'NONE',  ( 0.000000000000000000, -1.000000000000000000, 0.000000000000000000 ) ) ;
#2359 = CARTESIAN_POINT ( 'NONE',  ( -0.6000000000000003109, -0.4999999999999997780, -0.01499999999999999944 ) ) ;
#2360 = CIRCLE ( 'NONE', #2232, 0.07500000000000003886 ) ;
#2361 = SURFACE_SIDE_STYLE ('',( #3813 ) ) ;
#2362 = LINE ( 'NONE', #3574, #198 ) ;
#2363 =( NAMED_UNIT ( * ) PLANE_ANGLE_UNIT ( ) SI_UNIT ( $, .RADIAN. ) );
#2364 =( NAMED_UNIT ( * ) PLANE_ANGLE_UNIT ( ) SI_UNIT ( $, .RADIAN. ) );
#2365 = ORIENTED_EDGE ( 'NONE', *, *, #3489, .T. ) ;
#2366 = EDGE_CURVE ( 'NONE', #1782, #3450, #438, .T. ) ;
#2367 = EDGE_CURVE ( 'NONE', #3537, #3647, #2633, .T. ) ;
#2368 = SURFACE_SIDE_STYLE ('',( #1115 ) ) ;
#2369 = CARTESIAN_POINT ( 'NONE',  ( -0.3800000000000002265, 0.8000000000000001554, 0.000000000000000000 ) ) ;
#2370 = CARTESIAN_POINT ( 'NONE',  ( -0.3800000000000002265, 0.5000000000000001110, -0.01499999999999999944 ) ) ;
#2371 = CARTESIAN_POINT ( 'NONE',  ( 0.000000000000000000, 0.000000000000000000, 0.08500000000000000611 ) ) ;
#2372 = FACE_OUTER_BOUND ( 'NONE', #2102, .T. ) ;
#2373 = VERTEX_POINT ( 'NONE', #3292 ) ;
#2374 = ADVANCED_FACE ( 'NONE', ( #3591 ), #1070, .F. ) ;
#2375 = DIRECTION ( 'NONE',  ( -0.000000000000000000, 0.000000000000000000, 1.000000000000000000 ) ) ;
#2376 =( NAMED_UNIT ( * ) SI_UNIT ( $, .STERADIAN. ) SOLID_ANGLE_UNIT ( ) );
#2377 = SURFACE_SIDE_STYLE ('',( #2039 ) ) ;
#2378 = VERTEX_POINT ( 'NONE', #2612 ) ;
#2379 = EDGE_LOOP ( 'NONE', ( #981, #255, #1584, #820 ) ) ;
#2380 = UNCERTAINTY_MEASURE_WITH_UNIT (LENGTH_MEASURE( 1.000000000000000082E-05 ), #3580, 'distance_accuracy_value', 'NONE');
#2381 = FILL_AREA_STYLE_COLOUR ( '', #1775 ) ;
#2382 =( LENGTH_UNIT ( ) NAMED_UNIT ( * ) SI_UNIT ( .MILLI., .METRE. ) );
#2383 = FILL_AREA_STYLE_COLOUR ( '', #346 ) ;
#2384 = CARTESIAN_POINT ( 'NONE',  ( 0.6000000000000000888, -0.7999999999999998224, 0.08500000000000000611 ) ) ;
#2385 =( LENGTH_UNIT ( ) NAMED_UNIT ( * ) SI_UNIT ( .MILLI., .METRE. ) );
#2386 = EDGE_LOOP ( 'NONE', ( #2889, #2851, #2282 ) ) ;
#2387 = CARTESIAN_POINT ( 'NONE',  ( -0.5440500000000003666, 0.9190499999999995895, 0.6550000000000000266 ) ) ;
#2388 = PRESENTATION_STYLE_ASSIGNMENT (( #3907 ) ) ;
#2389 = PLANE ( 'NONE',  #2909 ) ;
#2390 = CARTESIAN_POINT ( 'NONE',  ( 0.6000000000000000888, -0.1499999999999998557, -0.01499999999999999944 ) ) ;
#2391 = DIRECTION ( 'NONE',  ( 0.000000000000000000, 0.000000000000000000, 1.000000000000000000 ) ) ;
#2392 = EDGE_CURVE ( 'NONE', #2758, #1165, #2087, .T. ) ;
#2393 = ADVANCED_FACE ( 'NONE', ( #494 ), #3313, .T. ) ;
#2394 = ORIENTED_EDGE ( 'NONE', *, *, #2681, .T. ) ;
#2395 =( NAMED_UNIT ( * ) PLANE_ANGLE_UNIT ( ) SI_UNIT ( $, .RADIAN. ) );
#2396 = ORIENTED_EDGE ( 'NONE', *, *, #1069, .F. ) ;
#2397 = SURFACE_STYLE_FILL_AREA ( #2692 ) ;
#2398 =( GEOMETRIC_REPRESENTATION_CONTEXT ( 3 ) GLOBAL_UNCERTAINTY_ASSIGNED_CONTEXT ( ( #1344 ) ) GLOBAL_UNIT_ASSIGNED_CONTEXT ( ( #1593, #941, #1246 ) ) REPRESENTATION_CONTEXT ( 'NONE', 'WORKASPACE' ) );
#2399 = STYLED_ITEM ( 'NONE', ( #1282 ), #2106 ) ;
#2400 =( NAMED_UNIT ( * ) SI_UNIT ( $, .STERADIAN. ) SOLID_ANGLE_UNIT ( ) );
#2401 = PRESENTATION_STYLE_ASSIGNMENT (( #1407 ) ) ;
#2402 = STYLED_ITEM ( 'NONE', ( #2818 ), #2308 ) ;
#2403 = PRESENTATION_STYLE_ASSIGNMENT (( #3361 ) ) ;
#2404 = VECTOR ( 'NONE', #648, 1000.000000000000000 ) ;
#2405 = ORIENTED_EDGE ( 'NONE', *, *, #112, .T. ) ;
#2406 = CARTESIAN_POINT ( 'NONE',  ( 0.000000000000000000, 0.6500000000000000222, 0.08500000000000000611 ) ) ;
#2407 = PRESENTATION_STYLE_ASSIGNMENT (( #1155 ) ) ;
#2408 = CIRCLE ( 'NONE', #2009, 0.03547499999999997877 ) ;
#2409 = FILL_AREA_STYLE_COLOUR ( '', #3867 ) ;
#2410 = CARTESIAN_POINT ( 'NONE',  ( 0.3800000000000001155, 0.5000000000000001110, -0.01499999999999999944 ) ) ;
#2411 =( LENGTH_UNIT ( ) NAMED_UNIT ( * ) SI_UNIT ( .MILLI., .METRE. ) );
#2412 = MECHANICAL_DESIGN_GEOMETRIC_PRESENTATION_REPRESENTATION (  '', ( #142 ), #3871 ) ;
#2413 = STYLED_ITEM ( 'NONE', ( #2156 ), #2977 ) ;
#2414 = UNCERTAINTY_MEASURE_WITH_UNIT (LENGTH_MEASURE( 1.000000000000000082E-05 ), #1703, 'distance_accuracy_value', 'NONE');
#2415 = MECHANICAL_DESIGN_GEOMETRIC_PRESENTATION_REPRESENTATION (  '', ( #1234 ), #3551 ) ;
#2416 = LINE ( 'NONE', #3968, #21 ) ;
#2417 = FILL_AREA_STYLE_COLOUR ( '', #3538 ) ;
#2418 = CARTESIAN_POINT ( 'NONE',  ( -0.6000000000000003109, 0.1500000000000001887, 0.08500000000000000611 ) ) ;
#2419 = SURFACE_STYLE_USAGE ( .BOTH. , #1469 ) ;
#2420 = EDGE_LOOP ( 'NONE', ( #3047, #689 ) ) ;
#2421 = EDGE_CURVE ( 'NONE', #2458, #2700, #2024, .T. ) ;
#2422 = SURFACE_STYLE_FILL_AREA ( #2004 ) ;
#2423 =( NAMED_UNIT ( * ) SI_UNIT ( $, .STERADIAN. ) SOLID_ANGLE_UNIT ( ) );
#2424 = PRESENTATION_STYLE_ASSIGNMENT (( #1193 ) ) ;
#2425 = CARTESIAN_POINT ( 'NONE',  ( 0.6000000000000000888, 0.5000000000000001110, -0.01499999999999999944 ) ) ;
#2426 = CARTESIAN_POINT ( 'NONE',  ( 0.6000000000000000888, -0.4999999999999998890, 0.08500000012645614333 ) ) ;
#2427 = ORIENTED_EDGE ( 'NONE', *, *, #2632, .T. ) ;
#2428 =( LENGTH_UNIT ( ) NAMED_UNIT ( * ) SI_UNIT ( .MILLI., .METRE. ) );
#2429 = MECHANICAL_DESIGN_GEOMETRIC_PRESENTATION_REPRESENTATION (  '', ( #620 ), #2027 ) ;
#2430 = FACE_OUTER_BOUND ( 'NONE', #1557, .T. ) ;
#2431 =( GEOMETRIC_REPRESENTATION_CONTEXT ( 3 ) GLOBAL_UNCERTAINTY_ASSIGNED_CONTEXT ( ( #3488 ) ) GLOBAL_UNIT_ASSIGNED_CONTEXT ( ( #148, #2574, #804 ) ) REPRESENTATION_CONTEXT ( 'NONE', 'WORKASPACE' ) );
#2432 = ORIENTED_EDGE ( 'NONE', *, *, #3558, .F. ) ;
#2433 = VECTOR ( 'NONE', #415, 1000.000000000000000 ) ;
#2434 = DIRECTION ( 'NONE',  ( 1.000000000000000000, 0.000000000000000000, -0.000000000000000000 ) ) ;
#2435 = CARTESIAN_POINT ( 'NONE',  ( 0.6149999999999998801, -0.9900000000000002132, 0.6650000000000000355 ) ) ;
#2436 = ORIENTED_EDGE ( 'NONE', *, *, #3846, .T. ) ;
#2437 = ORIENTED_EDGE ( 'NONE', *, *, #386, .F. ) ;
#2438 =( GEOMETRIC_REPRESENTATION_CONTEXT ( 3 ) GLOBAL_UNCERTAINTY_ASSIGNED_CONTEXT ( ( #749 ) ) GLOBAL_UNIT_ASSIGNED_CONTEXT ( ( #2695, #2659, #164 ) ) REPRESENTATION_CONTEXT ( 'NONE', 'WORKASPACE' ) );
#2439 =( LENGTH_UNIT ( ) NAMED_UNIT ( * ) SI_UNIT ( .MILLI., .METRE. ) );
#2440 = DIRECTION ( 'NONE',  ( 1.000000000000000000, -0.000000000000000000, -0.000000000000000000 ) ) ;
#2441 = AXIS2_PLACEMENT_3D ( 'NONE', #2934, #2022, #1368 ) ;
#2442 = FACE_OUTER_BOUND ( 'NONE', #2532, .T. ) ;
#2443 =( GEOMETRIC_REPRESENTATION_CONTEXT ( 3 ) GLOBAL_UNCERTAINTY_ASSIGNED_CONTEXT ( ( #1617 ) ) GLOBAL_UNIT_ASSIGNED_CONTEXT ( ( #3269, #1104, #1725 ) ) REPRESENTATION_CONTEXT ( 'NONE', 'WORKASPACE' ) );
#2444 = ADVANCED_FACE ( 'NONE', ( #1522, #2764, #3763, #1013, #3693, #1892, #369 ), #1852, .T. ) ;
#2445 = EDGE_CURVE ( 'NONE', #2600, #1126, #3709, .T. ) ;
#2446 = DIRECTION ( 'NONE',  ( 0.000000000000000000, -0.000000000000000000, 1.000000000000000000 ) ) ;
#2447 = LINE ( 'NONE', #2132, #2990 ) ;
#2448 = SURFACE_SIDE_STYLE ('',( #2736 ) ) ;
#2449 = ORIENTED_EDGE ( 'NONE', *, *, #3602, .F. ) ;
#2450 = FILL_AREA_STYLE_COLOUR ( '', #2638 ) ;
#2451 =( LENGTH_UNIT ( ) NAMED_UNIT ( * ) SI_UNIT ( .MILLI., .METRE. ) );
#2452 = LINE ( 'NONE', #2410, #3210 ) ;
#2453 =( NAMED_UNIT ( * ) SI_UNIT ( $, .STERADIAN. ) SOLID_ANGLE_UNIT ( ) );
#2454 = ORIENTED_EDGE ( 'NONE', *, *, #3903, .T. ) ;
#2455 = CARTESIAN_POINT ( 'NONE',  ( -0.1745896344050403837, 0.8685094525064316340, 0.000000000000000000 ) ) ;
#2456 = CARTESIAN_POINT ( 'NONE',  ( 0.6000000000000000888, 0.1500000000000000777, 0.000000000000000000 ) ) ;
#2457 = ORIENTED_EDGE ( 'NONE', *, *, #1264, .T. ) ;
#2458 = VERTEX_POINT ( 'NONE', #1913 ) ;
#2459 = CARTESIAN_POINT ( 'NONE',  ( -0.6000000000000003109, 0.1500000000000001887, 0.000000000000000000 ) ) ;
#2460 = UNCERTAINTY_MEASURE_WITH_UNIT (LENGTH_MEASURE( 1.000000000000000082E-05 ), #2297, 'distance_accuracy_value', 'NONE');
#2461 = COLOUR_RGB ( '',0.8039215686274510109, 0.8039215686274510109, 0.8039215686274510109 ) ;
#2462 = STYLED_ITEM ( 'NONE', ( #2401 ), #1700 ) ;
#2463 =( NAMED_UNIT ( * ) PLANE_ANGLE_UNIT ( ) SI_UNIT ( $, .RADIAN. ) );
#2464 = PRESENTATION_LAYER_ASSIGNMENT (  '', '', ( #67 ) ) ;
#2465 = SURFACE_SIDE_STYLE ('',( #3633 ) ) ;
#2466 = DIRECTION ( 'NONE',  ( 1.000000000000000000, -0.000000000000000000, 0.000000000000000000 ) ) ;
#2467 = SURFACE_STYLE_FILL_AREA ( #1152 ) ;
#2468 = EDGE_CURVE ( 'NONE', #2133, #3226, #2808, .T. ) ;
#2469 = EDGE_CURVE ( 'NONE', #471, #2306, #391, .T. ) ;
#2470 = DIRECTION ( 'NONE',  ( -0.000000000000000000, -0.000000000000000000, 1.000000000000000000 ) ) ;
#2471 = COLOUR_RGB ( '',0.8039215686274510109, 0.8039215686274510109, 0.8039215686274510109 ) ;
#2472 = PRESENTATION_STYLE_ASSIGNMENT (( #1196 ) ) ;
#2473 = STYLED_ITEM ( 'NONE', ( #3193 ), #2335 ) ;
#2474 =( LENGTH_UNIT ( ) NAMED_UNIT ( * ) SI_UNIT ( .MILLI., .METRE. ) );
#2475 = ORIENTED_EDGE ( 'NONE', *, *, #364, .F. ) ;
#2476 = FILL_AREA_STYLE ('',( #3105 ) ) ;
#2477 = SURFACE_SIDE_STYLE ('',( #1221 ) ) ;
#2478 = SURFACE_SIDE_STYLE ('',( #2101 ) ) ;
#2479 = CARTESIAN_POINT ( 'NONE',  ( 0.3800000000000001155, -0.4999999999999998890, -0.01499999999999999944 ) ) ;
#2480 = DIRECTION ( 'NONE',  ( -0.000000000000000000, -0.000000000000000000, 1.000000000000000000 ) ) ;
#2481 = ORIENTED_EDGE ( 'NONE', *, *, #935, .T. ) ;
#2482 = EDGE_LOOP ( 'NONE', ( #86, #3912, #1122, #3583 ) ) ;
#2483 = PRESENTATION_STYLE_ASSIGNMENT (( #1228 ) ) ;
#2484 =( GEOMETRIC_REPRESENTATION_CONTEXT ( 3 ) GLOBAL_UNCERTAINTY_ASSIGNED_CONTEXT ( ( #62 ) ) GLOBAL_UNIT_ASSIGNED_CONTEXT ( ( #3136, #750, #1983 ) ) REPRESENTATION_CONTEXT ( 'NONE', 'WORKASPACE' ) );
#2485 = MECHANICAL_DESIGN_GEOMETRIC_PRESENTATION_REPRESENTATION (  '', ( #3306 ), #3555 ) ;
#2486 = CARTESIAN_POINT ( 'NONE',  ( 0.6000000000000000888, -0.4999999999999998890, -0.01499999999999999944 ) ) ;
#2487 = DIRECTION ( 'NONE',  ( 0.000000000000000000, -1.000000000000000000, 0.000000000000000000 ) ) ;
#2488 = CARTESIAN_POINT ( 'NONE',  ( -0.5440500000000003666, 0.9190499999999995895, 0.6650000000000000355 ) ) ;
#2489 = CARTESIAN_POINT ( 'NONE',  ( -0.3800000000000002265, -0.7999999999999998224, -0.01499999999999999944 ) ) ;
#2490 = DIRECTION ( 'NONE',  ( 0.000000000000000000, 0.000000000000000000, -1.000000000000000000 ) ) ;
#2491 = EDGE_CURVE ( 'NONE', #26, #649, #2591, .T. ) ;
#2492 = EDGE_LOOP ( 'NONE', ( #73, #1051, #1542, #1448 ) ) ;
#2493 = FACE_OUTER_BOUND ( 'NONE', #238, .T. ) ;
#2494 = UNCERTAINTY_MEASURE_WITH_UNIT (LENGTH_MEASURE( 1.000000000000000082E-05 ), #1308, 'distance_accuracy_value', 'NONE');
#2495 = MECHANICAL_DESIGN_GEOMETRIC_PRESENTATION_REPRESENTATION (  '', ( #1630 ), #2935 ) ;
#2496 = CARTESIAN_POINT ( 'NONE',  ( -0.3800000000000002265, -0.7999999999999998224, -0.01499999999999999944 ) ) ;
#2497 = EDGE_CURVE ( 'NONE', #2600, #2970, #3440, .T. ) ;
#2498 = CARTESIAN_POINT ( 'NONE',  ( -0.6000000000000003109, -0.7999999999999998224, 0.08500000012645614333 ) ) ;
#2499 =( LENGTH_UNIT ( ) NAMED_UNIT ( * ) SI_UNIT ( .MILLI., .METRE. ) );
#2500 = VERTEX_POINT ( 'NONE', #2168 ) ;
#2501 = VERTEX_POINT ( 'NONE', #350 ) ;
#2502 = DIRECTION ( 'NONE',  ( -1.000000000000000000, 0.000000000000000000, 0.000000000000000000 ) ) ;
#2503 = VECTOR ( 'NONE', #1639, 1000.000000000000000 ) ;
#2504 = UNCERTAINTY_MEASURE_WITH_UNIT (LENGTH_MEASURE( 1.000000000000000082E-05 ), #3678, 'distance_accuracy_value', 'NONE');
#2505 = AXIS2_PLACEMENT_3D ( 'NONE', #619, #848, #597 ) ;
#2506 = PRESENTATION_STYLE_ASSIGNMENT (( #1497 ) ) ;
#2507 = UNCERTAINTY_MEASURE_WITH_UNIT (LENGTH_MEASURE( 1.000000000000000082E-05 ), #2911, 'distance_accuracy_value', 'NONE');
#2508 = MECHANICAL_DESIGN_GEOMETRIC_PRESENTATION_REPRESENTATION (  '', ( #1129 ), #3196 ) ;
#2509 = SURFACE_SIDE_STYLE ('',( #1002 ) ) ;
#2510 =( GEOMETRIC_REPRESENTATION_CONTEXT ( 3 ) GLOBAL_UNCERTAINTY_ASSIGNED_CONTEXT ( ( #1708 ) ) GLOBAL_UNIT_ASSIGNED_CONTEXT ( ( #2917, #679, #2873 ) ) REPRESENTATION_CONTEXT ( 'NONE', 'WORKASPACE' ) );
#2511 = DIRECTION ( 'NONE',  ( 0.000000000000000000, 1.000000000000000000, 0.000000000000000000 ) ) ;
#2512 = SURFACE_STYLE_FILL_AREA ( #2242 ) ;
#2513 = ORIENTED_EDGE ( 'NONE', *, *, #2291, .T. ) ;
#2514 =( NAMED_UNIT ( * ) SI_UNIT ( $, .STERADIAN. ) SOLID_ANGLE_UNIT ( ) );
#2515 =( NAMED_UNIT ( * ) SI_UNIT ( $, .STERADIAN. ) SOLID_ANGLE_UNIT ( ) );
#2516 = DIRECTION ( 'NONE',  ( 0.000000000000000000, 0.000000000000000000, -1.000000000000000000 ) ) ;
#2517 = ORIENTED_EDGE ( 'NONE', *, *, #2535, .F. ) ;
#2518 = ORIENTED_EDGE ( 'NONE', *, *, #88, .F. ) ;
#2519 = EDGE_CURVE ( 'NONE', #2568, #2680, #2186, .T. ) ;
#2520 = EDGE_CURVE ( 'NONE', #655, #3321, #1594, .T. ) ;
#2521 = DIRECTION ( 'NONE',  ( -0.000000000000000000, -0.000000000000000000, 1.000000000000000000 ) ) ;
#2522 = SURFACE_STYLE_USAGE ( .BOTH. , #356 ) ;
#2523 =( NAMED_UNIT ( * ) PLANE_ANGLE_UNIT ( ) SI_UNIT ( $, .RADIAN. ) );
#2524 = PRESENTATION_LAYER_ASSIGNMENT (  '', '', ( #2065 ) ) ;
#2525 = SURFACE_STYLE_FILL_AREA ( #1567 ) ;
#2526 = ORIENTED_EDGE ( 'NONE', *, *, #1334, .T. ) ;
#2527 = UNCERTAINTY_MEASURE_WITH_UNIT (LENGTH_MEASURE( 1.000000000000000082E-05 ), #3856, 'distance_accuracy_value', 'NONE');
#2528 = PRESENTATION_STYLE_ASSIGNMENT (( #387 ) ) ;
#2529 = PRESENTATION_STYLE_ASSIGNMENT (( #3667 ) ) ;
#2530 = DIRECTION ( 'NONE',  ( 0.000000000000000000, -0.000000000000000000, -1.000000000000000000 ) ) ;
#2531 = ORIENTED_EDGE ( 'NONE', *, *, #3481, .T. ) ;
#2532 = EDGE_LOOP ( 'NONE', ( #1159, #77, #2268, #2719 ) ) ;
#2533 = CARTESIAN_POINT ( 'NONE',  ( -0.3800000000000002265, -0.7999999999999998224, 0.08500000000000000611 ) ) ;
#2534 = AXIS2_PLACEMENT_3D ( 'NONE', #3582, #3034, #818 ) ;
#2535 = EDGE_CURVE ( 'NONE', #2700, #3454, #42, .T. ) ;
#2536 = STYLED_ITEM ( 'NONE', ( #129 ), #2927 ) ;
#2537 = DIRECTION ( 'NONE',  ( 0.000000000000000000, 1.000000000000000000, 0.000000000000000000 ) ) ;
#2538 = PRESENTATION_STYLE_ASSIGNMENT (( #1651 ) ) ;
#2539 = PRESENTATION_STYLE_ASSIGNMENT (( #3159 ) ) ;
#2540 = DIRECTION ( 'NONE',  ( -0.000000000000000000, -0.000000000000000000, 1.000000000000000000 ) ) ;
#2541 = ORIENTED_EDGE ( 'NONE', *, *, #754, .F. ) ;
#2542 = DIRECTION ( 'NONE',  ( -0.000000000000000000, 0.000000000000000000, -1.000000000000000000 ) ) ;
#2543 = CARTESIAN_POINT ( 'NONE',  ( -0.6450000000000002398, 1.019999999999999574, 0.000000000000000000 ) ) ;
#2544 = SURFACE_STYLE_USAGE ( .BOTH. , #3223 ) ;
#2545 = ORIENTED_EDGE ( 'NONE', *, *, #3367, .F. ) ;
#2546 = ORIENTED_EDGE ( 'NONE', *, *, #3055, .T. ) ;
#2547 = CLOSED_SHELL ( 'NONE', ( #3802, #1857, #2262, #1528, #1432, #3116 ) ) ;
#2548 = SURFACE_STYLE_USAGE ( .BOTH. , #375 ) ;
#2549 = STYLED_ITEM ( 'NONE', ( #1333 ), #316 ) ;
#2550 =( NAMED_UNIT ( * ) PLANE_ANGLE_UNIT ( ) SI_UNIT ( $, .RADIAN. ) );
#2551 =( GEOMETRIC_REPRESENTATION_CONTEXT ( 3 ) GLOBAL_UNCERTAINTY_ASSIGNED_CONTEXT ( ( #474 ) ) GLOBAL_UNIT_ASSIGNED_CONTEXT ( ( #1251, #1602, #3714 ) ) REPRESENTATION_CONTEXT ( 'NONE', 'WORKASPACE' ) );
#2552 = ORIENTED_EDGE ( 'NONE', *, *, #536, .F. ) ;
#2553 = MECHANICAL_DESIGN_GEOMETRIC_PRESENTATION_REPRESENTATION (  '', ( #3013 ), #371 ) ;
#2554 = FILL_AREA_STYLE_COLOUR ( '', #3151 ) ;
#2555 = EDGE_CURVE ( 'NONE', #3241, #3284, #2829, .T. ) ;
#2556 = EDGE_CURVE ( 'NONE', #3454, #843, #202, .T. ) ;
#2557 = PRESENTATION_STYLE_ASSIGNMENT (( #1886 ) ) ;
#2558 = VECTOR ( 'NONE', #2111, 1000.000000000000000 ) ;
#2559 = PRESENTATION_STYLE_ASSIGNMENT (( #972 ) ) ;
#2560 =( NAMED_UNIT ( * ) SI_UNIT ( $, .STERADIAN. ) SOLID_ANGLE_UNIT ( ) );
#2561 = ORIENTED_EDGE ( 'NONE', *, *, #3928, .F. ) ;
#2562 = FILL_AREA_STYLE ('',( #1093 ) ) ;
#2563 = COLOUR_RGB ( '',0.8039215686274510109, 0.8039215686274510109, 0.8039215686274510109 ) ;
#2564 = UNCERTAINTY_MEASURE_WITH_UNIT (LENGTH_MEASURE( 1.000000000000000082E-05 ), #509, 'distance_accuracy_value', 'NONE');
#2565 = DIRECTION ( 'NONE',  ( -0.000000000000000000, 0.000000000000000000, 1.000000000000000000 ) ) ;
#2566 = LINE ( 'NONE', #3781, #3475 ) ;
#2567 = FACE_OUTER_BOUND ( 'NONE', #656, .T. ) ;
#2568 = VERTEX_POINT ( 'NONE', #2867 ) ;
#2569 = EDGE_LOOP ( 'NONE', ( #708, #3616, #1696, #319 ) ) ;
#2570 = DIRECTION ( 'NONE',  ( 1.000000000000000000, 0.000000000000000000, 0.000000000000000000 ) ) ;
#2571 = CARTESIAN_POINT ( 'NONE',  ( -0.1745896344050403837, 0.8685094525064316340, -0.01499999999999999944 ) ) ;
#2572 = CARTESIAN_POINT ( 'NONE',  ( -0.3800000000000002265, -0.1499999999999998557, -0.01499999999999999944 ) ) ;
#2573 = PLANE ( 'NONE',  #1777 ) ;
#2574 =( NAMED_UNIT ( * ) PLANE_ANGLE_UNIT ( ) SI_UNIT ( $, .RADIAN. ) );
#2575 = STYLED_ITEM ( 'NONE', ( #1149 ), #1628 ) ;
#2576 = ORIENTED_EDGE ( 'NONE', *, *, #1116, .T. ) ;
#2577 = CARTESIAN_POINT ( 'NONE',  ( -0.3800000000000002265, -0.4999999999999997780, 0.08500000000000000611 ) ) ;
#2578 = AXIS2_PLACEMENT_3D ( 'NONE', #1776, #2048, #1134 ) ;
#2579 = PLANE ( 'NONE',  #1744 ) ;
#2580 = PRESENTATION_STYLE_ASSIGNMENT (( #1566 ) ) ;
#2581 = ORIENTED_EDGE ( 'NONE', *, *, #1244, .T. ) ;
#2582 = EDGE_CURVE ( 'NONE', #5, #49, #3860, .T. ) ;
#2583 = ADVANCED_FACE ( 'NONE', ( #158 ), #2624, .F. ) ;
#2584 = CARTESIAN_POINT ( 'NONE',  ( 0.6449999999999997957, -0.9900000000000002132, 0.6350000000000000089 ) ) ;
#2585 = DIRECTION ( 'NONE',  ( -0.000000000000000000, -1.000000000000000000, 7.228014483236703064E-15 ) ) ;
#2586 = SURFACE_STYLE_FILL_AREA ( #794 ) ;
#2587 = VERTEX_POINT ( 'NONE', #3541 ) ;
#2588 = DIRECTION ( 'NONE',  ( 0.000000000000000000, -1.000000000000000000, 0.000000000000000000 ) ) ;
#2589 = MECHANICAL_DESIGN_GEOMETRIC_PRESENTATION_REPRESENTATION (  '', ( #1158 ), #1604 ) ;
#2590 = SURFACE_STYLE_USAGE ( .BOTH. , #451 ) ;
#2591 = CIRCLE ( 'NONE', #3682, 0.02999999999999997113 ) ;
#2592 = COLOUR_RGB ( '',0.2862745098039215508, 0.2862745098039215508, 0.2862745098039215508 ) ;
#2593 = STYLED_ITEM ( 'NONE', ( #627 ), #2749 ) ;
#2594 =( NAMED_UNIT ( * ) SI_UNIT ( $, .STERADIAN. ) SOLID_ANGLE_UNIT ( ) );
#2595 = CARTESIAN_POINT ( 'NONE',  ( 0.000000000000000000, 0.9899999999999995470, 0.6350000000000000089 ) ) ;
#2596 = MECHANICAL_DESIGN_GEOMETRIC_PRESENTATION_REPRESENTATION (  '', ( #1235 ), #1487 ) ;
#2597 =( NAMED_UNIT ( * ) PLANE_ANGLE_UNIT ( ) SI_UNIT ( $, .RADIAN. ) );
#2598 = CARTESIAN_POINT ( 'NONE',  ( -0.3800000000000002265, 0.1500000000000001887, 0.000000000000000000 ) ) ;
#2599 = PLANE ( 'NONE',  #3906 ) ;
#2600 = VERTEX_POINT ( 'NONE', #1337 ) ;
#2601 = COLOUR_RGB ( '',0.2862745098039215508, 0.2862745098039215508, 0.2862745098039215508 ) ;
#2602 = FILL_AREA_STYLE ('',( #1011 ) ) ;
#2603 = PRESENTATION_STYLE_ASSIGNMENT (( #1679 ) ) ;
#2604 = CARTESIAN_POINT ( 'NONE',  ( 0.3800000000000001155, 0.1500000000000000777, 0.08500000000000000611 ) ) ;
#2605 = ORIENTED_EDGE ( 'NONE', *, *, #3928, .T. ) ;
#2606 = ORIENTED_EDGE ( 'NONE', *, *, #3467, .F. ) ;
#2607 = ADVANCED_FACE ( 'NONE', ( #2350 ), #1394, .F. ) ;
#2608 = LINE ( 'NONE', #3206, #1360 ) ;
#2609 = FILL_AREA_STYLE ('',( #477 ) ) ;
#2610 = CARTESIAN_POINT ( 'NONE',  ( -0.6000000000000003109, -0.1499999999999998557, 0.08500000000000000611 ) ) ;
#2611 = CIRCLE ( 'NONE', #1440, 0.07500000000000003886 ) ;
#2612 = CARTESIAN_POINT ( 'NONE',  ( 0.3800000000000001155, -0.7999999999999998224, 0.08500000012645614333 ) ) ;
#2613 =( NAMED_UNIT ( * ) SI_UNIT ( $, .STERADIAN. ) SOLID_ANGLE_UNIT ( ) );
#2614 =( GEOMETRIC_REPRESENTATION_CONTEXT ( 3 ) GLOBAL_UNCERTAINTY_ASSIGNED_CONTEXT ( ( #3601 ) ) GLOBAL_UNIT_ASSIGNED_CONTEXT ( ( #3503, #814, #502 ) ) REPRESENTATION_CONTEXT ( 'NONE', 'WORKASPACE' ) );
#2615 = PLANE ( 'NONE',  #1676 ) ;
#2616 = CYLINDRICAL_SURFACE ( 'NONE', #3495, 0.03547499999999997877 ) ;
#2617 = DIRECTION ( 'NONE',  ( 0.000000000000000000, 1.000000000000000000, 0.000000000000000000 ) ) ;
#2618 = ORIENTED_EDGE ( 'NONE', *, *, #3778, .F. ) ;
#2619 = DIRECTION ( 'NONE',  ( 1.000000000000000000, 0.000000000000000000, 0.000000000000000000 ) ) ;
#2620 = VECTOR ( 'NONE', #1027, 1000.000000000000000 ) ;
#2621 = DIRECTION ( 'NONE',  ( 0.000000000000000000, 1.000000000000000000, -0.000000000000000000 ) ) ;
#2622 = LINE ( 'NONE', #1620, #2968 ) ;
#2623 = CARTESIAN_POINT ( 'NONE',  ( 0.3800000000000001155, -0.1499999999999998557, 0.08500000000000000611 ) ) ;
#2624 = PLANE ( 'NONE',  #927 ) ;
#2625 = ORIENTED_EDGE ( 'NONE', *, *, #241, .F. ) ;
#2626 = VECTOR ( 'NONE', #2540, 1000.000000000000000 ) ;
#2627 = ORIENTED_EDGE ( 'NONE', *, *, #1757, .F. ) ;
#2628 = COLOUR_RGB ( '',0.8039215686274510109, 0.8039215686274510109, 0.8039215686274510109 ) ;
#2629 = VECTOR ( 'NONE', #3443, 1000.000000000000000 ) ;
#2630 =( GEOMETRIC_REPRESENTATION_CONTEXT ( 3 ) GLOBAL_UNCERTAINTY_ASSIGNED_CONTEXT ( ( #96 ) ) GLOBAL_UNIT_ASSIGNED_CONTEXT ( ( #775, #479, #3842 ) ) REPRESENTATION_CONTEXT ( 'NONE', 'WORKASPACE' ) );
#2631 = EDGE_CURVE ( 'NONE', #576, #3248, #1362, .T. ) ;
#2632 = EDGE_CURVE ( 'NONE', #3284, #616, #470, .T. ) ;
#2633 = LINE ( 'NONE', #1107, #3100 ) ;
#2634 = DIRECTION ( 'NONE',  ( 0.000000000000000000, 0.000000000000000000, 1.000000000000000000 ) ) ;
#2635 = CARTESIAN_POINT ( 'NONE',  ( -0.5440500000000003666, 0.9190499999999995895, 0.6550000000000000266 ) ) ;
#2636 = DIRECTION ( 'NONE',  ( -0.000000000000000000, 0.000000000000000000, -1.000000000000000000 ) ) ;
#2637 = CARTESIAN_POINT ( 'NONE',  ( -0.3800000000000002265, -0.4999999999999997780, -0.01499999999999999944 ) ) ;
#2638 = COLOUR_RGB ( '',0.8039215686274510109, 0.8039215686274510109, 0.8039215686274510109 ) ;
#2639 = DIRECTION ( 'NONE',  ( -0.000000000000000000, -0.000000000000000000, 1.000000000000000000 ) ) ;
#2640 = DIRECTION ( 'NONE',  ( -1.000000000000000000, 0.000000000000000000, 0.000000000000000000 ) ) ;
#2641 = CARTESIAN_POINT ( 'NONE',  ( 0.000000000000000000, 0.000000000000000000, 0.08500000000000000611 ) ) ;
#2642 = ORIENTED_EDGE ( 'NONE', *, *, #1214, .T. ) ;
#2643 = LINE ( 'NONE', #709, #2251 ) ;
#2644 = PRESENTATION_STYLE_ASSIGNMENT (( #171 ) ) ;
#2645 = PRESENTATION_LAYER_ASSIGNMENT (  '', '', ( #3415 ) ) ;
#2646 = PRESENTATION_LAYER_ASSIGNMENT (  '', '', ( #581 ) ) ;
#2647 = CYLINDRICAL_SURFACE ( 'NONE', #341, 0.03547499999999997877 ) ;
#2648 = FILL_AREA_STYLE_COLOUR ( '', #2260 ) ;
#2649 = PRESENTATION_STYLE_ASSIGNMENT (( #3806 ) ) ;
#2650 = EDGE_LOOP ( 'NONE', ( #3883, #2019, #1287, #2618 ) ) ;
#2651 = FILL_AREA_STYLE_COLOUR ( '', #680 ) ;
#2652 = VECTOR ( 'NONE', #769, 1000.000000000000000 ) ;
#2653 = PRESENTATION_STYLE_ASSIGNMENT (( #2590 ) ) ;
#2654 = DIRECTION ( 'NONE',  ( -0.000000000000000000, -0.000000000000000000, 1.000000000000000000 ) ) ;
#2655 = UNCERTAINTY_MEASURE_WITH_UNIT (LENGTH_MEASURE( 1.000000000000000082E-05 ), #1435, 'distance_accuracy_value', 'NONE');
#2656 = UNCERTAINTY_MEASURE_WITH_UNIT (LENGTH_MEASURE( 1.000000000000000082E-05 ), #2075, 'distance_accuracy_value', 'NONE');
#2657 = MECHANICAL_DESIGN_GEOMETRIC_PRESENTATION_REPRESENTATION (  '', ( #2069 ), #2718 ) ;
#2658 = EDGE_CURVE ( 'NONE', #3212, #2223, #1945, .T. ) ;
#2659 =( NAMED_UNIT ( * ) PLANE_ANGLE_UNIT ( ) SI_UNIT ( $, .RADIAN. ) );
#2660 = FACE_OUTER_BOUND ( 'NONE', #3508, .T. ) ;
#2661 = CARTESIAN_POINT ( 'NONE',  ( -0.6000000000000003109, 0.1500000000000001887, 0.08500000000000000611 ) ) ;
#2662 = EDGE_CURVE ( 'NONE', #1624, #1014, #1121, .T. ) ;
#2663 = COLOUR_RGB ( '',0.2862745098039215508, 0.2862745098039215508, 0.2862745098039215508 ) ;
#2664 = DIRECTION ( 'NONE',  ( -0.000000000000000000, 1.000000000000000000, -0.000000000000000000 ) ) ;
#2665 = ORIENTED_EDGE ( 'NONE', *, *, #132, .F. ) ;
#2666 = VECTOR ( 'NONE', #1295, 1000.000000000000000 ) ;
#2667 = MECHANICAL_DESIGN_GEOMETRIC_PRESENTATION_REPRESENTATION (  '', ( #3872 ), #1423 ) ;
#2668 = DIRECTION ( 'NONE',  ( -0.000000000000000000, -0.000000000000000000, 1.000000000000000000 ) ) ;
#2669 = AXIS2_PLACEMENT_3D ( 'NONE', #1813, #2787, #3086 ) ;
#2670 = DIRECTION ( 'NONE',  ( -0.000000000000000000, -0.000000000000000000, -1.000000000000000000 ) ) ;
#2671 = ORIENTED_EDGE ( 'NONE', *, *, #1168, .F. ) ;
#2672 = ORIENTED_EDGE ( 'NONE', *, *, #561, .T. ) ;
#2673 = ORIENTED_EDGE ( 'NONE', *, *, #2366, .F. ) ;
#2674 = DIRECTION ( 'NONE',  ( 1.000000000000000000, 0.000000000000000000, -0.000000000000000000 ) ) ;
#2675 = PRESENTATION_STYLE_ASSIGNMENT (( #1429 ) ) ;
#2676 = CARTESIAN_POINT ( 'NONE',  ( 0.3800000000000001155, 0.1500000000000000777, 0.000000000000000000 ) ) ;
#2677 = VECTOR ( 'NONE', #1616, 1000.000000000000000 ) ;
#2678 = DIRECTION ( 'NONE',  ( 0.000000000000000000, 0.000000000000000000, 1.000000000000000000 ) ) ;
#2679 = CARTESIAN_POINT ( 'NONE',  ( 0.3800000000000001155, -0.7999999999999998224, -0.01499999999999999944 ) ) ;
#2680 = VERTEX_POINT ( 'NONE', #2390 ) ;
#2681 = EDGE_CURVE ( 'NONE', #2810, #3143, #2408, .T. ) ;
#2682 = EDGE_CURVE ( 'NONE', #1203, #1339, #1743, .T. ) ;
#2683 = FACE_OUTER_BOUND ( 'NONE', #280, .T. ) ;
#2684 = VECTOR ( 'NONE', #2654, 1000.000000000000000 ) ;
#2685 = SURFACE_STYLE_USAGE ( .BOTH. , #768 ) ;
#2686 = FACE_OUTER_BOUND ( 'NONE', #1212, .T. ) ;
#2687 = FILL_AREA_STYLE_COLOUR ( '', #2804 ) ;
#2688 =( GEOMETRIC_REPRESENTATION_CONTEXT ( 3 ) GLOBAL_UNCERTAINTY_ASSIGNED_CONTEXT ( ( #2890 ) ) GLOBAL_UNIT_ASSIGNED_CONTEXT ( ( #2474, #1008, #2560 ) ) REPRESENTATION_CONTEXT ( 'NONE', 'WORKASPACE' ) );
#2689 =( NAMED_UNIT ( * ) PLANE_ANGLE_UNIT ( ) SI_UNIT ( $, .RADIAN. ) );
#2690 = ORIENTED_EDGE ( 'NONE', *, *, #661, .F. ) ;
#2691 = ORIENTED_EDGE ( 'NONE', *, *, #2555, .T. ) ;
#2692 = FILL_AREA_STYLE ('',( #2998 ) ) ;
#2693 = DIRECTION ( 'NONE',  ( -0.000000000000000000, 0.000000000000000000, -1.000000000000000000 ) ) ;
#2694 = FILL_AREA_STYLE ('',( #2956 ) ) ;
#2695 =( LENGTH_UNIT ( ) NAMED_UNIT ( * ) SI_UNIT ( .MILLI., .METRE. ) );
#2696 = FILL_AREA_STYLE_COLOUR ( '', #976 ) ;
#2697 = VECTOR ( 'NONE', #3455, 1000.000000000000000 ) ;
#2698 = SURFACE_STYLE_USAGE ( .BOTH. , #600 ) ;
#2699 = PLANE ( 'NONE',  #712 ) ;
#2700 = VERTEX_POINT ( 'NONE', #2992 ) ;
#2701 =( LENGTH_UNIT ( ) NAMED_UNIT ( * ) SI_UNIT ( .MILLI., .METRE. ) );
#2702 = CARTESIAN_POINT ( 'NONE',  ( 0.6000000000000000888, -0.4999999999999998890, 0.08500000000000000611 ) ) ;
#2703 = EDGE_CURVE ( 'NONE', #1165, #1980, #3490, .T. ) ;
#2704 = SURFACE_STYLE_USAGE ( .BOTH. , #3642 ) ;
#2705 = ORIENTED_EDGE ( 'NONE', *, *, #3706, .T. ) ;
#2706 = LINE ( 'NONE', #384, #2094 ) ;
#2707 = AXIS2_PLACEMENT_3D ( 'NONE', #92, #1019, #2237 ) ;
#2708 =( NAMED_UNIT ( * ) SI_UNIT ( $, .STERADIAN. ) SOLID_ANGLE_UNIT ( ) );
#2709 = CIRCLE ( 'NONE', #2578, 0.02999999999999997113 ) ;
#2710 = FACE_OUTER_BOUND ( 'NONE', #945, .T. ) ;
#2711 =( LENGTH_UNIT ( ) NAMED_UNIT ( * ) SI_UNIT ( .MILLI., .METRE. ) );
#2712 = EDGE_LOOP ( 'NONE', ( #2912, #6, #291, #2188 ) ) ;
#2713 = STYLED_ITEM ( 'NONE', ( #2928 ), #1984 ) ;
#2714 = SURFACE_SIDE_STYLE ('',( #3000 ) ) ;
#2715 = VECTOR ( 'NONE', #786, 1000.000000000000000 ) ;
#2716 = CARTESIAN_POINT ( 'NONE',  ( -0.3800000000000002265, -0.1499999999999998557, 0.000000000000000000 ) ) ;
#2717 = SURFACE_STYLE_USAGE ( .BOTH. , #582 ) ;
#2718 =( GEOMETRIC_REPRESENTATION_CONTEXT ( 3 ) GLOBAL_UNCERTAINTY_ASSIGNED_CONTEXT ( ( #595 ) ) GLOBAL_UNIT_ASSIGNED_CONTEXT ( ( #3913, #2122, #1771 ) ) REPRESENTATION_CONTEXT ( 'NONE', 'WORKASPACE' ) );
#2719 = ORIENTED_EDGE ( 'NONE', *, *, #966, .F. ) ;
#2720 =( NAMED_UNIT ( * ) SI_UNIT ( $, .STERADIAN. ) SOLID_ANGLE_UNIT ( ) );
#2721 = CARTESIAN_POINT ( 'NONE',  ( 0.6000000000000000888, 0.8000000000000000444, 0.08500000000000000611 ) ) ;
#2722 = VECTOR ( 'NONE', #3449, 1000.000000000000000 ) ;
#2723 = SURFACE_STYLE_FILL_AREA ( #1458 ) ;
#2724 = SURFACE_STYLE_FILL_AREA ( #1846 ) ;
#2725 = FILL_AREA_STYLE ('',( #880 ) ) ;
#2726 = VERTEX_POINT ( 'NONE', #1177 ) ;
#2727 = VECTOR ( 'NONE', #1194, 1000.000000000000000 ) ;
#2728 = FILL_AREA_STYLE_COLOUR ( '', #538 ) ;
#2729 = CARTESIAN_POINT ( 'NONE',  ( -0.3800000000000002265, 0.1500000000000001887, 0.08500000000000000611 ) ) ;
#2730 = SURFACE_STYLE_USAGE ( .BOTH. , #1446 ) ;
#2731 = ORIENTED_EDGE ( 'NONE', *, *, #3077, .F. ) ;
#2732 = ADVANCED_FACE ( 'NONE', ( #2372 ), #1764, .T. ) ;
#2733 = PRESENTATION_STYLE_ASSIGNMENT (( #3026 ) ) ;
#2734 = PLANE ( 'NONE',  #2001 ) ;
#2735 = CARTESIAN_POINT ( 'NONE',  ( -0.5440500000000003666, 0.9190499999999995895, 0.6550000000000000266 ) ) ;
#2736 = SURFACE_STYLE_FILL_AREA ( #1090 ) ;
#2737 = ORIENTED_EDGE ( 'NONE', *, *, #1488, .F. ) ;
#2738 = SURFACE_STYLE_USAGE ( .BOTH. , #2113 ) ;
#2739 = CARTESIAN_POINT ( 'NONE',  ( -0.6000000000000003109, 0.8000000000000001554, 0.08500000000000000611 ) ) ;
#2740 = VERTEX_POINT ( 'NONE', #836 ) ;
#2741 = CARTESIAN_POINT ( 'NONE',  ( -0.6150000000000003242, -0.9900000000000002132, 0.6350000000000000089 ) ) ;
#2742 =( GEOMETRIC_REPRESENTATION_CONTEXT ( 3 ) GLOBAL_UNCERTAINTY_ASSIGNED_CONTEXT ( ( #2414 ) ) GLOBAL_UNIT_ASSIGNED_CONTEXT ( ( #1703, #3176, #802 ) ) REPRESENTATION_CONTEXT ( 'NONE', 'WORKASPACE' ) );
#2743 = SURFACE_STYLE_FILL_AREA ( #287 ) ;
#2744 = EDGE_LOOP ( 'NONE', ( #2969, #584, #1946, #1644 ) ) ;
#2745 = AXIS2_PLACEMENT_3D ( 'NONE', #726, #138, #1954 ) ;
#2746 = ORIENTED_EDGE ( 'NONE', *, *, #2520, .F. ) ;
#2747 = CARTESIAN_POINT ( 'NONE',  ( -0.3800000000000002265, 0.8000000000000001554, 0.08500000012645614333 ) ) ;
#2748 = STYLED_ITEM ( 'NONE', ( #565 ), #703 ) ;
#2749 = ADVANCED_FACE ( 'NONE', ( #1485 ), #1164, .F. ) ;
#2750 = EDGE_CURVE ( 'NONE', #2819, #3526, #225, .T. ) ;
#2751 = DIRECTION ( 'NONE',  ( -0.000000000000000000, -0.000000000000000000, 1.000000000000000000 ) ) ;
#2752 = VECTOR ( 'NONE', #639, 1000.000000000000000 ) ;
#2753 = CARTESIAN_POINT ( 'NONE',  ( -0.3800000000000002265, -0.4999999999999997780, -0.01499999999999999944 ) ) ;
#2754 = PLANE ( 'NONE',  #3689 ) ;
#2755 = EDGE_LOOP ( 'NONE', ( #910, #2513, #3749, #1553 ) ) ;
#2756 = CARTESIAN_POINT ( 'NONE',  ( -0.6000000000000003109, 0.1500000000000001887, -0.01499999999999999944 ) ) ;
#2757 = VECTOR ( 'NONE', #1816, 1000.000000000000000 ) ;
#2758 = VERTEX_POINT ( 'NONE', #2081 ) ;
#2759 = UNCERTAINTY_MEASURE_WITH_UNIT (LENGTH_MEASURE( 1.000000000000000082E-05 ), #2382, 'distance_accuracy_value', 'NONE');
#2760 = DIRECTION ( 'NONE',  ( 0.000000000000000000, 0.000000000000000000, 1.000000000000000000 ) ) ;
#2761 = SURFACE_STYLE_FILL_AREA ( #3745 ) ;
#2762 =( NAMED_UNIT ( * ) PLANE_ANGLE_UNIT ( ) SI_UNIT ( $, .RADIAN. ) );
#2763 = PRESENTATION_LAYER_ASSIGNMENT (  '', '', ( #2965 ) ) ;
#2764 = FACE_BOUND ( 'NONE', #1658, .T. ) ;
#2765 = EDGE_LOOP ( 'NONE', ( #2449, #286, #1683, #425 ) ) ;
#2766 = EDGE_LOOP ( 'NONE', ( #1610, #3932, #1261, #1500 ) ) ;
#2767 = CARTESIAN_POINT ( 'NONE',  ( 0.6000000000000000888, -0.4999999999999998890, 0.08500000000000000611 ) ) ;
#2768 = UNCERTAINTY_MEASURE_WITH_UNIT (LENGTH_MEASURE( 1.000000000000000082E-05 ), #2222, 'distance_accuracy_value', 'NONE');
#2769 = UNCERTAINTY_MEASURE_WITH_UNIT (LENGTH_MEASURE( 1.000000000000000082E-05 ), #718, 'distance_accuracy_value', 'NONE');
#2770 = STYLED_ITEM ( 'NONE', ( #137 ), #1963 ) ;
#2771 = EDGE_CURVE ( 'NONE', #593, #616, #553, .T. ) ;
#2772 =( GEOMETRIC_REPRESENTATION_CONTEXT ( 3 ) GLOBAL_UNCERTAINTY_ASSIGNED_CONTEXT ( ( #1918 ) ) GLOBAL_UNIT_ASSIGNED_CONTEXT ( ( #2411, #1139, #3326 ) ) REPRESENTATION_CONTEXT ( 'NONE', 'WORKASPACE' ) );
#2773 = PLANE ( 'NONE',  #3444 ) ;
#2774 = CARTESIAN_POINT ( 'NONE',  ( 0.6149999999999999911, -1.020000000000000240, 0.000000000000000000 ) ) ;
#2775 = DIRECTION ( 'NONE',  ( 0.000000000000000000, -1.000000000000000000, 0.000000000000000000 ) ) ;
#2776 = VERTEX_POINT ( 'NONE', #1552 ) ;
#2777 = LINE ( 'NONE', #1516, #260 ) ;
#2778 = AXIS2_PLACEMENT_3D ( 'NONE', #1499, #1018, #1966 ) ;
#2779 = EDGE_CURVE ( 'NONE', #2301, #766, #821, .T. ) ;
#2780 = VECTOR ( 'NONE', #2678, 1000.000000000000000 ) ;
#2781 =( GEOMETRIC_REPRESENTATION_CONTEXT ( 3 ) GLOBAL_UNCERTAINTY_ASSIGNED_CONTEXT ( ( #2173 ) ) GLOBAL_UNIT_ASSIGNED_CONTEXT ( ( #3569, #734, #3546 ) ) REPRESENTATION_CONTEXT ( 'NONE', 'WORKASPACE' ) );
#2782 = PLANE ( 'NONE',  #514 ) ;
#2783 = VECTOR ( 'NONE', #960, 1000.000000000000000 ) ;
#2784 = DIRECTION ( 'NONE',  ( -0.000000000000000000, 1.000000000000000000, -0.000000000000000000 ) ) ;
#2785 = VERTEX_POINT ( 'NONE', #884 ) ;
#2786 = PLANE ( 'NONE',  #2871 ) ;
#2787 = DIRECTION ( 'NONE',  ( 1.000000000000000000, -0.000000000000000000, 3.614007241618352321E-15 ) ) ;
#2788 =( NAMED_UNIT ( * ) SI_UNIT ( $, .STERADIAN. ) SOLID_ANGLE_UNIT ( ) );
#2789 = FILL_AREA_STYLE_COLOUR ( '', #3329 ) ;
#2790 = COLOUR_RGB ( '',0.2862745098039215508, 0.2862745098039215508, 0.2862745098039215508 ) ;
#2791 = MECHANICAL_DESIGN_GEOMETRIC_PRESENTATION_REPRESENTATION (  '', ( #2413 ), #2346 ) ;
#2792 = ORIENTED_EDGE ( 'NONE', *, *, #1117, .T. ) ;
#2793 = ORIENTED_EDGE ( 'NONE', *, *, #937, .F. ) ;
#2794 = PRESENTATION_LAYER_ASSIGNMENT (  '', '', ( #1820 ) ) ;
#2795 = COLOUR_RGB ( '',0.2862745098039215508, 0.2862745098039215508, 0.2862745098039215508 ) ;
#2796 = CARTESIAN_POINT ( 'NONE',  ( 0.6000000000000000888, 0.1500000000000000777, -0.01499999999999999944 ) ) ;
#2797 = CARTESIAN_POINT ( 'NONE',  ( 0.000000000000000000, -0.9900000000000002132, 0.6650000000000000355 ) ) ;
#2798 = PRESENTATION_STYLE_ASSIGNMENT (( #2522 ) ) ;
#2799 = SURFACE_SIDE_STYLE ('',( #1588 ) ) ;
#2800 = CARTESIAN_POINT ( 'NONE',  ( -0.6000000000000003109, 0.8000000000000001554, 0.08500000000000000611 ) ) ;
#2801 = CARTESIAN_POINT ( 'NONE',  ( 0.6149999999999998801, 0.9899999999999995470, 0.6650000000000000355 ) ) ;
#2802 = ADVANCED_FACE ( 'NONE', ( #1241 ), #954, .F. ) ;
#2803 = EDGE_CURVE ( 'NONE', #1989, #1014, #442, .T. ) ;
#2804 = COLOUR_RGB ( '',0.2862745098039215508, 0.2862745098039215508, 0.2862745098039215508 ) ;
#2805 =( NAMED_UNIT ( * ) PLANE_ANGLE_UNIT ( ) SI_UNIT ( $, .RADIAN. ) );
#2806 = FILL_AREA_STYLE_COLOUR ( '', #978 ) ;
#2807 = SURFACE_STYLE_FILL_AREA ( #2146 ) ;
#2808 = LINE ( 'NONE', #4, #2783 ) ;
#2809 = VERTEX_POINT ( 'NONE', #721 ) ;
#2810 = VERTEX_POINT ( 'NONE', #3434 ) ;
#2811 = CARTESIAN_POINT ( 'NONE',  ( 0.6449999999999997957, -0.9900000000000002132, 0.6650000000000000355 ) ) ;
#2812 = UNCERTAINTY_MEASURE_WITH_UNIT (LENGTH_MEASURE( 1.000000000000000082E-05 ), #889, 'distance_accuracy_value', 'NONE');
#2813 = PRESENTATION_LAYER_ASSIGNMENT (  '', '', ( #2034 ) ) ;
#2814 = CARTESIAN_POINT ( 'NONE',  ( -0.5440500000000003666, 0.9190499999999995895, 0.6550000000000000266 ) ) ;
#2815 = VECTOR ( 'NONE', #3762, 1000.000000000000000 ) ;
#2816 = CARTESIAN_POINT ( 'NONE',  ( -0.3800000000000002265, -0.4999999999999997780, 0.08500000012645614333 ) ) ;
#2817 = COLOUR_RGB ( '',0.2862745098039215508, 0.2862745098039215508, 0.2862745098039215508 ) ;
#2818 = PRESENTATION_STYLE_ASSIGNMENT (( #950 ) ) ;
#2819 = VERTEX_POINT ( 'NONE', #3500 ) ;
#2820 = DIRECTION ( 'NONE',  ( -0.000000000000000000, 1.000000000000000000, -0.000000000000000000 ) ) ;
#2821 = DIRECTION ( 'NONE',  ( -1.000000000000000000, 0.000000000000000000, 0.000000000000000000 ) ) ;
#2822 =( NAMED_UNIT ( * ) PLANE_ANGLE_UNIT ( ) SI_UNIT ( $, .RADIAN. ) );
#2823 = LINE ( 'NONE', #3084, #2677 ) ;
#2824 = AXIS2_PLACEMENT_3D ( 'NONE', #813, #353, #3131 ) ;
#2825 = EDGE_CURVE ( 'NONE', #3327, #3428, #115, .T. ) ;
#2826 = ADVANCED_FACE ( 'NONE', ( #2257 ), #697, .F. ) ;
#2827 = SURFACE_STYLE_FILL_AREA ( #3780 ) ;
#2828 = CARTESIAN_POINT ( 'NONE',  ( -0.3800000000000002265, 0.1500000000000001887, 0.000000000000000000 ) ) ;
#2829 = LINE ( 'NONE', #58, #596 ) ;
#2830 = EDGE_LOOP ( 'NONE', ( #1250, #1793, #1914, #2561 ) ) ;
#2831 = ORIENTED_EDGE ( 'NONE', *, *, #241, .T. ) ;
#2832 = VECTOR ( 'NONE', #2570, 1000.000000000000000 ) ;
#2833 = CARTESIAN_POINT ( 'NONE',  ( -0.3800000000000002265, 0.1500000000000001887, -0.01499999999999999944 ) ) ;
#2834 = FILL_AREA_STYLE_COLOUR ( '', #248 ) ;
#2835 = MECHANICAL_DESIGN_GEOMETRIC_PRESENTATION_REPRESENTATION (  '', ( #580 ), #259 ) ;
#2836 = PRESENTATION_LAYER_ASSIGNMENT (  '', '', ( #3979 ) ) ;
#2837 = CIRCLE ( 'NONE', #1721, 0.07500000000000003886 ) ;
#2838 = PRESENTATION_STYLE_ASSIGNMENT (( #2197 ) ) ;
#2839 = ORIENTED_EDGE ( 'NONE', *, *, #2857, .T. ) ;
#2840 = DIRECTION ( 'NONE',  ( -0.000000000000000000, -0.000000000000000000, -1.000000000000000000 ) ) ;
#2841 = VECTOR ( 'NONE', #2303, 1000.000000000000000 ) ;
#2842 = DIRECTION ( 'NONE',  ( 0.000000000000000000, 0.000000000000000000, -1.000000000000000000 ) ) ;
#2843 = COLOUR_RGB ( '',0.8039215686274510109, 0.8039215686274510109, 0.8039215686274510109 ) ;
#2844 = UNCERTAINTY_MEASURE_WITH_UNIT (LENGTH_MEASURE( 1.000000000000000082E-05 ), #711, 'distance_accuracy_value', 'NONE');
#2845 = COLOUR_RGB ( '',0.8039215686274510109, 0.8039215686274510109, 0.8039215686274510109 ) ;
#2846 = SURFACE_STYLE_USAGE ( .BOTH. , #1265 ) ;
#2847 =( NAMED_UNIT ( * ) SI_UNIT ( $, .STERADIAN. ) SOLID_ANGLE_UNIT ( ) );
#2848 = SURFACE_STYLE_USAGE ( .BOTH. , #1574 ) ;
#2849 = ORIENTED_EDGE ( 'NONE', *, *, #2779, .F. ) ;
#2850 =( GEOMETRIC_REPRESENTATION_CONTEXT ( 3 ) GLOBAL_UNCERTAINTY_ASSIGNED_CONTEXT ( ( #637 ) ) GLOBAL_UNIT_ASSIGNED_CONTEXT ( ( #3285, #2395, #1425 ) ) REPRESENTATION_CONTEXT ( 'NONE', 'WORKASPACE' ) );
#2851 = ORIENTED_EDGE ( 'NONE', *, *, #2265, .T. ) ;
#2852 = VECTOR ( 'NONE', #3747, 1000.000000000000000 ) ;
#2853 = LINE ( 'NONE', #3150, #3463 ) ;
#2854 = COLOUR_RGB ( '',0.9607843137254902244, 0.9607843137254902244, 0.9607843137254902244 ) ;
#2855 = DIRECTION ( 'NONE',  ( 0.000000000000000000, 0.000000000000000000, 1.000000000000000000 ) ) ;
#2856 = FACE_OUTER_BOUND ( 'NONE', #1634, .T. ) ;
#2857 = EDGE_CURVE ( 'NONE', #1735, #2133, #1589, .T. ) ;
#2858 = ADVANCED_FACE ( 'NONE', ( #1331, #3795 ), #1040, .F. ) ;
#2859 = UNCERTAINTY_MEASURE_WITH_UNIT (LENGTH_MEASURE( 1.000000000000000082E-05 ), #3716, 'distance_accuracy_value', 'NONE');
#2860 = VECTOR ( 'NONE', #261, 1000.000000000000000 ) ;
#2861 = MECHANICAL_DESIGN_GEOMETRIC_PRESENTATION_REPRESENTATION (  '', ( #875 ), #607 ) ;
#2862 =( NAMED_UNIT ( * ) SI_UNIT ( $, .STERADIAN. ) SOLID_ANGLE_UNIT ( ) );
#2863 = DIRECTION ( 'NONE',  ( -0.000000000000000000, -0.000000000000000000, -1.000000000000000000 ) ) ;
#2864 = ORIENTED_EDGE ( 'NONE', *, *, #2265, .F. ) ;
#2865 = DIRECTION ( 'NONE',  ( 0.000000000000000000, 1.000000000000000000, 0.000000000000000000 ) ) ;
#2866 = SURFACE_STYLE_FILL_AREA ( #1619 ) ;
#2867 = CARTESIAN_POINT ( 'NONE',  ( 0.6000000000000000888, 0.1500000000000000777, -0.01499999999999999944 ) ) ;
#2868 = ORIENTED_EDGE ( 'NONE', *, *, #3910, .F. ) ;
#2869 = EDGE_LOOP ( 'NONE', ( #383, #675, #2690, #1809 ) ) ;
#2870 = PLANE ( 'NONE',  #3473 ) ;
#2871 = AXIS2_PLACEMENT_3D ( 'NONE', #2162, #3703, #1869 ) ;
#2872 = PRESENTATION_LAYER_ASSIGNMENT (  '', '', ( #1508 ) ) ;
#2873 =( NAMED_UNIT ( * ) SI_UNIT ( $, .STERADIAN. ) SOLID_ANGLE_UNIT ( ) );
#2874 = EDGE_CURVE ( 'NONE', #3695, #1182, #2068, .T. ) ;
#2875 = DIRECTION ( 'NONE',  ( 1.000000000000000000, 0.000000000000000000, 0.000000000000000000 ) ) ;
#2876 = ORIENTED_EDGE ( 'NONE', *, *, #965, .T. ) ;
#2877 = STYLED_ITEM ( 'NONE', ( #3746 ), #513 ) ;
#2878 = DIRECTION ( 'NONE',  ( 1.000000000000000000, 0.000000000000000000, 0.000000000000000000 ) ) ;
#2879 = PLANE ( 'NONE',  #2079 ) ;
#2880 = DIRECTION ( 'NONE',  ( 1.000000000000000000, 0.000000000000000000, -0.000000000000000000 ) ) ;
#2881 = DIRECTION ( 'NONE',  ( 0.000000000000000000, 0.000000000000000000, 1.000000000000000000 ) ) ;
#2882 = ORIENTED_EDGE ( 'NONE', *, *, #2907, .F. ) ;
#2883 = SURFACE_SIDE_STYLE ('',( #133 ) ) ;
#2884 =( LENGTH_UNIT ( ) NAMED_UNIT ( * ) SI_UNIT ( .MILLI., .METRE. ) );
#2885 =( NAMED_UNIT ( * ) PLANE_ANGLE_UNIT ( ) SI_UNIT ( $, .RADIAN. ) );
#2886 = CARTESIAN_POINT ( 'NONE',  ( -0.6150000000000003242, 0.9899999999999993250, 0.6350000000000000089 ) ) ;
#2887 =( NAMED_UNIT ( * ) PLANE_ANGLE_UNIT ( ) SI_UNIT ( $, .RADIAN. ) );
#2888 = ORIENTED_EDGE ( 'NONE', *, *, #3954, .T. ) ;
#2889 = ORIENTED_EDGE ( 'NONE', *, *, #1599, .T. ) ;
#2890 = UNCERTAINTY_MEASURE_WITH_UNIT (LENGTH_MEASURE( 1.000000000000000082E-05 ), #2474, 'distance_accuracy_value', 'NONE');
#2891 = DIRECTION ( 'NONE',  ( 1.000000000000000000, 0.000000000000000000, -0.000000000000000000 ) ) ;
#2892 =( LENGTH_UNIT ( ) NAMED_UNIT ( * ) SI_UNIT ( .MILLI., .METRE. ) );
#2893 = FILL_AREA_STYLE ('',( #2834 ) ) ;
#2894 = UNCERTAINTY_MEASURE_WITH_UNIT (LENGTH_MEASURE( 1.000000000000000082E-05 ), #1202, 'distance_accuracy_value', 'NONE');
#2895 = FILL_AREA_STYLE ('',( #1898 ) ) ;
#2896 = VECTOR ( 'NONE', #2668, 1000.000000000000000 ) ;
#2897 = MECHANICAL_DESIGN_GEOMETRIC_PRESENTATION_REPRESENTATION (  '', ( #390 ), #907 ) ;
#2898 = ORIENTED_EDGE ( 'NONE', *, *, #293, .T. ) ;
#2899 = EDGE_CURVE ( 'NONE', #5, #576, #1436, .T. ) ;
#2900 =( GEOMETRIC_REPRESENTATION_CONTEXT ( 3 ) GLOBAL_UNCERTAINTY_ASSIGNED_CONTEXT ( ( #1219 ) ) GLOBAL_UNIT_ASSIGNED_CONTEXT ( ( #874, #808, #3528 ) ) REPRESENTATION_CONTEXT ( 'NONE', 'WORKASPACE' ) );
#2901 = FILL_AREA_STYLE_COLOUR ( '', #989 ) ;
#2902 = LINE ( 'NONE', #128, #1539 ) ;
#2903 =( LENGTH_UNIT ( ) NAMED_UNIT ( * ) SI_UNIT ( .MILLI., .METRE. ) );
#2904 = ORIENTED_EDGE ( 'NONE', *, *, #1699, .F. ) ;
#2905 =( NAMED_UNIT ( * ) SI_UNIT ( $, .STERADIAN. ) SOLID_ANGLE_UNIT ( ) );
#2906 = AXIS2_PLACEMENT_3D ( 'NONE', #1678, #406, #3761 ) ;
#2907 = EDGE_CURVE ( 'NONE', #527, #3226, #461, .T. ) ;
#2908 = PLANE ( 'NONE',  #645 ) ;
#2909 = AXIS2_PLACEMENT_3D ( 'NONE', #2371, #2037, #859 ) ;
#2910 = PLANE ( 'NONE',  #2745 ) ;
#2911 =( LENGTH_UNIT ( ) NAMED_UNIT ( * ) SI_UNIT ( .MILLI., .METRE. ) );
#2912 = ORIENTED_EDGE ( 'NONE', *, *, #913, .T. ) ;
#2913 = DIRECTION ( 'NONE',  ( 1.000000000000000000, -0.000000000000000000, 0.000000000000000000 ) ) ;
#2914 = COLOUR_RGB ( '',0.8039215686274510109, 0.8039215686274510109, 0.8039215686274510109 ) ;
#2915 = DIRECTION ( 'NONE',  ( -0.000000000000000000, -0.000000000000000000, 1.000000000000000000 ) ) ;
#2916 =( NAMED_UNIT ( * ) PLANE_ANGLE_UNIT ( ) SI_UNIT ( $, .RADIAN. ) );
#2917 =( LENGTH_UNIT ( ) NAMED_UNIT ( * ) SI_UNIT ( .MILLI., .METRE. ) );
#2918 =( GEOMETRIC_REPRESENTATION_CONTEXT ( 3 ) GLOBAL_UNCERTAINTY_ASSIGNED_CONTEXT ( ( #1881 ) ) GLOBAL_UNIT_ASSIGNED_CONTEXT ( ( #1283, #2822, #424 ) ) REPRESENTATION_CONTEXT ( 'NONE', 'WORKASPACE' ) );
#2919 = SURFACE_SIDE_STYLE ('',( #2002 ) ) ;
#2920 = AXIS2_PLACEMENT_3D ( 'NONE', #1825, #1518, #244 ) ;
#2921 = VECTOR ( 'NONE', #931, 1000.000000000000000 ) ;
#2922 = ORIENTED_EDGE ( 'NONE', *, *, #63, .T. ) ;
#2923 = PRESENTATION_STYLE_ASSIGNMENT (( #3462 ) ) ;
#2924 = VECTOR ( 'NONE', #2537, 1000.000000000000000 ) ;
#2925 = PRESENTATION_STYLE_ASSIGNMENT (( #497 ) ) ;
#2926 = DIRECTION ( 'NONE',  ( 0.000000000000000000, 0.000000000000000000, -1.000000000000000000 ) ) ;
#2927 = ADVANCED_FACE ( 'NONE', ( #2010 ), #484, .T. ) ;
#2928 = PRESENTATION_STYLE_ASSIGNMENT (( #81 ) ) ;
#2929 = FACE_OUTER_BOUND ( 'NONE', #1595, .T. ) ;
#2930 = EDGE_CURVE ( 'NONE', #471, #3855, #3939, .T. ) ;
#2931 = CARTESIAN_POINT ( 'NONE',  ( -0.5440500000000003666, 0.9190499999999995895, 0.6650000000000000355 ) ) ;
#2932 = ORIENTED_EDGE ( 'NONE', *, *, #487, .F. ) ;
#2933 = DIRECTION ( 'NONE',  ( 0.000000000000000000, 0.000000000000000000, 1.000000000000000000 ) ) ;
#2934 = CARTESIAN_POINT ( 'NONE',  ( -0.6000000000000003109, 0.8000000000000001554, -0.01499999999999999944 ) ) ;
#2935 =( GEOMETRIC_REPRESENTATION_CONTEXT ( 3 ) GLOBAL_UNCERTAINTY_ASSIGNED_CONTEXT ( ( #1142 ) ) GLOBAL_UNIT_ASSIGNED_CONTEXT ( ( #3862, #3509, #1663 ) ) REPRESENTATION_CONTEXT ( 'NONE', 'WORKASPACE' ) );
#2936 = PLANE ( 'NONE',  #1374 ) ;
#2937 = DIRECTION ( 'NONE',  ( 0.000000000000000000, 0.000000000000000000, 1.000000000000000000 ) ) ;
#2938 = STYLED_ITEM ( 'NONE', ( #2307 ), #456 ) ;
#2939 = UNCERTAINTY_MEASURE_WITH_UNIT (LENGTH_MEASURE( 1.000000000000000082E-05 ), #2153, 'distance_accuracy_value', 'NONE');
#2940 = DIRECTION ( 'NONE',  ( -0.000000000000000000, -1.000000000000000000, -0.000000000000000000 ) ) ;
#2941 = VECTOR ( 'NONE', #349, 1000.000000000000000 ) ;
#2942 = FILL_AREA_STYLE ('',( #1453 ) ) ;
#2943 = CARTESIAN_POINT ( 'NONE',  ( -0.3800000000000002265, 0.8000000000000001554, 0.08500000000000000611 ) ) ;
#2944 = CARTESIAN_POINT ( 'NONE',  ( -0.1745896344050403837, 0.8685094525064316340, -0.01499999999999999944 ) ) ;
#2945 = ORIENTED_EDGE ( 'NONE', *, *, #1357, .F. ) ;
#2946 = SURFACE_SIDE_STYLE ('',( #2345 ) ) ;
#2947 = PRESENTATION_LAYER_ASSIGNMENT (  '', '', ( #751 ) ) ;
#2948 = CARTESIAN_POINT ( 'NONE',  ( -0.3800000000000002265, 0.5000000000000001110, 0.08500000012645614333 ) ) ;
#2949 = LINE ( 'NONE', #835, #1598 ) ;
#2950 =( NAMED_UNIT ( * ) PLANE_ANGLE_UNIT ( ) SI_UNIT ( $, .RADIAN. ) );
#2951 = VECTOR ( 'NONE', #2175, 1000.000000000000000 ) ;
#2952 = EDGE_CURVE ( 'NONE', #3391, #1030, #3881, .T. ) ;
#2953 = EDGE_CURVE ( 'NONE', #868, #1844, #765, .T. ) ;
#2954 = DIRECTION ( 'NONE',  ( -0.000000000000000000, -0.000000000000000000, -1.000000000000000000 ) ) ;
#2955 = CARTESIAN_POINT ( 'NONE',  ( -0.6000000000000003109, 0.1500000000000001887, -0.01499999999999999944 ) ) ;
#2956 = FILL_AREA_STYLE_COLOUR ( '', #2914 ) ;
#2957 =( LENGTH_UNIT ( ) NAMED_UNIT ( * ) SI_UNIT ( .MILLI., .METRE. ) );
#2958 = SURFACE_SIDE_STYLE ('',( #1132 ) ) ;
#2959 = DIRECTION ( 'NONE',  ( 0.000000000000000000, 0.000000000000000000, -1.000000000000000000 ) ) ;
#2960 = LINE ( 'NONE', #153, #196 ) ;
#2961 = DIRECTION ( 'NONE',  ( -0.000000000000000000, -0.000000000000000000, -1.000000000000000000 ) ) ;
#2962 = CARTESIAN_POINT ( 'NONE',  ( -0.6150000000000003242, -0.9900000000000002132, 0.000000000000000000 ) ) ;
#2963 = ORIENTED_EDGE ( 'NONE', *, *, #3055, .F. ) ;
#2964 = DIRECTION ( 'NONE',  ( 0.000000000000000000, 0.000000000000000000, 1.000000000000000000 ) ) ;
#2965 = STYLED_ITEM ( 'NONE', ( #1281 ), #3826 ) ;
#2966 = FILL_AREA_STYLE ('',( #136 ) ) ;
#2967 = DIRECTION ( 'NONE',  ( -0.000000000000000000, -0.000000000000000000, -1.000000000000000000 ) ) ;
#2968 = VECTOR ( 'NONE', #1081, 1000.000000000000000 ) ;
#2969 = ORIENTED_EDGE ( 'NONE', *, *, #1985, .T. ) ;
#2970 = VERTEX_POINT ( 'NONE', #1988 ) ;
#2971 =( NAMED_UNIT ( * ) SI_UNIT ( $, .STERADIAN. ) SOLID_ANGLE_UNIT ( ) );
#2972 = FILL_AREA_STYLE ('',( #254 ) ) ;
#2973 = AXIS2_PLACEMENT_3D ( 'NONE', #2109, #2446, #1562 ) ;
#2974 = SURFACE_STYLE_FILL_AREA ( #3287 ) ;
#2975 = AXIS2_PLACEMENT_3D ( 'NONE', #2281, #1710, #1409 ) ;
#2976 = CARTESIAN_POINT ( 'NONE',  ( -0.6450000000000002398, 1.019999999999999574, 0.6350000000000000089 ) ) ;
#2977 = ADVANCED_FACE ( 'NONE', ( #3218 ), #2616, .T. ) ;
#2978 = EDGE_CURVE ( 'NONE', #1835, #1256, #1531, .T. ) ;
#2979 = FACE_OUTER_BOUND ( 'NONE', #3005, .T. ) ;
#2980 = COLOUR_RGB ( '',0.2862745098039215508, 0.2862745098039215508, 0.2862745098039215508 ) ;
#2981 =( GEOMETRIC_REPRESENTATION_CONTEXT ( 3 ) GLOBAL_UNCERTAINTY_ASSIGNED_CONTEXT ( ( #3061 ) ) GLOBAL_UNIT_ASSIGNED_CONTEXT ( ( #2451, #2137, #3008 ) ) REPRESENTATION_CONTEXT ( 'NONE', 'WORKASPACE' ) );
#2982 = LINE ( 'NONE', #3879, #1483 ) ;
#2983 = MECHANICAL_DESIGN_GEOMETRIC_PRESENTATION_REPRESENTATION (  '', ( #2215 ), #2918 ) ;
#2984 = CARTESIAN_POINT ( 'NONE',  ( -0.3800000000000002265, 0.1500000000000001887, -0.01499999999999999944 ) ) ;
#2985 = DIRECTION ( 'NONE',  ( -0.000000000000000000, -0.000000000000000000, 1.000000000000000000 ) ) ;
#2986 = SURFACE_SIDE_STYLE ('',( #215 ) ) ;
#2987 = ORIENTED_EDGE ( 'NONE', *, *, #838, .F. ) ;
#2988 = CARTESIAN_POINT ( 'NONE',  ( -0.3800000000000002265, -0.7999999999999998224, -0.01499999999999999944 ) ) ;
#2989 = PRESENTATION_LAYER_ASSIGNMENT (  '', '', ( #208 ) ) ;
#2990 = VECTOR ( 'NONE', #1514, 1000.000000000000000 ) ;
#2991 = SURFACE_STYLE_USAGE ( .BOTH. , #3922 ) ;
#2992 = CARTESIAN_POINT ( 'NONE',  ( -0.6450000000000002398, 0.9899999999999993250, 0.6350000000000000089 ) ) ;
#2993 = ORIENTED_EDGE ( 'NONE', *, *, #1357, .T. ) ;
#2994 = CARTESIAN_POINT ( 'NONE',  ( 0.6000000000000000888, 0.5000000000000001110, 0.08500000012645614333 ) ) ;
#2995 = DIRECTION ( 'NONE',  ( 0.000000000000000000, -0.000000000000000000, 1.000000000000000000 ) ) ;
#2996 = ORIENTED_EDGE ( 'NONE', *, *, #3953, .F. ) ;
#2997 = FILL_AREA_STYLE_COLOUR ( '', #1672 ) ;
#2998 = FILL_AREA_STYLE_COLOUR ( '', #107 ) ;
#2999 = CARTESIAN_POINT ( 'NONE',  ( 0.6149999999999999911, 1.019999999999999574, 0.6650000000000000355 ) ) ;
#3000 = SURFACE_STYLE_FILL_AREA ( #2026 ) ;
#3001 = EDGE_CURVE ( 'NONE', #1014, #3952, #1824, .T. ) ;
#3002 = EDGE_CURVE ( 'NONE', #1894, #3784, #623, .T. ) ;
#3003 = FILL_AREA_STYLE_COLOUR ( '', #2018 ) ;
#3004 = DIRECTION ( 'NONE',  ( -1.000000000000000000, 0.000000000000000000, -0.000000000000000000 ) ) ;
#3005 = EDGE_LOOP ( 'NONE', ( #3091, #2642, #357, #3259 ) ) ;
#3006 = VECTOR ( 'NONE', #777, 1000.000000000000000 ) ;
#3007 = LINE ( 'NONE', #192, #181 ) ;
#3008 =( NAMED_UNIT ( * ) SI_UNIT ( $, .STERADIAN. ) SOLID_ANGLE_UNIT ( ) );
#3009 = MECHANICAL_DESIGN_GEOMETRIC_PRESENTATION_REPRESENTATION (  '', ( #2034 ), #103 ) ;
#3010 =( NAMED_UNIT ( * ) SI_UNIT ( $, .STERADIAN. ) SOLID_ANGLE_UNIT ( ) );
#3011 =( NAMED_UNIT ( * ) PLANE_ANGLE_UNIT ( ) SI_UNIT ( $, .RADIAN. ) );
#3012 = FACE_OUTER_BOUND ( 'NONE', #2569, .T. ) ;
#3013 = STYLED_ITEM ( 'NONE', ( #2286 ), #588 ) ;
#3014 = UNCERTAINTY_MEASURE_WITH_UNIT (LENGTH_MEASURE( 1.000000000000000082E-05 ), #162, 'distance_accuracy_value', 'NONE');
#3015 = STYLED_ITEM ( 'NONE', ( #1755 ), #869 ) ;
#3016 = FILL_AREA_STYLE ('',( #898 ) ) ;
#3017 = DIRECTION ( 'NONE',  ( 0.000000000000000000, 0.000000000000000000, -1.000000000000000000 ) ) ;
#3018 = ORIENTED_EDGE ( 'NONE', *, *, #1930, .T. ) ;
#3019 = ORIENTED_EDGE ( 'NONE', *, *, #754, .T. ) ;
#3020 = FACE_OUTER_BOUND ( 'NONE', #2267, .T. ) ;
#3021 = UNCERTAINTY_MEASURE_WITH_UNIT (LENGTH_MEASURE( 1.000000000000000082E-05 ), #1607, 'distance_accuracy_value', 'NONE');
#3022 = VECTOR ( 'NONE', #3382, 1000.000000000000000 ) ;
#3023 = MECHANICAL_DESIGN_GEOMETRIC_PRESENTATION_REPRESENTATION (  '', ( #250 ), #2630 ) ;
#3024 = FILL_AREA_STYLE_COLOUR ( '', #135 ) ;
#3025 =( NAMED_UNIT ( * ) SI_UNIT ( $, .STERADIAN. ) SOLID_ANGLE_UNIT ( ) );
#3026 = SURFACE_STYLE_USAGE ( .BOTH. , #2280 ) ;
#3027 = LINE ( 'NONE', #2679, #2715 ) ;
#3028 = FACE_OUTER_BOUND ( 'NONE', #1535, .T. ) ;
#3029 = ORIENTED_EDGE ( 'NONE', *, *, #1572, .F. ) ;
#3030 =( NAMED_UNIT ( * ) SI_UNIT ( $, .STERADIAN. ) SOLID_ANGLE_UNIT ( ) );
#3031 = DIRECTION ( 'NONE',  ( 1.000000000000000000, -0.000000000000000000, -0.000000000000000000 ) ) ;
#3032 = SURFACE_STYLE_FILL_AREA ( #265 ) ;
#3033 = DIRECTION ( 'NONE',  ( 1.000000000000000000, -0.000000000000000000, 0.000000000000000000 ) ) ;
#3034 = DIRECTION ( 'NONE',  ( 0.000000000000000000, 0.000000000000000000, -1.000000000000000000 ) ) ;
#3035 = ORIENTED_EDGE ( 'NONE', *, *, #112, .F. ) ;
#3036 = EDGE_CURVE ( 'NONE', #3700, #140, #279, .T. ) ;
#3037 = SURFACE_STYLE_FILL_AREA ( #917 ) ;
#3038 = AXIS2_PLACEMENT_3D ( 'NONE', #2729, #2434, #3603 ) ;
#3039 = ORIENTED_EDGE ( 'NONE', *, *, #983, .T. ) ;
#3040 = PRESENTATION_LAYER_ASSIGNMENT (  '', '', ( #2713 ) ) ;
#3041 = FILL_AREA_STYLE_COLOUR ( '', #3638 ) ;
#3042 = PRESENTATION_LAYER_ASSIGNMENT (  '', '', ( #856 ) ) ;
#3043 = DIRECTION ( 'NONE',  ( -1.000000000000000000, 0.000000000000000000, 0.000000000000000000 ) ) ;
#3044 = AXIS2_PLACEMENT_3D ( 'NONE', #3654, #622, #891 ) ;
#3045 = PRESENTATION_LAYER_ASSIGNMENT (  '', '', ( #3164 ) ) ;
#3046 = DIRECTION ( 'NONE',  ( -1.000000000000000000, 0.000000000000000000, -0.000000000000000000 ) ) ;
#3047 = ORIENTED_EDGE ( 'NONE', *, *, #1962, .T. ) ;
#3048 = DIRECTION ( 'NONE',  ( 0.000000000000000000, -0.000000000000000000, -1.000000000000000000 ) ) ;
#3049 =( NAMED_UNIT ( * ) SI_UNIT ( $, .STERADIAN. ) SOLID_ANGLE_UNIT ( ) );
#3050 = CARTESIAN_POINT ( 'NONE',  ( 0.6000000000000000888, 0.8000000000000000444, -0.01499999999999999944 ) ) ;
#3051 = FILL_AREA_STYLE_COLOUR ( '', #3296 ) ;
#3052 = VERTEX_POINT ( 'NONE', #1479 ) ;
#3053 =( GEOMETRIC_REPRESENTATION_CONTEXT ( 3 ) GLOBAL_UNCERTAINTY_ASSIGNED_CONTEXT ( ( #638 ) ) GLOBAL_UNIT_ASSIGNED_CONTEXT ( ( #2701, #93, #3140 ) ) REPRESENTATION_CONTEXT ( 'NONE', 'WORKASPACE' ) );
#3054 = EDGE_CURVE ( 'NONE', #3764, #3694, #2217, .T. ) ;
#3055 = EDGE_CURVE ( 'NONE', #2223, #3212, #3374, .T. ) ;
#3056 =( NAMED_UNIT ( * ) SI_UNIT ( $, .STERADIAN. ) SOLID_ANGLE_UNIT ( ) );
#3057 =( LENGTH_UNIT ( ) NAMED_UNIT ( * ) SI_UNIT ( .MILLI., .METRE. ) );
#3058 = EDGE_LOOP ( 'NONE', ( #2181, #2226, #269, #1815 ) ) ;
#3059 = ORIENTED_EDGE ( 'NONE', *, *, #2141, .T. ) ;
#3060 = CARTESIAN_POINT ( 'NONE',  ( -0.6000000000000003109, 0.8000000000000001554, 0.08500000000000000611 ) ) ;
#3061 = UNCERTAINTY_MEASURE_WITH_UNIT (LENGTH_MEASURE( 1.000000000000000082E-05 ), #2451, 'distance_accuracy_value', 'NONE');
#3062 = SURFACE_STYLE_FILL_AREA ( #256 ) ;
#3063 = CARTESIAN_POINT ( 'NONE',  ( -0.3800000000000002265, 0.1500000000000001887, -0.01499999999999999944 ) ) ;
#3064 = CARTESIAN_POINT ( 'NONE',  ( 0.6000000000000000888, 0.8000000000000000444, 0.000000000000000000 ) ) ;
#3065 = ORIENTED_EDGE ( 'NONE', *, *, #88, .T. ) ;
#3066 = AXIS2_PLACEMENT_3D ( 'NONE', #1141, #863, #1465 ) ;
#3067 = DIRECTION ( 'NONE',  ( -1.000000000000000000, 0.000000000000000000, 0.000000000000000000 ) ) ;
#3068 = PRESENTATION_STYLE_ASSIGNMENT (( #605 ) ) ;
#3069 = PRESENTATION_LAYER_ASSIGNMENT (  '', '', ( #2549 ) ) ;
#3070 = FACE_OUTER_BOUND ( 'NONE', #878, .T. ) ;
#3071 =( LENGTH_UNIT ( ) NAMED_UNIT ( * ) SI_UNIT ( .MILLI., .METRE. ) );
#3072 = MECHANICAL_DESIGN_GEOMETRIC_PRESENTATION_REPRESENTATION (  '', ( #3191 ), #1186 ) ;
#3073 =( NAMED_UNIT ( * ) SI_UNIT ( $, .STERADIAN. ) SOLID_ANGLE_UNIT ( ) );
#3074 = ORIENTED_EDGE ( 'NONE', *, *, #1885, .F. ) ;
#3075 = ORIENTED_EDGE ( 'NONE', *, *, #2497, .F. ) ;
#3076 = EDGE_CURVE ( 'NONE', #2373, #471, #11, .T. ) ;
#3077 = EDGE_CURVE ( 'NONE', #473, #3391, #2447, .T. ) ;
#3078 = ADVANCED_FACE ( 'NONE', ( #3028 ), #2754, .F. ) ;
#3079 = PRESENTATION_STYLE_ASSIGNMENT (( #1843 ) ) ;
#3080 = DIRECTION ( 'NONE',  ( 0.000000000000000000, -1.000000000000000000, 0.000000000000000000 ) ) ;
#3081 = MANIFOLD_SOLID_BREP ( 'Cut-Extrude2', #1895 ) ;
#3082 = LINE ( 'NONE', #857, #1738 ) ;
#3083 = VECTOR ( 'NONE', #1877, 1000.000000000000000 ) ;
#3084 = CARTESIAN_POINT ( 'NONE',  ( -0.6000000000000003109, 0.5000000000000001110, 0.08500000000000000611 ) ) ;
#3085 = UNCERTAINTY_MEASURE_WITH_UNIT (LENGTH_MEASURE( 1.000000000000000082E-05 ), #1313, 'distance_accuracy_value', 'NONE');
#3086 = DIRECTION ( 'NONE',  ( 3.614007241618351532E-15, 0.000000000000000000, -1.000000000000000000 ) ) ;
#3087 = FACE_OUTER_BOUND ( 'NONE', #1750, .T. ) ;
#3088 = MANIFOLD_SOLID_BREP ( 'LPattern2[3]', #1965 ) ;
#3089 = CARTESIAN_POINT ( 'NONE',  ( 0.3800000000000001155, 0.8000000000000000444, -0.01499999999999999944 ) ) ;
#3090 = ORIENTED_EDGE ( 'NONE', *, *, #1906, .T. ) ;
#3091 = ORIENTED_EDGE ( 'NONE', *, *, #266, .F. ) ;
#3092 =( NAMED_UNIT ( * ) PLANE_ANGLE_UNIT ( ) SI_UNIT ( $, .RADIAN. ) );
#3093 = UNCERTAINTY_MEASURE_WITH_UNIT (LENGTH_MEASURE( 1.000000000000000082E-05 ), #2884, 'distance_accuracy_value', 'NONE');
#3094 = LINE ( 'NONE', #2796, #3336 ) ;
#3095 = VECTOR ( 'NONE', #1240, 1000.000000000000000 ) ;
#3096 = LINE ( 'NONE', #3732, #3618 ) ;
#3097 = ADVANCED_FACE ( 'NONE', ( #2275 ), #1920, .F. ) ;
#3098 = EDGE_CURVE ( 'NONE', #1712, #3327, #3194, .T. ) ;
#3099 = ORIENTED_EDGE ( 'NONE', *, *, #2445, .T. ) ;
#3100 = VECTOR ( 'NONE', #3254, 1000.000000000000000 ) ;
#3101 =( GEOMETRIC_REPRESENTATION_CONTEXT ( 3 ) GLOBAL_UNCERTAINTY_ASSIGNED_CONTEXT ( ( #230 ) ) GLOBAL_UNIT_ASSIGNED_CONTEXT ( ( #2957, #3270, #1405 ) ) REPRESENTATION_CONTEXT ( 'NONE', 'WORKASPACE' ) );
#3102 = DIRECTION ( 'NONE',  ( 0.000000000000000000, 0.000000000000000000, 1.000000000000000000 ) ) ;
#3103 = DIRECTION ( 'NONE',  ( 0.000000000000000000, 1.000000000000000000, 0.000000000000000000 ) ) ;
#3104 = ORIENTED_EDGE ( 'NONE', *, *, #3706, .F. ) ;
#3105 = FILL_AREA_STYLE_COLOUR ( '', #355 ) ;
#3106 = CARTESIAN_POINT ( 'NONE',  ( -0.3800000000000002265, 0.8000000000000001554, -0.01499999999999999944 ) ) ;
#3107 =( GEOMETRIC_REPRESENTATION_CONTEXT ( 3 ) GLOBAL_UNCERTAINTY_ASSIGNED_CONTEXT ( ( #3696 ) ) GLOBAL_UNIT_ASSIGNED_CONTEXT ( ( #1299, #18, #2180 ) ) REPRESENTATION_CONTEXT ( 'NONE', 'WORKASPACE' ) );
#3108 = DIRECTION ( 'NONE',  ( 0.000000000000000000, 0.000000000000000000, 1.000000000000000000 ) ) ;
#3109 = ORIENTED_EDGE ( 'NONE', *, *, #890, .T. ) ;
#3110 = LINE ( 'NONE', #2214, #2629 ) ;
#3111 = PRESENTATION_LAYER_ASSIGNMENT (  '', '', ( #3306 ) ) ;
#3112 = LINE ( 'NONE', #1190, #1383 ) ;
#3113 = CARTESIAN_POINT ( 'NONE',  ( -0.6450000000000002398, 0.9899999999999993250, 0.000000000000000000 ) ) ;
#3114 = FACE_OUTER_BOUND ( 'NONE', #676, .T. ) ;
#3115 = ADVANCED_FACE ( 'NONE', ( #3870 ), #1346, .T. ) ;
#3116 = ADVANCED_FACE ( 'NONE', ( #3845 ), #1088, .T. ) ;
#3117 = MANIFOLD_SOLID_BREP ( 'LPattern2[2]', #3566 ) ;
#3118 = PLANE ( 'NONE',  #1353 ) ;
#3119 = FILL_AREA_STYLE_COLOUR ( '', #3299 ) ;
#3120 = ORIENTED_EDGE ( 'NONE', *, *, #2445, .F. ) ;
#3121 = CLOSED_SHELL ( 'NONE', ( #2977, #3192, #435, #3687 ) ) ;
#3122 = SURFACE_STYLE_FILL_AREA ( #2476 ) ;
#3123 = ADVANCED_BREP_SHAPE_REPRESENTATION ( 'BD0826J50200AHF', ( #3081, #456, #427, #492, #3127, #3117, #3088, #432, #1778, #3044 ), #862 ) ;
#3124 =( GEOMETRIC_REPRESENTATION_CONTEXT ( 3 ) GLOBAL_UNCERTAINTY_ASSIGNED_CONTEXT ( ( #3014 ) ) GLOBAL_UNIT_ASSIGNED_CONTEXT ( ( #162, #1345, #1055 ) ) REPRESENTATION_CONTEXT ( 'NONE', 'WORKASPACE' ) );
#3125 = FILL_AREA_STYLE ('',( #1640 ) ) ;
#3126 = DIRECTION ( 'NONE',  ( 0.000000000000000000, 0.000000000000000000, 1.000000000000000000 ) ) ;
#3127 = MANIFOLD_SOLID_BREP ( 'LPattern2[1]', #229 ) ;
#3128 = CARTESIAN_POINT ( 'NONE',  ( 0.3800000000000001155, 0.8000000000000000444, -0.01499999999999999944 ) ) ;
#3129 = EDGE_LOOP ( 'NONE', ( #1470, #1671, #1827 ) ) ;
#3130 = ORIENTED_EDGE ( 'NONE', *, *, #2165, .T. ) ;
#3131 = DIRECTION ( 'NONE',  ( 0.000000000000000000, 0.000000000000000000, -1.000000000000000000 ) ) ;
#3132 = UNCERTAINTY_MEASURE_WITH_UNIT (LENGTH_MEASURE( 1.000000000000000082E-05 ), #1715, 'distance_accuracy_value', 'NONE');
#3133 = COLOUR_RGB ( '',0.9607843137254902244, 0.9607843137254902244, 0.9607843137254902244 ) ;
#3134 = DIRECTION ( 'NONE',  ( 0.000000000000000000, -0.000000000000000000, 1.000000000000000000 ) ) ;
#3135 = UNCERTAINTY_MEASURE_WITH_UNIT (LENGTH_MEASURE( 1.000000000000000082E-05 ), #2903, 'distance_accuracy_value', 'NONE');
#3136 =( LENGTH_UNIT ( ) NAMED_UNIT ( * ) SI_UNIT ( .MILLI., .METRE. ) );
#3137 = VECTOR ( 'NONE', #1760, 1000.000000000000000 ) ;
#3138 = PLANE ( 'NONE',  #3544 ) ;
#3139 = FILL_AREA_STYLE ('',( #336 ) ) ;
#3140 =( NAMED_UNIT ( * ) SI_UNIT ( $, .STERADIAN. ) SOLID_ANGLE_UNIT ( ) );
#3141 =( LENGTH_UNIT ( ) NAMED_UNIT ( * ) SI_UNIT ( .MILLI., .METRE. ) );
#3142 = LINE ( 'NONE', #2313, #2626 ) ;
#3143 = VERTEX_POINT ( 'NONE', #3565 ) ;
#3144 = PRESENTATION_LAYER_ASSIGNMENT (  '', '', ( #250 ) ) ;
#3145 = ADVANCED_FACE ( 'NONE', ( #2103 ), #867, .F. ) ;
#3146 = PLANE ( 'NONE',  #952 ) ;
#3147 = EDGE_CURVE ( 'NONE', #586, #2568, #3578, .T. ) ;
#3148 = EDGE_LOOP ( 'NONE', ( #2963, #3943 ) ) ;
#3149 = VERTEX_POINT ( 'NONE', #1740 ) ;
#3150 = CARTESIAN_POINT ( 'NONE',  ( -0.3800000000000002265, 0.5000000000000001110, -0.01499999999999999944 ) ) ;
#3151 = COLOUR_RGB ( '',0.2862745098039215508, 0.2862745098039215508, 0.2862745098039215508 ) ;
#3152 = SURFACE_STYLE_FILL_AREA ( #678 ) ;
#3153 = AXIS2_PLACEMENT_3D ( 'NONE', #3207, #1381, #2933 ) ;
#3154 = MECHANICAL_DESIGN_GEOMETRIC_PRESENTATION_REPRESENTATION (  '', ( #2575 ), #2196 ) ;
#3155 = FILL_AREA_STYLE ('',( #968 ) ) ;
#3156 = ORIENTED_EDGE ( 'NONE', *, *, #2036, .F. ) ;
#3157 = CARTESIAN_POINT ( 'NONE',  ( -0.6150000000000003242, 0.9899999999999995470, 0.6650000000000000355 ) ) ;
#3158 = PRESENTATION_LAYER_ASSIGNMENT (  '', '', ( #2770 ) ) ;
#3159 = SURFACE_STYLE_USAGE ( .BOTH. , #683 ) ;
#3160 = PRESENTATION_STYLE_ASSIGNMENT (( #1925 ) ) ;
#3161 = EDGE_LOOP ( 'NONE', ( #3823, #2904, #2258, #2082 ) ) ;
#3162 = SURFACE_STYLE_USAGE ( .BOTH. , #3451 ) ;
#3163 = VECTOR ( 'NONE', #1073, 1000.000000000000000 ) ;
#3164 = STYLED_ITEM ( 'NONE', ( #2538 ), #2336 ) ;
#3165 = CARTESIAN_POINT ( 'NONE',  ( 0.6449999999999997957, 0.9899999999999993250, 0.000000000000000000 ) ) ;
#3166 = DIRECTION ( 'NONE',  ( 0.000000000000000000, 7.228014483236703064E-15, 1.000000000000000000 ) ) ;
#3167 = FILL_AREA_STYLE_COLOUR ( '', #2980 ) ;
#3168 = ORIENTED_EDGE ( 'NONE', *, *, #3173, .T. ) ;
#3169 = AXIS2_PLACEMENT_3D ( 'NONE', #172, #219, #1976 ) ;
#3170 = ORIENTED_EDGE ( 'NONE', *, *, #2192, .T. ) ;
#3171 = FACE_OUTER_BOUND ( 'NONE', #1868, .T. ) ;
#3172 = ADVANCED_FACE ( 'NONE', ( #1375 ), #486, .F. ) ;
#3173 = EDGE_CURVE ( 'NONE', #3052, #263, #767, .T. ) ;
#3174 = MECHANICAL_DESIGN_GEOMETRIC_PRESENTATION_REPRESENTATION (  '', ( #798 ), #3053 ) ;
#3175 =( GEOMETRIC_REPRESENTATION_CONTEXT ( 3 ) GLOBAL_UNCERTAINTY_ASSIGNED_CONTEXT ( ( #3426 ) ) GLOBAL_UNIT_ASSIGNED_CONTEXT ( ( #2711, #1424, #841 ) ) REPRESENTATION_CONTEXT ( 'NONE', 'WORKASPACE' ) );
#3176 =( NAMED_UNIT ( * ) PLANE_ANGLE_UNIT ( ) SI_UNIT ( $, .RADIAN. ) );
#3177 =( GEOMETRIC_REPRESENTATION_CONTEXT ( 3 ) GLOBAL_UNCERTAINTY_ASSIGNED_CONTEXT ( ( #1753 ) ) GLOBAL_UNIT_ASSIGNED_CONTEXT ( ( #613, #2100, #3056 ) ) REPRESENTATION_CONTEXT ( 'NONE', 'WORKASPACE' ) );
#3178 =( NAMED_UNIT ( * ) PLANE_ANGLE_UNIT ( ) SI_UNIT ( $, .RADIAN. ) );
#3179 = ORIENTED_EDGE ( 'NONE', *, *, #3001, .T. ) ;
#3180 = DIRECTION ( 'NONE',  ( 1.000000000000000000, 0.000000000000000000, -0.000000000000000000 ) ) ;
#3181 = CARTESIAN_POINT ( 'NONE',  ( 0.000000000000000000, 1.300000000000000044, 0.08500000000000000611 ) ) ;
#3182 = ORIENTED_EDGE ( 'NONE', *, *, #3054, .F. ) ;
#3183 =( NAMED_UNIT ( * ) SI_UNIT ( $, .STERADIAN. ) SOLID_ANGLE_UNIT ( ) );
#3184 = SURFACE_STYLE_FILL_AREA ( #3246 ) ;
#3185 = VERTEX_POINT ( 'NONE', #2948 ) ;
#3186 = ORIENTED_EDGE ( 'NONE', *, *, #1140, .F. ) ;
#3187 = PRESENTATION_STYLE_ASSIGNMENT (( #730 ) ) ;
#3188 = AXIS2_PLACEMENT_3D ( 'NONE', #1262, #2205, #1889 ) ;
#3189 = FILL_AREA_STYLE ('',( #478 ) ) ;
#3190 = EDGE_CURVE ( 'NONE', #3588, #140, #467, .T. ) ;
#3191 = STYLED_ITEM ( 'NONE', ( #1648 ), #492 ) ;
#3192 = ADVANCED_FACE ( 'NONE', ( #1044 ), #2647, .T. ) ;
#3193 = PRESENTATION_STYLE_ASSIGNMENT (( #1582 ) ) ;
#3194 = LINE ( 'NONE', #779, #923 ) ;
#3195 = ORIENTED_EDGE ( 'NONE', *, *, #1599, .F. ) ;
#3196 =( GEOMETRIC_REPRESENTATION_CONTEXT ( 3 ) GLOBAL_UNCERTAINTY_ASSIGNED_CONTEXT ( ( #589 ) ) GLOBAL_UNIT_ASSIGNED_CONTEXT ( ( #76, #3410, #2453 ) ) REPRESENTATION_CONTEXT ( 'NONE', 'WORKASPACE' ) );
#3197 = CARTESIAN_POINT ( 'NONE',  ( 0.000000000000000000, 0.000000000000000000, 0.000000000000000000 ) ) ;
#3198 = VECTOR ( 'NONE', #262, 1000.000000000000000 ) ;
#3199 = ORIENTED_EDGE ( 'NONE', *, *, #611, .F. ) ;
#3200 = DIRECTION ( 'NONE',  ( 0.000000000000000000, 0.000000000000000000, 1.000000000000000000 ) ) ;
#3201 = SURFACE_SIDE_STYLE ('',( #2866 ) ) ;
#3202 = CARTESIAN_POINT ( 'NONE',  ( 0.3800000000000001155, 0.8000000000000000444, 0.08500000000000000611 ) ) ;
#3203 = SURFACE_STYLE_FILL_AREA ( #2320 ) ;
#3204 = VERTEX_POINT ( 'NONE', #1805 ) ;
#3205 = EDGE_LOOP ( 'NONE', ( #1225, #2104, #1296, #3486 ) ) ;
#3206 = CARTESIAN_POINT ( 'NONE',  ( 0.3800000000000001155, 0.1500000000000000777, -0.01499999999999999944 ) ) ;
#3207 = CARTESIAN_POINT ( 'NONE',  ( 0.6449999999999997957, -1.020000000000000240, 0.6650000000000000355 ) ) ;
#3208 = SURFACE_STYLE_USAGE ( .BOTH. , #1626 ) ;
#3209 = UNCERTAINTY_MEASURE_WITH_UNIT (LENGTH_MEASURE( 1.000000000000000082E-05 ), #2499, 'distance_accuracy_value', 'NONE');
#3210 = VECTOR ( 'NONE', #3389, 1000.000000000000000 ) ;
#3211 = MECHANICAL_DESIGN_GEOMETRIC_PRESENTATION_REPRESENTATION (  '', ( #3787 ), #1396 ) ;
#3212 = VERTEX_POINT ( 'NONE', #1215 ) ;
#3213 = EDGE_CURVE ( 'NONE', #2680, #402, #3082, .T. ) ;
#3214 = EDGE_CURVE ( 'NONE', #944, #766, #3640, .T. ) ;
#3215 = AXIS2_PLACEMENT_3D ( 'NONE', #1647, #2891, #1940 ) ;
#3216 =( NAMED_UNIT ( * ) PLANE_ANGLE_UNIT ( ) SI_UNIT ( $, .RADIAN. ) );
#3217 = CARTESIAN_POINT ( 'NONE',  ( 0.6000000000000000888, 0.5000000000000001110, 0.000000000000000000 ) ) ;
#3218 = FACE_OUTER_BOUND ( 'NONE', #634, .T. ) ;
#3219 = CARTESIAN_POINT ( 'NONE',  ( -0.6150000000000003242, 0.9899999999999995470, 0.6350000000000000089 ) ) ;
#3220 = VECTOR ( 'NONE', #701, 1000.000000000000000 ) ;
#3221 = DIRECTION ( 'NONE',  ( 0.000000000000000000, -1.000000000000000000, 0.000000000000000000 ) ) ;
#3222 = LINE ( 'NONE', #2543, #3220 ) ;
#3223 = SURFACE_SIDE_STYLE ('',( #3506 ) ) ;
#3224 = DIRECTION ( 'NONE',  ( 1.000000000000000000, -0.000000000000000000, 0.000000000000000000 ) ) ;
#3225 = VERTEX_POINT ( 'NONE', #934 ) ;
#3226 = VERTEX_POINT ( 'NONE', #569 ) ;
#3227 = COLOUR_RGB ( '',0.8039215686274510109, 0.8039215686274510109, 0.8039215686274510109 ) ;
#3228 = DIRECTION ( 'NONE',  ( -0.000000000000000000, -0.000000000000000000, 1.000000000000000000 ) ) ;
#3229 = CARTESIAN_POINT ( 'NONE',  ( 0.6000000000000000888, 0.1500000000000000777, 0.08500000000000000611 ) ) ;
#3230 = VECTOR ( 'NONE', #654, 1000.000000000000000 ) ;
#3231 = VECTOR ( 'NONE', #1681, 1000.000000000000000 ) ;
#3232 = PRESENTATION_STYLE_ASSIGNMENT (( #2329 ) ) ;
#3233 = PRESENTATION_LAYER_ASSIGNMENT (  '', '', ( #142 ) ) ;
#3234 =( GEOMETRIC_REPRESENTATION_CONTEXT ( 3 ) GLOBAL_UNCERTAINTY_ASSIGNED_CONTEXT ( ( #2216 ) ) GLOBAL_UNIT_ASSIGNED_CONTEXT ( ( #2385, #1732, #3536 ) ) REPRESENTATION_CONTEXT ( 'NONE', 'WORKASPACE' ) );
#3235 = SURFACE_STYLE_FILL_AREA ( #1547 ) ;
#3236 = VECTOR ( 'NONE', #920, 1000.000000000000000 ) ;
#3237 = DIRECTION ( 'NONE',  ( -1.000000000000000000, 0.000000000000000000, -0.000000000000000000 ) ) ;
#3238 = DIRECTION ( 'NONE',  ( 1.000000000000000000, 0.000000000000000000, 0.000000000000000000 ) ) ;
#3239 = CARTESIAN_POINT ( 'NONE',  ( 0.3800000000000001155, 0.1500000000000000777, 0.000000000000000000 ) ) ;
#3240 = FILL_AREA_STYLE ('',( #1112 ) ) ;
#3241 = VERTEX_POINT ( 'NONE', #3366 ) ;
#3242 = ADVANCED_FACE ( 'NONE', ( #2683 ), #3304, .F. ) ;
#3243 = ADVANCED_FACE ( 'NONE', ( #302 ), #547, .F. ) ;
#3244 = DIRECTION ( 'NONE',  ( -0.000000000000000000, 0.000000000000000000, 1.000000000000000000 ) ) ;
#3245 =( LENGTH_UNIT ( ) NAMED_UNIT ( * ) SI_UNIT ( .MILLI., .METRE. ) );
#3246 = FILL_AREA_STYLE ('',( #3524 ) ) ;
#3247 = CARTESIAN_POINT ( 'NONE',  ( 0.3800000000000001155, -0.1499999999999998557, -0.01499999999999999944 ) ) ;
#3248 = VERTEX_POINT ( 'NONE', #1280 ) ;
#3249 = SURFACE_STYLE_USAGE ( .BOTH. , #145 ) ;
#3250 = SURFACE_STYLE_USAGE ( .BOTH. , #1067 ) ;
#3251 = CLOSED_SHELL ( 'NONE', ( #2583, #1045, #1838, #1004, #2732, #3686 ) ) ;
#3252 = AXIS2_PLACEMENT_3D ( 'NONE', #3219, #2865, #2619 ) ;
#3253 = FACE_OUTER_BOUND ( 'NONE', #2243, .T. ) ;
#3254 = DIRECTION ( 'NONE',  ( 0.000000000000000000, -1.000000000000000000, 0.000000000000000000 ) ) ;
#3255 = SURFACE_STYLE_USAGE ( .BOTH. , #2025 ) ;
#3256 = DIRECTION ( 'NONE',  ( 1.000000000000000000, 0.000000000000000000, 0.000000000000000000 ) ) ;
#3257 = PRESENTATION_LAYER_ASSIGNMENT (  '', '', ( #366 ) ) ;
#3258 = FACE_OUTER_BOUND ( 'NONE', #1442, .T. ) ;
#3259 = ORIENTED_EDGE ( 'NONE', *, *, #1930, .F. ) ;
#3260 = CARTESIAN_POINT ( 'NONE',  ( -0.6000000000000003109, -0.1499999999999998557, 0.08500000000000000611 ) ) ;
#3261 = VECTOR ( 'NONE', #544, 1000.000000000000000 ) ;
#3262 = LINE ( 'NONE', #1695, #1210 ) ;
#3263 = DIRECTION ( 'NONE',  ( -1.000000000000000000, 0.000000000000000000, 0.000000000000000000 ) ) ;
#3264 =( GEOMETRIC_REPRESENTATION_CONTEXT ( 3 ) GLOBAL_UNCERTAINTY_ASSIGNED_CONTEXT ( ( #2494 ) ) GLOBAL_UNIT_ASSIGNED_CONTEXT ( ( #1308, #2550, #1400 ) ) REPRESENTATION_CONTEXT ( 'NONE', 'WORKASPACE' ) );
#3265 = DIRECTION ( 'NONE',  ( 0.000000000000000000, 0.000000000000000000, -1.000000000000000000 ) ) ;
#3266 = EDGE_CURVE ( 'NONE', #3700, #533, #3718, .T. ) ;
#3267 = ADVANCED_FACE ( 'NONE', ( #359 ), #2239, .T. ) ;
#3268 = PLANE ( 'NONE',  #3038 ) ;
#3269 =( LENGTH_UNIT ( ) NAMED_UNIT ( * ) SI_UNIT ( .MILLI., .METRE. ) );
#3270 =( NAMED_UNIT ( * ) PLANE_ANGLE_UNIT ( ) SI_UNIT ( $, .RADIAN. ) );
#3271 = LINE ( 'NONE', #516, #1192 ) ;
#3272 = FILL_AREA_STYLE ('',( #1707 ) ) ;
#3273 = AXIS2_PLACEMENT_3D ( 'NONE', #1806, #1157, #3325 ) ;
#3274 = DIRECTION ( 'NONE',  ( 0.000000000000000000, -1.000000000000000000, 0.000000000000000000 ) ) ;
#3275 = CARTESIAN_POINT ( 'NONE',  ( 0.3800000000000001155, -0.7999999999999998224, 0.08500000000000000611 ) ) ;
#3276 = CARTESIAN_POINT ( 'NONE',  ( 0.3800000000000001155, -0.4999999999999998890, -0.01499999999999999944 ) ) ;
#3277 = ORIENTED_EDGE ( 'NONE', *, *, #965, .F. ) ;
#3278 = VECTOR ( 'NONE', #2020, 1000.000000000000000 ) ;
#3279 = LINE ( 'NONE', #1063, #3786 ) ;
#3280 = CARTESIAN_POINT ( 'NONE',  ( -0.6000000000000003109, -0.4999999999999997780, 0.000000000000000000 ) ) ;
#3281 =( GEOMETRIC_REPRESENTATION_CONTEXT ( 3 ) GLOBAL_UNCERTAINTY_ASSIGNED_CONTEXT ( ( #2380 ) ) GLOBAL_UNIT_ASSIGNED_CONTEXT ( ( #3580, #2076, #267 ) ) REPRESENTATION_CONTEXT ( 'NONE', 'WORKASPACE' ) );
#3282 = SURFACE_STYLE_USAGE ( .BOTH. , #2060 ) ;
#3283 = PRESENTATION_STYLE_ASSIGNMENT (( #2730 ) ) ;
#3284 = VERTEX_POINT ( 'NONE', #1020 ) ;
#3285 =( LENGTH_UNIT ( ) NAMED_UNIT ( * ) SI_UNIT ( .MILLI., .METRE. ) );
#3286 = COLOUR_RGB ( '',0.8039215686274510109, 0.8039215686274510109, 0.8039215686274510109 ) ;
#3287 = FILL_AREA_STYLE ('',( #2063 ) ) ;
#3288 = ADVANCED_FACE ( 'NONE', ( #1258 ), #3118, .F. ) ;
#3289 = VECTOR ( 'NONE', #3520, 1000.000000000000000 ) ;
#3290 = PRESENTATION_LAYER_ASSIGNMENT (  '', '', ( #1541 ) ) ;
#3291 = MECHANICAL_DESIGN_GEOMETRIC_PRESENTATION_REPRESENTATION (  '', ( #3611 ), #400 ) ;
#3292 = CARTESIAN_POINT ( 'NONE',  ( -0.6150000000000003242, -1.020000000000000240, 0.6350000000000000089 ) ) ;
#3293 = DIRECTION ( 'NONE',  ( 0.000000000000000000, 0.000000000000000000, -1.000000000000000000 ) ) ;
#3294 = PRESENTATION_LAYER_ASSIGNMENT (  '', '', ( #3743 ) ) ;
#3295 = DIRECTION ( 'NONE',  ( 0.000000000000000000, 1.000000000000000000, 0.000000000000000000 ) ) ;
#3296 = COLOUR_RGB ( '',0.2862745098039215508, 0.2862745098039215508, 0.2862745098039215508 ) ;
#3297 = PLANE ( 'NONE',  #671 ) ;
#3298 = VECTOR ( 'NONE', #2470, 1000.000000000000000 ) ;
#3299 = COLOUR_RGB ( '',0.2862745098039215508, 0.2862745098039215508, 0.2862745098039215508 ) ;
#3300 = CARTESIAN_POINT ( 'NONE',  ( 0.6000000000000000888, -0.1499999999999998557, 0.08500000000000000611 ) ) ;
#3301 =( LENGTH_UNIT ( ) NAMED_UNIT ( * ) SI_UNIT ( .MILLI., .METRE. ) );
#3302 = EDGE_LOOP ( 'NONE', ( #1682, #2437, #3195, #3199 ) ) ;
#3303 = AXIS2_PLACEMENT_3D ( 'NONE', #3900, #211, #1209 ) ;
#3304 = PLANE ( 'NONE',  #2920 ) ;
#3305 = SURFACE_SIDE_STYLE ('',( #283 ) ) ;
#3306 = STYLED_ITEM ( 'NONE', ( #326 ), #3652 ) ;
#3307 =( NAMED_UNIT ( * ) PLANE_ANGLE_UNIT ( ) SI_UNIT ( $, .RADIAN. ) );
#3308 = EDGE_LOOP ( 'NONE', ( #2123, #1175, #3386 ) ) ;
#3309 = DIRECTION ( 'NONE',  ( -1.000000000000000000, 0.000000000000000000, 0.000000000000000000 ) ) ;
#3310 =( LENGTH_UNIT ( ) NAMED_UNIT ( * ) SI_UNIT ( .MILLI., .METRE. ) );
#3311 = ORIENTED_EDGE ( 'NONE', *, *, #3529, .T. ) ;
#3312 = ORIENTED_EDGE ( 'NONE', *, *, #1627, .T. ) ;
#3313 = PLANE ( 'NONE',  #2334 ) ;
#3314 = DIRECTION ( 'NONE',  ( -0.000000000000000000, -0.000000000000000000, 1.000000000000000000 ) ) ;
#3315 = VECTOR ( 'NONE', #1766, 1000.000000000000000 ) ;
#3316 = DIRECTION ( 'NONE',  ( -0.000000000000000000, 0.000000000000000000, -1.000000000000000000 ) ) ;
#3317 = ADVANCED_FACE ( 'NONE', ( #2337 ), #2615, .F. ) ;
#3318 = SURFACE_SIDE_STYLE ('',( #1136 ) ) ;
#3319 = FILL_AREA_STYLE_COLOUR ( '', #209 ) ;
#3320 = DIRECTION ( 'NONE',  ( -1.000000000000000000, -0.000000000000000000, -0.000000000000000000 ) ) ;
#3321 = VERTEX_POINT ( 'NONE', #763 ) ;
#3322 = VECTOR ( 'NONE', #3031, 1000.000000000000000 ) ;
#3323 = CARTESIAN_POINT ( 'NONE',  ( -0.6000000000000003109, 0.1500000000000001887, 0.08500000012645614333 ) ) ;
#3324 =( GEOMETRIC_REPRESENTATION_CONTEXT ( 3 ) GLOBAL_UNCERTAINTY_ASSIGNED_CONTEXT ( ( #882 ) ) GLOBAL_UNIT_ASSIGNED_CONTEXT ( ( #3057, #3969, #3073 ) ) REPRESENTATION_CONTEXT ( 'NONE', 'WORKASPACE' ) );
#3325 = DIRECTION ( 'NONE',  ( -0.000000000000000000, 0.000000000000000000, -1.000000000000000000 ) ) ;
#3326 =( NAMED_UNIT ( * ) SI_UNIT ( $, .STERADIAN. ) SOLID_ANGLE_UNIT ( ) );
#3327 = VERTEX_POINT ( 'NONE', #827 ) ;
#3328 = DIRECTION ( 'NONE',  ( -0.000000000000000000, 1.000000000000000000, -0.000000000000000000 ) ) ;
#3329 = COLOUR_RGB ( '',0.8039215686274510109, 0.8039215686274510109, 0.8039215686274510109 ) ;
#3330 = UNCERTAINTY_MEASURE_WITH_UNIT (LENGTH_MEASURE( 1.000000000000000082E-05 ), #1268, 'distance_accuracy_value', 'NONE');
#3331 = DIRECTION ( 'NONE',  ( -1.000000000000000000, 0.000000000000000000, 0.000000000000000000 ) ) ;
#3332 = ORIENTED_EDGE ( 'NONE', *, *, #3903, .F. ) ;
#3333 = EDGE_LOOP ( 'NONE', ( #1787, #1853, #1568, #902 ) ) ;
#3334 = DIRECTION ( 'NONE',  ( 1.000000000000000000, 0.000000000000000000, 0.000000000000000000 ) ) ;
#3335 = UNCERTAINTY_MEASURE_WITH_UNIT (LENGTH_MEASURE( 1.000000000000000082E-05 ), #3141, 'distance_accuracy_value', 'NONE');
#3336 = VECTOR ( 'NONE', #1230, 1000.000000000000000 ) ;
#3337 =( NAMED_UNIT ( * ) SI_UNIT ( $, .STERADIAN. ) SOLID_ANGLE_UNIT ( ) );
#3338 = FILL_AREA_STYLE ('',( #29 ) ) ;
#3339 = FILL_AREA_STYLE ('',( #3319 ) ) ;
#3340 = LINE ( 'NONE', #3942, #3261 ) ;
#3341 = VERTEX_POINT ( 'NONE', #2598 ) ;
#3342 = EDGE_CURVE ( 'NONE', #993, #1712, #2007, .T. ) ;
#3343 = EDGE_CURVE ( 'NONE', #655, #1927, #738, .T. ) ;
#3344 = PLANE ( 'NONE',  #3663 ) ;
#3345 = CARTESIAN_POINT ( 'NONE',  ( 0.3800000000000001155, 0.8000000000000000444, 0.000000000000000000 ) ) ;
#3346 = ORIENTED_EDGE ( 'NONE', *, *, #3772, .T. ) ;
#3347 = CARTESIAN_POINT ( 'NONE',  ( -0.6150000000000003242, -0.9900000000000002132, 0.6350000000000000089 ) ) ;
#3348 = PRESENTATION_LAYER_ASSIGNMENT (  '', '', ( #580 ) ) ;
#3349 = SURFACE_STYLE_USAGE ( .BOTH. , #3393 ) ;
#3350 =( GEOMETRIC_REPRESENTATION_CONTEXT ( 3 ) GLOBAL_UNCERTAINTY_ASSIGNED_CONTEXT ( ( #3690 ) ) GLOBAL_UNIT_ASSIGNED_CONTEXT ( ( #1367, #1702, #1749 ) ) REPRESENTATION_CONTEXT ( 'NONE', 'WORKASPACE' ) );
#3351 = DIRECTION ( 'NONE',  ( 0.000000000000000000, 0.000000000000000000, -1.000000000000000000 ) ) ;
#3352 = EDGE_LOOP ( 'NONE', ( #3918, #962, #1288, #3542 ) ) ;
#3353 = FILL_AREA_STYLE ('',( #2997 ) ) ;
#3354 = ORIENTED_EDGE ( 'NONE', *, *, #2058, .F. ) ;
#3355 = LINE ( 'NONE', #2767, #2757 ) ;
#3356 = COLOUR_RGB ( '',0.2862745098039215508, 0.2862745098039215508, 0.2862745098039215508 ) ;
#3357 = FILL_AREA_STYLE_COLOUR ( '', #2563 ) ;
#3358 = CIRCLE ( 'NONE', #2975, 0.07500000000000003886 ) ;
#3359 = AXIS2_PLACEMENT_3D ( 'NONE', #2595, #1384, #2634 ) ;
#3360 = VECTOR ( 'NONE', #1131, 1000.000000000000000 ) ;
#3361 = SURFACE_STYLE_USAGE ( .BOTH. , #2465 ) ;
#3362 =( NAMED_UNIT ( * ) SI_UNIT ( $, .STERADIAN. ) SOLID_ANGLE_UNIT ( ) );
#3363 = DIRECTION ( 'NONE',  ( 1.000000000000000000, 0.000000000000000000, 0.000000000000000000 ) ) ;
#3364 = ORIENTED_EDGE ( 'NONE', *, *, #2086, .T. ) ;
#3365 = FACE_OUTER_BOUND ( 'NONE', #3669, .T. ) ;
#3366 = CARTESIAN_POINT ( 'NONE',  ( -0.6000000000000003109, -0.7999999999999998224, 0.08500000000000000611 ) ) ;
#3367 = EDGE_CURVE ( 'NONE', #411, #2378, #1969, .T. ) ;
#3368 = DIRECTION ( 'NONE',  ( 1.000000000000000000, 0.000000000000000000, 0.000000000000000000 ) ) ;
#3369 = EDGE_CURVE ( 'NONE', #26, #1915, #3878, .T. ) ;
#3370 = FILL_AREA_STYLE_COLOUR ( '', #625 ) ;
#3371 = ORIENTED_EDGE ( 'NONE', *, *, #1406, .F. ) ;
#3372 = PRESENTATION_LAYER_ASSIGNMENT (  '', '', ( #870 ) ) ;
#3373 = DIRECTION ( 'NONE',  ( 0.000000000000000000, 0.000000000000000000, -1.000000000000000000 ) ) ;
#3374 = CIRCLE ( 'NONE', #476, 0.03547499999999997877 ) ;
#3375 =( GEOMETRIC_REPRESENTATION_CONTEXT ( 3 ) GLOBAL_UNCERTAINTY_ASSIGNED_CONTEXT ( ( #2504 ) ) GLOBAL_UNIT_ASSIGNED_CONTEXT ( ( #3678, #1477, #3916 ) ) REPRESENTATION_CONTEXT ( 'NONE', 'WORKASPACE' ) );
#3376 = SURFACE_STYLE_USAGE ( .BOTH. , #2477 ) ;
#3377 = EDGE_CURVE ( 'NONE', #3889, #649, #1655, .T. ) ;
#3378 =( NAMED_UNIT ( * ) SI_UNIT ( $, .STERADIAN. ) SOLID_ANGLE_UNIT ( ) );
#3379 =( LENGTH_UNIT ( ) NAMED_UNIT ( * ) SI_UNIT ( .MILLI., .METRE. ) );
#3380 = EDGE_LOOP ( 'NONE', ( #116, #352, #2898, #1772 ) ) ;
#3381 = ORIENTED_EDGE ( 'NONE', *, *, #2058, .T. ) ;
#3382 = DIRECTION ( 'NONE',  ( -0.000000000000000000, -0.000000000000000000, -1.000000000000000000 ) ) ;
#3383 = DIRECTION ( 'NONE',  ( 0.000000000000000000, -0.000000000000000000, -1.000000000000000000 ) ) ;
#3384 = FILL_AREA_STYLE ('',( #3511 ) ) ;
#3385 = SURFACE_SIDE_STYLE ('',( #2467 ) ) ;
#3386 = ORIENTED_EDGE ( 'NONE', *, *, #1807, .F. ) ;
#3387 = CIRCLE ( 'NONE', #1062, 0.02999999999999997113 ) ;
#3388 = DIRECTION ( 'NONE',  ( 1.000000000000000000, 0.000000000000000000, 0.000000000000000000 ) ) ;
#3389 = DIRECTION ( 'NONE',  ( -0.000000000000000000, -0.000000000000000000, 1.000000000000000000 ) ) ;
#3390 = SURFACE_STYLE_USAGE ( .BOTH. , #955 ) ;
#3391 = VERTEX_POINT ( 'NONE', #1110 ) ;
#3392 = LINE ( 'NONE', #650, #2164 ) ;
#3393 = SURFACE_SIDE_STYLE ('',( #2743 ) ) ;
#3394 = SURFACE_SIDE_STYLE ('',( #25 ) ) ;
#3395 = EDGE_LOOP ( 'NONE', ( #748, #2436, #3104, #3628 ) ) ;
#3396 = PRESENTATION_LAYER_ASSIGNMENT (  '', '', ( #1129 ) ) ;
#3397 = ORIENTED_EDGE ( 'NONE', *, *, #2219, .F. ) ;
#3398 = LINE ( 'NONE', #2189, #834 ) ;
#3399 = ADVANCED_FACE ( 'NONE', ( #3258 ), #2579, .F. ) ;
#3400 = ADVANCED_FACE ( 'NONE', ( #1636 ), #2879, .T. ) ;
#3401 = VECTOR ( 'NONE', #3501, 1000.000000000000000 ) ;
#3402 = CARTESIAN_POINT ( 'NONE',  ( -0.3800000000000002265, -0.1499999999999998557, -0.01499999999999999944 ) ) ;
#3403 = PRESENTATION_LAYER_ASSIGNMENT (  '', '', ( #1135 ) ) ;
#3404 =( LENGTH_UNIT ( ) NAMED_UNIT ( * ) SI_UNIT ( .MILLI., .METRE. ) );
#3405 =( LENGTH_UNIT ( ) NAMED_UNIT ( * ) SI_UNIT ( .MILLI., .METRE. ) );
#3406 = ORIENTED_EDGE ( 'NONE', *, *, #1117, .F. ) ;
#3407 = DIRECTION ( 'NONE',  ( -0.000000000000000000, -0.000000000000000000, 1.000000000000000000 ) ) ;
#3408 = CARTESIAN_POINT ( 'NONE',  ( -0.6000000000000003109, -0.4999999999999997780, 0.08500000000000000611 ) ) ;
#3409 = FILL_AREA_STYLE_COLOUR ( '', #3684 ) ;
#3410 =( NAMED_UNIT ( * ) PLANE_ANGLE_UNIT ( ) SI_UNIT ( $, .RADIAN. ) );
#3411 = ORIENTED_EDGE ( 'NONE', *, *, #3530, .F. ) ;
#3412 = PRESENTATION_LAYER_ASSIGNMENT (  '', '', ( #3722 ) ) ;
#3413 = CARTESIAN_POINT ( 'NONE',  ( -0.3800000000000002265, -0.4999999999999997780, -0.01499999999999999944 ) ) ;
#3414 = DIRECTION ( 'NONE',  ( 1.000000000000000000, -0.000000000000000000, 0.000000000000000000 ) ) ;
#3415 = STYLED_ITEM ( 'NONE', ( #468 ), #3753 ) ;
#3416 = CARTESIAN_POINT ( 'NONE',  ( 0.000000000000000000, 0.000000000000000000, 0.000000000000000000 ) ) ;
#3417 = ORIENTED_EDGE ( 'NONE', *, *, #1489, .T. ) ;
#3418 = ORIENTED_EDGE ( 'NONE', *, *, #293, .F. ) ;
#3419 = CARTESIAN_POINT ( 'NONE',  ( -0.6000000000000003109, 0.1500000000000001887, 0.08500000000000000611 ) ) ;
#3420 = UNCERTAINTY_MEASURE_WITH_UNIT (LENGTH_MEASURE( 1.000000000000000082E-05 ), #3448, 'distance_accuracy_value', 'NONE');
#3421 = COLOUR_RGB ( '',0.8039215686274510109, 0.8039215686274510109, 0.8039215686274510109 ) ;
#3422 = ADVANCED_FACE ( 'NONE', ( #2442 ), #2090, .F. ) ;
#3423 = ADVANCED_FACE ( 'NONE', ( #1172 ), #3297, .T. ) ;
#3424 = PRESENTATION_LAYER_ASSIGNMENT (  '', '', ( #1532 ) ) ;
#3425 = FACE_OUTER_BOUND ( 'NONE', #1270, .T. ) ;
#3426 = UNCERTAINTY_MEASURE_WITH_UNIT (LENGTH_MEASURE( 1.000000000000000082E-05 ), #2711, 'distance_accuracy_value', 'NONE');
#3427 = SURFACE_STYLE_FILL_AREA ( #1583 ) ;
#3428 = VERTEX_POINT ( 'NONE', #2716 ) ;
#3429 = MECHANICAL_DESIGN_GEOMETRIC_PRESENTATION_REPRESENTATION (  '', ( #2328 ), #3677 ) ;
#3430 = STYLED_ITEM ( 'NONE', ( #3160 ), #3843 ) ;
#3431 = MECHANICAL_DESIGN_GEOMETRIC_PRESENTATION_REPRESENTATION (  '', ( #1347 ), #2781 ) ;
#3432 = DIRECTION ( 'NONE',  ( -1.000000000000000000, 0.000000000000000000, 0.000000000000000000 ) ) ;
#3433 = PLANE ( 'NONE',  #395 ) ;
#3434 = CARTESIAN_POINT ( 'NONE',  ( -0.5085750000000003324, 0.9190499999999995895, 0.6650000000000000355 ) ) ;
#3435 = VERTEX_POINT ( 'NONE', #3715 ) ;
#3436 = SURFACE_SIDE_STYLE ('',( #22 ) ) ;
#3437 = COLOUR_RGB ( '',0.8039215686274510109, 0.8039215686274510109, 0.8039215686274510109 ) ;
#3438 = CARTESIAN_POINT ( 'NONE',  ( 0.000000000000000000, 1.300000000000000044, 0.08500000000000000611 ) ) ;
#3439 = VECTOR ( 'NONE', #3635, 1000.000000000000000 ) ;
#3440 = LINE ( 'NONE', #3128, #1812 ) ;
#3441 = ORIENTED_EDGE ( 'NONE', *, *, #3001, .F. ) ;
#3442 = ORIENTED_EDGE ( 'NONE', *, *, #1068, .F. ) ;
#3443 = DIRECTION ( 'NONE',  ( 0.000000000000000000, 1.000000000000000000, 0.000000000000000000 ) ) ;
#3444 = AXIS2_PLACEMENT_3D ( 'NONE', #1233, #2487, #2176 ) ;
#3445 = SURFACE_SIDE_STYLE ('',( #598 ) ) ;
#3446 = ORIENTED_EDGE ( 'NONE', *, *, #3447, .F. ) ;
#3447 = EDGE_CURVE ( 'NONE', #3327, #1419, #1526, .T. ) ;
#3448 =( LENGTH_UNIT ( ) NAMED_UNIT ( * ) SI_UNIT ( .MILLI., .METRE. ) );
#3449 = DIRECTION ( 'NONE',  ( 1.000000000000000000, -0.000000000000000000, -0.000000000000000000 ) ) ;
#3450 = VERTEX_POINT ( 'NONE', #2218 ) ;
#3451 = SURFACE_SIDE_STYLE ('',( #3122 ) ) ;
#3452 = DIRECTION ( 'NONE',  ( -0.000000000000000000, 0.000000000000000000, 1.000000000000000000 ) ) ;
#3453 = ORIENTED_EDGE ( 'NONE', *, *, #3875, .F. ) ;
#3454 = VERTEX_POINT ( 'NONE', #3113 ) ;
#3455 = DIRECTION ( 'NONE',  ( 1.000000000000000000, 0.000000000000000000, 0.000000000000000000 ) ) ;
#3456 = COLOUR_RGB ( '',0.2862745098039215508, 0.2862745098039215508, 0.2862745098039215508 ) ;
#3457 = UNCERTAINTY_MEASURE_WITH_UNIT (LENGTH_MEASURE( 1.000000000000000082E-05 ), #1911, 'distance_accuracy_value', 'NONE');
#3458 = MECHANICAL_DESIGN_GEOMETRIC_PRESENTATION_REPRESENTATION (  '', ( #2877 ), #44 ) ;
#3459 =( GEOMETRIC_REPRESENTATION_CONTEXT ( 3 ) GLOBAL_UNCERTAINTY_ASSIGNED_CONTEXT ( ( #2939 ) ) GLOBAL_UNIT_ASSIGNED_CONTEXT ( ( #2153, #296, #2105 ) ) REPRESENTATION_CONTEXT ( 'NONE', 'WORKASPACE' ) );
#3460 =( NAMED_UNIT ( * ) SI_UNIT ( $, .STERADIAN. ) SOLID_ANGLE_UNIT ( ) );
#3461 = EDGE_LOOP ( 'NONE', ( #1326, #1751, #3888, #1153 ) ) ;
#3462 = SURFACE_STYLE_USAGE ( .BOTH. , #737 ) ;
#3463 = VECTOR ( 'NONE', #1597, 1000.000000000000000 ) ;
#3464 = DIRECTION ( 'NONE',  ( -1.000000000000000000, 0.000000000000000000, -0.000000000000000000 ) ) ;
#3465 = VERTEX_POINT ( 'NONE', #2816 ) ;
#3466 = EDGE_CURVE ( 'NONE', #1178, #527, #143, .T. ) ;
#3467 = EDGE_CURVE ( 'NONE', #586, #1834, #2608, .T. ) ;
#3468 = DIRECTION ( 'NONE',  ( 1.000000000000000000, 0.000000000000000000, -0.000000000000000000 ) ) ;
#3469 = CARTESIAN_POINT ( 'NONE',  ( -0.5085750000000003324, 0.9190499999999995895, 0.6550000000000000266 ) ) ;
#3470 = EDGE_LOOP ( 'NONE', ( #2365, #2210, #109, #1893 ) ) ;
#3471 = EDGE_LOOP ( 'NONE', ( #1373, #1318, #3783, #3902 ) ) ;
#3472 = CARTESIAN_POINT ( 'NONE',  ( -0.6000000000000003109, 0.8000000000000001554, 0.000000000000000000 ) ) ;
#3473 = AXIS2_PLACEMENT_3D ( 'NONE', #2406, #239, #3919 ) ;
#3474 = CARTESIAN_POINT ( 'NONE',  ( -0.6450000000000002398, -0.9900000000000002132, 0.6650000000000000355 ) ) ;
#3475 = VECTOR ( 'NONE', #446, 1000.000000000000000 ) ;
#3476 = DIRECTION ( 'NONE',  ( 0.000000000000000000, -0.000000000000000000, -1.000000000000000000 ) ) ;
#3477 =( NAMED_UNIT ( * ) PLANE_ANGLE_UNIT ( ) SI_UNIT ( $, .RADIAN. ) );
#3478 = MECHANICAL_DESIGN_GEOMETRIC_PRESENTATION_REPRESENTATION (  '', ( #2402 ), #397 ) ;
#3479 = ORIENTED_EDGE ( 'NONE', *, *, #536, .T. ) ;
#3480 = CARTESIAN_POINT ( 'NONE',  ( -0.6000000000000003109, -0.4999999999999997780, 0.08500000000000000611 ) ) ;
#3481 = EDGE_CURVE ( 'NONE', #2680, #1854, #1053, .T. ) ;
#3482 = FACE_OUTER_BOUND ( 'NONE', #3058, .T. ) ;
#3483 = SURFACE_STYLE_USAGE ( .BOTH. , #1336 ) ;
#3484 = DIRECTION ( 'NONE',  ( -0.000000000000000000, 1.000000000000000000, -0.000000000000000000 ) ) ;
#3485 = VERTEX_POINT ( 'NONE', #949 ) ;
#3486 = ORIENTED_EDGE ( 'NONE', *, *, #3076, .T. ) ;
#3487 = FILL_AREA_STYLE ('',( #102 ) ) ;
#3488 = UNCERTAINTY_MEASURE_WITH_UNIT (LENGTH_MEASURE( 1.000000000000000082E-05 ), #148, 'distance_accuracy_value', 'NONE');
#3489 = EDGE_CURVE ( 'NONE', #868, #885, #46, .T. ) ;
#3490 = CIRCLE ( 'NONE', #2148, 0.02999999999999997113 ) ;
#3491 = CARTESIAN_POINT ( 'NONE',  ( 0.3800000000000001155, 0.1500000000000000777, 0.08500000000000000611 ) ) ;
#3492 = FILL_AREA_STYLE ('',( #2021 ) ) ;
#3493 = VECTOR ( 'NONE', #897, 1000.000000000000000 ) ;
#3494 = UNCERTAINTY_MEASURE_WITH_UNIT (LENGTH_MEASURE( 1.000000000000000082E-05 ), #987, 'distance_accuracy_value', 'NONE');
#3495 = AXIS2_PLACEMENT_3D ( 'NONE', #2177, #3958, #3363 ) ;
#3496 = FILL_AREA_STYLE ('',( #3792 ) ) ;
#3497 = AXIS2_PLACEMENT_3D ( 'NONE', #80, #745, #3760 ) ;
#3498 = ORIENTED_EDGE ( 'NONE', *, *, #984, .T. ) ;
#3499 = CARTESIAN_POINT ( 'NONE',  ( -0.5795250000000002899, 0.9190499999999995895, 0.6550000000000000266 ) ) ;
#3500 = CARTESIAN_POINT ( 'NONE',  ( -0.6000000000000003109, 0.5000000000000001110, -0.01499999999999999944 ) ) ;
#3501 = DIRECTION ( 'NONE',  ( -1.000000000000000000, 0.000000000000000000, 0.000000000000000000 ) ) ;
#3502 = ORIENTED_EDGE ( 'NONE', *, *, #1243, .T. ) ;
#3503 =( LENGTH_UNIT ( ) NAMED_UNIT ( * ) SI_UNIT ( .MILLI., .METRE. ) );
#3504 =( NAMED_UNIT ( * ) PLANE_ANGLE_UNIT ( ) SI_UNIT ( $, .RADIAN. ) );
#3505 = LINE ( 'NONE', #2246, #2324 ) ;
#3506 = SURFACE_STYLE_FILL_AREA ( #3804 ) ;
#3507 = SURFACE_SIDE_STYLE ('',( #1979 ) ) ;
#3508 = EDGE_LOOP ( 'NONE', ( #961, #3311, #1899, #2581 ) ) ;
#3509 =( NAMED_UNIT ( * ) PLANE_ANGLE_UNIT ( ) SI_UNIT ( $, .RADIAN. ) );
#3510 = CLOSED_SHELL ( 'NONE', ( #3422, #2038, #205, #513, #3826, #703 ) ) ;
#3511 = FILL_AREA_STYLE_COLOUR ( '', #994 ) ;
#3512 = SURFACE_STYLE_FILL_AREA ( #2609 ) ;
#3513 = PRESENTATION_LAYER_ASSIGNMENT (  '', '', ( #1124 ) ) ;
#3514 = EDGE_CURVE ( 'NONE', #402, #3485, #1254, .T. ) ;
#3515 = ADVANCED_FACE ( 'NONE', ( #929 ), #2773, .F. ) ;
#3516 = COLOUR_RGB ( '',0.8039215686274510109, 0.8039215686274510109, 0.8039215686274510109 ) ;
#3517 = FILL_AREA_STYLE_COLOUR ( '', #2845 ) ;
#3518 = DIRECTION ( 'NONE',  ( 1.000000000000000000, 0.000000000000000000, 0.000000000000000000 ) ) ;
#3519 = MECHANICAL_DESIGN_GEOMETRIC_PRESENTATION_REPRESENTATION (  '', ( #751 ), #2688 ) ;
#3520 = DIRECTION ( 'NONE',  ( -1.000000000000000000, 0.000000000000000000, 0.000000000000000000 ) ) ;
#3521 = ORIENTED_EDGE ( 'NONE', *, *, #2141, .F. ) ;
#3522 = FACE_OUTER_BOUND ( 'NONE', #1022, .T. ) ;
#3523 = FILL_AREA_STYLE ('',( #503 ) ) ;
#3524 = FILL_AREA_STYLE_COLOUR ( '', #2200 ) ;
#3525 = PLANE ( 'NONE',  #104 ) ;
#3526 = VERTEX_POINT ( 'NONE', #1860 ) ;
#3527 = EDGE_LOOP ( 'NONE', ( #313, #1370, #1888, #1143 ) ) ;
#3528 =( NAMED_UNIT ( * ) SI_UNIT ( $, .STERADIAN. ) SOLID_ANGLE_UNIT ( ) );
#3529 = EDGE_CURVE ( 'NONE', #1980, #26, #3096, .T. ) ;
#3530 = EDGE_CURVE ( 'NONE', #363, #1915, #1680, .T. ) ;
#3531 = DIRECTION ( 'NONE',  ( 0.000000000000000000, -0.000000000000000000, 1.000000000000000000 ) ) ;
#3532 = SURFACE_SIDE_STYLE ('',( #2309 ) ) ;
#3533 = CIRCLE ( 'NONE', #2317, 0.02999999999999997113 ) ;
#3534 = VECTOR ( 'NONE', #177, 1000.000000000000000 ) ;
#3535 = DIRECTION ( 'NONE',  ( 0.000000000000000000, -0.000000000000000000, -1.000000000000000000 ) ) ;
#3536 =( NAMED_UNIT ( * ) SI_UNIT ( $, .STERADIAN. ) SOLID_ANGLE_UNIT ( ) );
#3537 = VERTEX_POINT ( 'NONE', #3413 ) ;
#3538 = COLOUR_RGB ( '',0.8039215686274510109, 0.8039215686274510109, 0.8039215686274510109 ) ;
#3539 = PLANE ( 'NONE',  #3273 ) ;
#3540 = CARTESIAN_POINT ( 'NONE',  ( -0.6000000000000003109, 0.5000000000000001110, 0.000000000000000000 ) ) ;
#3541 = CARTESIAN_POINT ( 'NONE',  ( -0.6000000000000003109, 0.5000000000000001110, 0.08500000012645614333 ) ) ;
#3542 = ORIENTED_EDGE ( 'NONE', *, *, #2036, .T. ) ;
#3543 = ORIENTED_EDGE ( 'NONE', *, *, #2535, .T. ) ;
#3544 = AXIS2_PLACEMENT_3D ( 'NONE', #377, #713, #1001 ) ;
#3545 = STYLED_ITEM ( 'NONE', ( #2798 ), #3097 ) ;
#3546 =( NAMED_UNIT ( * ) SI_UNIT ( $, .STERADIAN. ) SOLID_ANGLE_UNIT ( ) );
#3547 = PRESENTATION_STYLE_ASSIGNMENT (( #511 ) ) ;
#3548 = AXIS2_PLACEMENT_3D ( 'NONE', #1099, #706, #771 ) ;
#3549 = DIRECTION ( 'NONE',  ( 0.000000000000000000, 0.000000000000000000, 1.000000000000000000 ) ) ;
#3550 = FILL_AREA_STYLE ('',( #2331 ) ) ;
#3551 =( GEOMETRIC_REPRESENTATION_CONTEXT ( 3 ) GLOBAL_UNCERTAINTY_ASSIGNED_CONTEXT ( ( #3934 ) ) GLOBAL_UNIT_ASSIGNED_CONTEXT ( ( #2107, #3613, #276 ) ) REPRESENTATION_CONTEXT ( 'NONE', 'WORKASPACE' ) );
#3552 = CARTESIAN_POINT ( 'NONE',  ( 0.3800000000000001155, 0.8000000000000000444, 0.08500000000000000611 ) ) ;
#3553 =( LENGTH_UNIT ( ) NAMED_UNIT ( * ) SI_UNIT ( .MILLI., .METRE. ) );
#3554 = ORIENTED_EDGE ( 'NONE', *, *, #2631, .T. ) ;
#3555 =( GEOMETRIC_REPRESENTATION_CONTEXT ( 3 ) GLOBAL_UNCERTAINTY_ASSIGNED_CONTEXT ( ( #964 ) ) GLOBAL_UNIT_ASSIGNED_CONTEXT ( ( #1245, #958, #2708 ) ) REPRESENTATION_CONTEXT ( 'NONE', 'WORKASPACE' ) );
#3556 = DIRECTION ( 'NONE',  ( -0.000000000000000000, 1.000000000000000000, -0.000000000000000000 ) ) ;
#3557 =( LENGTH_UNIT ( ) NAMED_UNIT ( * ) SI_UNIT ( .MILLI., .METRE. ) );
#3558 = EDGE_CURVE ( 'NONE', #3391, #3435, #1831, .T. ) ;
#3559 = EDGE_CURVE ( 'NONE', #2758, #649, #1496, .T. ) ;
#3560 = SURFACE_SIDE_STYLE ('',( #3834 ) ) ;
#3561 =( LENGTH_UNIT ( ) NAMED_UNIT ( * ) SI_UNIT ( .MILLI., .METRE. ) );
#3562 = EDGE_LOOP ( 'NONE', ( #1449, #3575, #3727, #2432 ) ) ;
#3563 = CARTESIAN_POINT ( 'NONE',  ( -0.3800000000000002265, 0.1500000000000001887, 0.08500000012645614333 ) ) ;
#3564 = CARTESIAN_POINT ( 'NONE',  ( -0.6150000000000003242, -1.020000000000000240, 0.000000000000000000 ) ) ;
#3565 = CARTESIAN_POINT ( 'NONE',  ( -0.5795250000000002899, 0.9190499999999995895, 0.6650000000000000355 ) ) ;
#3566 = CLOSED_SHELL ( 'NONE', ( #1808, #3097, #1208, #3705, #3423, #539 ) ) ;
#3567 = DIRECTION ( 'NONE',  ( 0.000000000000000000, 0.000000000000000000, 1.000000000000000000 ) ) ;
#3568 = FILL_AREA_STYLE_COLOUR ( '', #3286 ) ;
#3569 =( LENGTH_UNIT ( ) NAMED_UNIT ( * ) SI_UNIT ( .MILLI., .METRE. ) );
#3570 = DIRECTION ( 'NONE',  ( -0.000000000000000000, -0.000000000000000000, 1.000000000000000000 ) ) ;
#3571 = LINE ( 'NONE', #2676, #1086 ) ;
#3572 =( GEOMETRIC_REPRESENTATION_CONTEXT ( 3 ) GLOBAL_UNCERTAINTY_ASSIGNED_CONTEXT ( ( #1958 ) ) GLOBAL_UNIT_ASSIGNED_CONTEXT ( ( #3310, #2689, #2376 ) ) REPRESENTATION_CONTEXT ( 'NONE', 'WORKASPACE' ) );
#3573 = LINE ( 'NONE', #1434, #3163 ) ;
#3574 = CARTESIAN_POINT ( 'NONE',  ( -0.3800000000000002265, 0.8000000000000001554, 0.08500000000000000611 ) ) ;
#3575 = ORIENTED_EDGE ( 'NONE', *, *, #2190, .T. ) ;
#3576 = CARTESIAN_POINT ( 'NONE',  ( 0.6000000000000000888, -0.7999999999999998224, 0.08500000000000000611 ) ) ;
#3577 = AXIS2_PLACEMENT_3D ( 'NONE', #3757, #2617, #1076 ) ;
#3578 = LINE ( 'NONE', #1992, #399 ) ;
#3579 = SURFACE_STYLE_FILL_AREA ( #2966 ) ;
#3580 =( LENGTH_UNIT ( ) NAMED_UNIT ( * ) SI_UNIT ( .MILLI., .METRE. ) );
#3581 = EDGE_CURVE ( 'NONE', #1576, #1322, #1, .T. ) ;
#3582 = CARTESIAN_POINT ( 'NONE',  ( 0.000000000000000000, 1.300000000000000044, -0.01499999999999999944 ) ) ;
#3583 = ORIENTED_EDGE ( 'NONE', *, *, #3343, .T. ) ;
#3584 = CARTESIAN_POINT ( 'NONE',  ( 0.6000000000000000888, -0.7999999999999998224, -0.01499999999999999944 ) ) ;
#3585 = DIRECTION ( 'NONE',  ( 0.000000000000000000, 0.000000000000000000, -1.000000000000000000 ) ) ;
#3586 = CYLINDRICAL_SURFACE ( 'NONE', #823, 0.02999999999999997113 ) ;
#3587 =( NAMED_UNIT ( * ) SI_UNIT ( $, .STERADIAN. ) SOLID_ANGLE_UNIT ( ) );
#3588 = VERTEX_POINT ( 'NONE', #2144 ) ;
#3589 = LINE ( 'NONE', #2610, #1517 ) ;
#3590 = CARTESIAN_POINT ( 'NONE',  ( 0.000000000000000000, 0.6500000000000000222, -0.01499999999999999944 ) ) ;
#3591 = FACE_OUTER_BOUND ( 'NONE', #788, .T. ) ;
#3592 = DIRECTION ( 'NONE',  ( -1.000000000000000000, 0.000000000000000000, 0.000000000000000000 ) ) ;
#3593 = DIRECTION ( 'NONE',  ( 1.000000000000000000, 0.000000000000000000, 0.000000000000000000 ) ) ;
#3594 = SURFACE_STYLE_FILL_AREA ( #258 ) ;
#3595 = COLOUR_RGB ( '',0.8039215686274510109, 0.8039215686274510109, 0.8039215686274510109 ) ;
#3596 = COLOUR_RGB ( '',0.8039215686274510109, 0.8039215686274510109, 0.8039215686274510109 ) ;
#3597 =( GEOMETRIC_REPRESENTATION_CONTEXT ( 3 ) GLOBAL_UNCERTAINTY_ASSIGNED_CONTEXT ( ( #2564 ) ) GLOBAL_UNIT_ASSIGNED_CONTEXT ( ( #509, #1181, #2971 ) ) REPRESENTATION_CONTEXT ( 'NONE', 'WORKASPACE' ) );
#3598 = DIRECTION ( 'NONE',  ( 0.000000000000000000, 0.000000000000000000, 1.000000000000000000 ) ) ;
#3599 = DIRECTION ( 'NONE',  ( 0.000000000000000000, 0.000000000000000000, -1.000000000000000000 ) ) ;
#3600 = LINE ( 'NONE', #2117, #3819 ) ;
#3601 = UNCERTAINTY_MEASURE_WITH_UNIT (LENGTH_MEASURE( 1.000000000000000082E-05 ), #3503, 'distance_accuracy_value', 'NONE');
#3602 = EDGE_CURVE ( 'NONE', #2170, #3450, #23, .T. ) ;
#3603 = DIRECTION ( 'NONE',  ( -0.000000000000000000, 0.000000000000000000, -1.000000000000000000 ) ) ;
#3604 = CARTESIAN_POINT ( 'NONE',  ( -0.6000000000000003109, 0.5000000000000001110, -0.01499999999999999944 ) ) ;
#3605 = ORIENTED_EDGE ( 'NONE', *, *, #2874, .F. ) ;
#3606 = SURFACE_STYLE_USAGE ( .BOTH. , #555 ) ;
#3607 = ORIENTED_EDGE ( 'NONE', *, *, #2556, .T. ) ;
#3608 = PRESENTATION_STYLE_ASSIGNMENT (( #3250 ) ) ;
#3609 = ADVANCED_FACE ( 'NONE', ( #2183 ), #590, .F. ) ;
#3610 = MECHANICAL_DESIGN_GEOMETRIC_PRESENTATION_REPRESENTATION (  '', ( #1412 ), #1490 ) ;
#3611 = STYLED_ITEM ( 'NONE', ( #2321 ), #2583 ) ;
#3612 = FILL_AREA_STYLE_COLOUR ( '', #3133 ) ;
#3613 =( NAMED_UNIT ( * ) PLANE_ANGLE_UNIT ( ) SI_UNIT ( $, .RADIAN. ) );
#3614 = VECTOR ( 'NONE', #127, 1000.000000000000000 ) ;
#3615 = DIRECTION ( 'NONE',  ( 0.000000000000000000, -1.000000000000000000, 0.000000000000000000 ) ) ;
#3616 = ORIENTED_EDGE ( 'NONE', *, *, #1328, .T. ) ;
#3617 = SURFACE_STYLE_USAGE ( .BOTH. , #264 ) ;
#3618 = VECTOR ( 'NONE', #3228, 1000.000000000000000 ) ;
#3619 = LINE ( 'NONE', #245, #1720 ) ;
#3620 = SURFACE_SIDE_STYLE ('',( #2114 ) ) ;
#3621 = ORIENTED_EDGE ( 'NONE', *, *, #782, .F. ) ;
#3622 = PLANE ( 'NONE',  #3955 ) ;
#3623 = CARTESIAN_POINT ( 'NONE',  ( -0.3800000000000002265, -0.4999999999999997780, 0.08500000000000000611 ) ) ;
#3624 =( NAMED_UNIT ( * ) SI_UNIT ( $, .STERADIAN. ) SOLID_ANGLE_UNIT ( ) );
#3625 = SURFACE_STYLE_FILL_AREA ( #1163 ) ;
#3626 = EDGE_LOOP ( 'NONE', ( #3861, #2627, #1814, #449 ) ) ;
#3627 =( LENGTH_UNIT ( ) NAMED_UNIT ( * ) SI_UNIT ( .MILLI., .METRE. ) );
#3628 = ORIENTED_EDGE ( 'NONE', *, *, #3489, .F. ) ;
#3629 = DIRECTION ( 'NONE',  ( -1.000000000000000000, 0.000000000000000000, 0.000000000000000000 ) ) ;
#3630 = EDGE_CURVE ( 'NONE', #1712, #3341, #573, .T. ) ;
#3631 = EDGE_CURVE ( 'NONE', #3435, #1284, #2416, .T. ) ;
#3632 = PLANE ( 'NONE',  #1705 ) ;
#3633 = SURFACE_STYLE_FILL_AREA ( #1433 ) ;
#3634 =( NAMED_UNIT ( * ) SI_UNIT ( $, .STERADIAN. ) SOLID_ANGLE_UNIT ( ) );
#3635 = DIRECTION ( 'NONE',  ( -0.000000000000000000, -0.000000000000000000, 1.000000000000000000 ) ) ;
#3636 =( NAMED_UNIT ( * ) SI_UNIT ( $, .STERADIAN. ) SOLID_ANGLE_UNIT ( ) );
#3637 = ORIENTED_EDGE ( 'NONE', *, *, #2220, .T. ) ;
#3638 = COLOUR_RGB ( '',0.8039215686274510109, 0.8039215686274510109, 0.8039215686274510109 ) ;
#3639 = SURFACE_SIDE_STYLE ('',( #218 ) ) ;
#3640 = LINE ( 'NONE', #3660, #3298 ) ;
#3641 = AXIS2_PLACEMENT_3D ( 'NONE', #2479, #82, #2530 ) ;
#3642 = SURFACE_SIDE_STYLE ('',( #1718 ) ) ;
#3643 = EDGE_LOOP ( 'NONE', ( #2526, #2248, #556, #500 ) ) ;
#3644 = UNCERTAINTY_MEASURE_WITH_UNIT (LENGTH_MEASURE( 1.000000000000000082E-05 ), #3379, 'distance_accuracy_value', 'NONE');
#3645 = AXIS2_PLACEMENT_3D ( 'NONE', #2066, #1430, #3293 ) ;
#3646 = FILL_AREA_STYLE_COLOUR ( '', #3421 ) ;
#3647 = VERTEX_POINT ( 'NONE', #2496 ) ;
#3648 = ORIENTED_EDGE ( 'NONE', *, *, #132, .T. ) ;
#3649 = CARTESIAN_POINT ( 'NONE',  ( 0.3800000000000001155, -0.1499999999999998557, 0.000000000000000000 ) ) ;
#3650 = MECHANICAL_DESIGN_GEOMETRIC_PRESENTATION_REPRESENTATION (  '', ( #896 ), #2443 ) ;
#3651 = SURFACE_SIDE_STYLE ('',( #1130 ) ) ;
#3652 = ADVANCED_FACE ( 'NONE', ( #2166 ), #3929, .F. ) ;
#3653 = ADVANCED_FACE ( 'NONE', ( #3482 ), #2261, .T. ) ;
#3654 = CARTESIAN_POINT ( 'NONE',  ( 0.000000000000000000, 0.000000000000000000, 0.000000000000000000 ) ) ;
#3655 = CARTESIAN_POINT ( 'NONE',  ( -0.3800000000000002265, 0.1500000000000001887, 0.08500000000000000611 ) ) ;
#3656 = SURFACE_STYLE_USAGE ( .BOTH. , #2448 ) ;
#3657 = ORIENTED_EDGE ( 'NONE', *, *, #1726, .T. ) ;
#3658 = CARTESIAN_POINT ( 'NONE',  ( 0.000000000000000000, 0.000000000000000000, -0.01499999999999999944 ) ) ;
#3659 =( GEOMETRIC_REPRESENTATION_CONTEXT ( 3 ) GLOBAL_UNCERTAINTY_ASSIGNED_CONTEXT ( ( #187 ) ) GLOBAL_UNIT_ASSIGNED_CONTEXT ( ( #2428, #894, #3030 ) ) REPRESENTATION_CONTEXT ( 'NONE', 'WORKASPACE' ) );
#3660 = CARTESIAN_POINT ( 'NONE',  ( 0.6000000000000000888, -0.4999999999999998890, -0.01499999999999999944 ) ) ;
#3661 = CARTESIAN_POINT ( 'NONE',  ( -0.6150000000000003242, -0.9900000000000002132, 0.6650000000000000355 ) ) ;
#3662 = LINE ( 'NONE', #3280, #1830 ) ;
#3663 = AXIS2_PLACEMENT_3D ( 'NONE', #51, #2821, #3102 ) ;
#3664 = STYLED_ITEM ( 'NONE', ( #2653 ), #1754 ) ;
#3665 = DIRECTION ( 'NONE',  ( 1.000000000000000000, -0.000000000000000000, -0.000000000000000000 ) ) ;
#3666 =( GEOMETRIC_REPRESENTATION_CONTEXT ( 3 ) GLOBAL_UNCERTAINTY_ASSIGNED_CONTEXT ( ( #2894 ) ) GLOBAL_UNIT_ASSIGNED_CONTEXT ( ( #1202, #1267, #3378 ) ) REPRESENTATION_CONTEXT ( 'NONE', 'WORKASPACE' ) );
#3667 = SURFACE_STYLE_USAGE ( .BOTH. , #388 ) ;
#3668 = ORIENTED_EDGE ( 'NONE', *, *, #2632, .F. ) ;
#3669 = EDGE_LOOP ( 'NONE', ( #1506, #574, #3839, #3371 ) ) ;
#3670 = FILL_AREA_STYLE_COLOUR ( '', #3779 ) ;
#3671 =( GEOMETRIC_REPRESENTATION_CONTEXT ( 3 ) GLOBAL_UNCERTAINTY_ASSIGNED_CONTEXT ( ( #30 ) ) GLOBAL_UNIT_ASSIGNED_CONTEXT ( ( #3561, #3011, #549 ) ) REPRESENTATION_CONTEXT ( 'NONE', 'WORKASPACE' ) );
#3672 = PRESENTATION_LAYER_ASSIGNMENT (  '', '', ( #2399 ) ) ;
#3673 = DIRECTION ( 'NONE',  ( 1.000000000000000000, 0.000000000000000000, 0.000000000000000000 ) ) ;
#3674 = PRODUCT ( 'BD0826J50200AHF', 'BD0826J50200AHF', '', ( #2130 ) ) ;
#3675 = AXIS2_PLACEMENT_3D ( 'NONE', #519, #3831, #3535 ) ;
#3676 = PRESENTATION_LAYER_ASSIGNMENT (  '', '', ( #3736 ) ) ;
#3677 =( GEOMETRIC_REPRESENTATION_CONTEXT ( 3 ) GLOBAL_UNCERTAINTY_ASSIGNED_CONTEXT ( ( #3811 ) ) GLOBAL_UNIT_ASSIGNED_CONTEXT ( ( #3404, #602, #3362 ) ) REPRESENTATION_CONTEXT ( 'NONE', 'WORKASPACE' ) );
#3678 =( LENGTH_UNIT ( ) NAMED_UNIT ( * ) SI_UNIT ( .MILLI., .METRE. ) );
#3679 =( NAMED_UNIT ( * ) SI_UNIT ( $, .STERADIAN. ) SOLID_ANGLE_UNIT ( ) );
#3680 = CARTESIAN_POINT ( 'NONE',  ( 0.3800000000000001155, -0.4999999999999998890, 0.08500000012645614333 ) ) ;
#3681 = DIRECTION ( 'NONE',  ( 1.000000000000000000, 0.000000000000000000, 0.000000000000000000 ) ) ;
#3682 = AXIS2_PLACEMENT_3D ( 'NONE', #1224, #688, #3108 ) ;
#3683 = PRESENTATION_LAYER_ASSIGNMENT (  '', '', ( #1297 ) ) ;
#3684 = COLOUR_RGB ( '',0.2862745098039215508, 0.2862745098039215508, 0.2862745098039215508 ) ;
#3685 =( NAMED_UNIT ( * ) PLANE_ANGLE_UNIT ( ) SI_UNIT ( $, .RADIAN. ) );
#3686 = ADVANCED_FACE ( 'NONE', ( #405 ), #1571, .T. ) ;
#3687 = ADVANCED_FACE ( 'NONE', ( #3801 ), #1046, .T. ) ;
#3688 = FILL_AREA_STYLE ('',( #53 ) ) ;
#3689 = AXIS2_PLACEMENT_3D ( 'NONE', #1633, #378, #2875 ) ;
#3690 = UNCERTAINTY_MEASURE_WITH_UNIT (LENGTH_MEASURE( 1.000000000000000082E-05 ), #1367, 'distance_accuracy_value', 'NONE');
#3691 = PRESENTATION_STYLE_ASSIGNMENT (( #3376 ) ) ;
#3692 =( LENGTH_UNIT ( ) NAMED_UNIT ( * ) SI_UNIT ( .MILLI., .METRE. ) );
#3693 = FACE_OUTER_BOUND ( 'NONE', #1523, .T. ) ;
#3694 = VERTEX_POINT ( 'NONE', #445 ) ;
#3695 = VERTEX_POINT ( 'NONE', #815 ) ;
#3696 = UNCERTAINTY_MEASURE_WITH_UNIT (LENGTH_MEASURE( 1.000000000000000082E-05 ), #1299, 'distance_accuracy_value', 'NONE');
#3697 = LINE ( 'NONE', #3063, #694 ) ;
#3698 = DIRECTION ( 'NONE',  ( -0.000000000000000000, -0.000000000000000000, 1.000000000000000000 ) ) ;
#3699 = CARTESIAN_POINT ( 'NONE',  ( 0.3800000000000001155, -0.7999999999999998224, -0.01499999999999999944 ) ) ;
#3700 = VERTEX_POINT ( 'NONE', #2319 ) ;
#3701 = STYLED_ITEM ( 'NONE', ( #2143 ), #37 ) ;
#3702 = PRESENTATION_LAYER_ASSIGNMENT (  '', '', ( #297 ) ) ;
#3703 = DIRECTION ( 'NONE',  ( 1.000000000000000000, -0.000000000000000000, 0.000000000000000000 ) ) ;
#3704 = AXIS2_PLACEMENT_3D ( 'NONE', #2435, #3017, #2044 ) ;
#3705 = ADVANCED_FACE ( 'NONE', ( #858 ), #2908, .F. ) ;
#3706 = EDGE_CURVE ( 'NONE', #885, #550, #2035, .T. ) ;
#3707 = SURFACE_STYLE_USAGE ( .BOTH. , #2478 ) ;
#3708 = CARTESIAN_POINT ( 'NONE',  ( 0.6000000000000000888, 0.8000000000000000444, 0.08500000000000000611 ) ) ;
#3709 = LINE ( 'NONE', #3089, #3230 ) ;
#3710 = VERTEX_POINT ( 'NONE', #2370 ) ;
#3711 = VERTEX_POINT ( 'NONE', #791 ) ;
#3712 = LINE ( 'NONE', #3419, #3022 ) ;
#3713 = MECHANICAL_DESIGN_GEOMETRIC_PRESENTATION_REPRESENTATION (  '', ( #1382 ), #374 ) ;
#3714 =( NAMED_UNIT ( * ) SI_UNIT ( $, .STERADIAN. ) SOLID_ANGLE_UNIT ( ) );
#3715 = CARTESIAN_POINT ( 'NONE',  ( -0.6000000000000003109, 0.1500000000000001887, -0.01499999999999999944 ) ) ;
#3716 =( LENGTH_UNIT ( ) NAMED_UNIT ( * ) SI_UNIT ( .MILLI., .METRE. ) );
#3717 = ORIENTED_EDGE ( 'NONE', *, *, #2681, .F. ) ;
#3718 = LINE ( 'NONE', #3735, #1418 ) ;
#3719 = CARTESIAN_POINT ( 'NONE',  ( -0.3800000000000002265, -0.4999999999999997780, 0.000000000000000000 ) ) ;
#3720 = DIRECTION ( 'NONE',  ( 0.000000000000000000, -1.000000000000000000, 0.000000000000000000 ) ) ;
#3721 = VERTEX_POINT ( 'NONE', #2054 ) ;
#3722 = STYLED_ITEM ( 'NONE', ( #3187 ), #1403 ) ;
#3723 =( NAMED_UNIT ( * ) PLANE_ANGLE_UNIT ( ) SI_UNIT ( $, .RADIAN. ) );
#3724 = LINE ( 'NONE', #1304, #2941 ) ;
#3725 = STYLED_ITEM ( 'NONE', ( #2472 ), #3802 ) ;
#3726 = CARTESIAN_POINT ( 'NONE',  ( -0.6450000000000002398, -1.020000000000000240, 0.000000000000000000 ) ) ;
#3727 = ORIENTED_EDGE ( 'NONE', *, *, #465, .F. ) ;
#3728 = ORIENTED_EDGE ( 'NONE', *, *, #1931, .F. ) ;
#3729 = EDGE_CURVE ( 'NONE', #3454, #3855, #3279, .T. ) ;
#3730 = UNCERTAINTY_MEASURE_WITH_UNIT (LENGTH_MEASURE( 1.000000000000000082E-05 ), #1950, 'distance_accuracy_value', 'NONE');
#3731 =( GEOMETRIC_REPRESENTATION_CONTEXT ( 3 ) GLOBAL_UNCERTAINTY_ASSIGNED_CONTEXT ( ( #106 ) ) GLOBAL_UNIT_ASSIGNED_CONTEXT ( ( #3964, #3685, #2256 ) ) REPRESENTATION_CONTEXT ( 'NONE', 'WORKASPACE' ) );
#3732 = CARTESIAN_POINT ( 'NONE',  ( 0.6449999999999997957, 0.9899999999999993250, 0.6650000000000000355 ) ) ;
#3733 = VECTOR ( 'NONE', #3852, 1000.000000000000000 ) ;
#3734 = CARTESIAN_POINT ( 'NONE',  ( 0.6000000000000000888, 0.1500000000000000777, 0.000000000000000000 ) ) ;
#3735 = CARTESIAN_POINT ( 'NONE',  ( 0.6000000000000000888, 0.5000000000000001110, -0.01499999999999999944 ) ) ;
#3736 = STYLED_ITEM ( 'NONE', ( #149 ), #3115 ) ;
#3737 =( NAMED_UNIT ( * ) PLANE_ANGLE_UNIT ( ) SI_UNIT ( $, .RADIAN. ) );
#3738 = VECTOR ( 'NONE', #674, 1000.000000000000000 ) ;
#3739 = CARTESIAN_POINT ( 'NONE',  ( 0.6000000000000000888, -0.4999999999999998890, 0.000000000000000000 ) ) ;
#3740 = SURFACE_SIDE_STYLE ('',( #2525 ) ) ;
#3741 = ORIENTED_EDGE ( 'NONE', *, *, #2064, .T. ) ;
#3742 =( NAMED_UNIT ( * ) PLANE_ANGLE_UNIT ( ) SI_UNIT ( $, .RADIAN. ) );
#3743 = STYLED_ITEM ( 'NONE', ( #3817 ), #3172 ) ;
#3744 = CARTESIAN_POINT ( 'NONE',  ( -0.3800000000000002265, 0.8000000000000001554, 0.08500000000000000611 ) ) ;
#3745 = FILL_AREA_STYLE ('',( #2806 ) ) ;
#3746 = PRESENTATION_STYLE_ASSIGNMENT (( #2848 ) ) ;
#3747 = DIRECTION ( 'NONE',  ( -0.000000000000000000, 1.000000000000000000, -0.000000000000000000 ) ) ;
#3748 = VERTEX_POINT ( 'NONE', #2015 ) ;
#3749 = ORIENTED_EDGE ( 'NONE', *, *, #3377, .T. ) ;
#3750 = DIRECTION ( 'NONE',  ( 0.000000000000000000, 0.000000000000000000, -1.000000000000000000 ) ) ;
#3751 = VECTOR ( 'NONE', #1201, 1000.000000000000000 ) ;
#3752 = EDGE_CURVE ( 'NONE', #1874, #1339, #3262, .T. ) ;
#3753 = ADVANCED_FACE ( 'NONE', ( #1439 ), #3539, .F. ) ;
#3754 = SURFACE_SIDE_STYLE ('',( #3235 ) ) ;
#3755 = DIRECTION ( 'NONE',  ( -1.000000000000000000, 0.000000000000000000, 0.000000000000000000 ) ) ;
#3756 = SURFACE_SIDE_STYLE ('',( #1949 ) ) ;
#3757 = CARTESIAN_POINT ( 'NONE',  ( -0.6150000000000003242, -0.9900000000000002132, 0.6350000000000000089 ) ) ;
#3758 = ORIENTED_EDGE ( 'NONE', *, *, #1931, .T. ) ;
#3759 = MECHANICAL_DESIGN_GEOMETRIC_PRESENTATION_REPRESENTATION (  '', ( #3701 ), #1252 ) ;
#3760 = DIRECTION ( 'NONE',  ( 0.000000000000000000, 0.000000000000000000, -1.000000000000000000 ) ) ;
#3761 = DIRECTION ( 'NONE',  ( 1.000000000000000000, 0.000000000000000000, 0.000000000000000000 ) ) ;
#3762 = DIRECTION ( 'NONE',  ( 0.000000000000000000, -1.000000000000000000, 0.000000000000000000 ) ) ;
#3763 = FACE_BOUND ( 'NONE', #1016, .T. ) ;
#3764 = VERTEX_POINT ( 'NONE', #2096 ) ;
#3765 = ORIENTED_EDGE ( 'NONE', *, *, #2238, .F. ) ;
#3766 =( GEOMETRIC_REPRESENTATION_CONTEXT ( 3 ) GLOBAL_UNCERTAINTY_ASSIGNED_CONTEXT ( ( #2118 ) ) GLOBAL_UNIT_ASSIGNED_CONTEXT ( ( #407, #2950, #99 ) ) REPRESENTATION_CONTEXT ( 'NONE', 'WORKASPACE' ) );
#3767 = LINE ( 'NONE', #3474, #2684 ) ;
#3768 = UNCERTAINTY_MEASURE_WITH_UNIT (LENGTH_MEASURE( 1.000000000000000082E-05 ), #2080, 'distance_accuracy_value', 'NONE');
#3769 = MECHANICAL_DESIGN_GEOMETRIC_PRESENTATION_REPRESENTATION (  '', ( #1903 ), #2438 ) ;
#3770 =( NAMED_UNIT ( * ) SI_UNIT ( $, .STERADIAN. ) SOLID_ANGLE_UNIT ( ) );
#3771 = FILL_AREA_STYLE ('',( #2554 ) ) ;
#3772 = EDGE_CURVE ( 'NONE', #533, #2785, #2452, .T. ) ;
#3773 = SURFACE_STYLE_FILL_AREA ( #379 ) ;
#3774 = PLANE ( 'NONE',  #1156 ) ;
#3775 = DIRECTION ( 'NONE',  ( 0.000000000000000000, 1.000000000000000000, 0.000000000000000000 ) ) ;
#3776 = CARTESIAN_POINT ( 'NONE',  ( -0.6000000000000003109, -0.7999999999999998224, 0.08500000000000000611 ) ) ;
#3777 = ORIENTED_EDGE ( 'NONE', *, *, #1140, .T. ) ;
#3778 = EDGE_CURVE ( 'NONE', #1339, #3052, #3619, .T. ) ;
#3779 = COLOUR_RGB ( '',0.8039215686274510109, 0.8039215686274510109, 0.8039215686274510109 ) ;
#3780 = FILL_AREA_STYLE ('',( #1890 ) ) ;
#3781 = CARTESIAN_POINT ( 'NONE',  ( -0.6000000000000003109, -0.7999999999999998224, 0.08500000000000000611 ) ) ;
#3782 = LINE ( 'NONE', #3837, #2620 ) ;
#3783 = ORIENTED_EDGE ( 'NONE', *, *, #2874, .T. ) ;
#3784 = VERTEX_POINT ( 'NONE', #2702 ) ;
#3785 = LINE ( 'NONE', #982, #1075 ) ;
#3786 = VECTOR ( 'NONE', #3908, 1000.000000000000000 ) ;
#3787 = STYLED_ITEM ( 'NONE', ( #2923 ), #1548 ) ;
#3788 = CARTESIAN_POINT ( 'NONE',  ( 0.6000000000000000888, -0.4999999999999998890, 0.000000000000000000 ) ) ;
#3789 = LINE ( 'NONE', #3229, #2433 ) ;
#3790 = CARTESIAN_POINT ( 'NONE',  ( -0.3800000000000002265, -0.7999999999999998224, 0.08500000000000000611 ) ) ;
#3791 = VECTOR ( 'NONE', #560, 1000.000000000000000 ) ;
#3792 = FILL_AREA_STYLE_COLOUR ( '', #1767 ) ;
#3793 = LINE ( 'NONE', #1036, #322 ) ;
#3794 =( NAMED_UNIT ( * ) SI_UNIT ( $, .STERADIAN. ) SOLID_ANGLE_UNIT ( ) );
#3795 = FACE_OUTER_BOUND ( 'NONE', #2755, .T. ) ;
#3796 = PRESENTATION_LAYER_ASSIGNMENT (  '', '', ( #2328 ) ) ;
#3797 = ORIENTED_EDGE ( 'NONE', *, *, #1699, .T. ) ;
#3798 = SURFACE_STYLE_USAGE ( .BOTH. , #2883 ) ;
#3799 = STYLED_ITEM ( 'NONE', ( #2649 ), #2607 ) ;
#3800 = CARTESIAN_POINT ( 'NONE',  ( 0.6000000000000000888, 0.8000000000000000444, 0.08500000000000000611 ) ) ;
#3801 = FACE_OUTER_BOUND ( 'NONE', #1875, .T. ) ;
#3802 = ADVANCED_FACE ( 'NONE', ( #626 ), #2782, .F. ) ;
#3803 = DIRECTION ( 'NONE',  ( -0.000000000000000000, -0.000000000000000000, 1.000000000000000000 ) ) ;
#3804 = FILL_AREA_STYLE ('',( #447 ) ) ;
#3805 = ADVANCED_FACE ( 'NONE', ( #2430 ), #3344, .F. ) ;
#3806 = SURFACE_STYLE_USAGE ( .BOTH. , #490 ) ;
#3807 = ORIENTED_EDGE ( 'NONE', *, *, #983, .F. ) ;
#3808 = ORIENTED_EDGE ( 'NONE', *, *, #587, .T. ) ;
#3809 = AXIS2_PLACEMENT_3D ( 'NONE', #1549, #3755, #34 ) ;
#3810 = PRESENTATION_LAYER_ASSIGNMENT (  '', '', ( #1235 ) ) ;
#3811 = UNCERTAINTY_MEASURE_WITH_UNIT (LENGTH_MEASURE( 1.000000000000000082E-05 ), #3404, 'distance_accuracy_value', 'NONE');
#3812 = PLANE ( 'NONE',  #1220 ) ;
#3813 = SURFACE_STYLE_FILL_AREA ( #166 ) ;
#3814 = DIRECTION ( 'NONE',  ( -0.000000000000000000, -0.000000000000000000, 1.000000000000000000 ) ) ;
#3815 = CARTESIAN_POINT ( 'NONE',  ( 0.6149999999999998801, 0.000000000000000000, 0.6350000000000000089 ) ) ;
#3816 = LINE ( 'NONE', #3776, #1570 ) ;
#3817 = PRESENTATION_STYLE_ASSIGNMENT (( #1079 ) ) ;
#3818 = DIRECTION ( 'NONE',  ( 1.000000000000000000, 0.000000000000000000, -0.000000000000000000 ) ) ;
#3819 = VECTOR ( 'NONE', #1123, 1000.000000000000000 ) ;
#3820 = DIRECTION ( 'NONE',  ( 1.000000000000000000, 0.000000000000000000, 0.000000000000000000 ) ) ;
#3821 = CARTESIAN_POINT ( 'NONE',  ( -0.6000000000000003109, -0.4999999999999997780, -0.000000000000000000 ) ) ;
#3822 =( LENGTH_UNIT ( ) NAMED_UNIT ( * ) SI_UNIT ( .MILLI., .METRE. ) );
#3823 = ORIENTED_EDGE ( 'NONE', *, *, #682, .T. ) ;
#3824 = EDGE_LOOP ( 'NONE', ( #2792, #2671, #2077, #3657 ) ) ;
#3825 = PRODUCT_RELATED_PRODUCT_CATEGORY ( 'part', '', ( #3674 ) ) ;
#3826 = ADVANCED_FACE ( 'NONE', ( #991 ), #971, .T. ) ;
#3827 = PRESENTATION_STYLE_ASSIGNMENT (( #3249 ) ) ;
#3828 = DIRECTION ( 'NONE',  ( -1.000000000000000000, -0.000000000000000000, -0.000000000000000000 ) ) ;
#3829 = PRESENTATION_STYLE_ASSIGNMENT (( #3915 ) ) ;
#3830 = STYLED_ITEM ( 'NONE', ( #979 ), #539 ) ;
#3831 = DIRECTION ( 'NONE',  ( 0.000000000000000000, -1.000000000000000000, 0.000000000000000000 ) ) ;
#3832 = VERTEX_POINT ( 'NONE', #1006 ) ;
#3833 = PLANE ( 'NONE',  #160 ) ;
#3834 = SURFACE_STYLE_FILL_AREA ( #2318 ) ;
#3835 =( NAMED_UNIT ( * ) SI_UNIT ( $, .STERADIAN. ) SOLID_ANGLE_UNIT ( ) );
#3836 = VECTOR ( 'NONE', #1289, 1000.000000000000000 ) ;
#3837 = CARTESIAN_POINT ( 'NONE',  ( 0.6000000000000000888, -0.7999999999999998224, -0.01499999999999999944 ) ) ;
#3838 =( NAMED_UNIT ( * ) SI_UNIT ( $, .STERADIAN. ) SOLID_ANGLE_UNIT ( ) );
#3839 = ORIENTED_EDGE ( 'NONE', *, *, #2953, .F. ) ;
#3840 = ORIENTED_EDGE ( 'NONE', *, *, #3076, .F. ) ;
#3841 = PLANE ( 'NONE',  #3215 ) ;
#3842 =( NAMED_UNIT ( * ) SI_UNIT ( $, .STERADIAN. ) SOLID_ANGLE_UNIT ( ) );
#3843 = ADVANCED_FACE ( 'NONE', ( #1330 ), #3774, .F. ) ;
#3844 = SURFACE_SIDE_STYLE ('',( #207 ) ) ;
#3845 = FACE_OUTER_BOUND ( 'NONE', #3461, .T. ) ;
#3846 = EDGE_CURVE ( 'NONE', #1844, #550, #114, .T. ) ;
#3847 =( GEOMETRIC_REPRESENTATION_CONTEXT ( 3 ) GLOBAL_UNCERTAINTY_ASSIGNED_CONTEXT ( ( #846 ) ) GLOBAL_UNIT_ASSIGNED_CONTEXT ( ( #3245, #173, #1502 ) ) REPRESENTATION_CONTEXT ( 'NONE', 'WORKASPACE' ) );
#3848 = COLOUR_RGB ( '',0.2862745098039215508, 0.2862745098039215508, 0.2862745098039215508 ) ;
#3849 = FACE_OUTER_BOUND ( 'NONE', #1692, .T. ) ;
#3850 = PRESENTATION_LAYER_ASSIGNMENT (  '', '', ( #2462 ) ) ;
#3851 = DIRECTION ( 'NONE',  ( 1.000000000000000000, 0.000000000000000000, 0.000000000000000000 ) ) ;
#3852 = DIRECTION ( 'NONE',  ( -0.000000000000000000, -0.000000000000000000, 1.000000000000000000 ) ) ;
#3853 = PRESENTATION_STYLE_ASSIGNMENT (( #169 ) ) ;
#3854 = DIRECTION ( 'NONE',  ( 1.000000000000000000, 0.000000000000000000, -0.000000000000000000 ) ) ;
#3855 = VERTEX_POINT ( 'NONE', #1866 ) ;
#3856 =( LENGTH_UNIT ( ) NAMED_UNIT ( * ) SI_UNIT ( .MILLI., .METRE. ) );
#3857 = SURFACE_STYLE_FILL_AREA ( #2284 ) ;
#3858 =( NAMED_UNIT ( * ) SI_UNIT ( $, .STERADIAN. ) SOLID_ANGLE_UNIT ( ) );
#3859 = CARTESIAN_POINT ( 'NONE',  ( -0.6000000000000003109, 0.1500000000000001887, 0.000000000000000000 ) ) ;
#3860 = LINE ( 'NONE', #1622, #1037 ) ;
#3861 = ORIENTED_EDGE ( 'NONE', *, *, #489, .F. ) ;
#3862 =( LENGTH_UNIT ( ) NAMED_UNIT ( * ) SI_UNIT ( .MILLI., .METRE. ) );
#3863 = MECHANICAL_DESIGN_GEOMETRIC_PRESENTATION_REPRESENTATION (  '', ( #3736 ), #3101 ) ;
#3864 = PRESENTATION_LAYER_ASSIGNMENT (  '', '', ( #2402 ) ) ;
#3865 = MECHANICAL_DESIGN_GEOMETRIC_PRESENTATION_REPRESENTATION (  '', ( #1942 ), #719 ) ;
#3866 = FACE_OUTER_BOUND ( 'NONE', #338, .T. ) ;
#3867 = COLOUR_RGB ( '',0.2862745098039215508, 0.2862745098039215508, 0.2862745098039215508 ) ;
#3868 = PRESENTATION_LAYER_ASSIGNMENT (  '', '', ( #3799 ) ) ;
#3869 = FILL_AREA_STYLE ('',( #2046 ) ) ;
#3870 = FACE_OUTER_BOUND ( 'NONE', #3302, .T. ) ;
#3871 =( GEOMETRIC_REPRESENTATION_CONTEXT ( 3 ) GLOBAL_UNCERTAINTY_ASSIGNED_CONTEXT ( ( #2460 ) ) GLOBAL_UNIT_ASSIGNED_CONTEXT ( ( #2297, #3216, #188 ) ) REPRESENTATION_CONTEXT ( 'NONE', 'WORKASPACE' ) );
#3872 = STYLED_ITEM ( 'NONE', ( #3079 ), #3078 ) ;
#3873 = CARTESIAN_POINT ( 'NONE',  ( -0.6150000000000003242, 0.9899999999999993250, 0.6650000000000000355 ) ) ;
#3874 = SURFACE_STYLE_USAGE ( .BOTH. , #1730 ) ;
#3875 = EDGE_CURVE ( 'NONE', #1009, #1166, #2982, .T. ) ;
#3876 = STYLED_ITEM ( 'NONE', ( #542 ), #3422 ) ;
#3877 = EDGE_CURVE ( 'NONE', #2500, #1854, #3573, .T. ) ;
#3878 = LINE ( 'NONE', #441, #475 ) ;
#3879 = CARTESIAN_POINT ( 'NONE',  ( -0.3800000000000002265, 0.8000000000000001554, -0.01499999999999999944 ) ) ;
#3880 = CARTESIAN_POINT ( 'NONE',  ( 0.6000000000000000888, -0.7999999999999998224, 0.000000000000000000 ) ) ;
#3881 = LINE ( 'NONE', #831, #1545 ) ;
#3882 = DIRECTION ( 'NONE',  ( 0.000000000000000000, 0.000000000000000000, 1.000000000000000000 ) ) ;
#3883 = ORIENTED_EDGE ( 'NONE', *, *, #3752, .F. ) ;
#3884 = FILL_AREA_STYLE ('',( #1713 ) ) ;
#3885 = PLANE ( 'NONE',  #428 ) ;
#3886 = FILL_AREA_STYLE_COLOUR ( '', #2592 ) ;
#3887 = LINE ( 'NONE', #3859, #1728 ) ;
#3888 = ORIENTED_EDGE ( 'NONE', *, *, #1361, .F. ) ;
#3889 = VERTEX_POINT ( 'NONE', #213 ) ;
#3890 = UNCERTAINTY_MEASURE_WITH_UNIT (LENGTH_MEASURE( 1.000000000000000082E-05 ), #3071, 'distance_accuracy_value', 'NONE');
#3891 = CARTESIAN_POINT ( 'NONE',  ( 0.6000000000000000888, 0.8000000000000000444, -0.01499999999999999944 ) ) ;
#3892 = ORIENTED_EDGE ( 'NONE', *, *, #1243, .F. ) ;
#3893 =( NAMED_UNIT ( * ) PLANE_ANGLE_UNIT ( ) SI_UNIT ( $, .RADIAN. ) );
#3894 = ORIENTED_EDGE ( 'NONE', *, *, #1310, .T. ) ;
#3895 = DIRECTION ( 'NONE',  ( -0.000000000000000000, 0.000000000000000000, -1.000000000000000000 ) ) ;
#3896 = COLOUR_RGB ( '',0.2862745098039215508, 0.2862745098039215508, 0.2862745098039215508 ) ;
#3897 = SURFACE_STYLE_USAGE ( .BOTH. , #3651 ) ;
#3898 = FILL_AREA_STYLE ('',( #3568 ) ) ;
#3899 = LINE ( 'NONE', #851, #3791 ) ;
#3900 = CARTESIAN_POINT ( 'NONE',  ( 0.6000000000000000888, -0.4999999999999998890, -0.01499999999999999944 ) ) ;
#3901 = LINE ( 'NONE', #2384, #1482 ) ;
#3902 = ORIENTED_EDGE ( 'NONE', *, *, #242, .T. ) ;
#3903 = EDGE_CURVE ( 'NONE', #3784, #1735, #2960, .T. ) ;
#3904 = PRESENTATION_STYLE_ASSIGNMENT (( #3617 ) ) ;
#3905 = CARTESIAN_POINT ( 'NONE',  ( -0.6000000000000003109, 0.8000000000000001554, 0.08500000000000000611 ) ) ;
#3906 = AXIS2_PLACEMENT_3D ( 'NONE', #2944, #1041, #3464 ) ;
#3907 = SURFACE_STYLE_USAGE ( .BOTH. , #3962 ) ;
#3908 = DIRECTION ( 'NONE',  ( -0.000000000000000000, -1.000000000000000000, -0.000000000000000000 ) ) ;
#3909 = FILL_AREA_STYLE ('',( #2648 ) ) ;
#3910 = EDGE_CURVE ( 'NONE', #3694, #3143, #1371, .T. ) ;
#3911 = CYLINDRICAL_SURFACE ( 'NONE', #3066, 0.07500000000000003886 ) ;
#3912 = ORIENTED_EDGE ( 'NONE', *, *, #2238, .T. ) ;
#3913 =( LENGTH_UNIT ( ) NAMED_UNIT ( * ) SI_UNIT ( .MILLI., .METRE. ) );
#3914 = ORIENTED_EDGE ( 'NONE', *, *, #2555, .F. ) ;
#3915 = SURFACE_STYLE_USAGE ( .BOTH. , #1369 ) ;
#3916 =( NAMED_UNIT ( * ) SI_UNIT ( $, .STERADIAN. ) SOLID_ANGLE_UNIT ( ) );
#3917 = AXIS2_PLACEMENT_3D ( 'NONE', #2756, #3080, #320 ) ;
#3918 = ORIENTED_EDGE ( 'NONE', *, *, #1653, .T. ) ;
#3919 = DIRECTION ( 'NONE',  ( 1.000000000000000000, 0.000000000000000000, 0.000000000000000000 ) ) ;
#3920 = FILL_AREA_STYLE_COLOUR ( '', #2172 ) ;
#3921 = STYLED_ITEM ( 'NONE', ( #1768 ), #1808 ) ;
#3922 = SURFACE_SIDE_STYLE ('',( #2349 ) ) ;
#3923 =( LENGTH_UNIT ( ) NAMED_UNIT ( * ) SI_UNIT ( .MILLI., .METRE. ) );
#3924 = ORIENTED_EDGE ( 'NONE', *, *, #2366, .T. ) ;
#3925 = CARTESIAN_POINT ( 'NONE',  ( 0.6000000000000000888, -0.1499999999999998557, 0.000000000000000000 ) ) ;
#3926 = UNCERTAINTY_MEASURE_WITH_UNIT (LENGTH_MEASURE( 1.000000000000000082E-05 ), #1511, 'distance_accuracy_value', 'NONE');
#3927 = EDGE_CURVE ( 'NONE', #3537, #3465, #1039, .T. ) ;
#3928 = EDGE_CURVE ( 'NONE', #45, #2288, #1689, .T. ) ;
#3929 = PLANE ( 'NONE',  #2084 ) ;
#3930 = CARTESIAN_POINT ( 'NONE',  ( 0.6000000000000000888, 0.1500000000000000777, 0.08500000000000000611 ) ) ;
#3931 = FILL_AREA_STYLE_COLOUR ( '', #1840 ) ;
#3932 = ORIENTED_EDGE ( 'NONE', *, *, #2392, .F. ) ;
#3933 = PRESENTATION_LAYER_ASSIGNMENT (  '', '', ( #1667 ) ) ;
#3934 = UNCERTAINTY_MEASURE_WITH_UNIT (LENGTH_MEASURE( 1.000000000000000082E-05 ), #2107, 'distance_accuracy_value', 'NONE');
#3935 = PRESENTATION_LAYER_ASSIGNMENT (  '', '', ( #1347 ) ) ;
#3936 = STYLED_ITEM ( 'NONE', ( #860 ), #2732 ) ;
#3937 = VECTOR ( 'NONE', #459, 1000.000000000000000 ) ;
#3938 = APPLICATION_PROTOCOL_DEFINITION ( 'draft international standard', 'automotive_design', 1998, #155 ) ;
#3939 = CIRCLE ( 'NONE', #727, 0.02999999999999997113 ) ;
#3940 =( NAMED_UNIT ( * ) PLANE_ANGLE_UNIT ( ) SI_UNIT ( $, .RADIAN. ) );
#3941 = APPLICATION_CONTEXT ( 'automotive_design' ) ;
#3942 = CARTESIAN_POINT ( 'NONE',  ( 0.3800000000000001155, 0.5000000000000001110, -0.01499999999999999944 ) ) ;
#3943 = ORIENTED_EDGE ( 'NONE', *, *, #2658, .F. ) ;
#3944 =( NAMED_UNIT ( * ) PLANE_ANGLE_UNIT ( ) SI_UNIT ( $, .RADIAN. ) );
#3945 = PRESENTATION_LAYER_ASSIGNMENT (  '', '', ( #3876 ) ) ;
#3946 = CARTESIAN_POINT ( 'NONE',  ( -0.5440500000000003666, 0.9190499999999995895, 0.6550000000000000266 ) ) ;
#3947 = FILL_AREA_STYLE_COLOUR ( '', #3983 ) ;
#3948 = DIRECTION ( 'NONE',  ( 0.000000000000000000, 0.000000000000000000, 1.000000000000000000 ) ) ;
#3949 = LINE ( 'NONE', #1810, #557 ) ;
#3950 = SURFACE_STYLE_FILL_AREA ( #3016 ) ;
#3951 = EDGE_LOOP ( 'NONE', ( #52, #1077, #272, #853 ) ) ;
#3952 = VERTEX_POINT ( 'NONE', #3217 ) ;
#3953 = EDGE_CURVE ( 'NONE', #843, #131, #2902, .T. ) ;
#3954 = EDGE_CURVE ( 'NONE', #2093, #2501, #3358, .T. ) ;
#3955 = AXIS2_PLACEMENT_3D ( 'NONE', #1179, #1828, #881 ) ;
#3956 = LINE ( 'NONE', #332, #310 ) ;
#3957 = DIRECTION ( 'NONE',  ( 0.000000000000000000, -1.000000000000000000, 0.000000000000000000 ) ) ;
#3958 = DIRECTION ( 'NONE',  ( 0.000000000000000000, 0.000000000000000000, 1.000000000000000000 ) ) ;
#3959 = EDGE_LOOP ( 'NONE', ( #1085, #2793, #2932, #3441 ) ) ;
#3960 = COLOUR_RGB ( '',0.9607843137254902244, 0.9607843137254902244, 0.9607843137254902244 ) ;
#3961 = PLANE ( 'NONE',  #905 ) ;
#3962 = SURFACE_SIDE_STYLE ('',( #3032 ) ) ;
#3963 = PRESENTATION_LAYER_ASSIGNMENT (  '', '', ( #1841 ) ) ;
#3964 =( LENGTH_UNIT ( ) NAMED_UNIT ( * ) SI_UNIT ( .MILLI., .METRE. ) );
#3965 = ORIENTED_EDGE ( 'NONE', *, *, #2392, .T. ) ;
#3966 = SURFACE_SIDE_STYLE ('',( #3037 ) ) ;
#3967 = AXIS2_PLACEMENT_3D ( 'NONE', #3873, #1108, #559 ) ;
#3968 = CARTESIAN_POINT ( 'NONE',  ( -0.6000000000000003109, 0.1500000000000001887, -0.01499999999999999944 ) ) ;
#3969 =( NAMED_UNIT ( * ) PLANE_ANGLE_UNIT ( ) SI_UNIT ( $, .RADIAN. ) );
#3970 = ORIENTED_EDGE ( 'NONE', *, *, #1311, .T. ) ;
#3971 = CARTESIAN_POINT ( 'NONE',  ( 0.6000000000000000888, 0.8000000000000000444, -0.01499999999999999944 ) ) ;
#3972 = PRESENTATION_LAYER_ASSIGNMENT (  '', '', ( #762 ) ) ;
#3973 = CIRCLE ( 'NONE', #1273, 0.02999999999999997113 ) ;
#3974 = VECTOR ( 'NONE', #677, 1000.000000000000000 ) ;
#3975 = ADVANCED_FACE ( 'NONE', ( #739 ), #2339, .F. ) ;
#3976 = EDGE_CURVE ( 'NONE', #3526, #1009, #785, .T. ) ;
#3977 = FILL_AREA_STYLE ('',( #2155 ) ) ;
#3978 = FILL_AREA_STYLE_COLOUR ( '', #1611 ) ;
#3979 = STYLED_ITEM ( 'NONE', ( #1386 ), #1528 ) ;
#3980 =( NAMED_UNIT ( * ) PLANE_ANGLE_UNIT ( ) SI_UNIT ( $, .RADIAN. ) );
#3981 = EDGE_LOOP ( 'NONE', ( #2868, #1114, #3777, #609 ) ) ;
#3982 = FACE_OUTER_BOUND ( 'NONE', #3471, .T. ) ;
#3983 = COLOUR_RGB ( '',0.8039215686274510109, 0.8039215686274510109, 0.8039215686274510109 ) ;
#3984 = AXIS2_PLACEMENT_3D ( 'NONE', #186, #3295, #3593 ) ;
ENDSEC;
END-ISO-10303-21;
