ISO-10303-21;
HEADER;
FILE_DESCRIPTION (( 'STEP AP214' ),
    '1' );
FILE_NAME ('EEFLR0D221P.STEP',
    '2023-12-20T16:28:22',
    ( '' ),
    ( '' ),
    'SwSTEP 2.0',
    'SolidWorks 2021',
    '' );
FILE_SCHEMA (( 'AUTOMOTIVE_DESIGN' ));
ENDSEC;

DATA;
#1 = ORIENTED_EDGE ( 'NONE', *, *, #91, .F. ) ;
#2 = CARTESIAN_POINT ( 'NONE',  ( -0.5530000000000000471, 0.1000000000000000056, 1.199999999999977973 ) ) ;
#3 = FACE_OUTER_BOUND ( 'NONE', #1062, .T. ) ;
#4 = ORIENTED_EDGE ( 'NONE', *, *, #1833, .F. ) ;
#5 = EDGE_LOOP ( 'NONE', ( #1284, #734, #502, #1515 ) ) ;
#6 = PLANE ( 'NONE',  #1558 ) ;
#7 = PRODUCT_DEFINITION_SHAPE ( 'NONE', 'NONE',  #1366 ) ;
#8 = ORIENTED_EDGE ( 'NONE', *, *, #10, .F. ) ;
#9 = LINE ( 'NONE', #1596, #452 ) ;
#10 = EDGE_CURVE ( 'NONE', #1527, #1723, #1472, .T. ) ;
#11 = CARTESIAN_POINT ( 'NONE',  ( 3.600000000000000089, 0.000000000000000000, 1.199999999999999956 ) ) ;
#12 = EDGE_CURVE ( 'NONE', #1392, #232, #910, .T. ) ;
#13 = AXIS2_PLACEMENT_3D ( 'NONE', #372, #1520, #86 ) ;
#14 = ORIENTED_EDGE ( 'NONE', *, *, #637, .F. ) ;
#15 = AXIS2_PLACEMENT_3D ( 'NONE', #941, #1059, #1219 ) ;
#16 = CARTESIAN_POINT ( 'NONE',  ( -0.9030000000000000249, 0.5000000000000000000, 2.149999999999999911 ) ) ;
#17 = VECTOR ( 'NONE', #238, 1000.000000000000000 ) ;
#18 = DIRECTION ( 'NONE',  ( -1.000000000000000000, 0.000000000000000000, 0.000000000000000000 ) ) ;
#19 = ORIENTED_EDGE ( 'NONE', *, *, #226, .T. ) ;
#20 = PRESENTATION_STYLE_ASSIGNMENT (( #470 ) ) ;
#21 = VECTOR ( 'NONE', #625, 1000.000000000000000 ) ;
#22 = FACE_OUTER_BOUND ( 'NONE', #1315, .T. ) ;
#24 = EDGE_CURVE ( 'NONE', #194, #1465, #771, .T. ) ;
#23 = ORIENTED_EDGE ( 'NONE', *, *, #26, .F. ) ;
#25 = DIRECTION ( 'NONE',  ( 0.000000000000000000, 0.000000000000000000, -1.000000000000000000 ) ) ;
#26 = EDGE_CURVE ( 'NONE', #499, #789, #190, .T. ) ;
#27 = ORIENTED_EDGE ( 'NONE', *, *, #916, .F. ) ;
#28 = VECTOR ( 'NONE', #1042, 1000.000000000000000 ) ;
#29 = CARTESIAN_POINT ( 'NONE',  ( -0.5047897788773759720, 0.000000000000000000, -2.200000000000000178 ) ) ;
#30 = AXIS2_PLACEMENT_3D ( 'NONE', #1733, #1584, #278 ) ;
#31 = FILL_AREA_STYLE ('',( #1346 ) ) ;
#32 = ADVANCED_FACE ( 'NONE', ( #473 ), #1617, .T. ) ;
#33 = DIRECTION ( 'NONE',  ( 1.000000000000000000, 0.000000000000000000, 0.000000000000000000 ) ) ;
#34 = DIRECTION ( 'NONE',  ( 1.000000000000000000, 0.000000000000000000, 0.000000000000000000 ) ) ;
#35 = VERTEX_POINT ( 'NONE', #461 ) ;
#36 = ORIENTED_EDGE ( 'NONE', *, *, #1768, .F. ) ;
#37 = LINE ( 'NONE', #177, #1497 ) ;
#38 = DIRECTION ( 'NONE',  ( 0.000000000000000000, -1.000000000000000000, 0.000000000000000000 ) ) ;
#39 = SURFACE_SIDE_STYLE ('',( #1218 ) ) ;
#40 = DIRECTION ( 'NONE',  ( 0.000000000000000000, 0.000000000000000000, 1.000000000000000000 ) ) ;
#41 = EDGE_CURVE ( 'NONE', #1439, #574, #760, .T. ) ;
#42 = CARTESIAN_POINT ( 'NONE',  ( 3.649999999999999911, 0.000000000000000000, 1.199999999999969980 ) ) ;
#43 = VECTOR ( 'NONE', #1668, 1000.000000000000000 ) ;
#44 = VERTEX_POINT ( 'NONE', #1770 ) ;
#45 = EDGE_LOOP ( 'NONE', ( #253, #1432, #1554, #847 ) ) ;
#46 = LINE ( 'NONE', #1184, #595 ) ;
#47 = CARTESIAN_POINT ( 'NONE',  ( 3.020500000000000185, 0.1000000000000000056, 1.199999999999969980 ) ) ;
#48 = AXIS2_PLACEMENT_3D ( 'NONE', #1382, #1792, #670 ) ;
#49 = CARTESIAN_POINT ( 'NONE',  ( 3.600000000000000089, 0.000000000000000000, -2.149999999999999911 ) ) ;
#50 = EDGE_CURVE ( 'NONE', #1217, #232, #1479, .T. ) ;
#51 = PLANE ( 'NONE',  #15 ) ;
#52 = LINE ( 'NONE', #343, #382 ) ;
#53 = CARTESIAN_POINT ( 'NONE',  ( 0.7069999999999629914, 0.1000000000000000056, -1.199999999999999956 ) ) ;
#54 = ORIENTED_EDGE ( 'NONE', *, *, #429, .F. ) ;
#55 = CARTESIAN_POINT ( 'NONE',  ( -1.252999999999999892, 0.000000000000000000, 2.100000000000000089 ) ) ;
#56 = DIRECTION ( 'NONE',  ( 0.000000000000000000, 0.000000000000000000, -1.000000000000000000 ) ) ;
#57 = ORIENTED_EDGE ( 'NONE', *, *, #1087, .F. ) ;
#58 = VECTOR ( 'NONE', #1135, 1000.000000000000000 ) ;
#59 = VECTOR ( 'NONE', #1337, 1000.000000000000000 ) ;
#60 = ADVANCED_FACE ( 'NONE', ( #314 ), #322, .T. ) ;
#61 = DIRECTION ( 'NONE',  ( 0.000000000000000000, -1.000000000000000000, 0.000000000000000000 ) ) ;
#62 = UNCERTAINTY_MEASURE_WITH_UNIT (LENGTH_MEASURE( 1.000000000000000082E-05 ), #1483, 'distance_accuracy_value', 'NONE');
#63 = DIRECTION ( 'NONE',  ( 1.000000000000000000, 0.000000000000000000, 0.000000000000000000 ) ) ;
#64 = CARTESIAN_POINT ( 'NONE',  ( 2.391000000000000014, 0.000000000000000000, -1.200000000000031930 ) ) ;
#65 = PLANE ( 'NONE',  #514 ) ;
#66 = ORIENTED_EDGE ( 'NONE', *, *, #1836, .T. ) ;
#67 = CARTESIAN_POINT ( 'NONE',  ( -1.252999999999999892, 0.000000000000000000, -1.200000000000019940 ) ) ;
#68 = ORIENTED_EDGE ( 'NONE', *, *, #242, .T. ) ;
#69 = CARTESIAN_POINT ( 'NONE',  ( -0.05000000000003790301, 0.000000000000000000, -1.199999999999999956 ) ) ;
#70 = UNCERTAINTY_MEASURE_WITH_UNIT (LENGTH_MEASURE( 1.000000000000000082E-05 ), #1280, 'distance_accuracy_value', 'NONE');
#71 = LINE ( 'NONE', #962, #1686 ) ;
#72 = CARTESIAN_POINT ( 'NONE',  ( 3.600000000000000089, 0.000000000000000000, -2.149999999999999911 ) ) ;
#73 = VERTEX_POINT ( 'NONE', #890 ) ;
#74 = LINE ( 'NONE', #1815, #1607 ) ;
#75 = LINE ( 'NONE', #1084, #1344 ) ;
#76 = VERTEX_POINT ( 'NONE', #1051 ) ;
#77 = VECTOR ( 'NONE', #1583, 1000.000000000000000 ) ;
#78 = CARTESIAN_POINT ( 'NONE',  ( -0.5530000000000000471, 0.5000000000000000000, -2.200000000000000178 ) ) ;
#79 = CARTESIAN_POINT ( 'NONE',  ( -1.252999999999999892, 0.1000000000000000056, -2.100000000000024958 ) ) ;
#80 = CARTESIAN_POINT ( 'NONE',  ( -1.360000000000000098, 0.000000000000000000, -2.168404344971009815E-14 ) ) ;
#81 = DIRECTION ( 'NONE',  ( 1.000000000000000000, 0.000000000000000000, 4.409146245532789707E-16 ) ) ;
#82 = ORIENTED_EDGE ( 'NONE', *, *, #1692, .T. ) ;
#83 = DIRECTION ( 'NONE',  ( -1.000000000000000000, 0.000000000000000000, 0.000000000000000000 ) ) ;
#84 = EDGE_CURVE ( 'NONE', #509, #1859, #1634, .T. ) ;
#85 = ORIENTED_EDGE ( 'NONE', *, *, #758, .T. ) ;
#86 = DIRECTION ( 'NONE',  ( 1.000000000000000000, 0.000000000000000000, 0.000000000000000000 ) ) ;
#87 = AXIS2_PLACEMENT_3D ( 'NONE', #802, #810, #1844 ) ;
#88 = EDGE_CURVE ( 'NONE', #754, #306, #708, .T. ) ;
#89 = PLANE ( 'NONE',  #494 ) ;
#90 = EDGE_CURVE ( 'NONE', #700, #1305, #1462, .T. ) ;
#91 = EDGE_CURVE ( 'NONE', #76, #597, #1137, .T. ) ;
#92 = CARTESIAN_POINT ( 'NONE',  ( -1.252999999999999892, 0.000000000000000000, -1.200000000000019940 ) ) ;
#93 = LINE ( 'NONE', #72, #835 ) ;
#94 = VERTEX_POINT ( 'NONE', #571 ) ;
#95 = DIRECTION ( 'NONE',  ( -9.251858538542969855E-16, 0.000000000000000000, -1.000000000000000000 ) ) ;
#96 = ORIENTED_EDGE ( 'NONE', *, *, #1706, .F. ) ;
#97 = CARTESIAN_POINT ( 'NONE',  ( -1.360000000000000098, 0.000000000000000000, -1.200000000000019940 ) ) ;
#98 = APPLICATION_CONTEXT ( 'automotive_design' ) ;
#99 = LINE ( 'NONE', #1110, #1751 ) ;
#100 = ADVANCED_FACE ( 'NONE', ( #161 ), #156, .F. ) ;
#101 = DIRECTION ( 'NONE',  ( 0.000000000000000000, 1.000000000000000000, 0.000000000000000000 ) ) ;
#102 = FACE_OUTER_BOUND ( 'NONE', #893, .T. ) ;
#103 = ORIENTED_EDGE ( 'NONE', *, *, #50, .T. ) ;
#104 = DIRECTION ( 'NONE',  ( 0.000000000000000000, 1.000000000000000000, 0.000000000000000000 ) ) ;
#105 = DIRECTION ( 'NONE',  ( 0.000000000000000000, 0.000000000000000000, 1.000000000000000000 ) ) ;
#106 = EDGE_CURVE ( 'NONE', #230, #1679, #407, .T. ) ;
#107 = ORIENTED_EDGE ( 'NONE', *, *, #907, .T. ) ;
#108 = VECTOR ( 'NONE', #1675, 1000.000000000000000 ) ;
#109 = EDGE_CURVE ( 'NONE', #597, #1325, #1007, .T. ) ;
#110 = ORIENTED_EDGE ( 'NONE', *, *, #679, .F. ) ;
#111 = VECTOR ( 'NONE', #216, 1000.000000000000000 ) ;
#112 = DIRECTION ( 'NONE',  ( 0.000000000000000000, 0.000000000000000000, -1.000000000000000000 ) ) ;
#113 = AXIS2_PLACEMENT_3D ( 'NONE', #681, #1255, #537 ) ;
#114 = EDGE_CURVE ( 'NONE', #1872, #1334, #1146, .T. ) ;
#115 = VECTOR ( 'NONE', #1795, 1000.000000000000000 ) ;
#116 = CARTESIAN_POINT ( 'NONE',  ( -1.360000000000000098, 0.1000000000000000056, -1.200000000000019940 ) ) ;
#117 = DIRECTION ( 'NONE',  ( 1.000000000000000000, 0.000000000000000000, 2.202823461557849848E-16 ) ) ;
#118 = ORIENTED_EDGE ( 'NONE', *, *, #1243, .F. ) ;
#119 = CARTESIAN_POINT ( 'NONE',  ( 3.600000000000000089, 0.5500000000000000444, -1.200000000000031930 ) ) ;
#120 = EDGE_LOOP ( 'NONE', ( #1353, #837, #995, #279, #304, #805, #1440, #163 ) ) ;
#121 = ORIENTED_EDGE ( 'NONE', *, *, #1865, .F. ) ;
#122 = ADVANCED_FACE ( 'NONE', ( #1738 ), #1022, .T. ) ;
#123 = CARTESIAN_POINT ( 'NONE',  ( -3.750000000000000000, 0.000000000000000000, -1.200000000000017941 ) ) ;
#124 = AXIS2_PLACEMENT_3D ( 'NONE', #965, #842, #1421 ) ;
#125 = DIRECTION ( 'NONE',  ( 2.312964634635739999E-16, 0.000000000000000000, -1.000000000000000000 ) ) ;
#126 = VERTEX_POINT ( 'NONE', #1599 ) ;
#127 = CARTESIAN_POINT ( 'NONE',  ( 0.7069999999999629914, 0.000000000000000000, -8.673617379884030542E-16 ) ) ;
#128 = CARTESIAN_POINT ( 'NONE',  ( -1.360000000000040066, 0.1000000000000000056, 1.199999999999999956 ) ) ;
#129 = ORIENTED_EDGE ( 'NONE', *, *, #226, .F. ) ;
#130 = ORIENTED_EDGE ( 'NONE', *, *, #916, .T. ) ;
#131 = ORIENTED_EDGE ( 'NONE', *, *, #1791, .T. ) ;
#132 = LINE ( 'NONE', #860, #77 ) ;
#133 = SURFACE_SIDE_STYLE ('',( #1616 ) ) ;
#134 = CARTESIAN_POINT ( 'NONE',  ( -1.360000000000040066, 0.1000000000000000056, 1.199999999999999956 ) ) ;
#135 = ORIENTED_EDGE ( 'NONE', *, *, #1033, .T. ) ;
#136 = CARTESIAN_POINT ( 'NONE',  ( -1.360000000000000098, 0.000000000000000000, -1.200000000000019940 ) ) ;
#137 = CARTESIAN_POINT ( 'NONE',  ( -2.450000000000035261, 0.000000000000000000, -1.199999999999999956 ) ) ;
#138 = ORIENTED_EDGE ( 'NONE', *, *, #1459, .F. ) ;
#139 = ORIENTED_EDGE ( 'NONE', *, *, #570, .F. ) ;
#140 = VERTEX_POINT ( 'NONE', #1880 ) ;
#141 = CARTESIAN_POINT ( 'NONE',  ( -0.5530000000000379057, 0.1000000000000000056, -8.673617379884030542E-16 ) ) ;
#142 = AXIS2_PLACEMENT_3D ( 'NONE', #970, #1864, #523 ) ;
#143 = DIRECTION ( 'NONE',  ( 0.000000000000000000, 0.000000000000000000, -1.000000000000000000 ) ) ;
#144 = VECTOR ( 'NONE', #159, 1000.000000000000000 ) ;
#145 = ORIENTED_EDGE ( 'NONE', *, *, #1776, .T. ) ;
#146 = CARTESIAN_POINT ( 'NONE',  ( 3.020500000000000185, 0.1000000000000000056, -3.209238430557094387E-14 ) ) ;
#147 = LINE ( 'NONE', #1304, #1329 ) ;
#148 = VERTEX_POINT ( 'NONE', #873 ) ;
#149 = VERTEX_POINT ( 'NONE', #1726 ) ;
#150 = DIRECTION ( 'NONE',  ( -1.000000000000000000, 0.000000000000000000, 1.101411730778929854E-16 ) ) ;
#151 = ADVANCED_FACE ( 'NONE', ( #1156 ), #864, .F. ) ;
#152 = EDGE_CURVE ( 'NONE', #1701, #220, #295, .T. ) ;
#153 = ORIENTED_EDGE ( 'NONE', *, *, #1168, .F. ) ;
#154 = LINE ( 'NONE', #1012, #144 ) ;
#155 = PRODUCT_CONTEXT ( 'NONE', #98, 'mechanical' ) ;
#156 = PLANE ( 'NONE',  #808 ) ;
#157 = SURFACE_SIDE_STYLE ('',( #1320 ) ) ;
#158 = ORIENTED_EDGE ( 'NONE', *, *, #88, .F. ) ;
#159 = DIRECTION ( 'NONE',  ( 0.000000000000000000, -1.000000000000000000, 0.000000000000000000 ) ) ;
#160 = EDGE_CURVE ( 'NONE', #1742, #574, #1870, .T. ) ;
#161 = FACE_OUTER_BOUND ( 'NONE', #1120, .T. ) ;
#162 = EDGE_CURVE ( 'NONE', #1823, #803, #147, .T. ) ;
#163 = ORIENTED_EDGE ( 'NONE', *, *, #1109, .T. ) ;
#164 = ADVANCED_FACE ( 'NONE', ( #3 ), #843, .T. ) ;
#165 = ORIENTED_EDGE ( 'NONE', *, *, #524, .T. ) ;
#166 = VECTOR ( 'NONE', #928, 1000.000000000000000 ) ;
#167 = CARTESIAN_POINT ( 'NONE',  ( -0.5047897788773759720, 0.1000000000000000056, -2.100000000000024958 ) ) ;
#168 = VERTEX_POINT ( 'NONE', #128 ) ;
#169 = VECTOR ( 'NONE', #1354, 1000.000000000000000 ) ;
#170 = DIRECTION ( 'NONE',  ( -1.000000000000000000, 0.000000000000000000, 0.000000000000000000 ) ) ;
#171 = CLOSED_SHELL ( 'NONE', ( #1785, #100, #1653, #752, #234, #383, #728, #456, #1155, #1351, #1310, #1115, #1298, #217, #340, #151, #280, #433, #1600, #1347, #1464, #1856, #371, #1502, #757, #1501 ) ) ;
#172 = CARTESIAN_POINT ( 'NONE',  ( 3.020500000000000185, 0.000000000000000000, -1.200000000000031930 ) ) ;
#173 = DIRECTION ( 'NONE',  ( 0.000000000000000000, 0.000000000000000000, 1.000000000000000000 ) ) ;
#174 = ORIENTED_EDGE ( 'NONE', *, *, #706, .F. ) ;
#175 = VERTEX_POINT ( 'NONE', #438 ) ;
#176 = VECTOR ( 'NONE', #1613, 1000.000000000000000 ) ;
#177 = CARTESIAN_POINT ( 'NONE',  ( -0.5047897788773759720, 0.000000000000000000, -1.200000000000019940 ) ) ;
#178 = CARTESIAN_POINT ( 'NONE',  ( -1.360000000000040066, 0.000000000000000000, -1.199999999999999956 ) ) ;
#179 = LINE ( 'NONE', #1049, #767 ) ;
#180 = DIRECTION ( 'NONE',  ( 0.000000000000000000, 0.000000000000000000, 1.000000000000000000 ) ) ;
#181 = LINE ( 'NONE', #1504, #28 ) ;
#182 = ORIENTED_EDGE ( 'NONE', *, *, #1644, .F. ) ;
#183 = EDGE_LOOP ( 'NONE', ( #1574, #1126, #1481, #1001 ) ) ;
#184 = DIRECTION ( 'NONE',  ( 2.312964634635739999E-16, 0.000000000000000000, 1.000000000000000000 ) ) ;
#185 = LINE ( 'NONE', #788, #443 ) ;
#186 = EDGE_CURVE ( 'NONE', #1158, #1463, #1317, .T. ) ;
#187 = LINE ( 'NONE', #329, #1067 ) ;
#188 = DIRECTION ( 'NONE',  ( 1.000000000000000000, 0.000000000000000000, 0.000000000000000000 ) ) ;
#189 = APPLICATION_CONTEXT ( 'automotive_design' ) ;
#190 = LINE ( 'NONE', #618, #1571 ) ;
#191 = VECTOR ( 'NONE', #515, 1000.000000000000000 ) ;
#192 = LINE ( 'NONE', #774, #667 ) ;
#193 = VECTOR ( 'NONE', #1285, 1000.000000000000000 ) ;
#194 = VERTEX_POINT ( 'NONE', #1162 ) ;
#195 = DIRECTION ( 'NONE',  ( 0.000000000000000000, -1.000000000000000000, 0.000000000000000000 ) ) ;
#196 = VECTOR ( 'NONE', #125, 1000.000000000000000 ) ;
#197 = LINE ( 'NONE', #1064, #166 ) ;
#198 = AXIS2_PLACEMENT_3D ( 'NONE', #1213, #1513, #495 ) ;
#199 = CARTESIAN_POINT ( 'NONE',  ( -0.5530000000000379057, 0.000000000000000000, 1.199999999999999956 ) ) ;
#200 = FACE_OUTER_BOUND ( 'NONE', #573, .T. ) ;
#201 = LINE ( 'NONE', #1390, #1259 ) ;
#202 = DIRECTION ( 'NONE',  ( 0.000000000000000000, -1.000000000000000000, 0.000000000000000000 ) ) ;
#203 = ORIENTED_EDGE ( 'NONE', *, *, #732, .F. ) ;
#204 = DIRECTION ( 'NONE',  ( 0.000000000000000000, -1.000000000000000000, 0.000000000000000000 ) ) ;
#205 = CARTESIAN_POINT ( 'NONE',  ( -3.700000000000000178, 0.000000000000000000, 2.149999999999999911 ) ) ;
#206 = ORIENTED_EDGE ( 'NONE', *, *, #1032, .F. ) ;
#207 = AXIS2_PLACEMENT_3D ( 'NONE', #1402, #416, #104 ) ;
#208 = CARTESIAN_POINT ( 'NONE',  ( -0.5530000000000000471, 0.000000000000000000, -2.200000000000000178 ) ) ;
#209 = DIRECTION ( 'NONE',  ( 3.813141833236999816E-32, 1.000000000000000000, -3.449426766066690469E-29 ) ) ;
#210 = CARTESIAN_POINT ( 'NONE',  ( -0.5530000000000379057, 0.000000000000000000, 2.149999999999999911 ) ) ;
#211 = DIRECTION ( 'NONE',  ( -4.409146245532789707E-16, 0.000000000000000000, 1.000000000000000000 ) ) ;
#212 = VERTEX_POINT ( 'NONE', #273 ) ;
#213 = DIRECTION ( 'NONE',  ( 0.000000000000000000, 0.000000000000000000, 1.000000000000000000 ) ) ;
#214 = ORIENTED_EDGE ( 'NONE', *, *, #1227, .F. ) ;
#215 = PLANE ( 'NONE',  #1837 ) ;
#216 = DIRECTION ( 'NONE',  ( 1.000000000000000000, 0.000000000000000000, 0.000000000000000000 ) ) ;
#217 = ADVANCED_FACE ( 'NONE', ( #1281 ), #449, .F. ) ;
#218 = DIRECTION ( 'NONE',  ( 0.000000000000000000, -1.000000000000000000, 0.000000000000000000 ) ) ;
#219 = LINE ( 'NONE', #245, #1148 ) ;
#220 = VERTEX_POINT ( 'NONE', #1187 ) ;
#221 = CARTESIAN_POINT ( 'NONE',  ( 2.390999999999964931, 0.000000000000000000, 1.199999999999999956 ) ) ;
#222 = SURFACE_STYLE_FILL_AREA ( #1118 ) ;
#223 = ORIENTED_EDGE ( 'NONE', *, *, #1640, .T. ) ;
#224 = DIRECTION ( 'NONE',  ( 0.000000000000000000, -1.000000000000000000, 0.000000000000000000 ) ) ;
#225 = AXIS2_PLACEMENT_3D ( 'NONE', #1677, #1821, #517 ) ;
#226 = EDGE_CURVE ( 'NONE', #1882, #924, #485, .T. ) ;
#227 = CARTESIAN_POINT ( 'NONE',  ( -1.252999999999999892, 0.000000000000000000, -2.168404344971009815E-14 ) ) ;
#228 = FACE_OUTER_BOUND ( 'NONE', #1873, .T. ) ;
#229 = PLANE ( 'NONE',  #87 ) ;
#230 = VERTEX_POINT ( 'NONE', #344 ) ;
#231 = CARTESIAN_POINT ( 'NONE',  ( -0.5530000000000379057, 0.1000000000000000056, -2.149999999999999911 ) ) ;
#232 = VERTEX_POINT ( 'NONE', #1759 ) ;
#233 = DIRECTION ( 'NONE',  ( 1.000000000000000000, 0.000000000000000000, 0.000000000000000000 ) ) ;
#234 = ADVANCED_FACE ( 'NONE', ( #467 ), #604, .F. ) ;
#235 = LINE ( 'NONE', #244, #193 ) ;
#236 = EDGE_CURVE ( 'NONE', #454, #1742, #785, .T. ) ;
#237 = LINE ( 'NONE', #1361, #1449 ) ;
#238 = DIRECTION ( 'NONE',  ( 0.000000000000000000, 1.000000000000000000, 0.000000000000000000 ) ) ;
#239 = VERTEX_POINT ( 'NONE', #1036 ) ;
#240 = CARTESIAN_POINT ( 'NONE',  ( -3.750000000000000000, 0.000000000000000000, 1.199999999999981970 ) ) ;
#241 = ORIENTED_EDGE ( 'NONE', *, *, #1171, .F. ) ;
#242 = EDGE_CURVE ( 'NONE', #946, #1534, #1781, .T. ) ;
#243 = ORIENTED_EDGE ( 'NONE', *, *, #24, .T. ) ;
#244 = CARTESIAN_POINT ( 'NONE',  ( -1.253000000000036085, 0.1000000000000000056, 1.199999999999999956 ) ) ;
#245 = CARTESIAN_POINT ( 'NONE',  ( -1.252999999999999892, 0.000000000000000000, 2.200000000000000178 ) ) ;
#246 = ORIENTED_EDGE ( 'NONE', *, *, #1438, .F. ) ;
#247 = CARTESIAN_POINT ( 'NONE',  ( -2.449999999999999734, 0.000000000000000000, -1.200000000000017941 ) ) ;
#248 = FACE_OUTER_BOUND ( 'NONE', #1674, .T. ) ;
#249 = EDGE_CURVE ( 'NONE', #266, #1130, #1173, .T. ) ;
#250 = ORIENTED_EDGE ( 'NONE', *, *, #1123, .T. ) ;
#251 = VECTOR ( 'NONE', #224, 1000.000000000000000 ) ;
#252 = ORIENTED_EDGE ( 'NONE', *, *, #1293, .F. ) ;
#253 = ORIENTED_EDGE ( 'NONE', *, *, #160, .T. ) ;
#254 = VECTOR ( 'NONE', #1388, 1000.000000000000000 ) ;
#255 = PLANE ( 'NONE',  #867 ) ;
#256 = VECTOR ( 'NONE', #478, 1000.000000000000000 ) ;
#257 = COLOUR_RGB ( '',0.7921568627450980005, 0.8196078431372548767, 0.9333333333333333481 ) ;
#258 = SURFACE_STYLE_USAGE ( .BOTH. , #133 ) ;
#259 = LINE ( 'NONE', #548, #1411 ) ;
#260 = ORIENTED_EDGE ( 'NONE', *, *, #1711, .F. ) ;
#261 = LINE ( 'NONE', #1690, #630 ) ;
#262 = DIRECTION ( 'NONE',  ( 0.000000000000000000, -1.000000000000000000, 0.000000000000000000 ) ) ;
#263 = ORIENTED_EDGE ( 'NONE', *, *, #1580, .F. ) ;
#264 = AXIS2_PLACEMENT_3D ( 'NONE', #1622, #900, #465 ) ;
#265 = ORIENTED_EDGE ( 'NONE', *, *, #1109, .F. ) ;
#266 = VERTEX_POINT ( 'NONE', #1473 ) ;
#267 = DIRECTION ( 'NONE',  ( 1.101411730778929854E-16, 0.000000000000000000, 1.000000000000000000 ) ) ;
#268 = VECTOR ( 'NONE', #173, 1000.000000000000000 ) ;
#269 = LINE ( 'NONE', #1857, #1119 ) ;
#270 = DIRECTION ( 'NONE',  ( -0.000000000000000000, 1.000000000000000000, 0.000000000000000000 ) ) ;
#271 = ORIENTED_EDGE ( 'NONE', *, *, #713, .F. ) ;
#272 = DIRECTION ( 'NONE',  ( 0.000000000000000000, 1.000000000000000000, 0.000000000000000000 ) ) ;
#273 = CARTESIAN_POINT ( 'NONE',  ( -1.253000000000036085, 0.000000000000000000, 1.199999999999999956 ) ) ;
#274 = ORIENTED_EDGE ( 'NONE', *, *, #1433, .T. ) ;
#275 = VERTEX_POINT ( 'NONE', #1793 ) ;
#276 = ORIENTED_EDGE ( 'NONE', *, *, #907, .F. ) ;
#277 = CARTESIAN_POINT ( 'NONE',  ( 3.600000000000000089, 0.000000000000000000, 2.149999999999999911 ) ) ;
#278 = DIRECTION ( 'NONE',  ( 0.000000000000000000, 1.000000000000000000, 0.000000000000000000 ) ) ;
#279 = ORIENTED_EDGE ( 'NONE', *, *, #1693, .T. ) ;
#280 = ADVANCED_FACE ( 'NONE', ( #457 ), #911, .F. ) ;
#281 = LINE ( 'NONE', #1543, #1358 ) ;
#282 = DIRECTION ( 'NONE',  ( -2.312964634635739999E-16, 0.000000000000000000, -1.000000000000000000 ) ) ;
#283 = EDGE_LOOP ( 'NONE', ( #1766, #23, #956, #354 ) ) ;
#284 = EDGE_CURVE ( 'NONE', #1260, #1862, #1490, .T. ) ;
#285 = VERTEX_POINT ( 'NONE', #883 ) ;
#286 = EDGE_CURVE ( 'NONE', #1149, #76, #181, .T. ) ;
#287 = MECHANICAL_DESIGN_GEOMETRIC_PRESENTATION_REPRESENTATION (  '', ( #1874 ), #1717 ) ;
#288 = CARTESIAN_POINT ( 'NONE',  ( -3.700000000000000178, 0.1000000000000000056, 1.199999999999999956 ) ) ;
#289 = VECTOR ( 'NONE', #1095, 1000.000000000000000 ) ;
#290 = EDGE_CURVE ( 'NONE', #700, #1217, #1466, .T. ) ;
#291 = VECTOR ( 'NONE', #386, 1000.000000000000000 ) ;
#292 = VECTOR ( 'NONE', #507, 1000.000000000000000 ) ;
#293 = ORIENTED_EDGE ( 'NONE', *, *, #311, .F. ) ;
#294 = CARTESIAN_POINT ( 'NONE',  ( -0.5530000000000000471, 0.000000000000000000, -2.168404344971009815E-14 ) ) ;
#295 = LINE ( 'NONE', #1128, #1719 ) ;
#296 = CARTESIAN_POINT ( 'NONE',  ( -1.252999999999999892, 0.5000000000000000000, -1.200000000000019940 ) ) ;
#297 = EDGE_CURVE ( 'NONE', #1249, #803, #192, .T. ) ;
#298 = EDGE_CURVE ( 'NONE', #1291, #1542, #1772, .T. ) ;
#299 = VECTOR ( 'NONE', #397, 1000.000000000000000 ) ;
#300 = VECTOR ( 'NONE', #1004, 1000.000000000000000 ) ;
#301 = EDGE_LOOP ( 'NONE', ( #1197, #694, #1715, #880 ) ) ;
#302 = DIRECTION ( 'NONE',  ( -1.000000000000000000, 0.000000000000000000, 0.000000000000000000 ) ) ;
#303 = CARTESIAN_POINT ( 'NONE',  ( -1.253000000000036085, 0.000000000000000000, 2.200000000000000178 ) ) ;
#304 = ORIENTED_EDGE ( 'NONE', *, *, #957, .F. ) ;
#305 = ADVANCED_FACE ( 'NONE', ( #1326 ), #1765, .T. ) ;
#306 = VERTEX_POINT ( 'NONE', #1623 ) ;
#307 = DIRECTION ( 'NONE',  ( -1.000000000000000000, 0.000000000000000000, 0.000000000000000000 ) ) ;
#308 = CARTESIAN_POINT ( 'NONE',  ( -1.253000000000036085, 0.1000000000000000056, -8.673617379884030542E-16 ) ) ;
#309 = ORIENTED_EDGE ( 'NONE', *, *, #770, .F. ) ;
#310 = DIRECTION ( 'NONE',  ( 0.000000000000000000, 0.000000000000000000, -1.000000000000000000 ) ) ;
#311 = EDGE_CURVE ( 'NONE', #1823, #1444, #323, .T. ) ;
#312 =( NAMED_UNIT ( * ) SI_UNIT ( $, .STERADIAN. ) SOLID_ANGLE_UNIT ( ) );
#313 = COLOUR_RGB ( '',0.7921568627450980005, 0.8196078431372548767, 0.9333333333333333481 ) ;
#314 = FACE_OUTER_BOUND ( 'NONE', #1114, .T. ) ;
#315 = VECTOR ( 'NONE', #612, 1000.000000000000000 ) ;
#316 = CARTESIAN_POINT ( 'NONE',  ( 2.390999999999964931, 0.000000000000000000, -1.199999999999999956 ) ) ;
#317 = ORIENTED_EDGE ( 'NONE', *, *, #311, .T. ) ;
#318 = CARTESIAN_POINT ( 'NONE',  ( 0.7069999999999999618, 0.1000000000000000056, -1.200000000000019940 ) ) ;
#319 = CARTESIAN_POINT ( 'NONE',  ( -0.5530000000000379057, 0.1000000000000000056, -8.673617379884030542E-16 ) ) ;
#320 = CARTESIAN_POINT ( 'NONE',  ( -0.5530000000000000471, 0.1000000000000000056, -2.100000000000024958 ) ) ;
#321 = VECTOR ( 'NONE', #33, 1000.000000000000000 ) ;
#322 = PLANE ( 'NONE',  #1732 ) ;
#323 = LINE ( 'NONE', #892, #268 ) ;
#324 = VERTEX_POINT ( 'NONE', #53 ) ;
#325 = ORIENTED_EDGE ( 'NONE', *, *, #1662, .F. ) ;
#326 = AXIS2_PLACEMENT_3D ( 'NONE', #652, #508, #353 ) ;
#327 = PLANE ( 'NONE',  #1841 ) ;
#328 = CARTESIAN_POINT ( 'NONE',  ( -0.5530000000000379057, 0.000000000000000000, -2.149999999999999911 ) ) ;
#329 = CARTESIAN_POINT ( 'NONE',  ( -3.750000000000000000, 0.000000000000000000, 1.199999999999981970 ) ) ;
#330 = FACE_OUTER_BOUND ( 'NONE', #609, .T. ) ;
#331 = CARTESIAN_POINT ( 'NONE',  ( -1.252999999999999892, 0.000000000000000000, 1.199999999999977973 ) ) ;
#332 = DIRECTION ( 'NONE',  ( 1.000000000000000000, -3.813141833236999816E-32, 1.315315350237629976E-60 ) ) ;
#333 = EDGE_LOOP ( 'NONE', ( #1550, #1426, #1745, #1845 ) ) ;
#334 = ORIENTED_EDGE ( 'NONE', *, *, #897, .F. ) ;
#335 = CARTESIAN_POINT ( 'NONE',  ( -0.5530000000000379057, 0.000000000000000000, -8.673617379884030542E-16 ) ) ;
#336 = DIRECTION ( 'NONE',  ( 0.000000000000000000, 1.000000000000000000, 0.000000000000000000 ) ) ;
#337 = EDGE_CURVE ( 'NONE', #499, #1872, #1332, .T. ) ;
#338 = ADVANCED_FACE ( 'NONE', ( #1061 ), #761, .T. ) ;
#339 = PRESENTATION_STYLE_ASSIGNMENT (( #1357 ) ) ;
#340 = ADVANCED_FACE ( 'NONE', ( #923 ), #951, .F. ) ;
#341 = LINE ( 'NONE', #919, #43 ) ;
#342 = AXIS2_PLACEMENT_3D ( 'NONE', #1769, #1510, #1368 ) ;
#343 = CARTESIAN_POINT ( 'NONE',  ( -0.5047897788774180494, 0.1000000000000000056, 2.149999999999999911 ) ) ;
#344 = CARTESIAN_POINT ( 'NONE',  ( 3.600000000000000089, 0.000000000000000000, 1.199999999999999956 ) ) ;
#345 = AXIS2_PLACEMENT_3D ( 'NONE', #1380, #505, #373 ) ;
#346 = ORIENTED_EDGE ( 'NONE', *, *, #1166, .F. ) ;
#347 = CARTESIAN_POINT ( 'NONE',  ( 0.7069999999999629914, 0.1000000000000000056, -1.199999999999999956 ) ) ;
#348 = VECTOR ( 'NONE', #885, 1000.000000000000000 ) ;
#349 = CARTESIAN_POINT ( 'NONE',  ( 2.391000000000000014, 0.000000000000000000, -1.200000000000031930 ) ) ;
#350 = ORIENTED_EDGE ( 'NONE', *, *, #1580, .T. ) ;
#351 = FACE_OUTER_BOUND ( 'NONE', #564, .T. ) ;
#352 = DIRECTION ( 'NONE',  ( 0.000000000000000000, -1.000000000000000000, 0.000000000000000000 ) ) ;
#353 = DIRECTION ( 'NONE',  ( 0.000000000000000000, -1.000000000000000000, 0.000000000000000000 ) ) ;
#354 = ORIENTED_EDGE ( 'NONE', *, *, #1039, .F. ) ;
#355 = PLANE ( 'NONE',  #697 ) ;
#356 = APPLICATION_PROTOCOL_DEFINITION ( 'draft international standard', 'automotive_design', 1998, #98 ) ;
#357 = ORIENTED_EDGE ( 'NONE', *, *, #1252, .F. ) ;
#358 = VECTOR ( 'NONE', #717, 1000.000000000000000 ) ;
#359 = AXIS2_PLACEMENT_3D ( 'NONE', #303, #18, #1635 ) ;
#360 = VECTOR ( 'NONE', #143, 1000.000000000000000 ) ;
#361 = ADVANCED_FACE ( 'NONE', ( #1523 ), #65, .T. ) ;
#362 = LINE ( 'NONE', #381, #684 ) ;
#363 = EDGE_CURVE ( 'NONE', #175, #232, #1533, .T. ) ;
#364 = DIRECTION ( 'NONE',  ( 1.000000000000000000, 0.000000000000000000, 0.000000000000000000 ) ) ;
#365 = CARTESIAN_POINT ( 'NONE',  ( -0.5530000000000000471, 0.000000000000000000, -1.200000000000019940 ) ) ;
#366 = DIRECTION ( 'NONE',  ( -5.551115123125780730E-16, 0.000000000000000000, 1.000000000000000000 ) ) ;
#367 = ORIENTED_EDGE ( 'NONE', *, *, #1621, .T. ) ;
#368 = DIRECTION ( 'NONE',  ( -1.000000000000000000, 0.000000000000000000, 0.000000000000000000 ) ) ;
#369 = DIRECTION ( 'NONE',  ( -1.000000000000000000, 0.000000000000000000, 0.000000000000000000 ) ) ;
#370 = ORIENTED_EDGE ( 'NONE', *, *, #1453, .F. ) ;
#371 = ADVANCED_FACE ( 'NONE', ( #1214 ), #229, .T. ) ;
#372 = CARTESIAN_POINT ( 'NONE',  ( -0.5047897788773759720, 0.1000000000000000056, -2.168404344971009815E-14 ) ) ;
#373 = DIRECTION ( 'NONE',  ( 0.000000000000000000, 1.000000000000000000, 0.000000000000000000 ) ) ;
#374 = LINE ( 'NONE', #972, #1292 ) ;
#375 = LINE ( 'NONE', #1373, #291 ) ;
#376 = EDGE_LOOP ( 'NONE', ( #135, #1750, #1624, #952 ) ) ;
#377 = CARTESIAN_POINT ( 'NONE',  ( -3.649999999999999911, 0.5500000000000000444, 1.199999999999981970 ) ) ;
#378 = ORIENTED_EDGE ( 'NONE', *, *, #109, .F. ) ;
#379 = VECTOR ( 'NONE', #1639, 1000.000000000000000 ) ;
#380 = EDGE_CURVE ( 'NONE', #841, #834, #219, .T. ) ;
#381 = CARTESIAN_POINT ( 'NONE',  ( 2.390999999999964931, 0.000000000000000000, -8.673617379884030542E-16 ) ) ;
#382 = VECTOR ( 'NONE', #525, 1000.000000000000000 ) ;
#383 = ADVANCED_FACE ( 'NONE', ( #1822 ), #1391, .F. ) ;
#384 = FACE_OUTER_BOUND ( 'NONE', #1170, .T. ) ;
#385 = DIRECTION ( 'NONE',  ( -0.000000000000000000, 1.000000000000000000, 0.000000000000000000 ) ) ;
#386 = DIRECTION ( 'NONE',  ( 1.000000000000000000, 0.000000000000000000, 0.000000000000000000 ) ) ;
#387 = ORIENTED_EDGE ( 'NONE', *, *, #363, .T. ) ;
#388 = EDGE_CURVE ( 'NONE', #1037, #392, #375, .T. ) ;
#389 = PLANE ( 'NONE',  #124 ) ;
#390 =( NAMED_UNIT ( * ) SI_UNIT ( $, .STERADIAN. ) SOLID_ANGLE_UNIT ( ) );
#391 = ORIENTED_EDGE ( 'NONE', *, *, #1350, .F. ) ;
#392 = VERTEX_POINT ( 'NONE', #643 ) ;
#393 = PLANE ( 'NONE',  #1192 ) ;
#394 = CARTESIAN_POINT ( 'NONE',  ( -0.5047897788773759720, 0.000000000000000000, -2.168404344971009815E-14 ) ) ;
#395 = CARTESIAN_POINT ( 'NONE',  ( -3.700000000000000178, 0.000000000000000000, -1.199999999999999956 ) ) ;
#396 = EDGE_LOOP ( 'NONE', ( #317, #263, #1237, #1011 ) ) ;
#397 = DIRECTION ( 'NONE',  ( 0.000000000000000000, 0.000000000000000000, -1.000000000000000000 ) ) ;
#398 = DIRECTION ( 'NONE',  ( 0.000000000000000000, 0.000000000000000000, -1.000000000000000000 ) ) ;
#399 = ORIENTED_EDGE ( 'NONE', *, *, #969, .F. ) ;
#400 = ORIENTED_EDGE ( 'NONE', *, *, #827, .F. ) ;
#401 = ORIENTED_EDGE ( 'NONE', *, *, #1017, .F. ) ;
#402 = DIRECTION ( 'NONE',  ( 1.000000000000000000, 0.000000000000000000, 0.000000000000000000 ) ) ;
#403 = DIRECTION ( 'NONE',  ( -1.000000000000000000, 0.000000000000000000, 0.000000000000000000 ) ) ;
#404 = CARTESIAN_POINT ( 'NONE',  ( -1.360000000000040066, 0.000000000000000000, 1.199999999999999956 ) ) ;
#405 = ORIENTED_EDGE ( 'NONE', *, *, #90, .T. ) ;
#406 = LINE ( 'NONE', #1434, #1854 ) ;
#407 = LINE ( 'NONE', #11, #1048 ) ;
#408 = AXIS2_PLACEMENT_3D ( 'NONE', #739, #987, #430 ) ;
#409 = ORIENTED_EDGE ( 'NONE', *, *, #1438, .T. ) ;
#410 = VERTEX_POINT ( 'NONE', #395 ) ;
#411 = PRESENTATION_LAYER_ASSIGNMENT (  '', '', ( #1595 ) ) ;
#412 = PLANE ( 'NONE',  #986 ) ;
#413 = AXIS2_PLACEMENT_3D ( 'NONE', #1638, #1063, #95 ) ;
#414 = DIRECTION ( 'NONE',  ( 1.000000000000000000, 0.000000000000000000, -2.312964634635739999E-16 ) ) ;
#415 = ORIENTED_EDGE ( 'NONE', *, *, #889, .F. ) ;
#416 = DIRECTION ( 'NONE',  ( 1.000000000000000000, 0.000000000000000000, 0.000000000000000000 ) ) ;
#417 = DIRECTION ( 'NONE',  ( -1.000000000000000000, 2.493208121731880179E-32, 1.366167886815325828E-62 ) ) ;
#418 = ORIENTED_EDGE ( 'NONE', *, *, #90, .F. ) ;
#419 = VECTOR ( 'NONE', #1186, 1000.000000000000000 ) ;
#420 = ORIENTED_EDGE ( 'NONE', *, *, #440, .F. ) ;
#421 = ORIENTED_EDGE ( 'NONE', *, *, #1647, .T. ) ;
#422 = DIRECTION ( 'NONE',  ( 0.000000000000000000, 0.000000000000000000, -1.000000000000000000 ) ) ;
#423 = EDGE_CURVE ( 'NONE', #239, #877, #518, .T. ) ;
#424 = AXIS2_PLACEMENT_3D ( 'NONE', #596, #1205, #1480 ) ;
#425 = CARTESIAN_POINT ( 'NONE',  ( 3.550000000000000266, 0.5500000000000000444, 1.199999999999969980 ) ) ;
#426 = ORIENTED_EDGE ( 'NONE', *, *, #724, .F. ) ;
#427 = LINE ( 'NONE', #1028, #1024 ) ;
#428 = DIRECTION ( 'NONE',  ( 0.000000000000000000, 0.000000000000000000, 1.000000000000000000 ) ) ;
#429 = EDGE_CURVE ( 'NONE', #1585, #230, #93, .T. ) ;
#430 = DIRECTION ( 'NONE',  ( 0.000000000000000000, 0.000000000000000000, 1.000000000000000000 ) ) ;
#431 = EDGE_CURVE ( 'NONE', #1130, #1325, #1678, .T. ) ;
#432 = ORIENTED_EDGE ( 'NONE', *, *, #109, .T. ) ;
#433 = ADVANCED_FACE ( 'NONE', ( #1813 ), #1223, .F. ) ;
#434 = EDGE_LOOP ( 'NONE', ( #1636, #420, #527, #1782, #1803, #446 ) ) ;
#435 = LINE ( 'NONE', #756, #920 ) ;
#436 = ORIENTED_EDGE ( 'NONE', *, *, #1297, .T. ) ;
#437 = DIRECTION ( 'NONE',  ( 0.000000000000000000, -1.000000000000000000, 0.000000000000000000 ) ) ;
#438 = CARTESIAN_POINT ( 'NONE',  ( -2.449999999999999734, 0.000000000000000000, 1.199999999999981970 ) ) ;
#439 = ADVANCED_FACE ( 'NONE', ( #1549 ), #496, .T. ) ;
#440 = EDGE_CURVE ( 'NONE', #633, #1305, #1102, .T. ) ;
#441 = VECTOR ( 'NONE', #782, 1000.000000000000000 ) ;
#442 = LINE ( 'NONE', #823, #289 ) ;
#443 = VECTOR ( 'NONE', #1777, 1000.000000000000000 ) ;
#444 = EDGE_CURVE ( 'NONE', #35, #1764, #1081, .T. ) ;
#445 = AXIS2_PLACEMENT_3D ( 'NONE', #1419, #414, #852 ) ;
#447 = ADVANCED_FACE ( 'NONE', ( #102 ), #1660, .T. ) ;
#446 = ORIENTED_EDGE ( 'NONE', *, *, #1389, .F. ) ;
#448 = LINE ( 'NONE', #1153, #1270 ) ;
#449 = PLANE ( 'NONE',  #359 ) ;
#450 = EDGE_CURVE ( 'NONE', #1198, #857, #935, .T. ) ;
#451 = FACE_OUTER_BOUND ( 'NONE', #1611, .T. ) ;
#452 = VECTOR ( 'NONE', #302, 1000.000000000000000 ) ;
#453 = VECTOR ( 'NONE', #170, 1000.000000000000000 ) ;
#454 = VERTEX_POINT ( 'NONE', #1698 ) ;
#455 = DIRECTION ( 'NONE',  ( 0.000000000000000000, -1.000000000000000000, 0.000000000000000000 ) ) ;
#456 = ADVANCED_FACE ( 'NONE', ( #1722 ), #1573, .F. ) ;
#457 = FACE_OUTER_BOUND ( 'NONE', #1454, .T. ) ;
#458 = ORIENTED_EDGE ( 'NONE', *, *, #423, .T. ) ;
#459 = CARTESIAN_POINT ( 'NONE',  ( 3.600000000000000089, 0.000000000000000000, -2.149999999999999911 ) ) ;
#460 = CARTESIAN_POINT ( 'NONE',  ( 0.7069999999999629914, 0.000000000000000000, -1.199999999999999956 ) ) ;
#461 = CARTESIAN_POINT ( 'NONE',  ( -1.360000000000040066, 0.000000000000000000, 1.199999999999999956 ) ) ;
#462 = DIRECTION ( 'NONE',  ( 0.000000000000000000, 0.000000000000000000, 1.000000000000000000 ) ) ;
#463 = ORIENTED_EDGE ( 'NONE', *, *, #1706, .T. ) ;
#464 = DIRECTION ( 'NONE',  ( 0.000000000000000000, 1.000000000000000000, 0.000000000000000000 ) ) ;
#465 = DIRECTION ( 'NONE',  ( 1.000000000000000000, 0.000000000000000000, -2.593979029498020368E-15 ) ) ;
#466 = VECTOR ( 'NONE', #1752, 1000.000000000000000 ) ;
#467 = FACE_OUTER_BOUND ( 'NONE', #1460, .T. ) ;
#468 = ORIENTED_EDGE ( 'NONE', *, *, #1509, .F. ) ;
#469 = EDGE_LOOP ( 'NONE', ( #463, #762, #1319, #711, #1188, #1288, #1716, #1085 ) ) ;
#470 = SURFACE_STYLE_USAGE ( .BOTH. , #157 ) ;
#471 = LINE ( 'NONE', #733, #1496 ) ;
#472 = LINE ( 'NONE', #49, #1318 ) ;
#473 = FACE_OUTER_BOUND ( 'NONE', #301, .T. ) ;
#474 = EDGE_CURVE ( 'NONE', #1728, #1129, #259, .T. ) ;
#475 = CARTESIAN_POINT ( 'NONE',  ( 3.600000000000000089, 1.000000000000000000, -8.673617379884030542E-16 ) ) ;
#476 = ORIENTED_EDGE ( 'NONE', *, *, #1519, .T. ) ;
#477 = ORIENTED_EDGE ( 'NONE', *, *, #444, .F. ) ;
#478 = DIRECTION ( 'NONE',  ( 0.000000000000000000, 0.000000000000000000, 1.000000000000000000 ) ) ;
#479 = EDGE_CURVE ( 'NONE', #1054, #1377, #693, .T. ) ;
#480 = LINE ( 'NONE', #1057, #1808 ) ;
#481 = ADVANCED_FACE ( 'NONE', ( #1287 ), #983, .F. ) ;
#482 =( LENGTH_UNIT ( ) NAMED_UNIT ( * ) SI_UNIT ( .MILLI., .METRE. ) );
#483 = FACE_OUTER_BOUND ( 'NONE', #699, .T. ) ;
#484 = FACE_OUTER_BOUND ( 'NONE', #544, .T. ) ;
#485 = LINE ( 'NONE', #1029, #601 ) ;
#486 = ORIENTED_EDGE ( 'NONE', *, *, #1704, .F. ) ;
#487 = LINE ( 'NONE', #1680, #503 ) ;
#488 = LINE ( 'NONE', #915, #379 ) ;
#489 = ORIENTED_EDGE ( 'NONE', *, *, #474, .F. ) ;
#490 = ADVANCED_FACE ( 'NONE', ( #840 ), #1876, .T. ) ;
#491 = PLANE ( 'NONE',  #1163 ) ;
#492 = UNCERTAINTY_MEASURE_WITH_UNIT (LENGTH_MEASURE( 1.000000000000000082E-05 ), #547, 'distance_accuracy_value', 'NONE');
#493 = LINE ( 'NONE', #1512, #1069 ) ;
#494 = AXIS2_PLACEMENT_3D ( 'NONE', #1369, #1360, #792 ) ;
#495 = DIRECTION ( 'NONE',  ( 0.000000000000000000, 0.000000000000000000, 1.000000000000000000 ) ) ;
#496 = PLANE ( 'NONE',  #592 ) ;
#497 = EDGE_CURVE ( 'NONE', #168, #1437, #1125, .T. ) ;
#498 = VECTOR ( 'NONE', #1743, 1000.000000000000000 ) ;
#499 = VERTEX_POINT ( 'NONE', #1560 ) ;
#500 = LINE ( 'NONE', #221, #1564 ) ;
#501 = LINE ( 'NONE', #1239, #616 ) ;
#502 = ORIENTED_EDGE ( 'NONE', *, *, #563, .F. ) ;
#503 = VECTOR ( 'NONE', #83, 1000.000000000000000 ) ;
#504 = DIRECTION ( 'NONE',  ( -5.551115123125780730E-16, 0.000000000000000000, 1.000000000000000000 ) ) ;
#505 = DIRECTION ( 'NONE',  ( 1.000000000000000000, 0.000000000000000000, 0.000000000000000000 ) ) ;
#506 = VECTOR ( 'NONE', #718, 1000.000000000000000 ) ;
#507 = DIRECTION ( 'NONE',  ( 0.000000000000000000, 0.000000000000000000, 1.000000000000000000 ) ) ;
#508 = DIRECTION ( 'NONE',  ( 4.405646923115710050E-16, 0.000000000000000000, -1.000000000000000000 ) ) ;
#509 = VERTEX_POINT ( 'NONE', #1858 ) ;
#510 = EDGE_CURVE ( 'NONE', #521, #499, #1708, .T. ) ;
#511 = CARTESIAN_POINT ( 'NONE',  ( -0.5530000000000379057, 0.1000000000000000056, 1.199999999999999956 ) ) ;
#512 = PLANE ( 'NONE',  #1381 ) ;
#513 = ORIENTED_EDGE ( 'NONE', *, *, #650, .F. ) ;
#514 = AXIS2_PLACEMENT_3D ( 'NONE', #663, #1688, #829 ) ;
#515 = DIRECTION ( 'NONE',  ( 0.000000000000000000, 1.000000000000000000, 0.000000000000000000 ) ) ;
#516 = LINE ( 'NONE', #69, #589 ) ;
#517 = DIRECTION ( 'NONE',  ( 1.000000000000000000, 0.000000000000000000, 0.000000000000000000 ) ) ;
#518 = LINE ( 'NONE', #794, #689 ) ;
#519 = ORIENTED_EDGE ( 'NONE', *, *, #1442, .T. ) ;
#520 = CARTESIAN_POINT ( 'NONE',  ( 0.7069999999999999618, 0.000000000000000000, 1.199999999999977973 ) ) ;
#521 = VERTEX_POINT ( 'NONE', #557 ) ;
#522 = CARTESIAN_POINT ( 'NONE',  ( -2.449999999999999734, 0.1000000000000000056, -1.200000000000017941 ) ) ;
#523 = DIRECTION ( 'NONE',  ( -5.551115123125780730E-16, 0.000000000000000000, 1.000000000000000000 ) ) ;
#524 = EDGE_CURVE ( 'NONE', #35, #168, #567, .T. ) ;
#525 = DIRECTION ( 'NONE',  ( 1.000000000000000000, 0.000000000000000000, 0.000000000000000000 ) ) ;
#526 = DIRECTION ( 'NONE',  ( 1.000000000000000000, 0.000000000000000000, 0.000000000000000000 ) ) ;
#527 = ORIENTED_EDGE ( 'NONE', *, *, #865, .F. ) ;
#528 = VECTOR ( 'NONE', #930, 1000.000000000000000 ) ;
#529 = DIRECTION ( 'NONE',  ( 0.000000000000000000, 1.000000000000000000, 0.000000000000000000 ) ) ;
#530 = PRESENTATION_STYLE_ASSIGNMENT (( #686 ) ) ;
#531 = COLOUR_RGB ( '',0.7921568627450980005, 0.8196078431372548767, 0.9333333333333333481 ) ;
#532 = VECTOR ( 'NONE', #1755, 1000.000000000000000 ) ;
#533 = VECTOR ( 'NONE', #1372, 1000.000000000000000 ) ;
#534 = ORIENTED_EDGE ( 'NONE', *, *, #1714, .T. ) ;
#535 = CARTESIAN_POINT ( 'NONE',  ( -3.649999999999999911, 0.1000000000000000056, -1.200000000000017941 ) ) ;
#536 =( NAMED_UNIT ( * ) PLANE_ANGLE_UNIT ( ) SI_UNIT ( $, .RADIAN. ) );
#537 = DIRECTION ( 'NONE',  ( 1.000000000000000000, 0.000000000000000000, 0.000000000000000000 ) ) ;
#538 = EDGE_LOOP ( 'NONE', ( #1401, #1328, #624, #158, #1073, #593, #1278, #675, #1757, #753, #293, #110 ) ) ;
#539 = DIRECTION ( 'NONE',  ( -1.000000000000000000, 0.000000000000000000, 0.000000000000000000 ) ) ;
#540 = SURFACE_SIDE_STYLE ('',( #222 ) ) ;
#541 = VERTEX_POINT ( 'NONE', #1410 ) ;
#542 = VECTOR ( 'NONE', #945, 1000.000000000000000 ) ;
#543 = PRESENTATION_LAYER_ASSIGNMENT (  '', '', ( #1424 ) ) ;
#544 = EDGE_LOOP ( 'NONE', ( #1703, #468, #1594, #1694 ) ) ;
#545 = VERTEX_POINT ( 'NONE', #459 ) ;
#546 = LINE ( 'NONE', #980, #1720 ) ;
#547 =( LENGTH_UNIT ( ) NAMED_UNIT ( * ) SI_UNIT ( .MILLI., .METRE. ) );
#548 = CARTESIAN_POINT ( 'NONE',  ( -0.5530000000000379057, 0.000000000000000000, -8.673617379884030542E-16 ) ) ;
#549 = ORIENTED_EDGE ( 'NONE', *, *, #380, .F. ) ;
#550 = CARTESIAN_POINT ( 'NONE',  ( -1.252999999999999892, 0.5000000000000000000, 2.200000000000000178 ) ) ;
#551 =( NAMED_UNIT ( * ) SI_UNIT ( $, .STERADIAN. ) SOLID_ANGLE_UNIT ( ) );
#552 = ORIENTED_EDGE ( 'NONE', *, *, #114, .F. ) ;
#553 = VERTEX_POINT ( 'NONE', #1615 ) ;
#554 = ORIENTED_EDGE ( 'NONE', *, *, #1252, .T. ) ;
#555 = CARTESIAN_POINT ( 'NONE',  ( 3.600000000000000089, 0.1000000000000000056, 1.199999999999999956 ) ) ;
#556 = DIRECTION ( 'NONE',  ( 0.000000000000000000, 0.000000000000000000, -1.000000000000000000 ) ) ;
#557 = CARTESIAN_POINT ( 'NONE',  ( 2.390999999999964931, 0.000000000000000000, -1.199999999999999956 ) ) ;
#558 = EDGE_LOOP ( 'NONE', ( #1206, #978, #1215, #27 ) ) ;
#559 = CARTESIAN_POINT ( 'NONE',  ( -1.252999999999999892, 0.1000000000000000056, 2.100000000000000089 ) ) ;
#560 = DIRECTION ( 'NONE',  ( 1.000000000000000000, 0.000000000000000000, 0.000000000000000000 ) ) ;
#561 = ORIENTED_EDGE ( 'NONE', *, *, #777, .F. ) ;
#562 = PRODUCT_DEFINITION_FORMATION_WITH_SPECIFIED_SOURCE ( 'ANY', '', #1451, .NOT_KNOWN. ) ;
#563 = EDGE_CURVE ( 'NONE', #553, #1325, #598, .T. ) ;
#564 = EDGE_LOOP ( 'NONE', ( #1282, #1877, #1374, #1121, #1147, #1871, #96, #720 ) ) ;
#565 = ORIENTED_EDGE ( 'NONE', *, *, #1631, .F. ) ;
#566 = FACE_OUTER_BOUND ( 'NONE', #396, .T. ) ;
#567 = LINE ( 'NONE', #404, #1256 ) ;
#568 = ORIENTED_EDGE ( 'NONE', *, *, #988, .T. ) ;
#569 = CARTESIAN_POINT ( 'NONE',  ( -1.253000000000036085, 0.000000000000000000, 2.149999999999999911 ) ) ;
#570 = EDGE_CURVE ( 'NONE', #1392, #830, #1767, .T. ) ;
#571 = CARTESIAN_POINT ( 'NONE',  ( -3.750000000000000000, 0.000000000000000000, -1.200000000000017941 ) ) ;
#572 = ORIENTED_EDGE ( 'NONE', *, *, #1171, .T. ) ;
#573 = EDGE_LOOP ( 'NONE', ( #1306, #387, #657, #1505, #1228, #576 ) ) ;
#574 = VERTEX_POINT ( 'NONE', #1056 ) ;
#575 = DIRECTION ( 'NONE',  ( 1.000000000000000000, 0.000000000000000000, 0.000000000000000000 ) ) ;
#576 = ORIENTED_EDGE ( 'NONE', *, *, #1324, .T. ) ;
#577 = DIRECTION ( 'NONE',  ( 0.000000000000000000, -1.000000000000000000, 0.000000000000000000 ) ) ;
#578 = EDGE_CURVE ( 'NONE', #1463, #1729, #37, .T. ) ;
#579 = CARTESIAN_POINT ( 'NONE',  ( 3.649999999999999911, 0.000000000000000000, 1.199999999999969980 ) ) ;
#580 = EDGE_CURVE ( 'NONE', #1882, #194, #1031, .T. ) ;
#581 = ORIENTED_EDGE ( 'NONE', *, *, #758, .F. ) ;
#582 = ORIENTED_EDGE ( 'NONE', *, *, #474, .T. ) ;
#583 = LINE ( 'NONE', #1200, #687 ) ;
#584 = EDGE_CURVE ( 'NONE', #194, #148, #1784, .T. ) ;
#585 = ORIENTED_EDGE ( 'NONE', *, *, #12, .F. ) ;
#586 = CARTESIAN_POINT ( 'NONE',  ( 3.600000000000000089, 0.000000000000000000, 2.149999999999999911 ) ) ;
#587 = DIRECTION ( 'NONE',  ( -0.000000000000000000, 1.000000000000000000, 0.000000000000000000 ) ) ;
#588 = LINE ( 'NONE', #29, #1414 ) ;
#589 = VECTOR ( 'NONE', #188, 1000.000000000000000 ) ;
#590 = VECTOR ( 'NONE', #1406, 1000.000000000000000 ) ;
#591 = EDGE_CURVE ( 'NONE', #844, #1009, #611, .T. ) ;
#592 = AXIS2_PLACEMENT_3D ( 'NONE', #671, #526, #1514 ) ;
#593 = ORIENTED_EDGE ( 'NONE', *, *, #1026, .F. ) ;
#594 = DIRECTION ( 'NONE',  ( 2.493208121731880179E-32, 1.000000000000000000, 5.479558144012189991E-31 ) ) ;
#595 = VECTOR ( 'NONE', #464, 1000.000000000000000 ) ;
#596 = CARTESIAN_POINT ( 'NONE',  ( -1.360000000000040066, 0.000000000000000000, -1.199999999999999956 ) ) ;
#597 = VERTEX_POINT ( 'NONE', #755 ) ;
#598 = LINE ( 'NONE', #1342, #256 ) ;
#599 = DIRECTION ( 'NONE',  ( 0.000000000000000000, 0.000000000000000000, 1.000000000000000000 ) ) ;
#600 = VECTOR ( 'NONE', #1846, 1000.000000000000000 ) ;
#601 = VECTOR ( 'NONE', #332, 1000.000000000000000 ) ;
#602 = VECTOR ( 'NONE', #556, 1000.000000000000000 ) ;
#603 = ORIENTED_EDGE ( 'NONE', *, *, #1032, .T. ) ;
#604 = PLANE ( 'NONE',  #424 ) ;
#605 = VERTEX_POINT ( 'NONE', #1335 ) ;
#606 = DIRECTION ( 'NONE',  ( -1.000000000000000000, 0.000000000000000000, 0.000000000000000000 ) ) ;
#607 = CARTESIAN_POINT ( 'NONE',  ( -1.252999999999999892, 0.000000000000000000, -2.200000000000000178 ) ) ;
#608 = DIRECTION ( 'NONE',  ( 0.000000000000000000, -1.000000000000000000, 0.000000000000000000 ) ) ;
#609 = EDGE_LOOP ( 'NONE', ( #929, #252, #182, #672, #118, #54, #746, #1578, #798, #1257, #271, #489 ) ) ;
#610 = EDGE_LOOP ( 'NONE', ( #719, #1308, #1589, #1450, #654, #370, #974, #534 ) ) ;
#611 = LINE ( 'NONE', #1468, #772 ) ;
#612 = DIRECTION ( 'NONE',  ( 1.000000000000000000, 0.000000000000000000, 0.000000000000000000 ) ) ;
#613 = ADVANCED_FACE ( 'NONE', ( #451 ), #327, .T. ) ;
#614 = CARTESIAN_POINT ( 'NONE',  ( -0.5530000000000000471, 0.000000000000000000, 1.199999999999977973 ) ) ;
#615 = ADVANCED_BREP_SHAPE_REPRESENTATION ( 'EEFLR0D221P', ( #1879, #1267, #1231, #619, #1528 ), #1771 ) ;
#616 = VECTOR ( 'NONE', #369, 1000.000000000000000 ) ;
#617 = EDGE_CURVE ( 'NONE', #844, #454, #741, .T. ) ;
#618 = CARTESIAN_POINT ( 'NONE',  ( 2.390999999999964931, 0.1000000000000000056, -8.673617379884030542E-16 ) ) ;
#619 = MANIFOLD_SOLID_BREP ( 'NONE', #1302 ) ;
#620 = EDGE_CURVE ( 'NONE', #1341, #1465, #588, .T. ) ;
#621 = VECTOR ( 'NONE', #784, 1000.000000000000000 ) ;
#622 = DIRECTION ( 'NONE',  ( 0.000000000000000000, 0.000000000000000000, 1.000000000000000000 ) ) ;
#623 = ORIENTED_EDGE ( 'NONE', *, *, #26, .T. ) ;
#624 = ORIENTED_EDGE ( 'NONE', *, *, #732, .T. ) ;
#625 = DIRECTION ( 'NONE',  ( 1.000000000000000000, 0.000000000000000000, 0.000000000000000000 ) ) ;
#626 = EDGE_CURVE ( 'NONE', #239, #1701, #46, .T. ) ;
#627 = CARTESIAN_POINT ( 'NONE',  ( -0.5530000000000000471, 0.5000000000000000000, 2.100000000000000089 ) ) ;
#628 = DIRECTION ( 'NONE',  ( 1.000000000000000000, 0.000000000000000000, 5.551115123125780730E-16 ) ) ;
#629 = DIRECTION ( 'NONE',  ( 0.000000000000000000, 1.000000000000000000, 0.000000000000000000 ) ) ;
#630 = VECTOR ( 'NONE', #539, 1000.000000000000000 ) ;
#631 = CARTESIAN_POINT ( 'NONE',  ( -3.100000000000000089, 0.1000000000000000056, -1.821459649775649973E-14 ) ) ;
#632 = DIRECTION ( 'NONE',  ( -2.410006223993090063E-60, -6.986686158121200080E-32, 1.000000000000000000 ) ) ;
#633 = VERTEX_POINT ( 'NONE', #1164 ) ;
#634 = FACE_OUTER_BOUND ( 'NONE', #469, .T. ) ;
#635 = EDGE_CURVE ( 'NONE', #834, #1608, #1620, .T. ) ;
#636 = DIRECTION ( 'NONE',  ( 1.000000000000000000, 0.000000000000000000, 0.000000000000000000 ) ) ;
#637 = EDGE_CURVE ( 'NONE', #1158, #149, #1199, .T. ) ;
#638 = ORIENTED_EDGE ( 'NONE', *, *, #1630, .T. ) ;
#639 = CARTESIAN_POINT ( 'NONE',  ( 3.649999999999999911, 0.5500000000000000444, 1.199999999999969980 ) ) ;
#640 = CARTESIAN_POINT ( 'NONE',  ( -3.750000000000000000, 0.5500000000000000444, -1.200000000000017941 ) ) ;
#641 = EDGE_CURVE ( 'NONE', #1546, #754, #894, .T. ) ;
#642 = CARTESIAN_POINT ( 'NONE',  ( 2.391000000000000014, 0.1000000000000000056, -1.200000000000031930 ) ) ;
#643 = CARTESIAN_POINT ( 'NONE',  ( 3.550000000000000266, 0.1000000000000000056, -1.200000000000031930 ) ) ;
#644 = ORIENTED_EDGE ( 'NONE', *, *, #578, .F. ) ;
#645 = LINE ( 'NONE', #1649, #658 ) ;
#646 =( NAMED_UNIT ( * ) PLANE_ANGLE_UNIT ( ) SI_UNIT ( $, .RADIAN. ) );
#647 = ORIENTED_EDGE ( 'NONE', *, *, #635, .T. ) ;
#648 =( NAMED_UNIT ( * ) PLANE_ANGLE_UNIT ( ) SI_UNIT ( $, .RADIAN. ) );
#649 = DIRECTION ( 'NONE',  ( -0.000000000000000000, 1.000000000000000000, 0.000000000000000000 ) ) ;
#650 = EDGE_CURVE ( 'NONE', #633, #1217, #645, .T. ) ;
#651 = DIRECTION ( 'NONE',  ( 0.000000000000000000, 0.000000000000000000, -1.000000000000000000 ) ) ;
#652 = CARTESIAN_POINT ( 'NONE',  ( -0.5530000000000379057, 0.000000000000000000, -1.199999999999999956 ) ) ;
#653 = VECTOR ( 'NONE', #1695, 1000.000000000000000 ) ;
#654 = ORIENTED_EDGE ( 'NONE', *, *, #958, .F. ) ;
#655 = CARTESIAN_POINT ( 'NONE',  ( -2.450000000000035261, 0.1000000000000000056, -8.673617379884030542E-16 ) ) ;
#656 = PRESENTATION_STYLE_ASSIGNMENT (( #1835 ) ) ;
#657 = ORIENTED_EDGE ( 'NONE', *, *, #50, .F. ) ;
#658 = VECTOR ( 'NONE', #1535, 1000.000000000000000 ) ;
#659 = CARTESIAN_POINT ( 'NONE',  ( -2.450000000000035261, 0.000000000000000000, 1.199999999999999956 ) ) ;
#660 = CARTESIAN_POINT ( 'NONE',  ( -0.5530000000000379057, 0.000000000000000000, 1.199999999999999956 ) ) ;
#661 = VECTOR ( 'NONE', #1041, 1000.000000000000000 ) ;
#662 = PLANE ( 'NONE',  #225 ) ;
#663 = CARTESIAN_POINT ( 'NONE',  ( 2.391000000000000014, 0.000000000000000000, 1.199999999999969980 ) ) ;
#664 = ORIENTED_EDGE ( 'NONE', *, *, #865, .T. ) ;
#665 = FACE_OUTER_BOUND ( 'NONE', #1699, .T. ) ;
#666 = ORIENTED_EDGE ( 'NONE', *, *, #24, .F. ) ;
#667 = VECTOR ( 'NONE', #1182, 1000.000000000000000 ) ;
#668 = LINE ( 'NONE', #1529, #251 ) ;
#669 = CARTESIAN_POINT ( 'NONE',  ( -1.252999999999999892, 0.000000000000000000, -2.100000000000024958 ) ) ;
#670 = DIRECTION ( 'NONE',  ( 1.000000000000000000, 0.000000000000000000, 0.000000000000000000 ) ) ;
#671 = CARTESIAN_POINT ( 'NONE',  ( 3.649999999999999911, 0.000000000000000000, -1.200000000000031930 ) ) ;
#672 = ORIENTED_EDGE ( 'NONE', *, *, #1370, .F. ) ;
#673 = CARTESIAN_POINT ( 'NONE',  ( -0.05000000000003790301, 0.000000000000000000, -1.199999999999999956 ) ) ;
#674 =( LENGTH_UNIT ( ) NAMED_UNIT ( * ) SI_UNIT ( .MILLI., .METRE. ) );
#675 = ORIENTED_EDGE ( 'NONE', *, *, #1631, .T. ) ;
#676 = FACE_OUTER_BOUND ( 'NONE', #721, .T. ) ;
#677 = CARTESIAN_POINT ( 'NONE',  ( -0.5530000000000000471, 0.000000000000000000, 1.199999999999977973 ) ) ;
#678 = EDGE_CURVE ( 'NONE', #1546, #1108, #1364, .T. ) ;
#679 = EDGE_CURVE ( 'NONE', #743, #1823, #812, .T. ) ;
#680 = PLANE ( 'NONE',  #723 ) ;
#681 = CARTESIAN_POINT ( 'NONE',  ( -0.5530000000000000471, 0.000000000000000000, 2.200000000000000178 ) ) ;
#682 = ORIENTED_EDGE ( 'NONE', *, *, #160, .F. ) ;
#683 = EDGE_CURVE ( 'NONE', #853, #1546, #487, .T. ) ;
#684 = VECTOR ( 'NONE', #1397, 1000.000000000000000 ) ;
#685 = CARTESIAN_POINT ( 'NONE',  ( -1.252999999999999892, 0.5000000000000000000, 2.200000000000000178 ) ) ;
#686 = SURFACE_STYLE_USAGE ( .BOTH. , #540 ) ;
#687 = VECTOR ( 'NONE', #575, 1000.000000000000000 ) ;
#688 = ORIENTED_EDGE ( 'NONE', *, *, #641, .T. ) ;
#689 = VECTOR ( 'NONE', #1092, 1000.000000000000000 ) ;
#690 = EDGE_LOOP ( 'NONE', ( #582, #1797, #1103, #1283 ) ) ;
#691 = DIRECTION ( 'NONE',  ( 0.000000000000000000, 1.000000000000000000, 0.000000000000000000 ) ) ;
#692 = CARTESIAN_POINT ( 'NONE',  ( -0.05000000000003790301, 0.000000000000000000, 1.199999999999999956 ) ) ;
#693 = LINE ( 'NONE', #1431, #1016 ) ;
#694 = ORIENTED_EDGE ( 'NONE', *, *, #84, .F. ) ;
#695 = DIRECTION ( 'NONE',  ( 0.000000000000000000, 0.000000000000000000, 1.000000000000000000 ) ) ;
#696 = ORIENTED_EDGE ( 'NONE', *, *, #10, .T. ) ;
#697 = AXIS2_PLACEMENT_3D ( 'NONE', #937, #368, #1516 ) ;
#698 = STYLED_ITEM ( 'NONE', ( #339 ), #1267 ) ;
#699 = EDGE_LOOP ( 'NONE', ( #1404, #1294, #1096, #991 ) ) ;
#700 = VERTEX_POINT ( 'NONE', #377 ) ;
#701 = DIRECTION ( 'NONE',  ( 0.000000000000000000, 0.000000000000000000, -1.000000000000000000 ) ) ;
#702 = EDGE_CURVE ( 'NONE', #789, #605, #500, .T. ) ;
#703 = DIRECTION ( 'NONE',  ( 0.000000000000000000, 0.000000000000000000, -1.000000000000000000 ) ) ;
#704 = CARTESIAN_POINT ( 'NONE',  ( 2.390999999999964931, 0.000000000000000000, -1.199999999999999956 ) ) ;
#705 = ORIENTED_EDGE ( 'NONE', *, *, #388, .F. ) ;
#706 = EDGE_CURVE ( 'NONE', #857, #1054, #953, .T. ) ;
#707 = LINE ( 'NONE', #136, #875 ) ;
#708 = LINE ( 'NONE', #879, #896 ) ;
#709 = ORIENTED_EDGE ( 'NONE', *, *, #1768, .T. ) ;
#710 = VERTEX_POINT ( 'NONE', #776 ) ;
#711 = ORIENTED_EDGE ( 'NONE', *, *, #679, .T. ) ;
#712 = DIRECTION ( 'NONE',  ( 1.000000000000000000, 0.000000000000000000, -1.101411730778929854E-16 ) ) ;
#713 = EDGE_CURVE ( 'NONE', #1129, #1224, #804, .T. ) ;
#714 = PRESENTATION_STYLE_ASSIGNMENT (( #258 ) ) ;
#715 = DIRECTION ( 'NONE',  ( -1.000000000000000000, 0.000000000000000000, 0.000000000000000000 ) ) ;
#716 = ORIENTED_EDGE ( 'NONE', *, *, #290, .T. ) ;
#717 = DIRECTION ( 'NONE',  ( 0.000000000000000000, -1.000000000000000000, 0.000000000000000000 ) ) ;
#718 = DIRECTION ( 'NONE',  ( 1.000000000000000000, 0.000000000000000000, 0.000000000000000000 ) ) ;
#719 = ORIENTED_EDGE ( 'NONE', *, *, #897, .T. ) ;
#720 = ORIENTED_EDGE ( 'NONE', *, *, #284, .F. ) ;
#721 = EDGE_LOOP ( 'NONE', ( #561, #1093, #1553, #399, #1861, #486, #936, #476, #1741, #1043, #1814, #14 ) ) ;
#722 = CARTESIAN_POINT ( 'NONE',  ( -1.253000000000036085, 0.000000000000000000, -1.199999999999999956 ) ) ;
#723 = AXIS2_PLACEMENT_3D ( 'NONE', #1399, #403, #599 ) ;
#724 = EDGE_CURVE ( 'NONE', #220, #877, #1804, .T. ) ;
#725 = DIRECTION ( 'NONE',  ( -0.000000000000000000, 1.000000000000000000, 0.000000000000000000 ) ) ;
#726 = EDGE_LOOP ( 'NONE', ( #1363, #1150, #977, #1412 ) ) ;
#727 = DIRECTION ( 'NONE',  ( 0.000000000000000000, -1.000000000000000000, 0.000000000000000000 ) ) ;
#728 = ADVANCED_FACE ( 'NONE', ( #665 ), #1393, .F. ) ;
#729 = DIRECTION ( 'NONE',  ( 1.000000000000000000, 0.000000000000000000, 0.000000000000000000 ) ) ;
#730 = ORIENTED_EDGE ( 'NONE', *, *, #620, .T. ) ;
#731 = EDGE_LOOP ( 'NONE', ( #1619, #964, #1076, #391 ) ) ;
#732 = EDGE_CURVE ( 'NONE', #324, #306, #914, .T. ) ;
#733 = CARTESIAN_POINT ( 'NONE',  ( -0.5530000000000000471, 0.000000000000000000, -2.100000000000024958 ) ) ;
#734 = ORIENTED_EDGE ( 'NONE', *, *, #431, .T. ) ;
#735 = CARTESIAN_POINT ( 'NONE',  ( 3.649999999999999911, 0.000000000000000000, -1.200000000000031930 ) ) ;
#736 = DIRECTION ( 'NONE',  ( 0.000000000000000000, -1.000000000000000000, 0.000000000000000000 ) ) ;
#737 = EDGE_LOOP ( 'NONE', ( #1702, #581, #682, #1268 ) ) ;
#738 = FACE_OUTER_BOUND ( 'NONE', #558, .T. ) ;
#739 = CARTESIAN_POINT ( 'NONE',  ( -1.252999999999999892, 0.000000000000000000, 2.200000000000000178 ) ) ;
#740 = VERTEX_POINT ( 'NONE', #1385 ) ;
#741 = LINE ( 'NONE', #1038, #1756 ) ;
#742 = VECTOR ( 'NONE', #150, 1000.000000000000000 ) ;
#743 = VERTEX_POINT ( 'NONE', #231 ) ;
#744 = PRESENTATION_LAYER_ASSIGNMENT (  '', '', ( #992 ) ) ;
#745 = DIRECTION ( 'NONE',  ( -1.000000000000000000, 0.000000000000000000, 0.000000000000000000 ) ) ;
#746 = ORIENTED_EDGE ( 'NONE', *, *, #1829, .F. ) ;
#747 =( NAMED_UNIT ( * ) SI_UNIT ( $, .STERADIAN. ) SOLID_ANGLE_UNIT ( ) );
#748 = CARTESIAN_POINT ( 'NONE',  ( -0.5530000000000000471, 0.000000000000000000, 1.199999999999977973 ) ) ;
#749 = VECTOR ( 'NONE', #622, 1000.000000000000000 ) ;
#750 = CARTESIAN_POINT ( 'NONE',  ( -1.252999999999999892, 0.000000000000000000, -2.200000000000000178 ) ) ;
#751 = CARTESIAN_POINT ( 'NONE',  ( -3.700000000000000178, 0.1000000000000000056, 2.149999999999999911 ) ) ;
#752 = ADVANCED_FACE ( 'NONE', ( #1226 ), #1075, .F. ) ;
#753 = ORIENTED_EDGE ( 'NONE', *, *, #770, .T. ) ;
#754 = VERTEX_POINT ( 'NONE', #511 ) ;
#755 = CARTESIAN_POINT ( 'NONE',  ( 3.649999999999999911, 0.000000000000000000, 1.199999999999969980 ) ) ;
#756 = CARTESIAN_POINT ( 'NONE',  ( 3.600000000000000089, 0.000000000000000000, 2.149999999999999911 ) ) ;
#757 = ADVANCED_FACE ( 'NONE', ( #634 ), #1663, .T. ) ;
#758 = EDGE_CURVE ( 'NONE', #574, #844, #1824, .T. ) ;
#759 = ADVANCED_FACE ( 'NONE', ( #1672 ), #355, .T. ) ;
#760 = LINE ( 'NONE', #1338, #1474 ) ;
#761 = PLANE ( 'NONE',  #899 ) ;
#762 = ORIENTED_EDGE ( 'NONE', *, *, #1371, .T. ) ;
#763 = EDGE_LOOP ( 'NONE', ( #638, #139, #1881, #1883 ) ) ;
#764 = CARTESIAN_POINT ( 'NONE',  ( -0.5530000000000379057, 0.000000000000000000, 1.199999999999999956 ) ) ;
#765 = CARTESIAN_POINT ( 'NONE',  ( -0.5530000000000000471, 0.000000000000000000, -1.200000000000019940 ) ) ;
#766 = DIRECTION ( 'NONE',  ( 0.000000000000000000, -1.000000000000000000, 0.000000000000000000 ) ) ;
#767 = VECTOR ( 'NONE', #1058, 1000.000000000000000 ) ;
#768 = LINE ( 'NONE', #669, #1014 ) ;
#769 = AXIS2_PLACEMENT_3D ( 'NONE', #123, #422, #1099 ) ;
#770 = EDGE_CURVE ( 'NONE', #1437, #1444, #796, .T. ) ;
#771 = LINE ( 'NONE', #750, #661 ) ;
#772 = VECTOR ( 'NONE', #874, 1000.000000000000000 ) ;
#773 = VECTOR ( 'NONE', #1645, 1000.000000000000000 ) ;
#774 = CARTESIAN_POINT ( 'NONE',  ( -1.253000000000036085, 0.000000000000000000, -8.673617379884030542E-16 ) ) ;
#775 = EDGE_LOOP ( 'NONE', ( #325, #709, #825, #705 ) ) ;
#776 = CARTESIAN_POINT ( 'NONE',  ( -3.700000000000000178, 0.000000000000000000, 2.149999999999999911 ) ) ;
#777 = EDGE_CURVE ( 'NONE', #140, #1158, #74, .T. ) ;
#778 = DIRECTION ( 'NONE',  ( 0.000000000000000000, 0.000000000000000000, 1.000000000000000000 ) ) ;
#779 = EDGE_CURVE ( 'NONE', #149, #275, #1525, .T. ) ;
#780 = LINE ( 'NONE', #1632, #1749 ) ;
#781 = ADVANCED_FACE ( 'NONE', ( #1860 ), #1710, .T. ) ;
#782 = DIRECTION ( 'NONE',  ( 0.000000000000000000, 0.000000000000000000, 1.000000000000000000 ) ) ;
#783 = VECTOR ( 'NONE', #1878, 1000.000000000000000 ) ;
#784 = DIRECTION ( 'NONE',  ( 0.000000000000000000, -1.000000000000000000, 0.000000000000000000 ) ) ;
#785 = LINE ( 'NONE', #751, #176 ) ;
#786 = VERTEX_POINT ( 'NONE', #1736 ) ;
#787 = DIRECTION ( 'NONE',  ( 0.000000000000000000, 0.000000000000000000, -1.000000000000000000 ) ) ;
#788 = CARTESIAN_POINT ( 'NONE',  ( 3.600000000000000089, 0.000000000000000000, -2.149999999999999911 ) ) ;
#789 = VERTEX_POINT ( 'NONE', #1562 ) ;
#790 = EDGE_CURVE ( 'NONE', #841, #220, #863, .T. ) ;
#791 = LINE ( 'NONE', #1040, #453 ) ;
#792 = DIRECTION ( 'NONE',  ( 0.000000000000000000, -1.000000000000000000, 0.000000000000000000 ) ) ;
#793 = LINE ( 'NONE', #1812, #292 ) ;
#794 = CARTESIAN_POINT ( 'NONE',  ( -1.252999999999999892, 0.1000000000000000056, 2.100000000000000089 ) ) ;
#795 = ORIENTED_EDGE ( 'NONE', *, *, #1640, .F. ) ;
#796 = LINE ( 'NONE', #1375, #542 ) ;
#797 = FILL_AREA_STYLE_COLOUR ( '', #313 ) ;
#798 = ORIENTED_EDGE ( 'NONE', *, *, #683, .F. ) ;
#799 = LINE ( 'NONE', #940, #108 ) ;
#800 = LINE ( 'NONE', #807, #1251 ) ;
#801 = CARTESIAN_POINT ( 'NONE',  ( -0.5530000000000379057, 0.1000000000000000056, -1.199999999999999956 ) ) ;
#802 = CARTESIAN_POINT ( 'NONE',  ( 3.600000000000000089, 0.000000000000000000, 2.149999999999999911 ) ) ;
#803 = VERTEX_POINT ( 'NONE', #1258 ) ;
#804 = LINE ( 'NONE', #673, #169 ) ;
#805 = ORIENTED_EDGE ( 'NONE', *, *, #1047, .F. ) ;
#806 = CARTESIAN_POINT ( 'NONE',  ( -3.750000000000000000, 0.000000000000000000, -1.821459649775649973E-14 ) ) ;
#807 = CARTESIAN_POINT ( 'NONE',  ( -0.05000000000003790301, 1.000000000000000000, 2.149999999999999911 ) ) ;
#808 = AXIS2_PLACEMENT_3D ( 'NONE', #137, #1587, #282 ) ;
#809 = DIRECTION ( 'NONE',  ( 0.000000000000000000, 1.000000000000000000, 0.000000000000000000 ) ) ;
#810 = DIRECTION ( 'NONE',  ( 0.000000000000000000, 0.000000000000000000, 1.000000000000000000 ) ) ;
#811 = ORIENTED_EDGE ( 'NONE', *, *, #41, .T. ) ;
#812 = LINE ( 'NONE', #1094, #115 ) ;
#813 = FILL_AREA_STYLE ('',( #797 ) ) ;
#814 = ORIENTED_EDGE ( 'NONE', *, *, #626, .F. ) ;
#815 = LINE ( 'NONE', #806, #441 ) ;
#816 = EDGE_CURVE ( 'NONE', #1608, #1395, #406, .T. ) ;
#817 = DIRECTION ( 'NONE',  ( 1.000000000000000000, 0.000000000000000000, 0.000000000000000000 ) ) ;
#818 = EDGE_CURVE ( 'NONE', #1160, #239, #1586, .T. ) ;
#819 = LINE ( 'NONE', #64, #621 ) ;
#820 = CARTESIAN_POINT ( 'NONE',  ( -1.360000000000040066, 0.000000000000000000, -8.673617379884030542E-16 ) ) ;
#821 = ORIENTED_EDGE ( 'NONE', *, *, #678, .T. ) ;
#822 = LINE ( 'NONE', #127, #1117 ) ;
#823 = CARTESIAN_POINT ( 'NONE',  ( -0.05000000000003790301, 0.000000000000000000, -1.199999999999999956 ) ) ;
#824 = EDGE_LOOP ( 'NONE', ( #1709, #1555, #1144, #968, #145, #357 ) ) ;
#825 = ORIENTED_EDGE ( 'NONE', *, *, #1166, .T. ) ;
#826 = CARTESIAN_POINT ( 'NONE',  ( -0.5047897788773759720, 0.000000000000000000, 1.199999999999977973 ) ) ;
#827 = EDGE_CURVE ( 'NONE', #553, #266, #1551, .T. ) ;
#828 = DIRECTION ( 'NONE',  ( 0.000000000000000000, -1.000000000000000000, 0.000000000000000000 ) ) ;
#829 = DIRECTION ( 'NONE',  ( 0.000000000000000000, 0.000000000000000000, 1.000000000000000000 ) ) ;
#830 = VERTEX_POINT ( 'NONE', #247 ) ;
#831 = AXIS2_PLACEMENT_3D ( 'NONE', #1820, #649, #63 ) ;
#832 = CARTESIAN_POINT ( 'NONE',  ( -3.700000000000000178, 1.000000000000000000, 2.149999999999999911 ) ) ;
#833 = VECTOR ( 'NONE', #1507, 1000.000000000000000 ) ;
#834 = VERTEX_POINT ( 'NONE', #1869 ) ;
#835 = VECTOR ( 'NONE', #1245, 1000.000000000000000 ) ;
#836 = EDGE_CURVE ( 'NONE', #1198, #1377, #707, .T. ) ;
#837 = ORIENTED_EDGE ( 'NONE', *, *, #236, .T. ) ;
#838 = VERTEX_POINT ( 'NONE', #1269 ) ;
#839 = DIRECTION ( 'NONE',  ( 0.000000000000000000, 0.000000000000000000, 1.000000000000000000 ) ) ;
#840 = FACE_OUTER_BOUND ( 'NONE', #183, .T. ) ;
#841 = VERTEX_POINT ( 'NONE', #550 ) ;
#842 = DIRECTION ( 'NONE',  ( 0.000000000000000000, 0.000000000000000000, -1.000000000000000000 ) ) ;
#843 = PLANE ( 'NONE',  #845 ) ;
#844 = VERTEX_POINT ( 'NONE', #1127 ) ;
#845 = AXIS2_PLACEMENT_3D ( 'NONE', #1425, #1747, #1577 ) ;
#846 = VECTOR ( 'NONE', #1142, 1000.000000000000000 ) ;
#847 = ORIENTED_EDGE ( 'NONE', *, *, #849, .F. ) ;
#848 = VERTEX_POINT ( 'NONE', #832 ) ;
#849 = EDGE_CURVE ( 'NONE', #1742, #541, #1700, .T. ) ;
#850 = DIRECTION ( 'NONE',  ( 0.000000000000000000, 1.000000000000000000, 0.000000000000000000 ) ) ;
#851 = CARTESIAN_POINT ( 'NONE',  ( 2.391000000000000014, 0.000000000000000000, -3.209238430557094387E-14 ) ) ;
#852 = DIRECTION ( 'NONE',  ( -2.312964634635739999E-16, 0.000000000000000000, -1.000000000000000000 ) ) ;
#853 = VERTEX_POINT ( 'NONE', #996 ) ;
#854 = DIRECTION ( 'NONE',  ( 1.000000000000000000, 0.000000000000000000, 0.000000000000000000 ) ) ;
#855 = APPLICATION_PROTOCOL_DEFINITION ( 'draft international standard', 'automotive_design', 1998, #189 ) ;
#856 = CARTESIAN_POINT ( 'NONE',  ( 3.600000000000000089, 0.000000000000000000, -1.199999999999999956 ) ) ;
#857 = VERTEX_POINT ( 'NONE', #1289 ) ;
#858 = ORIENTED_EDGE ( 'NONE', *, *, #988, .F. ) ;
#859 = ORIENTED_EDGE ( 'NONE', *, *, #1644, .T. ) ;
#860 = CARTESIAN_POINT ( 'NONE',  ( -2.450000000000035261, 0.000000000000000000, -8.673617379884030542E-16 ) ) ;
#861 = FILL_AREA_STYLE_COLOUR ( '', #1359 ) ;
#862 = ORIENTED_EDGE ( 'NONE', *, *, #1833, .T. ) ;
#863 = LINE ( 'NONE', #685, #783 ) ;
#864 = PLANE ( 'NONE',  #1807 ) ;
#865 = EDGE_CURVE ( 'NONE', #1392, #633, #261, .T. ) ;
#866 = EDGE_LOOP ( 'NONE', ( #107, #1138, #68, #334 ) ) ;
#867 = AXIS2_PLACEMENT_3D ( 'NONE', #1122, #839, #1569 ) ;
#868 = ORIENTED_EDGE ( 'NONE', *, *, #949, .F. ) ;
#869 = CARTESIAN_POINT ( 'NONE',  ( 3.600000000000000089, 0.5500000000000000444, -3.209238430557094387E-14 ) ) ;
#870 = VECTOR ( 'NONE', #455, 1000.000000000000000 ) ;
#871 = VERTEX_POINT ( 'NONE', #1413 ) ;
#872 = CARTESIAN_POINT ( 'NONE',  ( -2.450000000000035261, 0.000000000000000000, -1.199999999999999956 ) ) ;
#873 = CARTESIAN_POINT ( 'NONE',  ( -0.5530000000000000471, 0.5000000000000000000, -2.200000000000000178 ) ) ;
#874 = DIRECTION ( 'NONE',  ( 0.000000000000000000, -1.000000000000000000, 0.000000000000000000 ) ) ;
#875 = VECTOR ( 'NONE', #727, 1000.000000000000000 ) ;
#876 = ADVANCED_FACE ( 'NONE', ( #1301 ), #389, .T. ) ;
#877 = VERTEX_POINT ( 'NONE', #559 ) ;
#878 = CARTESIAN_POINT ( 'NONE',  ( -0.5530000000000000471, 0.5000000000000000000, -2.100000000000024958 ) ) ;
#879 = CARTESIAN_POINT ( 'NONE',  ( -0.5047897788774180494, 0.1000000000000000056, 1.199999999999999956 ) ) ;
#880 = ORIENTED_EDGE ( 'NONE', *, *, #971, .T. ) ;
#881 = ORIENTED_EDGE ( 'NONE', *, *, #510, .T. ) ;
#882 = CARTESIAN_POINT ( 'NONE',  ( -3.700000000000000178, 0.000000000000000000, 2.149999999999999911 ) ) ;
#883 = CARTESIAN_POINT ( 'NONE',  ( -0.5530000000000379057, 0.1000000000000000056, 2.149999999999999911 ) ) ;
#884 = ORIENTED_EDGE ( 'NONE', *, *, #298, .F. ) ;
#885 = DIRECTION ( 'NONE',  ( 1.000000000000000000, 0.000000000000000000, 0.000000000000000000 ) ) ;
#886 = VECTOR ( 'NONE', #729, 1000.000000000000000 ) ;
#887 = LINE ( 'NONE', #917, #528 ) ;
#888 = VECTOR ( 'NONE', #1591, 1000.000000000000000 ) ;
#889 = EDGE_CURVE ( 'NONE', #73, #1859, #281, .T. ) ;
#890 = CARTESIAN_POINT ( 'NONE',  ( -1.360000000000000098, 0.000000000000000000, 1.199999999999977973 ) ) ;
#891 = VECTOR ( 'NONE', #184, 1000.000000000000000 ) ;
#892 = CARTESIAN_POINT ( 'NONE',  ( -1.253000000000036085, 0.1000000000000000056, -8.673617379884030542E-16 ) ) ;
#893 = EDGE_LOOP ( 'NONE', ( #1044, #130, #1152, #647 ) ) ;
#894 = LINE ( 'NONE', #764, #1074 ) ;
#895 = CARTESIAN_POINT ( 'NONE',  ( 3.020499999999964658, 0.1000000000000000056, 1.199999999999999956 ) ) ;
#896 = VECTOR ( 'NONE', #560, 1000.000000000000000 ) ;
#897 = EDGE_CURVE ( 'NONE', #871, #1534, #975, .T. ) ;
#898 = DIRECTION ( 'NONE',  ( 0.000000000000000000, -1.000000000000000000, 0.000000000000000000 ) ) ;
#899 = AXIS2_PLACEMENT_3D ( 'NONE', #42, #1646, #1196 ) ;
#900 = DIRECTION ( 'NONE',  ( 2.593979029498020368E-15, 0.000000000000000000, 1.000000000000000000 ) ) ;
#901 = CARTESIAN_POINT ( 'NONE',  ( 2.390999999999964931, 0.1000000000000000056, -1.199999999999999956 ) ) ;
#902 = ORIENTED_EDGE ( 'NONE', *, *, #1370, .T. ) ;
#903 = VERTEX_POINT ( 'NONE', #240 ) ;
#904 = CARTESIAN_POINT ( 'NONE',  ( 0.7069999999999999618, 0.1000000000000000056, 1.199999999999977973 ) ) ;
#905 = EDGE_CURVE ( 'NONE', #1224, #853, #822, .T. ) ;
#906 = LINE ( 'NONE', #1201, #1592 ) ;
#907 = EDGE_CURVE ( 'NONE', #871, #212, #1279, .T. ) ;
#908 = PLANE ( 'NONE',  #1557 ) ;
#909 = ADVANCED_FACE ( 'NONE', ( #1724 ), #1145, .T. ) ;
#910 = LINE ( 'NONE', #1489, #1625 ) ;
#911 = PLANE ( 'NONE',  #1423 ) ;
#912 = ORIENTED_EDGE ( 'NONE', *, *, #1233, .T. ) ;
#913 = ORIENTED_EDGE ( 'NONE', *, *, #1545, .F. ) ;
#914 = LINE ( 'NONE', #347, #1471 ) ;
#915 = CARTESIAN_POINT ( 'NONE',  ( 3.600000000000000089, 0.000000000000000000, 2.149999999999999911 ) ) ;
#916 = EDGE_CURVE ( 'NONE', #1395, #841, #427, .T. ) ;
#917 = CARTESIAN_POINT ( 'NONE',  ( -3.700000000000000178, 0.5500000000000000444, 1.199999999999981970 ) ) ;
#918 = AXIS2_PLACEMENT_3D ( 'NONE', #1086, #1229, #233 ) ;
#919 = CARTESIAN_POINT ( 'NONE',  ( -1.252999999999999892, 0.1000000000000000056, -2.168404344971009815E-14 ) ) ;
#920 = VECTOR ( 'NONE', #1629, 1000.000000000000000 ) ;
#921 = AXIS2_PLACEMENT_3D ( 'NONE', #1867, #1143, #117 ) ;
#922 = DIRECTION ( 'NONE',  ( 0.000000000000000000, 0.000000000000000000, -1.000000000000000000 ) ) ;
#923 = FACE_OUTER_BOUND ( 'NONE', #1661, .T. ) ;
#924 = VERTEX_POINT ( 'NONE', #878 ) ;
#925 =( GEOMETRIC_REPRESENTATION_CONTEXT ( 3 ) GLOBAL_UNCERTAINTY_ASSIGNED_CONTEXT ( ( #62 ) ) GLOBAL_UNIT_ASSIGNED_CONTEXT ( ( #1483, #1312, #747 ) ) REPRESENTATION_CONTEXT ( 'NONE', 'WORKASPACE' ) );
#926 = EDGE_CURVE ( 'NONE', #740, #838, #448, .T. ) ;
#927 = DIRECTION ( 'NONE',  ( 9.251858538542969855E-16, 0.000000000000000000, 1.000000000000000000 ) ) ;
#928 = DIRECTION ( 'NONE',  ( 0.000000000000000000, 1.000000000000000000, 0.000000000000000000 ) ) ;
#929 = ORIENTED_EDGE ( 'NONE', *, *, #1371, .F. ) ;
#930 = DIRECTION ( 'NONE',  ( 1.000000000000000000, 5.479558144012189991E-31, 0.000000000000000000 ) ) ;
#931 = CARTESIAN_POINT ( 'NONE',  ( -1.253000000000036085, 0.1000000000000000056, 2.149999999999999911 ) ) ;
#932 = VECTOR ( 'NONE', #577, 1000.000000000000000 ) ;
#933 = COLOUR_RGB ( '',0.7921568627450980005, 0.8196078431372548767, 0.9333333333333333481 ) ;
#934 = DIRECTION ( 'NONE',  ( 1.000000000000000000, 0.000000000000000000, 0.000000000000000000 ) ) ;
#935 = LINE ( 'NONE', #1072, #1598 ) ;
#936 = ORIENTED_EDGE ( 'NONE', *, *, #1487, .T. ) ;
#937 = CARTESIAN_POINT ( 'NONE',  ( 3.550000000000000266, 0.1000000000000000056, 1.199999999999969980 ) ) ;
#938 = CARTESIAN_POINT ( 'NONE',  ( -1.252999999999999892, 0.000000000000000000, 1.199999999999977973 ) ) ;
#939 = ORIENTED_EDGE ( 'NONE', *, *, #777, .T. ) ;
#940 = CARTESIAN_POINT ( 'NONE',  ( -3.700000000000000178, 0.000000000000000000, -2.149999999999999911 ) ) ;
#941 = CARTESIAN_POINT ( 'NONE',  ( -0.05000000000003790301, 1.000000000000000000, -8.673617379884030542E-16 ) ) ;
#942 = DIRECTION ( 'NONE',  ( 0.000000000000000000, 0.000000000000000000, -1.000000000000000000 ) ) ;
#943 = DIRECTION ( 'NONE',  ( 0.000000000000000000, 1.000000000000000000, 0.000000000000000000 ) ) ;
#944 = ORIENTED_EDGE ( 'NONE', *, *, #790, .T. ) ;
#945 = DIRECTION ( 'NONE',  ( 1.000000000000000000, 0.000000000000000000, 0.000000000000000000 ) ) ;
#946 = VERTEX_POINT ( 'NONE', #1455 ) ;
#947 = LINE ( 'NONE', #1098, #191 ) ;
#948 = LINE ( 'NONE', #1799, #1445 ) ;
#949 = EDGE_CURVE ( 'NONE', #803, #740, #9, .T. ) ;
#950 = LINE ( 'NONE', #1540, #1105 ) ;
#951 = PLANE ( 'NONE',  #1737 ) ;
#952 = ORIENTED_EDGE ( 'NONE', *, *, #836, .T. ) ;
#953 = LINE ( 'NONE', #67, #1811 ) ;
#954 = FACE_OUTER_BOUND ( 'NONE', #120, .T. ) ;
#955 = VECTOR ( 'NONE', #703, 1000.000000000000000 ) ;
#956 = ORIENTED_EDGE ( 'NONE', *, *, #337, .T. ) ;
#957 = EDGE_CURVE ( 'NONE', #848, #710, #1746, .T. ) ;
#958 = EDGE_CURVE ( 'NONE', #1260, #1585, #1604, .T. ) ;
#959 = FACE_OUTER_BOUND ( 'NONE', #45, .T. ) ;
#960 = EDGE_CURVE ( 'NONE', #1608, #1240, #1161, .T. ) ;
#961 = PLANE ( 'NONE',  #1654 ) ;
#962 = CARTESIAN_POINT ( 'NONE',  ( 3.600000000000000089, 0.1000000000000000056, -2.149999999999999911 ) ) ;
#963 = CARTESIAN_POINT ( 'NONE',  ( -3.649999999999999911, 0.1000000000000000056, -1.200000000000017941 ) ) ;
#964 = ORIENTED_EDGE ( 'NONE', *, *, #591, .F. ) ;
#965 = CARTESIAN_POINT ( 'NONE',  ( -1.252999999999999892, 0.1000000000000000056, 2.100000000000000089 ) ) ;
#966 = FILL_AREA_STYLE_COLOUR ( '', #531 ) ;
#967 = ORIENTED_EDGE ( 'NONE', *, *, #818, .T. ) ;
#968 = ORIENTED_EDGE ( 'NONE', *, *, #1865, .T. ) ;
#969 = EDGE_CURVE ( 'NONE', #857, #1542, #1461, .T. ) ;
#970 = CARTESIAN_POINT ( 'NONE',  ( -1.253000000000036085, 0.000000000000000000, -1.199999999999999956 ) ) ;
#971 = EDGE_CURVE ( 'NONE', #44, #73, #154, .T. ) ;
#972 = CARTESIAN_POINT ( 'NONE',  ( 3.550000000000000266, 0.1000000000000000056, -1.200000000000031930 ) ) ;
#973 = CARTESIAN_POINT ( 'NONE',  ( 3.600000000000000089, 0.5500000000000000444, 1.199999999999969980 ) ) ;
#974 = ORIENTED_EDGE ( 'NONE', *, *, #957, .T. ) ;
#975 = LINE ( 'NONE', #569, #58 ) ;
#976 = ADVANCED_FACE ( 'NONE', ( #738 ), #1172, .T. ) ;
#977 = ORIENTED_EDGE ( 'NONE', *, *, #1047, .T. ) ;
#978 = ORIENTED_EDGE ( 'NONE', *, *, #152, .T. ) ;
#979 = ORIENTED_EDGE ( 'NONE', *, *, #1123, .F. ) ;
#980 = CARTESIAN_POINT ( 'NONE',  ( -2.449999999999999734, 0.000000000000000000, -1.821459649775649973E-14 ) ) ;
#981 =( GEOMETRIC_REPRESENTATION_CONTEXT ( 3 ) GLOBAL_UNCERTAINTY_ASSIGNED_CONTEXT ( ( #1499 ) ) GLOBAL_UNIT_ASSIGNED_CONTEXT ( ( #674, #1517, #1365 ) ) REPRESENTATION_CONTEXT ( 'NONE', 'WORKASPACE' ) );
#982 = CARTESIAN_POINT ( 'NONE',  ( -1.360000000000040066, 0.000000000000000000, -1.199999999999999956 ) ) ;
#983 = PLANE ( 'NONE',  #1345 ) ;
#984 = EDGE_LOOP ( 'NONE', ( #214, #8, #206, #1 ) ) ;
#985 = CARTESIAN_POINT ( 'NONE',  ( -3.700000000000000178, 0.000000000000000000, 1.199999999999999956 ) ) ;
#986 = AXIS2_PLACEMENT_3D ( 'NONE', #993, #267, #712 ) ;
#987 = DIRECTION ( 'NONE',  ( -1.000000000000000000, 0.000000000000000000, 0.000000000000000000 ) ) ;
#988 = EDGE_CURVE ( 'NONE', #553, #1527, #1758, .T. ) ;
#989 = EDGE_LOOP ( 'NONE', ( #346, #519, #999, #250 ) ) ;
#990 = ORIENTED_EDGE ( 'NONE', *, *, #337, .F. ) ;
#991 = ORIENTED_EDGE ( 'NONE', *, *, #706, .T. ) ;
#992 = STYLED_ITEM ( 'NONE', ( #20 ), #619 ) ;
#993 = CARTESIAN_POINT ( 'NONE',  ( 0.7069999999999999618, 0.000000000000000000, 1.199999999999977973 ) ) ;
#994 = CARTESIAN_POINT ( 'NONE',  ( 3.020500000000000185, 0.000000000000000000, -3.209238430557094387E-14 ) ) ;
#995 = ORIENTED_EDGE ( 'NONE', *, *, #849, .T. ) ;
#996 = CARTESIAN_POINT ( 'NONE',  ( 0.7069999999999629914, 0.000000000000000000, 1.199999999999999956 ) ) ;
#997 = CLOSED_SHELL ( 'NONE', ( #305, #1485, #1379, #876, #976, #1628, #1691, #490, #1111, #1107, #60, #613, #1456, #1234, #32, #122, #447, #1157 ) ) ;
#998 = CARTESIAN_POINT ( 'NONE',  ( -3.100000000000039613, 0.1000000000000000056, 1.199999999999999956 ) ) ;
#999 = ORIENTED_EDGE ( 'NONE', *, *, #249, .F. ) ;
#1000 = VECTOR ( 'NONE', #34, 1000.000000000000000 ) ;
#1001 = ORIENTED_EDGE ( 'NONE', *, *, #779, .T. ) ;
#1002 = ORIENTED_EDGE ( 'NONE', *, *, #1836, .F. ) ;
#1003 = FACE_OUTER_BOUND ( 'NONE', #1467, .T. ) ;
#1004 = DIRECTION ( 'NONE',  ( 0.000000000000000000, 0.000000000000000000, 1.000000000000000000 ) ) ;
#1005 = ORIENTED_EDGE ( 'NONE', *, *, #713, .T. ) ;
#1006 = DIRECTION ( 'NONE',  ( 1.000000000000000000, 0.000000000000000000, 0.000000000000000000 ) ) ;
#1007 = LINE ( 'NONE', #579, #1220 ) ;
#1008 = ORIENTED_EDGE ( 'NONE', *, *, #1647, .F. ) ;
#1009 = VERTEX_POINT ( 'NONE', #872 ) ;
#1010 = PLANE ( 'NONE',  #1136 ) ;
#1011 = ORIENTED_EDGE ( 'NONE', *, *, #162, .F. ) ;
#1012 = CARTESIAN_POINT ( 'NONE',  ( -1.360000000000000098, 0.000000000000000000, 1.199999999999977973 ) ) ;
#1013 = CARTESIAN_POINT ( 'NONE',  ( 3.020500000000000185, 0.000000000000000000, 1.199999999999969980 ) ) ;
#1014 = VECTOR ( 'NONE', #629, 1000.000000000000000 ) ;
#1015 = ADVANCED_FACE ( 'NONE', ( #484 ), #1830, .F. ) ;
#1016 = VECTOR ( 'NONE', #715, 1000.000000000000000 ) ;
#1017 = EDGE_CURVE ( 'NONE', #1832, #324, #1060, .T. ) ;
#1018 = LINE ( 'NONE', #895, #1839 ) ;
#1019 = AXIS2_PLACEMENT_3D ( 'NONE', #631, #385, #1101 ) ;
#1020 = ORIENTED_EDGE ( 'NONE', *, *, #297, .F. ) ;
#1021 = DIRECTION ( 'NONE',  ( 0.000000000000000000, 0.000000000000000000, -1.000000000000000000 ) ) ;
#1022 = PLANE ( 'NONE',  #408 ) ;
#1023 = CARTESIAN_POINT ( 'NONE',  ( -1.252999999999999892, 0.000000000000000000, -1.200000000000019940 ) ) ;
#1024 = VECTOR ( 'NONE', #307, 1000.000000000000000 ) ;
#1025 = PRESENTATION_LAYER_ASSIGNMENT (  '', '', ( #698 ) ) ;
#1026 = EDGE_CURVE ( 'NONE', #1534, #285, #52, .T. ) ;
#1027 = ORIENTED_EDGE ( 'NONE', *, *, #1033, .F. ) ;
#1028 = CARTESIAN_POINT ( 'NONE',  ( -0.5530000000000000471, 0.5000000000000000000, 2.200000000000000178 ) ) ;
#1029 = CARTESIAN_POINT ( 'NONE',  ( -0.9030000000000000249, 0.5000000000000000000, -2.100000000000024958 ) ) ;
#1030 = ORIENTED_EDGE ( 'NONE', *, *, #1324, .F. ) ;
#1031 = LINE ( 'NONE', #296, #1167 ) ;
#1032 = EDGE_CURVE ( 'NONE', #597, #1527, #1801, .T. ) ;
#1033 = EDGE_CURVE ( 'NONE', #1377, #73, #1687, .T. ) ;
#1034 = DIRECTION ( 'NONE',  ( 0.000000000000000000, 0.000000000000000000, 1.000000000000000000 ) ) ;
#1035 = DIRECTION ( 'NONE',  ( 0.000000000000000000, 1.000000000000000000, 0.000000000000000000 ) ) ;
#1036 = CARTESIAN_POINT ( 'NONE',  ( -0.5530000000000000471, 0.1000000000000000056, 2.100000000000000089 ) ) ;
#1037 = VERTEX_POINT ( 'NONE', #642 ) ;
#1038 = CARTESIAN_POINT ( 'NONE',  ( -3.100000000000039613, 0.1000000000000000056, -1.199999999999999956 ) ) ;
#1039 = EDGE_CURVE ( 'NONE', #1679, #1872, #71, .T. ) ;
#1040 = CARTESIAN_POINT ( 'NONE',  ( -0.05000000000003790301, 0.000000000000000000, 1.199999999999999956 ) ) ;
#1041 = DIRECTION ( 'NONE',  ( 0.000000000000000000, -1.000000000000000000, 0.000000000000000000 ) ) ;
#1042 = DIRECTION ( 'NONE',  ( 0.000000000000000000, -1.000000000000000000, 0.000000000000000000 ) ) ;
#1043 = ORIENTED_EDGE ( 'NONE', *, *, #818, .F. ) ;
#1044 = ORIENTED_EDGE ( 'NONE', *, *, #816, .T. ) ;
#1045 = CARTESIAN_POINT ( 'NONE',  ( -0.5047897788773759720, 0.000000000000000000, 2.200000000000000178 ) ) ;
#1046 = DIRECTION ( 'NONE',  ( -0.000000000000000000, 1.000000000000000000, 0.000000000000000000 ) ) ;
#1047 = EDGE_CURVE ( 'NONE', #838, #848, #237, .T. ) ;
#1048 = VECTOR ( 'NONE', #1754, 1000.000000000000000 ) ;
#1049 = CARTESIAN_POINT ( 'NONE',  ( -0.5530000000000000471, 0.1000000000000000056, -2.200000000000000178 ) ) ;
#1050 = CARTESIAN_POINT ( 'NONE',  ( 0.7069999999999999618, 0.000000000000000000, -1.200000000000019940 ) ) ;
#1051 = CARTESIAN_POINT ( 'NONE',  ( 2.391000000000000014, 0.000000000000000000, 1.199999999999969980 ) ) ;
#1052 = EDGE_CURVE ( 'NONE', #1728, #743, #201, .T. ) ;
#1053 = DIRECTION ( 'NONE',  ( 0.000000000000000000, 0.000000000000000000, -1.000000000000000000 ) ) ;
#1054 = VERTEX_POINT ( 'NONE', #92 ) ;
#1055 = ORIENTED_EDGE ( 'NONE', *, *, #620, .F. ) ;
#1056 = CARTESIAN_POINT ( 'NONE',  ( -2.450000000000035261, 0.1000000000000000056, 1.199999999999999956 ) ) ;
#1057 = CARTESIAN_POINT ( 'NONE',  ( 0.7069999999999629914, 0.000000000000000000, 1.199999999999999956 ) ) ;
#1058 = DIRECTION ( 'NONE',  ( 0.000000000000000000, 0.000000000000000000, 1.000000000000000000 ) ) ;
#1059 = DIRECTION ( 'NONE',  ( -0.000000000000000000, 1.000000000000000000, 0.000000000000000000 ) ) ;
#1060 = LINE ( 'NONE', #801, #773 ) ;
#1061 = FACE_OUTER_BOUND ( 'NONE', #1420, .T. ) ;
#1062 = EDGE_LOOP ( 'NONE', ( #436, #405, #913, #241 ) ) ;
#1063 = DIRECTION ( 'NONE',  ( 1.000000000000000000, 0.000000000000000000, -9.251858538542969855E-16 ) ) ;
#1064 = CARTESIAN_POINT ( 'NONE',  ( 0.7069999999999629914, 0.000000000000000000, -1.199999999999999956 ) ) ;
#1065 = EDGE_LOOP ( 'NONE', ( #1448, #121, #939, #1567 ) ) ;
#1066 = FACE_OUTER_BOUND ( 'NONE', #1209, .T. ) ;
#1067 = VECTOR ( 'NONE', #766, 1000.000000000000000 ) ;
#1068 = PLANE ( 'NONE',  #831 ) ;
#1069 = VECTOR ( 'NONE', #364, 1000.000000000000000 ) ;
#1070 = VECTOR ( 'NONE', #1277, 1000.000000000000000 ) ;
#1071 = PLANE ( 'NONE',  #1531 ) ;
#1072 = CARTESIAN_POINT ( 'NONE',  ( -1.360000000000000098, 0.1000000000000000056, -1.200000000000019940 ) ) ;
#1073 = ORIENTED_EDGE ( 'NONE', *, *, #1692, .F. ) ;
#1074 = VECTOR ( 'NONE', #529, 1000.000000000000000 ) ;
#1075 = PLANE ( 'NONE',  #1727 ) ;
#1076 = ORIENTED_EDGE ( 'NONE', *, *, #617, .T. ) ;
#1077 = DIRECTION ( 'NONE',  ( -1.000000000000000000, 0.000000000000000000, 0.000000000000000000 ) ) ;
#1078 = AXIS2_PLACEMENT_3D ( 'NONE', #1352, #462, #1618 ) ;
#1079 = MECHANICAL_DESIGN_GEOMETRIC_PRESENTATION_REPRESENTATION (  '', ( #698 ), #1495 ) ;
#1080 = FACE_OUTER_BOUND ( 'NONE', #1065, .T. ) ;
#1081 = LINE ( 'NONE', #820, #1753 ) ;
#1082 = EDGE_LOOP ( 'NONE', ( #1030, #572, #1838, #274 ) ) ;
#1083 = CARTESIAN_POINT ( 'NONE',  ( -3.700000000000000178, 0.000000000000000000, -2.149999999999999911 ) ) ;
#1084 = CARTESIAN_POINT ( 'NONE',  ( -0.5530000000000000471, 0.000000000000000000, -1.200000000000019940 ) ) ;
#1085 = ORIENTED_EDGE ( 'NONE', *, *, #1850, .F. ) ;
#1086 = CARTESIAN_POINT ( 'NONE',  ( -0.05000000000003790301, 0.000000000000000000, -8.673617379884030542E-16 ) ) ;
#1087 = EDGE_CURVE ( 'NONE', #1037, #1723, #819, .T. ) ;
#1088 = CARTESIAN_POINT ( 'NONE',  ( -1.252999999999999892, 0.000000000000000000, -2.200000000000000178 ) ) ;
#1089 = PRODUCT_DEFINITION_CONTEXT ( 'detailed design', #189, 'design' ) ;
#1090 = ADVANCED_FACE ( 'NONE', ( #228 ), #1244, .T. ) ;
#1091 = FACE_OUTER_BOUND ( 'NONE', #737, .T. ) ;
#1092 = DIRECTION ( 'NONE',  ( -1.000000000000000000, 0.000000000000000000, 0.000000000000000000 ) ) ;
#1093 = ORIENTED_EDGE ( 'NONE', *, *, #1313, .F. ) ;
#1094 = CARTESIAN_POINT ( 'NONE',  ( -0.5047897788774180494, 0.1000000000000000056, -2.149999999999999911 ) ) ;
#1095 = DIRECTION ( 'NONE',  ( 1.000000000000000000, 0.000000000000000000, 0.000000000000000000 ) ) ;
#1096 = ORIENTED_EDGE ( 'NONE', *, *, #450, .T. ) ;
#1097 = EDGE_CURVE ( 'NONE', #946, #212, #950, .T. ) ;
#1098 = CARTESIAN_POINT ( 'NONE',  ( -3.700000000000000178, 0.000000000000000000, -1.199999999999999956 ) ) ;
#1099 = DIRECTION ( 'NONE',  ( 0.000000000000000000, -1.000000000000000000, 0.000000000000000000 ) ) ;
#1100 = VECTOR ( 'NONE', #56, 1000.000000000000000 ) ;
#1101 = DIRECTION ( 'NONE',  ( 1.000000000000000000, 0.000000000000000000, 0.000000000000000000 ) ) ;
#1102 = LINE ( 'NONE', #963, #17 ) ;
#1103 = ORIENTED_EDGE ( 'NONE', *, *, #1579, .T. ) ;
#1104 = DIRECTION ( 'NONE',  ( -1.000000000000000000, 3.449426766066690469E-29, 0.000000000000000000 ) ) ;
#1105 = VECTOR ( 'NONE', #352, 1000.000000000000000 ) ;
#1106 = ADVANCED_FACE ( 'NONE', ( #1204 ), #1532, .T. ) ;
#1107 = ADVANCED_FACE ( 'NONE', ( #1222 ), #1071, .T. ) ;
#1108 = VERTEX_POINT ( 'NONE', #210 ) ;
#1109 = EDGE_CURVE ( 'NONE', #740, #410, #793, .T. ) ;
#1110 = CARTESIAN_POINT ( 'NONE',  ( -0.05000000000003790301, 0.000000000000000000, -1.199999999999999956 ) ) ;
#1111 = ADVANCED_FACE ( 'NONE', ( #1080 ), #1669, .T. ) ;
#1112 = CARTESIAN_POINT ( 'NONE',  ( -0.5530000000000000471, 0.1000000000000000056, 1.199999999999977973 ) ) ;
#1113 = DIRECTION ( 'NONE',  ( 1.000000000000000000, 0.000000000000000000, 0.000000000000000000 ) ) ;
#1114 = EDGE_LOOP ( 'NONE', ( #666, #1140, #554, #730 ) ) ;
#1115 = ADVANCED_FACE ( 'NONE', ( #1091 ), #662, .F. ) ;
#1116 = CARTESIAN_POINT ( 'NONE',  ( -1.253000000000036085, 0.000000000000000000, -8.673617379884030542E-16 ) ) ;
#1117 = VECTOR ( 'NONE', #695, 1000.000000000000000 ) ;
#1118 = FILL_AREA_STYLE ('',( #966 ) ) ;
#1119 = VECTOR ( 'NONE', #1034, 1000.000000000000000 ) ;
#1120 = EDGE_LOOP ( 'NONE', ( #1416, #421, #811, #85 ) ) ;
#1121 = ORIENTED_EDGE ( 'NONE', *, *, #1039, .T. ) ;
#1122 = CARTESIAN_POINT ( 'NONE',  ( -1.253000000000036085, 0.000000000000000000, 1.199999999999999956 ) ) ;
#1123 = EDGE_CURVE ( 'NONE', #266, #392, #374, .T. ) ;
#1124 = LINE ( 'NONE', #1707, #955 ) ;
#1125 = LINE ( 'NONE', #134, #196 ) ;
#1126 = ORIENTED_EDGE ( 'NONE', *, *, #186, .F. ) ;
#1127 = CARTESIAN_POINT ( 'NONE',  ( -2.450000000000035261, 0.1000000000000000056, -1.199999999999999956 ) ) ;
#1128 = CARTESIAN_POINT ( 'NONE',  ( -0.9030000000000000249, 0.5000000000000000000, 2.100000000000000089 ) ) ;
#1129 = VERTEX_POINT ( 'NONE', #1409 ) ;
#1130 = VERTEX_POINT ( 'NONE', #425 ) ;
#1131 = ORIENTED_EDGE ( 'NONE', *, *, #650, .T. ) ;
#1132 = FACE_OUTER_BOUND ( 'NONE', #1475, .T. ) ;
#1133 = DIRECTION ( 'NONE',  ( 0.000000000000000000, 0.000000000000000000, 1.000000000000000000 ) ) ;
#1134 = ORIENTED_EDGE ( 'NONE', *, *, #1566, .F. ) ;
#1135 = DIRECTION ( 'NONE',  ( 0.000000000000000000, 1.000000000000000000, 0.000000000000000000 ) ) ;
#1136 = AXIS2_PLACEMENT_3D ( 'NONE', #869, #1343, #1477 ) ;
#1137 = LINE ( 'NONE', #1013, #506 ) ;
#1138 = ORIENTED_EDGE ( 'NONE', *, *, #1097, .F. ) ;
#1139 = ORIENTED_EDGE ( 'NONE', *, *, #1203, .F. ) ;
#1140 = ORIENTED_EDGE ( 'NONE', *, *, #584, .T. ) ;
#1141 = LINE ( 'NONE', #722, #1684 ) ;
#1142 = DIRECTION ( 'NONE',  ( -1.000000000000000000, 0.000000000000000000, 0.000000000000000000 ) ) ;
#1143 = DIRECTION ( 'NONE',  ( -2.202823461557849848E-16, 0.000000000000000000, 1.000000000000000000 ) ) ;
#1144 = ORIENTED_EDGE ( 'NONE', *, *, #1313, .T. ) ;
#1145 = PLANE ( 'NONE',  #207 ) ;
#1146 = LINE ( 'NONE', #856, #1469 ) ;
#1147 = ORIENTED_EDGE ( 'NONE', *, *, #114, .T. ) ;
#1148 = VECTOR ( 'NONE', #1236, 1000.000000000000000 ) ;
#1149 = VERTEX_POINT ( 'NONE', #1548 ) ;
#1150 = ORIENTED_EDGE ( 'NONE', *, *, #1850, .T. ) ;
#1151 = LINE ( 'NONE', #1786, #498 ) ;
#1152 = ORIENTED_EDGE ( 'NONE', *, *, #380, .T. ) ;
#1153 = CARTESIAN_POINT ( 'NONE',  ( -3.700000000000000178, 0.000000000000000000, -2.149999999999999911 ) ) ;
#1154 = SHAPE_DEFINITION_REPRESENTATION ( #7, #615 ) ;
#1155 = ADVANCED_FACE ( 'NONE', ( #1265 ), #680, .F. ) ;
#1156 = FACE_OUTER_BOUND ( 'NONE', #283, .T. ) ;
#1157 = ADVANCED_FACE ( 'NONE', ( #22 ), #1697, .F. ) ;
#1158 = VERTEX_POINT ( 'NONE', #1299 ) ;
#1159 = CARTESIAN_POINT ( 'NONE',  ( -0.5530000000000379057, 0.1000000000000000056, -1.199999999999999956 ) ) ;
#1160 = VERTEX_POINT ( 'NONE', #1112 ) ;
#1161 = LINE ( 'NONE', #294, #466 ) ;
#1162 = CARTESIAN_POINT ( 'NONE',  ( -1.252999999999999892, 0.5000000000000000000, -2.200000000000000178 ) ) ;
#1163 = AXIS2_PLACEMENT_3D ( 'NONE', #199, #628, #504 ) ;
#1164 = CARTESIAN_POINT ( 'NONE',  ( -3.649999999999999911, 0.1000000000000000056, -1.200000000000017941 ) ) ;
#1165 = AXIS2_PLACEMENT_3D ( 'NONE', #1250, #1547, #1441 ) ;
#1166 = EDGE_CURVE ( 'NONE', #786, #392, #1124, .T. ) ;
#1167 = VECTOR ( 'NONE', #310, 1000.000000000000000 ) ;
#1168 = EDGE_CURVE ( 'NONE', #1764, #1437, #1179, .T. ) ;
#1169 = MECHANICAL_DESIGN_GEOMETRIC_PRESENTATION_REPRESENTATION (  '', ( #992 ), #925 ) ;
#1171 = EDGE_CURVE ( 'NONE', #126, #1491, #1286, .T. ) ;
#1170 = EDGE_LOOP ( 'NONE', ( #513, #1174, #418, #716 ) ) ;
#1172 = PLANE ( 'NONE',  #1601 ) ;
#1173 = LINE ( 'NONE', #1339, #1177 ) ;
#1174 = ORIENTED_EDGE ( 'NONE', *, *, #440, .T. ) ;
#1175 = DIRECTION ( 'NONE',  ( -1.000000000000000000, 0.000000000000000000, 0.000000000000000000 ) ) ;
#1176 = VECTOR ( 'NONE', #787, 1000.000000000000000 ) ;
#1177 = VECTOR ( 'NONE', #632, 1000.000000000000000 ) ;
#1178 = VECTOR ( 'NONE', #101, 1000.000000000000000 ) ;
#1179 = LINE ( 'NONE', #982, #1178 ) ;
#1180 = ORIENTED_EDGE ( 'NONE', *, *, #816, .F. ) ;
#1181 = EDGE_CURVE ( 'NONE', #275, #1463, #1254, .T. ) ;
#1182 = DIRECTION ( 'NONE',  ( 0.000000000000000000, 0.000000000000000000, -1.000000000000000000 ) ) ;
#1183 = ORIENTED_EDGE ( 'NONE', *, *, #584, .F. ) ;
#1184 = CARTESIAN_POINT ( 'NONE',  ( -0.5530000000000000471, 0.000000000000000000, 2.100000000000000089 ) ) ;
#1185 = PLANE ( 'NONE',  #342 ) ;
#1186 = DIRECTION ( 'NONE',  ( -1.000000000000000000, 0.000000000000000000, 0.000000000000000000 ) ) ;
#1187 = CARTESIAN_POINT ( 'NONE',  ( -1.252999999999999892, 0.5000000000000000000, 2.100000000000000089 ) ) ;
#1188 = ORIENTED_EDGE ( 'NONE', *, *, #162, .T. ) ;
#1189 = EDGE_LOOP ( 'NONE', ( #1581, #1005, #862, #401 ) ) ;
#1190 = FILL_AREA_STYLE_COLOUR ( '', #257 ) ;
#1191 = LINE ( 'NONE', #1208, #833 ) ;
#1192 = AXIS2_PLACEMENT_3D ( 'NONE', #677, #402, #850 ) ;
#1193 =( NAMED_UNIT ( * ) SI_UNIT ( $, .STERADIAN. ) SOLID_ANGLE_UNIT ( ) );
#1194 = VECTOR ( 'NONE', #1021, 1000.000000000000000 ) ;
#1195 = DIRECTION ( 'NONE',  ( 0.000000000000000000, 0.000000000000000000, -1.000000000000000000 ) ) ;
#1196 = DIRECTION ( 'NONE',  ( 1.000000000000000000, 0.000000000000000000, 0.000000000000000000 ) ) ;
#1197 = ORIENTED_EDGE ( 'NONE', *, *, #889, .T. ) ;
#1198 = VERTEX_POINT ( 'NONE', #116 ) ;
#1199 = LINE ( 'NONE', #318, #891 ) ;
#1200 = CARTESIAN_POINT ( 'NONE',  ( -3.100000000000000089, 0.000000000000000000, 1.199999999999981970 ) ) ;
#1201 = CARTESIAN_POINT ( 'NONE',  ( -0.5530000000000379057, 0.000000000000000000, -1.199999999999999956 ) ) ;
#1202 = DIRECTION ( 'NONE',  ( 0.000000000000000000, 1.000000000000000000, 0.000000000000000000 ) ) ;
#1203 = EDGE_CURVE ( 'NONE', #1859, #834, #269, .T. ) ;
#1204 = FACE_OUTER_BOUND ( 'NONE', #1082, .T. ) ;
#1205 = DIRECTION ( 'NONE',  ( 0.000000000000000000, 0.000000000000000000, -1.000000000000000000 ) ) ;
#1206 = ORIENTED_EDGE ( 'NONE', *, *, #1621, .F. ) ;
#1207 = DIRECTION ( 'NONE',  ( 0.000000000000000000, 0.000000000000000000, -1.000000000000000000 ) ) ;
#1208 = CARTESIAN_POINT ( 'NONE',  ( -0.5530000000000000471, 0.000000000000000000, -2.168404344971009815E-14 ) ) ;
#1209 = EDGE_LOOP ( 'NONE', ( #1002, #477, #1384, #276, #1773, #1356, #1816, #1008, #138, #265, #868, #1020 ) ) ;
#1210 = CARTESIAN_POINT ( 'NONE',  ( 3.600000000000000089, 0.000000000000000000, -1.199999999999999956 ) ) ;
#1211 = UNCERTAINTY_MEASURE_WITH_UNIT (LENGTH_MEASURE( 1.000000000000000082E-05 ), #482, 'distance_accuracy_value', 'NONE');
#1212 = CARTESIAN_POINT ( 'NONE',  ( -1.253000000000036085, 0.1000000000000000056, -1.199999999999999956 ) ) ;
#1213 = CARTESIAN_POINT ( 'NONE',  ( -3.750000000000000000, 0.000000000000000000, 1.199999999999981970 ) ) ;
#1214 = FACE_OUTER_BOUND ( 'NONE', #610, .T. ) ;
#1215 = ORIENTED_EDGE ( 'NONE', *, *, #790, .F. ) ;
#1216 = DIRECTION ( 'NONE',  ( 0.000000000000000000, -1.000000000000000000, 0.000000000000000000 ) ) ;
#1217 = VERTEX_POINT ( 'NONE', #1559 ) ;
#1218 = SURFACE_STYLE_FILL_AREA ( #31 ) ;
#1219 = DIRECTION ( 'NONE',  ( 1.000000000000000000, 0.000000000000000000, 0.000000000000000000 ) ) ;
#1220 = VECTOR ( 'NONE', #1290, 1000.000000000000000 ) ;
#1221 = AXIS2_PLACEMENT_3D ( 'NONE', #1403, #1526, #105 ) ;
#1222 = FACE_OUTER_BOUND ( 'NONE', #824, .T. ) ;
#1223 = PLANE ( 'NONE',  #1322 ) ;
#1224 = VERTEX_POINT ( 'NONE', #460 ) ;
#1225 = VECTOR ( 'NONE', #1834, 1000.000000000000000 ) ;
#1226 = FACE_OUTER_BOUND ( 'NONE', #1246, .T. ) ;
#1227 = EDGE_CURVE ( 'NONE', #1723, #76, #1721, .T. ) ;
#1228 = ORIENTED_EDGE ( 'NONE', *, *, #1297, .F. ) ;
#1229 = DIRECTION ( 'NONE',  ( -0.000000000000000000, 1.000000000000000000, 0.000000000000000000 ) ) ;
#1230 = FACE_OUTER_BOUND ( 'NONE', #1603, .T. ) ;
#1231 = MANIFOLD_SOLID_BREP ( 'NONE', #171 ) ;
#1232 = VECTOR ( 'NONE', #943, 1000.000000000000000 ) ;
#1233 = EDGE_CURVE ( 'NONE', #212, #35, #1572, .T. ) ;
#1234 = ADVANCED_FACE ( 'NONE', ( #1430 ), #1443, .T. ) ;
#1235 = DIRECTION ( 'NONE',  ( 0.000000000000000000, 1.000000000000000000, 0.000000000000000000 ) ) ;
#1236 = DIRECTION ( 'NONE',  ( 0.000000000000000000, -1.000000000000000000, 0.000000000000000000 ) ) ;
#1237 = ORIENTED_EDGE ( 'NONE', *, *, #297, .T. ) ;
#1238 = DIRECTION ( 'NONE',  ( 1.000000000000000000, 0.000000000000000000, 0.000000000000000000 ) ) ;
#1239 = CARTESIAN_POINT ( 'NONE',  ( -0.05000000000003790301, 1.000000000000000000, -2.149999999999999911 ) ) ;
#1240 = VERTEX_POINT ( 'NONE', #614 ) ;
#1241 = DIRECTION ( 'NONE',  ( -2.135044278125299864E-16, 0.000000000000000000, 1.000000000000000000 ) ) ;
#1242 = CARTESIAN_POINT ( 'NONE',  ( -2.450000000000035261, 0.000000000000000000, 1.199999999999999956 ) ) ;
#1243 = EDGE_CURVE ( 'NONE', #230, #605, #791, .T. ) ;
#1244 = PLANE ( 'NONE',  #1019 ) ;
#1245 = DIRECTION ( 'NONE',  ( 0.000000000000000000, 0.000000000000000000, -1.000000000000000000 ) ) ;
#1246 = EDGE_LOOP ( 'NONE', ( #1648, #1783, #1761, #1272 ) ) ;
#1247 = CARTESIAN_POINT ( 'NONE',  ( -1.360000000000040066, 0.000000000000000000, 1.199999999999999956 ) ) ;
#1248 = SURFACE_SIDE_STYLE ('',( #1376 ) ) ;
#1249 = VERTEX_POINT ( 'NONE', #1641 ) ;
#1250 = CARTESIAN_POINT ( 'NONE',  ( -2.449999999999999734, 0.000000000000000000, 1.199999999999981970 ) ) ;
#1251 = VECTOR ( 'NONE', #1790, 1000.000000000000000 ) ;
#1252 = EDGE_CURVE ( 'NONE', #148, #1341, #1656, .T. ) ;
#1253 = VECTOR ( 'NONE', #778, 1000.000000000000000 ) ;
#1254 = LINE ( 'NONE', #1276, #360 ) ;
#1255 = DIRECTION ( 'NONE',  ( 0.000000000000000000, 0.000000000000000000, 1.000000000000000000 ) ) ;
#1256 = VECTOR ( 'NONE', #1734, 1000.000000000000000 ) ;
#1257 = ORIENTED_EDGE ( 'NONE', *, *, #905, .F. ) ;
#1258 = CARTESIAN_POINT ( 'NONE',  ( -1.253000000000036085, 0.000000000000000000, -2.149999999999999911 ) ) ;
#1259 = VECTOR ( 'NONE', #1235, 1000.000000000000000 ) ;
#1260 = VERTEX_POINT ( 'NONE', #1486 ) ;
#1261 = ORIENTED_EDGE ( 'NONE', *, *, #152, .F. ) ;
#1262 = EDGE_LOOP ( 'NONE', ( #884, #260, #129, #246 ) ) ;
#1263 = EDGE_CURVE ( 'NONE', #1160, #1240, #1330, .T. ) ;
#1264 = DIRECTION ( 'NONE',  ( 1.000000000000000000, 0.000000000000000000, 0.000000000000000000 ) ) ;
#1265 = FACE_OUTER_BOUND ( 'NONE', #1651, .T. ) ;
#1266 = DIRECTION ( 'NONE',  ( 1.000000000000000000, 0.000000000000000000, 0.000000000000000000 ) ) ;
#1267 = MANIFOLD_SOLID_BREP ( 'NONE', #997 ) ;
#1268 = ORIENTED_EDGE ( 'NONE', *, *, #236, .F. ) ;
#1269 = CARTESIAN_POINT ( 'NONE',  ( -3.700000000000000178, 1.000000000000000000, -2.149999999999999911 ) ) ;
#1270 = VECTOR ( 'NONE', #1309, 1000.000000000000000 ) ;
#1271 = MECHANICAL_DESIGN_GEOMETRIC_PRESENTATION_REPRESENTATION (  '', ( #1424 ), #1610 ) ;
#1272 = ORIENTED_EDGE ( 'NONE', *, *, #497, .F. ) ;
#1273 = EDGE_LOOP ( 'NONE', ( #1671, #912, #165, #565 ) ) ;
#1274 = ORIENTED_EDGE ( 'NONE', *, *, #1181, .F. ) ;
#1275 = CARTESIAN_POINT ( 'NONE',  ( 2.391000000000000014, 0.1000000000000000056, 1.199999999999969980 ) ) ;
#1276 = CARTESIAN_POINT ( 'NONE',  ( 0.7069999999999999618, 0.000000000000000000, -2.168404344971009815E-14 ) ) ;
#1277 = DIRECTION ( 'NONE',  ( 0.000000000000000000, 1.000000000000000000, 0.000000000000000000 ) ) ;
#1278 = ORIENTED_EDGE ( 'NONE', *, *, #242, .F. ) ;
#1279 = LINE ( 'NONE', #1116, #299 ) ;
#1280 =( LENGTH_UNIT ( ) NAMED_UNIT ( * ) SI_UNIT ( .MILLI., .METRE. ) );
#1281 = FACE_OUTER_BOUND ( 'NONE', #866, .T. ) ;
#1282 = ORIENTED_EDGE ( 'NONE', *, *, #958, .T. ) ;
#1283 = ORIENTED_EDGE ( 'NONE', *, *, #1052, .F. ) ;
#1284 = ORIENTED_EDGE ( 'NONE', *, *, #249, .T. ) ;
#1285 = DIRECTION ( 'NONE',  ( -1.000000000000000000, 0.000000000000000000, 0.000000000000000000 ) ) ;
#1286 = LINE ( 'NONE', #1763, #602 ) ;
#1287 = FACE_OUTER_BOUND ( 'NONE', #984, .T. ) ;
#1288 = ORIENTED_EDGE ( 'NONE', *, *, #949, .T. ) ;
#1289 = CARTESIAN_POINT ( 'NONE',  ( -1.252999999999999892, 0.1000000000000000056, -1.200000000000019940 ) ) ;
#1290 = DIRECTION ( 'NONE',  ( 0.000000000000000000, 1.000000000000000000, 0.000000000000000000 ) ) ;
#1291 = VERTEX_POINT ( 'NONE', #320 ) ;
#1292 = VECTOR ( 'NONE', #828, 1000.000000000000000 ) ;
#1293 = EDGE_CURVE ( 'NONE', #1334, #545, #472, .T. ) ;
#1294 = ORIENTED_EDGE ( 'NONE', *, *, #836, .F. ) ;
#1295 = ORIENTED_EDGE ( 'NONE', *, *, #580, .T. ) ;
#1296 = LINE ( 'NONE', #141, #1408 ) ;
#1297 = EDGE_CURVE ( 'NONE', #126, #700, #887, .T. ) ;
#1298 = ADVANCED_FACE ( 'NONE', ( #1498 ), #491, .F. ) ;
#1299 = CARTESIAN_POINT ( 'NONE',  ( 0.7069999999999999618, 0.1000000000000000056, -1.200000000000019940 ) ) ;
#1300 = EDGE_LOOP ( 'NONE', ( #858, #1415, #378, #603 ) ) ;
#1301 = FACE_OUTER_BOUND ( 'NONE', #1740, .T. ) ;
#1302 = CLOSED_SHELL ( 'NONE', ( #1642, #1090, #164, #909, #1605, #1106, #1570, #1015 ) ) ;
#1303 = EDGE_CURVE ( 'NONE', #1832, #1129, #906, .T. ) ;
#1304 = CARTESIAN_POINT ( 'NONE',  ( -1.253000000000036085, 0.000000000000000000, -2.149999999999999911 ) ) ;
#1305 = VERTEX_POINT ( 'NONE', #1665 ) ;
#1306 = ORIENTED_EDGE ( 'NONE', *, *, #1787, .T. ) ;
#1307 = FACE_OUTER_BOUND ( 'NONE', #538, .T. ) ;
#1308 = ORIENTED_EDGE ( 'NONE', *, *, #1026, .T. ) ;
#1309 = DIRECTION ( 'NONE',  ( 0.000000000000000000, 1.000000000000000000, 0.000000000000000000 ) ) ;
#1310 = ADVANCED_FACE ( 'NONE', ( #1789 ), #1185, .F. ) ;
#1311 = DIRECTION ( 'NONE',  ( -2.050926055574474793E-62, 3.742867584707779971E-32, -1.000000000000000000 ) ) ;
#1312 =( NAMED_UNIT ( * ) PLANE_ANGLE_UNIT ( ) SI_UNIT ( $, .RADIAN. ) );
#1313 = EDGE_CURVE ( 'NONE', #1291, #140, #179, .T. ) ;
#1314 = EDGE_CURVE ( 'NONE', #285, #1108, #780, .T. ) ;
#1315 = EDGE_LOOP ( 'NONE', ( #1139, #415, #1027, #1565, #1134, #1055, #1588, #644, #1274, #795, #1637, #1492 ) ) ;
#1316 = CARTESIAN_POINT ( 'NONE',  ( -1.252999999999999892, 0.1000000000000000056, -1.200000000000019940 ) ) ;
#1317 = LINE ( 'NONE', #1457, #1478 ) ;
#1318 = VECTOR ( 'NONE', #1809, 1000.000000000000000 ) ;
#1319 = ORIENTED_EDGE ( 'NONE', *, *, #1052, .T. ) ;
#1320 = SURFACE_STYLE_FILL_AREA ( #1775 ) ;
#1321 = VECTOR ( 'NONE', #1556, 1000.000000000000000 ) ;
#1322 = AXIS2_PLACEMENT_3D ( 'NONE', #1670, #1541, #366 ) ;
#1323 = VECTOR ( 'NONE', #213, 1000.000000000000000 ) ;
#1324 = EDGE_CURVE ( 'NONE', #126, #903, #187, .T. ) ;
#1325 = VERTEX_POINT ( 'NONE', #639 ) ;
#1326 = FACE_OUTER_BOUND ( 'NONE', #1262, .T. ) ;
#1327 = VECTOR ( 'NONE', #1606, 1000.000000000000000 ) ;
#1328 = ORIENTED_EDGE ( 'NONE', *, *, #1017, .T. ) ;
#1329 = VECTOR ( 'NONE', #262, 1000.000000000000000 ) ;
#1330 = LINE ( 'NONE', #748, #59 ) ;
#1331 = CARTESIAN_POINT ( 'NONE',  ( -3.100000000000000089, 0.1000000000000000056, 1.199999999999981970 ) ) ;
#1332 = LINE ( 'NONE', #901, #1000 ) ;
#1333 = ORIENTED_EDGE ( 'NONE', *, *, #91, .T. ) ;
#1334 = VERTEX_POINT ( 'NONE', #1210 ) ;
#1335 = CARTESIAN_POINT ( 'NONE',  ( 2.390999999999964931, 0.000000000000000000, 1.199999999999999956 ) ) ;
#1336 = LINE ( 'NONE', #205, #1253 ) ;
#1337 = DIRECTION ( 'NONE',  ( 0.000000000000000000, -1.000000000000000000, 0.000000000000000000 ) ) ;
#1338 = CARTESIAN_POINT ( 'NONE',  ( -2.450000000000035261, 0.000000000000000000, 1.199999999999999956 ) ) ;
#1339 = CARTESIAN_POINT ( 'NONE',  ( 3.550000000000000266, 0.5500000000000000444, -3.209238430557094387E-14 ) ) ;
#1340 = ORIENTED_EDGE ( 'NONE', *, *, #106, .F. ) ;
#1341 = VERTEX_POINT ( 'NONE', #1798 ) ;
#1342 = CARTESIAN_POINT ( 'NONE',  ( 3.649999999999999911, 0.5500000000000000444, -1.200000000000031930 ) ) ;
#1343 = DIRECTION ( 'NONE',  ( 3.449426766066690469E-29, 1.000000000000000000, 6.986686158121200080E-32 ) ) ;
#1344 = VECTOR ( 'NONE', #1394, 1000.000000000000000 ) ;
#1345 = AXIS2_PLACEMENT_3D ( 'NONE', #994, #270, #1266 ) ;
#1346 = FILL_AREA_STYLE_COLOUR ( '', #933 ) ;
#1347 = ADVANCED_FACE ( 'NONE', ( #1066 ), #1387, .F. ) ;
#1348 = AXIS2_PLACEMENT_3D ( 'NONE', #365, #942, #218 ) ;
#1349 = CARTESIAN_POINT ( 'NONE',  ( -0.9030000000000000249, 0.5000000000000000000, -2.149999999999999911 ) ) ;
#1350 = EDGE_CURVE ( 'NONE', #410, #454, #947, .T. ) ;
#1351 = ADVANCED_FACE ( 'NONE', ( #959 ), #215, .F. ) ;
#1352 = CARTESIAN_POINT ( 'NONE',  ( -0.5530000000000000471, 0.1000000000000000056, -2.100000000000024958 ) ) ;
#1353 = ORIENTED_EDGE ( 'NONE', *, *, #1350, .T. ) ;
#1354 = DIRECTION ( 'NONE',  ( 1.000000000000000000, 0.000000000000000000, 0.000000000000000000 ) ) ;
#1355 = LINE ( 'NONE', #319, #1100 ) ;
#1356 = ORIENTED_EDGE ( 'NONE', *, *, #1693, .F. ) ;
#1357 = SURFACE_STYLE_USAGE ( .BOTH. , #39 ) ;
#1358 = VECTOR ( 'NONE', #854, 1000.000000000000000 ) ;
#1359 = COLOUR_RGB ( '',0.2509803921568627416, 0.2509803921568627416, 0.2509803921568627416 ) ;
#1360 = DIRECTION ( 'NONE',  ( 0.000000000000000000, 0.000000000000000000, -1.000000000000000000 ) ) ;
#1361 = CARTESIAN_POINT ( 'NONE',  ( -3.700000000000000178, 1.000000000000000000, -8.673617379884030542E-16 ) ) ;
#1362 = CARTESIAN_POINT ( 'NONE',  ( -3.649999999999999911, 0.1000000000000000056, 1.199999999999981970 ) ) ;
#1363 = ORIENTED_EDGE ( 'NONE', *, *, #284, .T. ) ;
#1364 = LINE ( 'NONE', #335, #1323 ) ;
#1365 =( NAMED_UNIT ( * ) SI_UNIT ( $, .STERADIAN. ) SOLID_ANGLE_UNIT ( ) );
#1366 = PRODUCT_DEFINITION ( 'UNKNOWN', '', #562, #1089 ) ;
#1367 = ORIENTED_EDGE ( 'NONE', *, *, #88, .T. ) ;
#1368 = DIRECTION ( 'NONE',  ( 0.000000000000000000, -1.000000000000000000, 0.000000000000000000 ) ) ;
#1369 = CARTESIAN_POINT ( 'NONE',  ( -1.360000000000000098, 0.000000000000000000, -1.200000000000019940 ) ) ;
#1370 = EDGE_CURVE ( 'NONE', #605, #521, #362, .T. ) ;
#1371 = EDGE_CURVE ( 'NONE', #545, #1728, #799, .T. ) ;
#1372 = DIRECTION ( 'NONE',  ( 0.000000000000000000, 0.000000000000000000, 1.000000000000000000 ) ) ;
#1373 = CARTESIAN_POINT ( 'NONE',  ( 2.391000000000000014, 0.1000000000000000056, -1.200000000000031930 ) ) ;
#1374 = ORIENTED_EDGE ( 'NONE', *, *, #106, .T. ) ;
#1375 = CARTESIAN_POINT ( 'NONE',  ( -1.360000000000040066, 0.1000000000000000056, -1.199999999999999956 ) ) ;
#1376 = SURFACE_STYLE_FILL_AREA ( #813 ) ;
#1377 = VERTEX_POINT ( 'NONE', #97 ) ;
#1378 = CARTESIAN_POINT ( 'NONE',  ( -0.5530000000000000471, 0.5000000000000000000, 2.200000000000000178 ) ) ;
#1379 = ADVANCED_FACE ( 'NONE', ( #676 ), #1818, .T. ) ;
#1380 = CARTESIAN_POINT ( 'NONE',  ( 3.600000000000000089, 0.000000000000000000, -2.149999999999999911 ) ) ;
#1381 = AXIS2_PLACEMENT_3D ( 'NONE', #1673, #398, #1681 ) ;
#1382 = CARTESIAN_POINT ( 'NONE',  ( -3.100000000000000089, 0.000000000000000000, -1.821459649775649973E-14 ) ) ;
#1383 = CARTESIAN_POINT ( 'NONE',  ( 3.649999999999999911, 0.000000000000000000, 1.199999999999999956 ) ) ;
#1384 = ORIENTED_EDGE ( 'NONE', *, *, #1233, .F. ) ;
#1385 = CARTESIAN_POINT ( 'NONE',  ( -3.700000000000000178, 0.000000000000000000, -2.149999999999999911 ) ) ;
#1386 = ORIENTED_EDGE ( 'NONE', *, *, #969, .T. ) ;
#1387 = PLANE ( 'NONE',  #918 ) ;
#1388 = DIRECTION ( 'NONE',  ( 0.000000000000000000, 0.000000000000000000, 1.000000000000000000 ) ) ;
#1389 = EDGE_CURVE ( 'NONE', #1491, #94, #668, .T. ) ;
#1390 = CARTESIAN_POINT ( 'NONE',  ( -0.5530000000000379057, 0.000000000000000000, -2.149999999999999911 ) ) ;
#1391 = PLANE ( 'NONE',  #326 ) ;
#1392 = VERTEX_POINT ( 'NONE', #522 ) ;
#1393 = PLANE ( 'NONE',  #413 ) ;
#1394 = DIRECTION ( 'NONE',  ( 0.000000000000000000, -1.000000000000000000, 0.000000000000000000 ) ) ;
#1395 = VERTEX_POINT ( 'NONE', #1378 ) ;
#1396 = EDGE_CURVE ( 'NONE', #148, #924, #1683, .T. ) ;
#1397 = DIRECTION ( 'NONE',  ( 0.000000000000000000, 0.000000000000000000, -1.000000000000000000 ) ) ;
#1398 = LINE ( 'NONE', #826, #1321 ) ;
#1399 = CARTESIAN_POINT ( 'NONE',  ( 2.390999999999964931, 0.000000000000000000, 1.199999999999999956 ) ) ;
#1400 = DIRECTION ( 'NONE',  ( 0.000000000000000000, 0.000000000000000000, -1.000000000000000000 ) ) ;
#1401 = ORIENTED_EDGE ( 'NONE', *, *, #1579, .F. ) ;
#1402 = CARTESIAN_POINT ( 'NONE',  ( -2.449999999999999734, 0.000000000000000000, -1.200000000000017941 ) ) ;
#1403 = CARTESIAN_POINT ( 'NONE',  ( -3.700000000000000178, 0.000000000000000000, 2.149999999999999911 ) ) ;
#1404 = ORIENTED_EDGE ( 'NONE', *, *, #479, .T. ) ;
#1405 = ORIENTED_EDGE ( 'NONE', *, *, #431, .F. ) ;
#1406 = DIRECTION ( 'NONE',  ( 0.000000000000000000, 0.000000000000000000, 1.000000000000000000 ) ) ;
#1407 = VECTOR ( 'NONE', #1202, 1000.000000000000000 ) ;
#1408 = VECTOR ( 'NONE', #112, 1000.000000000000000 ) ;
#1409 = CARTESIAN_POINT ( 'NONE',  ( -0.5530000000000379057, 0.000000000000000000, -1.199999999999999956 ) ) ;
#1410 = CARTESIAN_POINT ( 'NONE',  ( -3.700000000000000178, 0.000000000000000000, 1.199999999999999956 ) ) ;
#1411 = VECTOR ( 'NONE', #1133, 1000.000000000000000 ) ;
#1412 = ORIENTED_EDGE ( 'NONE', *, *, #1453, .T. ) ;
#1413 = CARTESIAN_POINT ( 'NONE',  ( -1.253000000000036085, 0.000000000000000000, 2.149999999999999911 ) ) ;
#1414 = VECTOR ( 'NONE', #606, 1000.000000000000000 ) ;
#1415 = ORIENTED_EDGE ( 'NONE', *, *, #563, .T. ) ;
#1416 = ORIENTED_EDGE ( 'NONE', *, *, #591, .T. ) ;
#1417 = ORIENTED_EDGE ( 'NONE', *, *, #702, .T. ) ;
#1418 = LINE ( 'NONE', #1275, #653 ) ;
#1419 = CARTESIAN_POINT ( 'NONE',  ( 0.7069999999999999618, 0.000000000000000000, -1.200000000000019940 ) ) ;
#1420 = EDGE_LOOP ( 'NONE', ( #1405, #1730, #36, #1806, #1333, #432 ) ) ;
#1421 = DIRECTION ( 'NONE',  ( 0.000000000000000000, -1.000000000000000000, 0.000000000000000000 ) ) ;
#1422 = VECTOR ( 'NONE', #1446, 1000.000000000000000 ) ;
#1423 = AXIS2_PLACEMENT_3D ( 'NONE', #316, #25, #608 ) ;
#1424 = STYLED_ITEM ( 'NONE', ( #714 ), #1231 ) ;
#1425 = CARTESIAN_POINT ( 'NONE',  ( -3.700000000000000178, 0.5500000000000000444, -1.821459649775649973E-14 ) ) ;
#1426 = ORIENTED_EDGE ( 'NONE', *, *, #286, .F. ) ;
#1427 = ORIENTED_EDGE ( 'NONE', *, *, #683, .T. ) ;
#1428 = EDGE_LOOP ( 'NONE', ( #944, #1851, #1713, #1626, #1582, #549 ) ) ;
#1429 = CARTESIAN_POINT ( 'NONE',  ( -0.5530000000000000471, 0.5000000000000000000, 1.199999999999977973 ) ) ;
#1430 = FACE_OUTER_BOUND ( 'NONE', #376, .T. ) ;
#1431 = CARTESIAN_POINT ( 'NONE',  ( -0.5047897788773759720, 0.000000000000000000, -1.200000000000019940 ) ) ;
#1432 = ORIENTED_EDGE ( 'NONE', *, *, #41, .F. ) ;
#1433 = EDGE_CURVE ( 'NONE', #94, #903, #815, .T. ) ;
#1434 = CARTESIAN_POINT ( 'NONE',  ( -0.5530000000000000471, 0.000000000000000000, 2.200000000000000178 ) ) ;
#1435 =( NAMED_UNIT ( * ) PLANE_ANGLE_UNIT ( ) SI_UNIT ( $, .RADIAN. ) );
#1436 = CARTESIAN_POINT ( 'NONE',  ( -3.649999999999999911, 0.5500000000000000444, -1.821459649775649973E-14 ) ) ;
#1437 = VERTEX_POINT ( 'NONE', #1633 ) ;
#1438 = EDGE_CURVE ( 'NONE', #1542, #1882, #768, .T. ) ;
#1439 = VERTEX_POINT ( 'NONE', #1242 ) ;
#1440 = ORIENTED_EDGE ( 'NONE', *, *, #926, .F. ) ;
#1441 = DIRECTION ( 'NONE',  ( 1.000000000000000000, 0.000000000000000000, 0.000000000000000000 ) ) ;
#1442 = EDGE_CURVE ( 'NONE', #786, #1130, #1828, .T. ) ;
#1443 = PLANE ( 'NONE',  #30 ) ;
#1444 = VERTEX_POINT ( 'NONE', #1212 ) ;
#1445 = VECTOR ( 'NONE', #1077, 1000.000000000000000 ) ;
#1446 = DIRECTION ( 'NONE',  ( 0.000000000000000000, -1.000000000000000000, 0.000000000000000000 ) ) ;
#1447 = CARTESIAN_POINT ( 'NONE',  ( 3.020499999999964658, 0.1000000000000000056, -8.673617379884030542E-16 ) ) ;
#1448 = ORIENTED_EDGE ( 'NONE', *, *, #578, .T. ) ;
#1449 = VECTOR ( 'NONE', #1503, 1000.000000000000000 ) ;
#1450 = ORIENTED_EDGE ( 'NONE', *, *, #1829, .T. ) ;
#1451 = PRODUCT ( 'EEFLR0D221P', 'EEFLR0D221P', '', ( #155 ) ) ;
#1452 = LINE ( 'NONE', #904, #742 ) ;
#1453 = EDGE_CURVE ( 'NONE', #848, #1260, #800, .T. ) ;
#1454 = EDGE_LOOP ( 'NONE', ( #990, #1508, #859, #552 ) ) ;
#1455 = CARTESIAN_POINT ( 'NONE',  ( -1.253000000000036085, 0.1000000000000000056, 1.199999999999999956 ) ) ;
#1456 = ADVANCED_FACE ( 'NONE', ( #483 ), #89, .T. ) ;
#1457 = CARTESIAN_POINT ( 'NONE',  ( 0.7069999999999999618, 0.000000000000000000, -1.200000000000019940 ) ) ;
#1458 = DIRECTION ( 'NONE',  ( 0.000000000000000000, 0.000000000000000000, 1.000000000000000000 ) ) ;
#1459 = EDGE_CURVE ( 'NONE', #410, #1009, #516, .T. ) ;
#1460 = EDGE_LOOP ( 'NONE', ( #153, #66, #350, #309 ) ) ;
#1461 = LINE ( 'NONE', #1316, #1194 ) ;
#1462 = LINE ( 'NONE', #1436, #1885 ) ;
#1463 = VERTEX_POINT ( 'NONE', #1050 ) ;
#1464 = ADVANCED_FACE ( 'NONE', ( #330 ), #1068, .F. ) ;
#1465 = VERTEX_POINT ( 'NONE', #1088 ) ;
#1466 = LINE ( 'NONE', #1362, #1576 ) ;
#1467 = EDGE_LOOP ( 'NONE', ( #1544, #1518, #967, #1664, #367, #1180 ) ) ;
#1468 = CARTESIAN_POINT ( 'NONE',  ( -2.450000000000035261, 0.000000000000000000, -1.199999999999999956 ) ) ;
#1469 = VECTOR ( 'NONE', #1712, 1000.000000000000000 ) ;
#1470 = MECHANICAL_DESIGN_GEOMETRIC_PRESENTATION_REPRESENTATION (  '', ( #1595 ), #981 ) ;
#1471 = VECTOR ( 'NONE', #927, 1000.000000000000000 ) ;
#1472 = LINE ( 'NONE', #172, #419 ) ;
#1473 = CARTESIAN_POINT ( 'NONE',  ( 3.550000000000000266, 0.5500000000000000444, -1.200000000000031930 ) ) ;
#1474 = VECTOR ( 'NONE', #1035, 1000.000000000000000 ) ;
#1475 = EDGE_LOOP ( 'NONE', ( #223, #1561, #131, #1689 ) ) ;
#1476 = CARTESIAN_POINT ( 'NONE',  ( -1.252999999999999892, 0.5000000000000000000, -2.200000000000000178 ) ) ;
#1477 = DIRECTION ( 'NONE',  ( 1.000000000000000000, -3.449426766066690469E-29, 0.000000000000000000 ) ) ;
#1478 = VECTOR ( 'NONE', #736, 1000.000000000000000 ) ;
#1479 = LINE ( 'NONE', #1331, #321 ) ;
#1480 = DIRECTION ( 'NONE',  ( 0.000000000000000000, -1.000000000000000000, 0.000000000000000000 ) ) ;
#1481 = ORIENTED_EDGE ( 'NONE', *, *, #637, .T. ) ;
#1482 = ORIENTED_EDGE ( 'NONE', *, *, #1396, .F. ) ;
#1483 =( LENGTH_UNIT ( ) NAMED_UNIT ( * ) SI_UNIT ( .MILLI., .METRE. ) );
#1484 = CARTESIAN_POINT ( 'NONE',  ( -1.360000000000000098, 0.1000000000000000056, 1.199999999999977973 ) ) ;
#1485 = ADVANCED_FACE ( 'NONE', ( #1230 ), #908, .T. ) ;
#1486 = CARTESIAN_POINT ( 'NONE',  ( 3.600000000000000089, 1.000000000000000000, 2.149999999999999911 ) ) ;
#1487 = EDGE_CURVE ( 'NONE', #44, #509, #1521, .T. ) ;
#1488 = CARTESIAN_POINT ( 'NONE',  ( 3.550000000000000266, 0.1000000000000000056, 1.199999999999969980 ) ) ;
#1489 = CARTESIAN_POINT ( 'NONE',  ( -2.449999999999999734, 0.1000000000000000056, -1.200000000000017941 ) ) ;
#1490 = LINE ( 'NONE', #475, #1667 ) ;
#1491 = VERTEX_POINT ( 'NONE', #640 ) ;
#1492 = ORIENTED_EDGE ( 'NONE', *, *, #635, .F. ) ;
#1493 = DIRECTION ( 'NONE',  ( -1.000000000000000000, 0.000000000000000000, -2.312964634635739999E-16 ) ) ;
#1494 = LINE ( 'NONE', #47, #315 ) ;
#1495 =( GEOMETRIC_REPRESENTATION_CONTEXT ( 3 ) GLOBAL_UNCERTAINTY_ASSIGNED_CONTEXT ( ( #1211 ) ) GLOBAL_UNIT_ASSIGNED_CONTEXT ( ( #482, #648, #1193 ) ) REPRESENTATION_CONTEXT ( 'NONE', 'WORKASPACE' ) );
#1496 = VECTOR ( 'NONE', #38, 1000.000000000000000 ) ;
#1497 = VECTOR ( 'NONE', #1627, 1000.000000000000000 ) ;
#1498 = FACE_OUTER_BOUND ( 'NONE', #1826, .T. ) ;
#1499 = UNCERTAINTY_MEASURE_WITH_UNIT (LENGTH_MEASURE( 1.000000000000000082E-05 ), #674, 'distance_accuracy_value', 'NONE');
#1500 = CARTESIAN_POINT ( 'NONE',  ( 3.649999999999999911, 0.000000000000000000, -1.200000000000031930 ) ) ;
#1501 = ADVANCED_FACE ( 'NONE', ( #1658 ), #51, .T. ) ;
#1502 = ADVANCED_FACE ( 'NONE', ( #351 ), #1643, .T. ) ;
#1503 = DIRECTION ( 'NONE',  ( 0.000000000000000000, 0.000000000000000000, 1.000000000000000000 ) ) ;
#1504 = CARTESIAN_POINT ( 'NONE',  ( 2.391000000000000014, 0.000000000000000000, 1.199999999999969980 ) ) ;
#1505 = ORIENTED_EDGE ( 'NONE', *, *, #290, .F. ) ;
#1506 = DIRECTION ( 'NONE',  ( -2.312964634635739999E-16, 0.000000000000000000, 1.000000000000000000 ) ) ;
#1507 = DIRECTION ( 'NONE',  ( 0.000000000000000000, 0.000000000000000000, -1.000000000000000000 ) ) ;
#1508 = ORIENTED_EDGE ( 'NONE', *, *, #510, .F. ) ;
#1509 = EDGE_CURVE ( 'NONE', #830, #94, #948, .T. ) ;
#1510 = DIRECTION ( 'NONE',  ( 0.000000000000000000, 0.000000000000000000, -1.000000000000000000 ) ) ;
#1511 = VECTOR ( 'NONE', #437, 1000.000000000000000 ) ;
#1512 = CARTESIAN_POINT ( 'NONE',  ( -3.750000000000000000, 0.5500000000000000444, -1.200000000000017941 ) ) ;
#1513 = DIRECTION ( 'NONE',  ( -1.000000000000000000, 0.000000000000000000, 0.000000000000000000 ) ) ;
#1514 = DIRECTION ( 'NONE',  ( 0.000000000000000000, 1.000000000000000000, 0.000000000000000000 ) ) ;
#1515 = ORIENTED_EDGE ( 'NONE', *, *, #827, .T. ) ;
#1516 = DIRECTION ( 'NONE',  ( 0.000000000000000000, 0.000000000000000000, 1.000000000000000000 ) ) ;
#1517 =( NAMED_UNIT ( * ) PLANE_ANGLE_UNIT ( ) SI_UNIT ( $, .RADIAN. ) );
#1518 = ORIENTED_EDGE ( 'NONE', *, *, #1263, .F. ) ;
#1519 = EDGE_CURVE ( 'NONE', #509, #877, #341, .T. ) ;
#1520 = DIRECTION ( 'NONE',  ( -0.000000000000000000, 1.000000000000000000, 0.000000000000000000 ) ) ;
#1521 = LINE ( 'NONE', #1810, #111 ) ;
#1522 = CARTESIAN_POINT ( 'NONE',  ( 3.649999999999999911, 0.000000000000000000, -3.209238430557094387E-14 ) ) ;
#1523 = FACE_OUTER_BOUND ( 'NONE', #333, .T. ) ;
#1524 = ORIENTED_EDGE ( 'NONE', *, *, #702, .F. ) ;
#1525 = LINE ( 'NONE', #520, #1422 ) ;
#1526 = DIRECTION ( 'NONE',  ( -1.000000000000000000, 0.000000000000000000, 0.000000000000000000 ) ) ;
#1527 = VERTEX_POINT ( 'NONE', #1500 ) ;
#1528 = AXIS2_PLACEMENT_3D ( 'NONE', #1597, #428, #1725 ) ;
#1529 = CARTESIAN_POINT ( 'NONE',  ( -3.750000000000000000, 0.000000000000000000, -1.200000000000017941 ) ) ;
#1530 = LINE ( 'NONE', #227, #254 ) ;
#1531 = AXIS2_PLACEMENT_3D ( 'NONE', #1659, #934, #809 ) ;
#1532 = PLANE ( 'NONE',  #198 ) ;
#1533 = LINE ( 'NONE', #1802, #1232 ) ;
#1534 = VERTEX_POINT ( 'NONE', #931 ) ;
#1535 = DIRECTION ( 'NONE',  ( 0.000000000000000000, 0.000000000000000000, 1.000000000000000000 ) ) ;
#1536 = CARTESIAN_POINT ( 'NONE',  ( 3.600000000000000089, 1.000000000000000000, -2.149999999999999911 ) ) ;
#1537 = ORIENTED_EDGE ( 'NONE', *, *, #388, .T. ) ;
#1538 = DIRECTION ( 'NONE',  ( 0.000000000000000000, 0.000000000000000000, 1.000000000000000000 ) ) ;
#1539 = FACE_OUTER_BOUND ( 'NONE', #434, .T. ) ;
#1540 = CARTESIAN_POINT ( 'NONE',  ( -1.253000000000036085, 0.000000000000000000, 1.199999999999999956 ) ) ;
#1541 = DIRECTION ( 'NONE',  ( 1.000000000000000000, 0.000000000000000000, 5.551115123125780730E-16 ) ) ;
#1542 = VERTEX_POINT ( 'NONE', #79 ) ;
#1543 = CARTESIAN_POINT ( 'NONE',  ( -0.5047897788773759720, 0.000000000000000000, 1.199999999999977973 ) ) ;
#1544 = ORIENTED_EDGE ( 'NONE', *, *, #960, .T. ) ;
#1545 = EDGE_CURVE ( 'NONE', #1491, #1305, #493, .T. ) ;
#1546 = VERTEX_POINT ( 'NONE', #660 ) ;
#1547 = DIRECTION ( 'NONE',  ( 0.000000000000000000, 0.000000000000000000, 1.000000000000000000 ) ) ;
#1548 = CARTESIAN_POINT ( 'NONE',  ( 2.391000000000000014, 0.1000000000000000056, 1.199999999999969980 ) ) ;
#1549 = FACE_OUTER_BOUND ( 'NONE', #1300, .T. ) ;
#1550 = ORIENTED_EDGE ( 'NONE', *, *, #1227, .T. ) ;
#1551 = LINE ( 'NONE', #119, #1666 ) ;
#1552 = CARTESIAN_POINT ( 'NONE',  ( -1.252999999999999892, 0.5000000000000000000, -2.100000000000024958 ) ) ;
#1553 = ORIENTED_EDGE ( 'NONE', *, *, #298, .T. ) ;
#1554 = ORIENTED_EDGE ( 'NONE', *, *, #1788, .T. ) ;
#1555 = ORIENTED_EDGE ( 'NONE', *, *, #1711, .T. ) ;
#1556 = DIRECTION ( 'NONE',  ( 1.000000000000000000, 0.000000000000000000, 0.000000000000000000 ) ) ;
#1557 = AXIS2_PLACEMENT_3D ( 'NONE', #1349, #209, #1676 ) ;
#1558 = AXIS2_PLACEMENT_3D ( 'NONE', #1884, #1046, #1796 ) ;
#1559 = CARTESIAN_POINT ( 'NONE',  ( -3.649999999999999911, 0.1000000000000000056, 1.199999999999981970 ) ) ;
#1560 = CARTESIAN_POINT ( 'NONE',  ( 2.390999999999964931, 0.1000000000000000056, -1.199999999999999956 ) ) ;
#1561 = ORIENTED_EDGE ( 'NONE', *, *, #779, .F. ) ;
#1562 = CARTESIAN_POINT ( 'NONE',  ( 2.390999999999964931, 0.1000000000000000056, 1.199999999999999956 ) ) ;
#1563 = DIRECTION ( 'NONE',  ( 1.000000000000000000, 0.000000000000000000, 0.000000000000000000 ) ) ;
#1564 = VECTOR ( 'NONE', #195, 1000.000000000000000 ) ;
#1565 = ORIENTED_EDGE ( 'NONE', *, *, #479, .F. ) ;
#1566 = EDGE_CURVE ( 'NONE', #1465, #1054, #1530, .T. ) ;
#1567 = ORIENTED_EDGE ( 'NONE', *, *, #186, .T. ) ;
#1568 = EDGE_LOOP ( 'NONE', ( #1848, #1427, #688, #1367 ) ) ;
#1569 = DIRECTION ( 'NONE',  ( 1.000000000000000000, 0.000000000000000000, 0.000000000000000000 ) ) ;
#1570 = ADVANCED_FACE ( 'NONE', ( #200 ), #1718, .T. ) ;
#1571 = VECTOR ( 'NONE', #180, 1000.000000000000000 ) ;
#1572 = LINE ( 'NONE', #692, #846 ) ;
#1573 = PLANE ( 'NONE',  #921 ) ;
#1574 = ORIENTED_EDGE ( 'NONE', *, *, #1181, .T. ) ;
#1575 = DIRECTION ( 'NONE',  ( -0.000000000000000000, 1.000000000000000000, 0.000000000000000000 ) ) ;
#1576 = VECTOR ( 'NONE', #202, 1000.000000000000000 ) ;
#1577 = DIRECTION ( 'NONE',  ( 1.000000000000000000, 5.479558144012189991E-31, 0.000000000000000000 ) ) ;
#1578 = ORIENTED_EDGE ( 'NONE', *, *, #678, .F. ) ;
#1579 = EDGE_CURVE ( 'NONE', #1832, #743, #1296, .T. ) ;
#1580 = EDGE_CURVE ( 'NONE', #1249, #1444, #1141, .T. ) ;
#1581 = ORIENTED_EDGE ( 'NONE', *, *, #1303, .T. ) ;
#1582 = ORIENTED_EDGE ( 'NONE', *, *, #1203, .T. ) ;
#1583 = DIRECTION ( 'NONE',  ( 0.000000000000000000, 0.000000000000000000, 1.000000000000000000 ) ) ;
#1584 = DIRECTION ( 'NONE',  ( -1.000000000000000000, 0.000000000000000000, 1.807003620809169702E-16 ) ) ;
#1585 = VERTEX_POINT ( 'NONE', #277 ) ;
#1586 = LINE ( 'NONE', #2, #600 ) ;
#1587 = DIRECTION ( 'NONE',  ( 1.000000000000000000, 0.000000000000000000, -2.312964634635739999E-16 ) ) ;
#1588 = ORIENTED_EDGE ( 'NONE', *, *, #1776, .F. ) ;
#1589 = ORIENTED_EDGE ( 'NONE', *, *, #1314, .T. ) ;
#1590 = PRODUCT_RELATED_PRODUCT_CATEGORY ( 'part', '', ( #1451 ) ) ;
#1591 = DIRECTION ( 'NONE',  ( -1.807003620809169702E-16, 0.000000000000000000, -1.000000000000000000 ) ) ;
#1592 = VECTOR ( 'NONE', #898, 1000.000000000000000 ) ;
#1593 = PRESENTATION_LAYER_ASSIGNMENT (  '', '', ( #1874 ) ) ;
#1594 = ORIENTED_EDGE ( 'NONE', *, *, #1630, .F. ) ;
#1595 = STYLED_ITEM ( 'NONE', ( #530 ), #1879 ) ;
#1596 = CARTESIAN_POINT ( 'NONE',  ( -3.700000000000000178, 0.000000000000000000, -2.149999999999999911 ) ) ;
#1597 = CARTESIAN_POINT ( 'NONE',  ( 0.000000000000000000, 0.000000000000000000, 0.000000000000000000 ) ) ;
#1598 = VECTOR ( 'NONE', #1113, 1000.000000000000000 ) ;
#1599 = CARTESIAN_POINT ( 'NONE',  ( -3.750000000000000000, 0.5500000000000000444, 1.199999999999981970 ) ) ;
#1600 = ADVANCED_FACE ( 'NONE', ( #566 ), #1840, .F. ) ;
#1601 = AXIS2_PLACEMENT_3D ( 'NONE', #16, #594, #1612 ) ;
#1602 = FACE_OUTER_BOUND ( 'NONE', #5, .T. ) ;
#1603 = EDGE_LOOP ( 'NONE', ( #19, #1482, #1183, #1852 ) ) ;
#1604 = LINE ( 'NONE', #586, #932 ) ;
#1605 = ADVANCED_FACE ( 'NONE', ( #1539 ), #1731, .T. ) ;
#1606 = DIRECTION ( 'NONE',  ( 0.000000000000000000, -1.000000000000000000, 0.000000000000000000 ) ) ;
#1607 = VECTOR ( 'NONE', #1238, 1000.000000000000000 ) ;
#1608 = VERTEX_POINT ( 'NONE', #1705 ) ;
#1609 = DIRECTION ( 'NONE',  ( -1.000000000000000000, 0.000000000000000000, 0.000000000000000000 ) ) ;
#1610 =( GEOMETRIC_REPRESENTATION_CONTEXT ( 3 ) GLOBAL_UNCERTAINTY_ASSIGNED_CONTEXT ( ( #492 ) ) GLOBAL_UNIT_ASSIGNED_CONTEXT ( ( #547, #536, #312 ) ) REPRESENTATION_CONTEXT ( 'NONE', 'WORKASPACE' ) );
#1611 = EDGE_LOOP ( 'NONE', ( #1774, #174, #1386, #409, #1295, #243 ) ) ;
#1612 = DIRECTION ( 'NONE',  ( 0.000000000000000000, 5.479558144012189991E-31, -1.000000000000000000 ) ) ;
#1613 = DIRECTION ( 'NONE',  ( 0.000000000000000000, 0.000000000000000000, 1.000000000000000000 ) ) ;
#1614 = ORIENTED_EDGE ( 'NONE', *, *, #1243, .T. ) ;
#1615 = CARTESIAN_POINT ( 'NONE',  ( 3.649999999999999911, 0.5500000000000000444, -1.200000000000031930 ) ) ;
#1616 = SURFACE_STYLE_FILL_AREA ( #1843 ) ;
#1617 = PLANE ( 'NONE',  #264 ) ;
#1618 = DIRECTION ( 'NONE',  ( 1.000000000000000000, 0.000000000000000000, 0.000000000000000000 ) ) ;
#1619 = ORIENTED_EDGE ( 'NONE', *, *, #1459, .T. ) ;
#1620 = LINE ( 'NONE', #1045, #21 ) ;
#1621 = EDGE_CURVE ( 'NONE', #1701, #1395, #1685, .T. ) ;
#1622 = CARTESIAN_POINT ( 'NONE',  ( -1.252999999999999892, 0.000000000000000000, 1.199999999999977973 ) ) ;
#1623 = CARTESIAN_POINT ( 'NONE',  ( 0.7069999999999629914, 0.1000000000000000056, 1.199999999999999956 ) ) ;
#1624 = ORIENTED_EDGE ( 'NONE', *, *, #1704, .T. ) ;
#1625 = VECTOR ( 'NONE', #40, 1000.000000000000000 ) ;
#1626 = ORIENTED_EDGE ( 'NONE', *, *, #84, .T. ) ;
#1627 = DIRECTION ( 'NONE',  ( -1.000000000000000000, 0.000000000000000000, 0.000000000000000000 ) ) ;
#1628 = ADVANCED_FACE ( 'NONE', ( #1003 ), #393, .T. ) ;
#1629 = DIRECTION ( 'NONE',  ( 1.000000000000000000, 0.000000000000000000, 0.000000000000000000 ) ) ;
#1630 = EDGE_CURVE ( 'NONE', #175, #830, #546, .T. ) ;
#1631 = EDGE_CURVE ( 'NONE', #946, #168, #235, .T. ) ;
#1632 = CARTESIAN_POINT ( 'NONE',  ( -0.5530000000000379057, 0.000000000000000000, 2.149999999999999911 ) ) ;
#1633 = CARTESIAN_POINT ( 'NONE',  ( -1.360000000000040066, 0.1000000000000000056, -1.199999999999999956 ) ) ;
#1634 = LINE ( 'NONE', #331, #1327 ) ;
#1635 = DIRECTION ( 'NONE',  ( 0.000000000000000000, 0.000000000000000000, 1.000000000000000000 ) ) ;
#1636 = ORIENTED_EDGE ( 'NONE', *, *, #1545, .T. ) ;
#1637 = ORIENTED_EDGE ( 'NONE', *, *, #960, .F. ) ;
#1638 = CARTESIAN_POINT ( 'NONE',  ( 0.7069999999999629914, 0.000000000000000000, -1.199999999999999956 ) ) ;
#1639 = DIRECTION ( 'NONE',  ( 1.000000000000000000, 0.000000000000000000, 0.000000000000000000 ) ) ;
#1640 = EDGE_CURVE ( 'NONE', #1240, #275, #1398, .T. ) ;
#1641 = CARTESIAN_POINT ( 'NONE',  ( -1.253000000000036085, 0.000000000000000000, -1.199999999999999956 ) ) ;
#1642 = ADVANCED_FACE ( 'NONE', ( #384 ), #961, .T. ) ;
#1643 = PLANE ( 'NONE',  #345 ) ;
#1644 = EDGE_CURVE ( 'NONE', #521, #1334, #99, .T. ) ;
#1645 = DIRECTION ( 'NONE',  ( 1.000000000000000000, 0.000000000000000000, 4.405646923115710050E-16 ) ) ;
#1646 = DIRECTION ( 'NONE',  ( 0.000000000000000000, 0.000000000000000000, 1.000000000000000000 ) ) ;
#1647 = EDGE_CURVE ( 'NONE', #1009, #1439, #132, .T. ) ;
#1648 = ORIENTED_EDGE ( 'NONE', *, *, #524, .F. ) ;
#1649 = CARTESIAN_POINT ( 'NONE',  ( -3.649999999999999911, 0.1000000000000000056, -1.821459649775649973E-14 ) ) ;
#1650 = CARTESIAN_POINT ( 'NONE',  ( -1.253000000000036085, 0.1000000000000000056, -2.149999999999999911 ) ) ;
#1651 = EDGE_LOOP ( 'NONE', ( #1417, #902, #881, #623 ) ) ;
#1652 = VECTOR ( 'NONE', #1538, 1000.000000000000000 ) ;
#1653 = ADVANCED_FACE ( 'NONE', ( #1853 ), #255, .F. ) ;
#1654 = AXIS2_PLACEMENT_3D ( 'NONE', #535, #817, #691 ) ;
#1655 = VECTOR ( 'NONE', #1831, 1000.000000000000000 ) ;
#1656 = LINE ( 'NONE', #208, #1855 ) ;
#1657 = UNCERTAINTY_MEASURE_WITH_UNIT (LENGTH_MEASURE( 1.000000000000000082E-05 ), #1847, 'distance_accuracy_value', 'NONE');
#1658 = FACE_OUTER_BOUND ( 'NONE', #726, .T. ) ;
#1659 = CARTESIAN_POINT ( 'NONE',  ( -0.5530000000000000471, 0.000000000000000000, -2.200000000000000178 ) ) ;
#1660 = PLANE ( 'NONE',  #113 ) ;
#1661 = EDGE_LOOP ( 'NONE', ( #1614, #1524, #1794, #1340 ) ) ;
#1662 = EDGE_CURVE ( 'NONE', #1149, #1037, #1418, .T. ) ;
#1663 = PLANE ( 'NONE',  #1696 ) ;
#1664 = ORIENTED_EDGE ( 'NONE', *, *, #626, .T. ) ;
#1665 = CARTESIAN_POINT ( 'NONE',  ( -3.649999999999999911, 0.5500000000000000444, -1.200000000000017941 ) ) ;
#1666 = VECTOR ( 'NONE', #1104, 1000.000000000000000 ) ;
#1667 = VECTOR ( 'NONE', #1053, 1000.000000000000000 ) ;
#1668 = DIRECTION ( 'NONE',  ( 0.000000000000000000, 0.000000000000000000, 1.000000000000000000 ) ) ;
#1669 = PLANE ( 'NONE',  #1348 ) ;
#1670 = CARTESIAN_POINT ( 'NONE',  ( -0.5530000000000379057, 0.000000000000000000, -2.200000000000000178 ) ) ;
#1671 = ORIENTED_EDGE ( 'NONE', *, *, #1097, .T. ) ;
#1672 = FACE_OUTER_BOUND ( 'NONE', #989, .T. ) ;
#1673 = CARTESIAN_POINT ( 'NONE',  ( 2.391000000000000014, 0.000000000000000000, -1.200000000000031930 ) ) ;
#1674 = EDGE_LOOP ( 'NONE', ( #696, #57, #1537, #979, #400, #568 ) ) ;
#1675 = DIRECTION ( 'NONE',  ( -1.000000000000000000, 0.000000000000000000, 0.000000000000000000 ) ) ;
#1676 = DIRECTION ( 'NONE',  ( 0.000000000000000000, -3.449426766066690469E-29, -1.000000000000000000 ) ) ;
#1677 = CARTESIAN_POINT ( 'NONE',  ( -3.100000000000039613, 0.1000000000000000056, -8.673617379884030542E-16 ) ) ;
#1678 = LINE ( 'NONE', #973, #1655 ) ;
#1679 = VERTEX_POINT ( 'NONE', #555 ) ;
#1680 = CARTESIAN_POINT ( 'NONE',  ( -0.05000000000003790301, 0.000000000000000000, 1.199999999999999956 ) ) ;
#1681 = DIRECTION ( 'NONE',  ( 0.000000000000000000, -1.000000000000000000, 0.000000000000000000 ) ) ;
#1682 = ORIENTED_EDGE ( 'NONE', *, *, #1800, .T. ) ;
#1683 = LINE ( 'NONE', #78, #1652 ) ;
#1684 = VECTOR ( 'NONE', #1875, 1000.000000000000000 ) ;
#1685 = LINE ( 'NONE', #1429, #590 ) ;
#1686 = VECTOR ( 'NONE', #651, 1000.000000000000000 ) ;
#1687 = LINE ( 'NONE', #80, #533 ) ;
#1688 = DIRECTION ( 'NONE',  ( -1.000000000000000000, 0.000000000000000000, 0.000000000000000000 ) ) ;
#1689 = ORIENTED_EDGE ( 'NONE', *, *, #1263, .T. ) ;
#1690 = CARTESIAN_POINT ( 'NONE',  ( -3.100000000000000089, 0.1000000000000000056, -1.200000000000017941 ) ) ;
#1691 = ADVANCED_FACE ( 'NONE', ( #1132 ), #412, .T. ) ;
#1692 = EDGE_CURVE ( 'NONE', #285, #754, #1355, .T. ) ;
#1693 = EDGE_CURVE ( 'NONE', #541, #710, #1336, .T. ) ;
#1694 = ORIENTED_EDGE ( 'NONE', *, *, #1787, .F. ) ;
#1695 = DIRECTION ( 'NONE',  ( 0.000000000000000000, 0.000000000000000000, -1.000000000000000000 ) ) ;
#1696 = AXIS2_PLACEMENT_3D ( 'NONE', #1083, #1207, #204 ) ;
#1697 = PLANE ( 'NONE',  #1778 ) ;
#1698 = CARTESIAN_POINT ( 'NONE',  ( -3.700000000000000178, 0.1000000000000000056, -1.199999999999999956 ) ) ;
#1699 = EDGE_LOOP ( 'NONE', ( #4, #1868, #1682, #203 ) ) ;
#1700 = LINE ( 'NONE', #985, #358 ) ;
#1701 = VERTEX_POINT ( 'NONE', #627 ) ;
#1702 = ORIENTED_EDGE ( 'NONE', *, *, #617, .F. ) ;
#1703 = ORIENTED_EDGE ( 'NONE', *, *, #1433, .F. ) ;
#1704 = EDGE_CURVE ( 'NONE', #44, #1198, #1748, .T. ) ;
#1705 = CARTESIAN_POINT ( 'NONE',  ( -0.5530000000000000471, 0.000000000000000000, 2.200000000000000178 ) ) ;
#1706 = EDGE_CURVE ( 'NONE', #1862, #545, #185, .T. ) ;
#1707 = CARTESIAN_POINT ( 'NONE',  ( 3.550000000000000266, 0.1000000000000000056, -3.209238430557094387E-14 ) ) ;
#1708 = LINE ( 'NONE', #704, #1070 ) ;
#1709 = ORIENTED_EDGE ( 'NONE', *, *, #1396, .T. ) ;
#1710 = PLANE ( 'NONE',  #1760 ) ;
#1711 = EDGE_CURVE ( 'NONE', #924, #1291, #471, .T. ) ;
#1712 = DIRECTION ( 'NONE',  ( 0.000000000000000000, -1.000000000000000000, 0.000000000000000000 ) ) ;
#1713 = ORIENTED_EDGE ( 'NONE', *, *, #1519, .F. ) ;
#1714 = EDGE_CURVE ( 'NONE', #710, #871, #435, .T. ) ;
#1715 = ORIENTED_EDGE ( 'NONE', *, *, #1487, .F. ) ;
#1716 = ORIENTED_EDGE ( 'NONE', *, *, #926, .T. ) ;
#1717 =( GEOMETRIC_REPRESENTATION_CONTEXT ( 3 ) GLOBAL_UNCERTAINTY_ASSIGNED_CONTEXT ( ( #70 ) ) GLOBAL_UNIT_ASSIGNED_CONTEXT ( ( #1280, #1435, #551 ) ) REPRESENTATION_CONTEXT ( 'NONE', 'WORKASPACE' ) );
#1718 = PLANE ( 'NONE',  #1165 ) ;
#1719 = VECTOR ( 'NONE', #417, 1000.000000000000000 ) ;
#1720 = VECTOR ( 'NONE', #701, 1000.000000000000000 ) ;
#1721 = LINE ( 'NONE', #851, #300 ) ;
#1722 = FACE_OUTER_BOUND ( 'NONE', #1568, .T. ) ;
#1723 = VERTEX_POINT ( 'NONE', #349 ) ;
#1724 = FACE_OUTER_BOUND ( 'NONE', #763, .T. ) ;
#1725 = DIRECTION ( 'NONE',  ( 1.000000000000000000, 0.000000000000000000, 0.000000000000000000 ) ) ;
#1726 = CARTESIAN_POINT ( 'NONE',  ( 0.7069999999999999618, 0.1000000000000000056, 1.199999999999977973 ) ) ;
#1727 = AXIS2_PLACEMENT_3D ( 'NONE', #1247, #1493, #1506 ) ;
#1728 = VERTEX_POINT ( 'NONE', #328 ) ;
#1729 = VERTEX_POINT ( 'NONE', #765 ) ;
#1730 = ORIENTED_EDGE ( 'NONE', *, *, #1442, .F. ) ;
#1731 = PLANE ( 'NONE',  #769 ) ;
#1732 = AXIS2_PLACEMENT_3D ( 'NONE', #607, #1195, #1780 ) ;
#1733 = CARTESIAN_POINT ( 'NONE',  ( -1.360000000000000098, 0.000000000000000000, 1.199999999999977973 ) ) ;
#1734 = DIRECTION ( 'NONE',  ( 0.000000000000000000, 1.000000000000000000, 0.000000000000000000 ) ) ;
#1735 = ORIENTED_EDGE ( 'NONE', *, *, #1314, .F. ) ;
#1736 = CARTESIAN_POINT ( 'NONE',  ( 3.550000000000000266, 0.1000000000000000056, 1.199999999999969980 ) ) ;
#1737 = AXIS2_PLACEMENT_3D ( 'NONE', #1383, #211, #81 ) ;
#1738 = FACE_OUTER_BOUND ( 'NONE', #1428, .T. ) ;
#1739 = EDGE_CURVE ( 'NONE', #789, #1679, #1018, .T. ) ;
#1740 = EDGE_LOOP ( 'NONE', ( #458, #426, #1261, #814 ) ) ;
#1741 = ORIENTED_EDGE ( 'NONE', *, *, #423, .F. ) ;
#1742 = VERTEX_POINT ( 'NONE', #288 ) ;
#1743 = DIRECTION ( 'NONE',  ( -1.000000000000000000, 0.000000000000000000, 0.000000000000000000 ) ) ;
#1744 = ADVANCED_FACE ( 'NONE', ( #1602 ), #1010, .T. ) ;
#1745 = ORIENTED_EDGE ( 'NONE', *, *, #1662, .T. ) ;
#1746 = LINE ( 'NONE', #882, #1511 ) ;
#1747 = DIRECTION ( 'NONE',  ( -5.479558144012189991E-31, 1.000000000000000000, 3.742867584707779971E-32 ) ) ;
#1748 = LINE ( 'NONE', #1484, #888 ) ;
#1749 = VECTOR ( 'NONE', #61, 1000.000000000000000 ) ;
#1750 = ORIENTED_EDGE ( 'NONE', *, *, #971, .F. ) ;
#1751 = VECTOR ( 'NONE', #1264, 1000.000000000000000 ) ;
#1752 = DIRECTION ( 'NONE',  ( 0.000000000000000000, 0.000000000000000000, -1.000000000000000000 ) ) ;
#1753 = VECTOR ( 'NONE', #1400, 1000.000000000000000 ) ;
#1754 = DIRECTION ( 'NONE',  ( 0.000000000000000000, 1.000000000000000000, 0.000000000000000000 ) ) ;
#1755 = DIRECTION ( 'NONE',  ( 0.000000000000000000, -1.000000000000000000, 0.000000000000000000 ) ) ;
#1756 = VECTOR ( 'NONE', #1609, 1000.000000000000000 ) ;
#1757 = ORIENTED_EDGE ( 'NONE', *, *, #497, .T. ) ;
#1758 = LINE ( 'NONE', #735, #870 ) ;
#1759 = CARTESIAN_POINT ( 'NONE',  ( -2.449999999999999734, 0.1000000000000000056, 1.199999999999981970 ) ) ;
#1760 = AXIS2_PLACEMENT_3D ( 'NONE', #146, #1575, #1006 ) ;
#1761 = ORIENTED_EDGE ( 'NONE', *, *, #1168, .T. ) ;
#1762 = CARTESIAN_POINT ( 'NONE',  ( -2.449999999999999734, 0.000000000000000000, -1.200000000000017941 ) ) ;
#1763 = CARTESIAN_POINT ( 'NONE',  ( -3.750000000000000000, 0.5500000000000000444, 1.199999999999981970 ) ) ;
#1764 = VERTEX_POINT ( 'NONE', #178 ) ;
#1765 = PLANE ( 'NONE',  #1078 ) ;
#1766 = ORIENTED_EDGE ( 'NONE', *, *, #1739, .F. ) ;
#1767 = LINE ( 'NONE', #1762, #532 ) ;
#1768 = EDGE_CURVE ( 'NONE', #1149, #786, #1494, .T. ) ;
#1769 = CARTESIAN_POINT ( 'NONE',  ( -3.750000000000000000, 0.000000000000000000, -1.199999999999999956 ) ) ;
#1770 = CARTESIAN_POINT ( 'NONE',  ( -1.360000000000000098, 0.1000000000000000056, 1.199999999999977973 ) ) ;
#1771 =( GEOMETRIC_REPRESENTATION_CONTEXT ( 3 ) GLOBAL_UNCERTAINTY_ASSIGNED_CONTEXT ( ( #1657 ) ) GLOBAL_UNIT_ASSIGNED_CONTEXT ( ( #1847, #646, #390 ) ) REPRESENTATION_CONTEXT ( 'NONE', 'WORKASPACE' ) );
#1772 = LINE ( 'NONE', #167, #1819 ) ;
#1773 = ORIENTED_EDGE ( 'NONE', *, *, #1714, .F. ) ;
#1774 = ORIENTED_EDGE ( 'NONE', *, *, #1566, .T. ) ;
#1775 = FILL_AREA_STYLE ('',( #1190 ) ) ;
#1776 = EDGE_CURVE ( 'NONE', #1729, #1341, #1191, .T. ) ;
#1777 = DIRECTION ( 'NONE',  ( 0.000000000000000000, -1.000000000000000000, 0.000000000000000000 ) ) ;
#1778 = AXIS2_PLACEMENT_3D ( 'NONE', #394, #725, #1866 ) ;
#1779 = DIRECTION ( 'NONE',  ( 0.000000000000000000, -1.000000000000000000, 0.000000000000000000 ) ) ;
#1780 = DIRECTION ( 'NONE',  ( 0.000000000000000000, -1.000000000000000000, 0.000000000000000000 ) ) ;
#1781 = LINE ( 'NONE', #308, #749 ) ;
#1782 = ORIENTED_EDGE ( 'NONE', *, *, #570, .T. ) ;
#1783 = ORIENTED_EDGE ( 'NONE', *, *, #444, .T. ) ;
#1784 = LINE ( 'NONE', #1476, #348 ) ;
#1785 = ADVANCED_FACE ( 'NONE', ( #1307 ), #6, .F. ) ;
#1786 = CARTESIAN_POINT ( 'NONE',  ( -0.05000000000003790301, 0.000000000000000000, 1.199999999999999956 ) ) ;
#1787 = EDGE_CURVE ( 'NONE', #903, #175, #583, .T. ) ;
#1788 = EDGE_CURVE ( 'NONE', #1439, #541, #1151, .T. ) ;
#1789 = FACE_OUTER_BOUND ( 'NONE', #731, .T. ) ;
#1790 = DIRECTION ( 'NONE',  ( 1.000000000000000000, 0.000000000000000000, 0.000000000000000000 ) ) ;
#1791 = EDGE_CURVE ( 'NONE', #149, #1160, #1452, .T. ) ;
#1792 = DIRECTION ( 'NONE',  ( -0.000000000000000000, 1.000000000000000000, 0.000000000000000000 ) ) ;
#1793 = CARTESIAN_POINT ( 'NONE',  ( 0.7069999999999999618, 0.000000000000000000, 1.199999999999977973 ) ) ;
#1794 = ORIENTED_EDGE ( 'NONE', *, *, #1739, .T. ) ;
#1795 = DIRECTION ( 'NONE',  ( -1.000000000000000000, 0.000000000000000000, 0.000000000000000000 ) ) ;
#1796 = DIRECTION ( 'NONE',  ( 1.000000000000000000, 0.000000000000000000, 0.000000000000000000 ) ) ;
#1797 = ORIENTED_EDGE ( 'NONE', *, *, #1303, .F. ) ;
#1798 = CARTESIAN_POINT ( 'NONE',  ( -0.5530000000000000471, 0.000000000000000000, -2.200000000000000178 ) ) ;
#1799 = CARTESIAN_POINT ( 'NONE',  ( -3.100000000000000089, 0.000000000000000000, -1.200000000000017941 ) ) ;
#1800 = EDGE_CURVE ( 'NONE', #853, #306, #480, .T. ) ;
#1801 = LINE ( 'NONE', #1522, #1842 ) ;
#1802 = CARTESIAN_POINT ( 'NONE',  ( -2.449999999999999734, 0.000000000000000000, 1.199999999999981970 ) ) ;
#1803 = ORIENTED_EDGE ( 'NONE', *, *, #1509, .T. ) ;
#1804 = LINE ( 'NONE', #55, #1225 ) ;
#1805 = CARTESIAN_POINT ( 'NONE',  ( 3.600000000000000089, 0.1000000000000000056, -1.199999999999999956 ) ) ;
#1806 = ORIENTED_EDGE ( 'NONE', *, *, #286, .T. ) ;
#1807 = AXIS2_PLACEMENT_3D ( 'NONE', #1447, #587, #1563 ) ;
#1808 = VECTOR ( 'NONE', #336, 1000.000000000000000 ) ;
#1809 = DIRECTION ( 'NONE',  ( 0.000000000000000000, 0.000000000000000000, -1.000000000000000000 ) ) ;
#1810 = CARTESIAN_POINT ( 'NONE',  ( -0.5047897788773759720, 0.1000000000000000056, 1.199999999999977973 ) ) ;
#1811 = VECTOR ( 'NONE', #1216, 1000.000000000000000 ) ;
#1812 = CARTESIAN_POINT ( 'NONE',  ( -3.700000000000000178, 0.000000000000000000, 2.149999999999999911 ) ) ;
#1813 = FACE_OUTER_BOUND ( 'NONE', #690, .T. ) ;
#1814 = ORIENTED_EDGE ( 'NONE', *, *, #1791, .F. ) ;
#1815 = CARTESIAN_POINT ( 'NONE',  ( -0.5530000000000000471, 0.1000000000000000056, -1.200000000000019940 ) ) ;
#1816 = ORIENTED_EDGE ( 'NONE', *, *, #1788, .F. ) ;
#1817 = CLOSED_SHELL ( 'NONE', ( #759, #1744, #781, #439, #1849, #361, #338, #481 ) ) ;
#1818 = PLANE ( 'NONE',  #13 ) ;
#1819 = VECTOR ( 'NONE', #745, 1000.000000000000000 ) ;
#1820 = CARTESIAN_POINT ( 'NONE',  ( -0.05000000000003790301, 0.000000000000000000, -8.673617379884030542E-16 ) ) ;
#1821 = DIRECTION ( 'NONE',  ( -0.000000000000000000, 1.000000000000000000, 0.000000000000000000 ) ) ;
#1822 = FACE_OUTER_BOUND ( 'NONE', #1189, .T. ) ;
#1823 = VERTEX_POINT ( 'NONE', #1650 ) ;
#1824 = LINE ( 'NONE', #655, #1176 ) ;
#1825 = PLANE ( 'NONE',  #1221 ) ;
#1826 = EDGE_LOOP ( 'NONE', ( #82, #1863, #821, #1735 ) ) ;
#1827 = DIRECTION ( 'NONE',  ( 1.000000000000000000, 0.000000000000000000, 2.135044278125299864E-16 ) ) ;
#1828 = LINE ( 'NONE', #1488, #1407 ) ;
#1829 = EDGE_CURVE ( 'NONE', #1108, #1585, #488, .T. ) ;
#1830 = PLANE ( 'NONE',  #48 ) ;
#1831 = DIRECTION ( 'NONE',  ( 1.000000000000000000, -3.449426766066690469E-29, 0.000000000000000000 ) ) ;
#1832 = VERTEX_POINT ( 'NONE', #1159 ) ;
#1833 = EDGE_CURVE ( 'NONE', #1224, #324, #197, .T. ) ;
#1834 = DIRECTION ( 'NONE',  ( 0.000000000000000000, -1.000000000000000000, 0.000000000000000000 ) ) ;
#1835 = SURFACE_STYLE_USAGE ( .BOTH. , #1248 ) ;
#1836 = EDGE_CURVE ( 'NONE', #1764, #1249, #442, .T. ) ;
#1837 = AXIS2_PLACEMENT_3D ( 'NONE', #659, #1241, #1827 ) ;
#1838 = ORIENTED_EDGE ( 'NONE', *, *, #1389, .T. ) ;
#1839 = VECTOR ( 'NONE', #636, 1000.000000000000000 ) ;
#1840 = PLANE ( 'NONE',  #142 ) ;
#1841 = AXIS2_PLACEMENT_3D ( 'NONE', #1023, #1175, #1458 ) ;
#1842 = VECTOR ( 'NONE', #922, 1000.000000000000000 ) ;
#1843 = FILL_AREA_STYLE ('',( #861 ) ) ;
#1844 = DIRECTION ( 'NONE',  ( 1.000000000000000000, 0.000000000000000000, 0.000000000000000000 ) ) ;
#1845 = ORIENTED_EDGE ( 'NONE', *, *, #1087, .T. ) ;
#1846 = DIRECTION ( 'NONE',  ( 0.000000000000000000, 0.000000000000000000, 1.000000000000000000 ) ) ;
#1847 =( LENGTH_UNIT ( ) NAMED_UNIT ( * ) SI_UNIT ( .MILLI., .METRE. ) );
#1848 = ORIENTED_EDGE ( 'NONE', *, *, #1800, .F. ) ;
#1849 = ADVANCED_FACE ( 'NONE', ( #248 ), #512, .T. ) ;
#1850 = EDGE_CURVE ( 'NONE', #1862, #838, #501, .T. ) ;
#1851 = ORIENTED_EDGE ( 'NONE', *, *, #724, .T. ) ;
#1852 = ORIENTED_EDGE ( 'NONE', *, *, #580, .F. ) ;
#1853 = FACE_OUTER_BOUND ( 'NONE', #1273, .T. ) ;
#1854 = VECTOR ( 'NONE', #272, 1000.000000000000000 ) ;
#1855 = VECTOR ( 'NONE', #1779, 1000.000000000000000 ) ;
#1856 = ADVANCED_FACE ( 'NONE', ( #954 ), #1825, .T. ) ;
#1857 = CARTESIAN_POINT ( 'NONE',  ( -1.252999999999999892, 0.000000000000000000, -2.168404344971009815E-14 ) ) ;
#1858 = CARTESIAN_POINT ( 'NONE',  ( -1.252999999999999892, 0.1000000000000000056, 1.199999999999977973 ) ) ;
#1859 = VERTEX_POINT ( 'NONE', #938 ) ;
#1860 = FACE_OUTER_BOUND ( 'NONE', #775, .T. ) ;
#1861 = ORIENTED_EDGE ( 'NONE', *, *, #450, .F. ) ;
#1862 = VERTEX_POINT ( 'NONE', #1536 ) ;
#1863 = ORIENTED_EDGE ( 'NONE', *, *, #641, .F. ) ;
#1864 = DIRECTION ( 'NONE',  ( -1.000000000000000000, 0.000000000000000000, -5.551115123125780730E-16 ) ) ;
#1865 = EDGE_CURVE ( 'NONE', #140, #1729, #75, .T. ) ;
#1866 = DIRECTION ( 'NONE',  ( 1.000000000000000000, 0.000000000000000000, 0.000000000000000000 ) ) ;
#1867 = CARTESIAN_POINT ( 'NONE',  ( 0.7069999999999629914, 0.000000000000000000, 1.199999999999999956 ) ) ;
#1868 = ORIENTED_EDGE ( 'NONE', *, *, #905, .T. ) ;
#1869 = CARTESIAN_POINT ( 'NONE',  ( -1.252999999999999892, 0.000000000000000000, 2.200000000000000178 ) ) ;
#1870 = LINE ( 'NONE', #998, #886 ) ;
#1871 = ORIENTED_EDGE ( 'NONE', *, *, #1293, .T. ) ;
#1872 = VERTEX_POINT ( 'NONE', #1805 ) ;
#1873 = EDGE_LOOP ( 'NONE', ( #585, #664, #1131, #103 ) ) ;
#1874 = STYLED_ITEM ( 'NONE', ( #656 ), #615 ) ;
#1875 = DIRECTION ( 'NONE',  ( 0.000000000000000000, 1.000000000000000000, 0.000000000000000000 ) ) ;
#1876 = PLANE ( 'NONE',  #445 ) ;
#1877 = ORIENTED_EDGE ( 'NONE', *, *, #429, .T. ) ;
#1878 = DIRECTION ( 'NONE',  ( 0.000000000000000000, 0.000000000000000000, -1.000000000000000000 ) ) ;
#1879 = MANIFOLD_SOLID_BREP ( 'NONE', #1817 ) ;
#1880 = CARTESIAN_POINT ( 'NONE',  ( -0.5530000000000000471, 0.1000000000000000056, -1.200000000000019940 ) ) ;
#1881 = ORIENTED_EDGE ( 'NONE', *, *, #12, .T. ) ;
#1882 = VERTEX_POINT ( 'NONE', #1552 ) ;
#1883 = ORIENTED_EDGE ( 'NONE', *, *, #363, .F. ) ;
#1884 = CARTESIAN_POINT ( 'NONE',  ( -0.5047897788774180494, 0.1000000000000000056, -8.673617379884030542E-16 ) ) ;
#1885 = VECTOR ( 'NONE', #1311, 1000.000000000000000 ) ;
ENDSEC;
END-ISO-10303-21;
