ISO-10303-21;
HEADER;
FILE_DESCRIPTION (( 'STEP AP214' ),
    '1' );
FILE_NAME ('TQP3M9036.STEP',
    '2023-12-26T13:14:49',
    ( 'LENOVO' ),
    ( '' ),
    'SwSTEP 2.0',
    'SolidWorks 2021',
    '' );
FILE_SCHEMA (( 'AUTOMOTIVE_DESIGN' ));
ENDSEC;

DATA;
#1 = ADVANCED_FACE ( 'NONE', ( #4198 ), #2370, .F. ) ;
#2 = ORIENTED_EDGE ( 'NONE', *, *, #683, .T. ) ;
#3 = CARTESIAN_POINT ( 'NONE',  ( 0.7000000000000005107, 0.000000000000000000, 0.7750000000000001332 ) ) ;
#4 = CARTESIAN_POINT ( 'NONE',  ( 0.8000000000000005995, 0.2030000000000000138, 0.8750000000000001110 ) ) ;
#5 = VECTOR ( 'NONE', #2288, 1000.000000000000000 ) ;
#6 = PLANE ( 'NONE',  #1737 ) ;
#7 = ORIENTED_EDGE ( 'NONE', *, *, #4447, .T. ) ;
#8 = AXIS2_PLACEMENT_3D ( 'NONE', #2529, #2122, #1526 ) ;
#9 = VECTOR ( 'NONE', #1117, 1000.000000000000000 ) ;
#10 = VECTOR ( 'NONE', #1204, 1000.000000000000000 ) ;
#11 = CARTESIAN_POINT ( 'NONE',  ( 0.7000000000000005107, 0.2030000000000000138, 0.7750000000000001332 ) ) ;
#12 = CARTESIAN_POINT ( 'NONE',  ( 1.000000000000000666, 0.000000000000000000, 0.8749999999999998890 ) ) ;
#13 = EDGE_CURVE ( 'NONE', #3609, #2704, #1214, .T. ) ;
#14 = ORIENTED_EDGE ( 'NONE', *, *, #2406, .F. ) ;
#15 = VECTOR ( 'NONE', #2429, 1000.000000000000000 ) ;
#16 = ORIENTED_EDGE ( 'NONE', *, *, #4405, .F. ) ;
#17 = DIRECTION ( 'NONE',  ( 3.252606517456513302E-16, -0.000000000000000000, 1.000000000000000000 ) ) ;
#18 = VECTOR ( 'NONE', #3152, 1000.000000000000000 ) ;
#19 = DIRECTION ( 'NONE',  ( 0.000000000000000000, -1.000000000000000000, 0.000000000000000000 ) ) ;
#20 = DIRECTION ( 'NONE',  ( 0.000000000000000000, 0.000000000000000000, -1.000000000000000000 ) ) ;
#21 = CARTESIAN_POINT ( 'NONE',  ( 0.8000000000000005995, 0.2030000000000000138, -0.1249999999999998890 ) ) ;
#22 = ORIENTED_EDGE ( 'NONE', *, *, #2852, .F. ) ;
#23 = CARTESIAN_POINT ( 'NONE',  ( -0.7000000000000005107, 0.2030000000000000138, -0.7249999999999999778 ) ) ;
#24 = CARTESIAN_POINT ( 'NONE',  ( 0.7000000000000005107, 0.2030000000000000138, -0.7249999999999999778 ) ) ;
#25 = EDGE_LOOP ( 'NONE', ( #287, #664, #1749, #688 ) ) ;
#26 = EDGE_CURVE ( 'NONE', #3253, #3870, #1164, .T. ) ;
#27 = VECTOR ( 'NONE', #2570, 1000.000000000000000 ) ;
#28 = ORIENTED_EDGE ( 'NONE', *, *, #3452, .T. ) ;
#29 = DIRECTION ( 'NONE',  ( 0.000000000000000000, 0.000000000000000000, -1.000000000000000000 ) ) ;
#30 = AXIS2_PLACEMENT_3D ( 'NONE', #4057, #4366, #583 ) ;
#31 = ORIENTED_EDGE ( 'NONE', *, *, #2893, .F. ) ;
#32 = DIRECTION ( 'NONE',  ( 0.000000000000000000, 0.000000000000000000, 1.000000000000000000 ) ) ;
#33 = VECTOR ( 'NONE', #2180, 1000.000000000000000 ) ;
#34 = ADVANCED_FACE ( 'NONE', ( #1246 ), #3683, .F. ) ;
#35 = EDGE_CURVE ( 'NONE', #1843, #3296, #4256, .T. ) ;
#36 = ORIENTED_EDGE ( 'NONE', *, *, #3414, .F. ) ;
#37 = EDGE_CURVE ( 'NONE', #3538, #2650, #4262, .T. ) ;
#38 = ORIENTED_EDGE ( 'NONE', *, *, #4253, .T. ) ;
#39 = AXIS2_PLACEMENT_3D ( 'NONE', #703, #1988, #85 ) ;
#40 = PLANE ( 'NONE',  #1744 ) ;
#41 = VECTOR ( 'NONE', #3135, 1000.000000000000000 ) ;
#42 = CARTESIAN_POINT ( 'NONE',  ( -0.1999999999999985123, 1.991854381999832224, -0.7999999999999999334 ) ) ;
#43 = CYLINDRICAL_SURFACE ( 'NONE', #3878, 0.1000000000000000472 ) ;
#44 = DIRECTION ( 'NONE',  ( -0.000000000000000000, -1.000000000000000000, -0.000000000000000000 ) ) ;
#45 = EDGE_CURVE ( 'NONE', #3158, #2049, #2766, .T. ) ;
#46 = EDGE_LOOP ( 'NONE', ( #3710, #2397, #699, #2256 ) ) ;
#47 = AXIS2_PLACEMENT_3D ( 'NONE', #4306, #1403, #2889 ) ;
#48 = ORIENTED_EDGE ( 'NONE', *, *, #3366, .T. ) ;
#49 = CARTESIAN_POINT ( 'NONE',  ( -0.8000000000000005995, 0.2030000000000000138, 0.1250000000000001110 ) ) ;
#50 = VECTOR ( 'NONE', #1751, 1000.000000000000000 ) ;
#51 =( LENGTH_UNIT ( ) NAMED_UNIT ( * ) SI_UNIT ( .MILLI., .METRE. ) );
#52 = CARTESIAN_POINT ( 'NONE',  ( 1.000000000000000666, 0.000000000000000000, -0.6250000000000001110 ) ) ;
#53 = DIRECTION ( 'NONE',  ( -1.084202172485504040E-15, 0.000000000000000000, -1.000000000000000000 ) ) ;
#54 = DIRECTION ( 'NONE',  ( 0.000000000000000000, 0.000000000000000000, -1.000000000000000000 ) ) ;
#55 = CARTESIAN_POINT ( 'NONE',  ( 0.8000000000000005995, 0.2030000000000000138, -0.8749999999999998890 ) ) ;
#56 = DIRECTION ( 'NONE',  ( 0.000000000000000000, 1.000000000000000000, 0.000000000000000000 ) ) ;
#57 = LINE ( 'NONE', #1059, #5 ) ;
#58 = VERTEX_POINT ( 'NONE', #2017 ) ;
#59 = CARTESIAN_POINT ( 'NONE',  ( 0.8000000000000005995, 0.2030000000000000138, 0.3750000000000001110 ) ) ;
#60 = LINE ( 'NONE', #52, #1598 ) ;
#61 = EDGE_LOOP ( 'NONE', ( #347, #987, #3983, #2362 ) ) ;
#62 = CARTESIAN_POINT ( 'NONE',  ( 0.7000000000000005107, 0.2030000000000000138, -0.7249999999999999778 ) ) ;
#63 = EDGE_CURVE ( 'NONE', #1281, #1795, #1308, .T. ) ;
#64 = ORIENTED_EDGE ( 'NONE', *, *, #1277, .F. ) ;
#65 = CIRCLE ( 'NONE', #4368, 0.1000000000000000472 ) ;
#66 = UNCERTAINTY_MEASURE_WITH_UNIT (LENGTH_MEASURE( 1.000000000000000082E-05 ), #2990, 'distance_accuracy_value', 'NONE');
#67 = AXIS2_PLACEMENT_3D ( 'NONE', #2053, #1470, #1813 ) ;
#68 = EDGE_LOOP ( 'NONE', ( #1046, #3620, #3610, #655, #3448, #2606 ) ) ;
#69 = ORIENTED_EDGE ( 'NONE', *, *, #2167, .T. ) ;
#70 = EDGE_CURVE ( 'NONE', #3179, #577, #2789, .T. ) ;
#71 = UNCERTAINTY_MEASURE_WITH_UNIT (LENGTH_MEASURE( 1.000000000000000082E-05 ), #1211, 'distance_accuracy_value', 'NONE');
#72 = CARTESIAN_POINT ( 'NONE',  ( 0.3000000000000002109, 0.000000000000000000, -0.7999999999999998224 ) ) ;
#73 = CARTESIAN_POINT ( 'NONE',  ( 0.8000000000000005995, 0.2030000000000000138, 0.1250000000000001110 ) ) ;
#74 = CARTESIAN_POINT ( 'NONE',  ( 0.7000000000000005107, 0.000000000000000000, 0.7250000000000001998 ) ) ;
#75 = FACE_OUTER_BOUND ( 'NONE', #2598, .T. ) ;
#76 = ADVANCED_FACE ( 'NONE', ( #4321 ), #1948, .F. ) ;
#77 = DIRECTION ( 'NONE',  ( 0.000000000000000000, 1.000000000000000000, 0.000000000000000000 ) ) ;
#78 = FACE_OUTER_BOUND ( 'NONE', #586, .T. ) ;
#79 = ORIENTED_EDGE ( 'NONE', *, *, #3597, .T. ) ;
#80 = DIRECTION ( 'NONE',  ( 0.000000000000000000, 1.000000000000000000, 0.000000000000000000 ) ) ;
#81 = FACE_OUTER_BOUND ( 'NONE', #1835, .T. ) ;
#82 = CARTESIAN_POINT ( 'NONE',  ( -0.7000000000000005107, 0.2030000000000000138, 0.7250000000000001998 ) ) ;
#83 = CARTESIAN_POINT ( 'NONE',  ( -0.8000000000000005995, 0.000000000000000000, 0.6250000000000001110 ) ) ;
#84 = DIRECTION ( 'NONE',  ( 0.000000000000000000, 0.000000000000000000, 1.000000000000000000 ) ) ;
#85 = DIRECTION ( 'NONE',  ( 1.000000000000000000, 0.000000000000000000, -1.084202172485505223E-15 ) ) ;
#86 = STYLED_ITEM ( 'NONE', ( #1358 ), #4342 ) ;
#87 = LINE ( 'NONE', #1457, #4457 ) ;
#88 = ORIENTED_EDGE ( 'NONE', *, *, #4234, .T. ) ;
#89 = CARTESIAN_POINT ( 'NONE',  ( -1.000000000000000666, 0.5935124837953329457, -0.6250000000000001110 ) ) ;
#90 = EDGE_LOOP ( 'NONE', ( #3507, #2618, #3457, #4081 ) ) ;
#91 = ADVANCED_FACE ( 'NONE', ( #4345 ), #2832, .F. ) ;
#92 = DIRECTION ( 'NONE',  ( -0.000000000000000000, -1.000000000000000000, -0.000000000000000000 ) ) ;
#93 = ORIENTED_EDGE ( 'NONE', *, *, #3105, .F. ) ;
#94 = EDGE_CURVE ( 'NONE', #804, #303, #4328, .T. ) ;
#95 = CARTESIAN_POINT ( 'NONE',  ( -0.8000000000000005995, 0.2030000000000000138, -0.7249999999999999778 ) ) ;
#96 = AXIS2_PLACEMENT_3D ( 'NONE', #605, #3072, #3782 ) ;
#97 = LINE ( 'NONE', #1444, #18 ) ;
#98 = VERTEX_POINT ( 'NONE', #4068 ) ;
#99 = CARTESIAN_POINT ( 'NONE',  ( 4.065758146820650995E-16, 0.05000000000000000278, 0.3750000000000009992 ) ) ;
#100 = ORIENTED_EDGE ( 'NONE', *, *, #149, .T. ) ;
#101 = PLANE ( 'NONE',  #410 ) ;
#102 = DIRECTION ( 'NONE',  ( -0.000000000000000000, -1.000000000000000000, -0.000000000000000000 ) ) ;
#103 = DIRECTION ( 'NONE',  ( -1.000000000000000000, 0.000000000000000000, 1.084202172485504040E-15 ) ) ;
#104 = FACE_OUTER_BOUND ( 'NONE', #569, .T. ) ;
#105 = AXIS2_PLACEMENT_3D ( 'NONE', #219, #902, #1482 ) ;
#106 = DIRECTION ( 'NONE',  ( 1.000000000000000000, -0.000000000000000000, 8.673617379884036458E-16 ) ) ;
#107 = ORIENTED_EDGE ( 'NONE', *, *, #1874, .F. ) ;
#108 = SHAPE_DEFINITION_REPRESENTATION ( #3928, #1707 ) ;
#109 = ORIENTED_EDGE ( 'NONE', *, *, #3659, .F. ) ;
#110 = CARTESIAN_POINT ( 'NONE',  ( -0.7000000000000007327, 0.8499999999999999778, -0.5750000000000005107 ) ) ;
#111 = VECTOR ( 'NONE', #113, 1000.000000000000000 ) ;
#112 = CARTESIAN_POINT ( 'NONE',  ( -0.8000000000000005995, 0.04999999999999999584, -0.7249999999999999778 ) ) ;
#113 = DIRECTION ( 'NONE',  ( -1.000000000000000000, 0.000000000000000000, -1.084202172485505223E-15 ) ) ;
#114 = PLANE ( 'NONE',  #3468 ) ;
#115 = CARTESIAN_POINT ( 'NONE',  ( 0.8000000000000005995, 0.2030000000000000138, -0.2249999999999999500 ) ) ;
#116 = DIRECTION ( 'NONE',  ( 0.000000000000000000, -0.000000000000000000, 1.000000000000000000 ) ) ;
#117 = CYLINDRICAL_SURFACE ( 'NONE', #2511, 0.1000000000000000472 ) ;
#118 = VERTEX_POINT ( 'NONE', #3070 ) ;
#119 = LINE ( 'NONE', #3753, #27 ) ;
#120 = LINE ( 'NONE', #4143, #1521 ) ;
#121 = EDGE_CURVE ( 'NONE', #3769, #1145, #2800, .T. ) ;
#122 =( GEOMETRIC_REPRESENTATION_CONTEXT ( 3 ) GLOBAL_UNCERTAINTY_ASSIGNED_CONTEXT ( ( #3715 ) ) GLOBAL_UNIT_ASSIGNED_CONTEXT ( ( #213, #1275, #239 ) ) REPRESENTATION_CONTEXT ( 'NONE', 'WORKASPACE' ) );
#123 = ORIENTED_EDGE ( 'NONE', *, *, #1895, .T. ) ;
#124 = DIRECTION ( 'NONE',  ( -0.000000000000000000, -1.000000000000000000, -0.000000000000000000 ) ) ;
#125 = DIRECTION ( 'NONE',  ( 0.000000000000000000, -1.000000000000000000, 0.000000000000000000 ) ) ;
#126 = DIRECTION ( 'NONE',  ( 0.000000000000000000, 0.000000000000000000, -1.000000000000000000 ) ) ;
#127 = ORIENTED_EDGE ( 'NONE', *, *, #3523, .T. ) ;
#128 = AXIS2_PLACEMENT_3D ( 'NONE', #927, #3973, #557 ) ;
#129 = CARTESIAN_POINT ( 'NONE',  ( -1.000000000000000666, 0.000000000000000000, -0.1250000000000001110 ) ) ;
#130 = LINE ( 'NONE', #4246, #111 ) ;
#131 = CIRCLE ( 'NONE', #1273, 0.1000000000000000472 ) ;
#132 = ORIENTED_EDGE ( 'NONE', *, *, #121, .F. ) ;
#133 = ADVANCED_FACE ( 'NONE', ( #1360 ), #3039, .T. ) ;
#134 = CARTESIAN_POINT ( 'NONE',  ( -0.7000000000000005107, 0.2030000000000000138, -0.7249999999999999778 ) ) ;
#135 = ORIENTED_EDGE ( 'NONE', *, *, #4277, .F. ) ;
#136 = DIRECTION ( 'NONE',  ( -0.000000000000000000, -1.000000000000000000, -0.000000000000000000 ) ) ;
#137 = DIRECTION ( 'NONE',  ( 0.000000000000000000, 0.000000000000000000, -1.000000000000000000 ) ) ;
#138 = VECTOR ( 'NONE', #3218, 1000.000000000000000 ) ;
#139 = CARTESIAN_POINT ( 'NONE',  ( -0.3999999999999999112, 0.2030000000000000693, -0.6000000000000007550 ) ) ;
#140 = ORIENTED_EDGE ( 'NONE', *, *, #1845, .T. ) ;
#141 = ORIENTED_EDGE ( 'NONE', *, *, #973, .T. ) ;
#142 = LINE ( 'NONE', #3667, #169 ) ;
#143 = ADVANCED_FACE ( 'NONE', ( #4292 ), #1345, .F. ) ;
#144 = AXIS2_PLACEMENT_3D ( 'NONE', #2304, #4461, #1321 ) ;
#145 = EDGE_CURVE ( 'NONE', #3802, #3538, #4301, .T. ) ;
#146 = CARTESIAN_POINT ( 'NONE',  ( -0.7000000000000005107, 0.2030000000000000138, -0.2249999999999999500 ) ) ;
#147 = EDGE_LOOP ( 'NONE', ( #1439, #3575, #4260, #1660 ) ) ;
#148 = DIRECTION ( 'NONE',  ( -0.000000000000000000, -0.000000000000000000, 1.000000000000000000 ) ) ;
#149 = EDGE_CURVE ( 'NONE', #628, #1013, #2814, .T. ) ;
#150 = EDGE_LOOP ( 'NONE', ( #837, #3418, #2073, #946 ) ) ;
#151 = SURFACE_STYLE_USAGE ( .BOTH. , #2324 ) ;
#152 = LINE ( 'NONE', #2945, #1550 ) ;
#153 = EDGE_CURVE ( 'NONE', #865, #3802, #2821, .T. ) ;
#154 = ORIENTED_EDGE ( 'NONE', *, *, #13, .T. ) ;
#155 = AXIS2_PLACEMENT_3D ( 'NONE', #1506, #3953, #523 ) ;
#156 = PLANE ( 'NONE',  #128 ) ;
#157 = ORIENTED_EDGE ( 'NONE', *, *, #2179, .F. ) ;
#158 = DIRECTION ( 'NONE',  ( -1.000000000000000000, 0.000000000000000000, -1.355252715606880789E-16 ) ) ;
#159 = CARTESIAN_POINT ( 'NONE',  ( -0.7000000000000005107, 0.2030000000000000138, -0.7249999999999999778 ) ) ;
#160 = AXIS2_PLACEMENT_3D ( 'NONE', #716, #1715, #103 ) ;
#161 = SURFACE_STYLE_FILL_AREA ( #4053 ) ;
#162 = ORIENTED_EDGE ( 'NONE', *, *, #1729, .F. ) ;
#163 = DIRECTION ( 'NONE',  ( 1.000000000000000000, 0.000000000000000000, -1.084202172485504040E-15 ) ) ;
#164 = CARTESIAN_POINT ( 'NONE',  ( 1.000000000000000666, 0.2030000000000000138, 0.3749999999999998890 ) ) ;
#165 = AXIS2_PLACEMENT_3D ( 'NONE', #1420, #4136, #721 ) ;
#166 = ORIENTED_EDGE ( 'NONE', *, *, #3341, .F. ) ;
#167 = CARTESIAN_POINT ( 'NONE',  ( -0.7000000000000005107, 0.2030000000000000138, -0.7749999999999999112 ) ) ;
#168 =( NAMED_UNIT ( * ) SI_UNIT ( $, .STERADIAN. ) SOLID_ANGLE_UNIT ( ) );
#169 = VECTOR ( 'NONE', #944, 1000.000000000000000 ) ;
#170 = CARTESIAN_POINT ( 'NONE',  ( -0.4000000000000001332, 0.04999999999999991257, 0.6999999999999998446 ) ) ;
#171 = ORIENTED_EDGE ( 'NONE', *, *, #4402, .T. ) ;
#172 = ADVANCED_FACE ( 'NONE', ( #2808 ), #3430, .F. ) ;
#173 = ORIENTED_EDGE ( 'NONE', *, *, #3623, .T. ) ;
#174 = LINE ( 'NONE', #1966, #10 ) ;
#175 = DIRECTION ( 'NONE',  ( 0.000000000000000000, 0.000000000000000000, -1.000000000000000000 ) ) ;
#176 = PLANE ( 'NONE',  #4160 ) ;
#177 = ORIENTED_EDGE ( 'NONE', *, *, #3405, .F. ) ;
#178 = CARTESIAN_POINT ( 'NONE',  ( -0.8000000000000005995, 0.2030000000000000138, 0.1250000000000001110 ) ) ;
#179 = ORIENTED_EDGE ( 'NONE', *, *, #1558, .F. ) ;
#180 = EDGE_CURVE ( 'NONE', #3126, #2287, #2840, .T. ) ;
#181 = VECTOR ( 'NONE', #2686, 1000.000000000000000 ) ;
#182 = UNCERTAINTY_MEASURE_WITH_UNIT (LENGTH_MEASURE( 1.000000000000000082E-05 ), #3388, 'distance_accuracy_value', 'NONE');
#183 = AXIS2_PLACEMENT_3D ( 'NONE', #2890, #1695, #3219 ) ;
#184 = ORIENTED_EDGE ( 'NONE', *, *, #1817, .T. ) ;
#185 = DIRECTION ( 'NONE',  ( 0.000000000000000000, 1.000000000000000000, 0.000000000000000000 ) ) ;
#186 = DIRECTION ( 'NONE',  ( 0.000000000000000000, -1.000000000000000000, 0.000000000000000000 ) ) ;
#187 = CLOSED_SHELL ( 'NONE', ( #478, #3258, #2035, #172, #1773, #1582, #320, #257 ) ) ;
#188 = PLANE ( 'NONE',  #825 ) ;
#189 =( NAMED_UNIT ( * ) PLANE_ANGLE_UNIT ( ) SI_UNIT ( $, .RADIAN. ) );
#190 = LINE ( 'NONE', #3958, #265 ) ;
#191 = ORIENTED_EDGE ( 'NONE', *, *, #1425, .F. ) ;
#192 = EDGE_CURVE ( 'NONE', #3798, #3160, #2848, .T. ) ;
#193 = CARTESIAN_POINT ( 'NONE',  ( 1.000000000000000444, 0.04999999999999999584, -0.3750000000000001110 ) ) ;
#194 = ORIENTED_EDGE ( 'NONE', *, *, #3796, .T. ) ;
#195 = DIRECTION ( 'NONE',  ( 0.000000000000000000, 1.000000000000000000, -0.000000000000000000 ) ) ;
#196 = FACE_OUTER_BOUND ( 'NONE', #3584, .T. ) ;
#197 = EDGE_CURVE ( 'NONE', #3639, #693, #2588, .T. ) ;
#198 = DIRECTION ( 'NONE',  ( 0.000000000000000000, 0.000000000000000000, 1.000000000000000000 ) ) ;
#199 = STYLED_ITEM ( 'NONE', ( #2680 ), #3840 ) ;
#200 = VERTEX_POINT ( 'NONE', #1450 ) ;
#201 = VERTEX_POINT ( 'NONE', #4172 ) ;
#202 = DIRECTION ( 'NONE',  ( 1.000000000000000000, 0.000000000000000000, 1.084202172485505223E-15 ) ) ;
#203 = CYLINDRICAL_SURFACE ( 'NONE', #4132, 0.1000000000000000472 ) ;
#204 = EDGE_CURVE ( 'NONE', #241, #313, #2610, .T. ) ;
#205 = CARTESIAN_POINT ( 'NONE',  ( -0.7000000000000005107, 0.04999999999999999584, 0.2750000000000000777 ) ) ;
#206 = DIRECTION ( 'NONE',  ( 0.000000000000000000, 0.000000000000000000, 1.000000000000000000 ) ) ;
#207 = ORIENTED_EDGE ( 'NONE', *, *, #2560, .F. ) ;
#208 = PLANE ( 'NONE',  #1423 ) ;
#209 = ADVANCED_FACE ( 'NONE', ( #4090 ), #2785, .F. ) ;
#210 = ORIENTED_EDGE ( 'NONE', *, *, #3583, .F. ) ;
#211 = EDGE_CURVE ( 'NONE', #2371, #1131, #2595, .T. ) ;
#212 = EDGE_CURVE ( 'NONE', #2040, #3858, #1004, .T. ) ;
#213 =( LENGTH_UNIT ( ) NAMED_UNIT ( * ) SI_UNIT ( .MILLI., .METRE. ) );
#214 = LINE ( 'NONE', #1462, #278 ) ;
#215 = AXIS2_PLACEMENT_3D ( 'NONE', #1640, #4381, #1293 ) ;
#216 = ORIENTED_EDGE ( 'NONE', *, *, #1305, .F. ) ;
#217 = CARTESIAN_POINT ( 'NONE',  ( 0.8000000000000005995, 0.000000000000000000, -0.1249999999999998890 ) ) ;
#218 = CARTESIAN_POINT ( 'NONE',  ( 0.7000000000000005107, 0.2030000000000000138, 0.7750000000000001332 ) ) ;
#219 = CARTESIAN_POINT ( 'NONE',  ( 0.8000000000000005995, 0.000000000000000000, 0.2750000000000000777 ) ) ;
#220 = ORIENTED_EDGE ( 'NONE', *, *, #849, .T. ) ;
#221 = DIRECTION ( 'NONE',  ( -1.355252715606880789E-16, 0.000000000000000000, 1.000000000000000000 ) ) ;
#222 = PLANE ( 'NONE',  #982 ) ;
#223 = ORIENTED_EDGE ( 'NONE', *, *, #1050, .T. ) ;
#224 = DIRECTION ( 'NONE',  ( 1.000000000000000000, -0.000000000000000000, -1.084202172485505223E-15 ) ) ;
#225 = ORIENTED_EDGE ( 'NONE', *, *, #973, .F. ) ;
#226 = CARTESIAN_POINT ( 'NONE',  ( -0.4000000000000001332, 0.2030000000000000693, 0.7999999999999999334 ) ) ;
#227 = CARTESIAN_POINT ( 'NONE',  ( -1.000000000000000444, 0.000000000000000000, 0.1249999999999998890 ) ) ;
#228 = LINE ( 'NONE', #1694, #3276 ) ;
#229 = DIRECTION ( 'NONE',  ( 1.000000000000000000, 0.000000000000000000, 1.084202172485505223E-15 ) ) ;
#230 = ORIENTED_EDGE ( 'NONE', *, *, #2515, .T. ) ;
#231 = ORIENTED_EDGE ( 'NONE', *, *, #811, .T. ) ;
#232 = CIRCLE ( 'NONE', #215, 0.1000000000000000472 ) ;
#233 = DIRECTION ( 'NONE',  ( 1.000000000000000000, -0.000000000000000000, 1.084202172485504040E-15 ) ) ;
#234 = DIRECTION ( 'NONE',  ( 0.000000000000000000, 0.000000000000000000, 1.000000000000000000 ) ) ;
#235 = ORIENTED_EDGE ( 'NONE', *, *, #2784, .F. ) ;
#236 = EDGE_CURVE ( 'NONE', #1779, #3122, #4026, .T. ) ;
#237 = CARTESIAN_POINT ( 'NONE',  ( 0.8000000000000005995, 0.000000000000000000, 0.1250000000000001110 ) ) ;
#238 = ORIENTED_EDGE ( 'NONE', *, *, #3400, .T. ) ;
#239 =( NAMED_UNIT ( * ) SI_UNIT ( $, .STERADIAN. ) SOLID_ANGLE_UNIT ( ) );
#240 = LINE ( 'NONE', #3241, #1699 ) ;
#241 = VERTEX_POINT ( 'NONE', #3879 ) ;
#242 = ADVANCED_FACE ( 'NONE', ( #3979 ), #1777, .F. ) ;
#243 = CARTESIAN_POINT ( 'NONE',  ( 0.3999999999999998557, 0.2030000000000000693, 0.8000000000000002665 ) ) ;
#244 = CARTESIAN_POINT ( 'NONE',  ( 0.8000000000000005995, 0.000000000000000000, -0.2249999999999999500 ) ) ;
#245 = ORIENTED_EDGE ( 'NONE', *, *, #2004, .T. ) ;
#246 = DIRECTION ( 'NONE',  ( -0.000000000000000000, -1.000000000000000000, -0.000000000000000000 ) ) ;
#247 = LINE ( 'NONE', #2988, #3165 ) ;
#248 = EDGE_CURVE ( 'NONE', #4004, #3740, #1088, .T. ) ;
#249 = EDGE_LOOP ( 'NONE', ( #594, #2553, #596, #4051 ) ) ;
#250 = DIRECTION ( 'NONE',  ( -1.000000000000000000, 0.000000000000000000, -1.084202172485504040E-15 ) ) ;
#251 = CARTESIAN_POINT ( 'NONE',  ( 0.8000000000000005995, 0.5935124837953329457, -0.7249999999999999778 ) ) ;
#252 = EDGE_CURVE ( 'NONE', #327, #2886, #1108, .T. ) ;
#253 = ORIENTED_EDGE ( 'NONE', *, *, #1491, .T. ) ;
#254 = DIRECTION ( 'NONE',  ( 0.000000000000000000, 0.000000000000000000, 1.000000000000000000 ) ) ;
#255 = CARTESIAN_POINT ( 'NONE',  ( -0.8000000000000005995, 0.2030000000000000138, 0.3750000000000001110 ) ) ;
#256 =( NAMED_UNIT ( * ) SI_UNIT ( $, .STERADIAN. ) SOLID_ANGLE_UNIT ( ) );
#257 = ADVANCED_FACE ( 'NONE', ( #1023 ), #3492, .T. ) ;
#258 = CARTESIAN_POINT ( 'NONE',  ( 0.7000000000000005107, 0.2030000000000000138, -0.7249999999999999778 ) ) ;
#259 = AXIS2_PLACEMENT_3D ( 'NONE', #2969, #2344, #541 ) ;
#260 = EDGE_CURVE ( 'NONE', #3917, #2384, #4099, .T. ) ;
#261 = VERTEX_POINT ( 'NONE', #2268 ) ;
#262 = VERTEX_POINT ( 'NONE', #3956 ) ;
#263 = PLANE ( 'NONE',  #1047 ) ;
#264 = AXIS2_PLACEMENT_3D ( 'NONE', #310, #675, #54 ) ;
#265 = VECTOR ( 'NONE', #4295, 1000.000000000000000 ) ;
#266 = DIRECTION ( 'NONE',  ( -0.000000000000000000, -1.000000000000000000, -0.000000000000000000 ) ) ;
#267 = DIRECTION ( 'NONE',  ( 0.000000000000000000, 1.000000000000000000, 0.000000000000000000 ) ) ;
#268 = ORIENTED_EDGE ( 'NONE', *, *, #3002, .T. ) ;
#269 = DIRECTION ( 'NONE',  ( 0.000000000000000000, 1.000000000000000000, -0.000000000000000000 ) ) ;
#270 = EDGE_CURVE ( 'NONE', #728, #2747, #993, .T. ) ;
#271 = AXIS2_PLACEMENT_3D ( 'NONE', #750, #1746, #2044 ) ;
#272 = ORIENTED_EDGE ( 'NONE', *, *, #1031, .T. ) ;
#273 = VECTOR ( 'NONE', #2576, 1000.000000000000000 ) ;
#274 = ORIENTED_EDGE ( 'NONE', *, *, #642, .F. ) ;
#275 = CARTESIAN_POINT ( 'NONE',  ( -0.8000000000000005995, 0.000000000000000000, -0.8749999999999998890 ) ) ;
#276 = ORIENTED_EDGE ( 'NONE', *, *, #3820, .F. ) ;
#277 = CARTESIAN_POINT ( 'NONE',  ( -0.4000000000000001332, 0.000000000000000000, 0.7999999999999999334 ) ) ;
#278 = VECTOR ( 'NONE', #1097, 1000.000000000000000 ) ;
#279 = ORIENTED_EDGE ( 'NONE', *, *, #2167, .F. ) ;
#280 = ORIENTED_EDGE ( 'NONE', *, *, #2406, .T. ) ;
#281 = EDGE_CURVE ( 'NONE', #2303, #577, #1079, .T. ) ;
#282 = DIRECTION ( 'NONE',  ( 0.000000000000000000, 0.000000000000000000, 1.000000000000000000 ) ) ;
#283 = FILL_AREA_STYLE ('',( #2021 ) ) ;
#284 = LINE ( 'NONE', #2235, #3267 ) ;
#285 = DIRECTION ( 'NONE',  ( 0.000000000000000000, -1.000000000000000000, 0.000000000000000000 ) ) ;
#286 = AXIS2_PLACEMENT_3D ( 'NONE', #3845, #77, #4060 ) ;
#287 = ORIENTED_EDGE ( 'NONE', *, *, #1786, .T. ) ;
#288 = ORIENTED_EDGE ( 'NONE', *, *, #2356, .F. ) ;
#289 = DIRECTION ( 'NONE',  ( 1.000000000000000000, 0.000000000000000000, 4.065758146820642121E-16 ) ) ;
#290 = ADVANCED_FACE ( 'NONE', ( #2487 ), #814, .F. ) ;
#291 = EDGE_CURVE ( 'NONE', #1122, #3731, #1016, .T. ) ;
#292 = CIRCLE ( 'NONE', #4411, 0.1000000000000000472 ) ;
#293 = DIRECTION ( 'NONE',  ( -1.084202172485505223E-15, 0.000000000000000000, 1.000000000000000000 ) ) ;
#294 = EDGE_LOOP ( 'NONE', ( #552, #3945, #2170, #3727 ) ) ;
#295 = ORIENTED_EDGE ( 'NONE', *, *, #1869, .F. ) ;
#296 = ORIENTED_EDGE ( 'NONE', *, *, #4234, .F. ) ;
#297 = DIRECTION ( 'NONE',  ( 0.000000000000000000, -0.000000000000000000, 1.000000000000000000 ) ) ;
#298 = VERTEX_POINT ( 'NONE', #4229 ) ;
#299 = DIRECTION ( 'NONE',  ( 1.000000000000000000, 0.000000000000000000, 0.000000000000000000 ) ) ;
#300 = DIRECTION ( 'NONE',  ( -1.000000000000000000, 0.000000000000000000, 8.673617379884036458E-16 ) ) ;
#301 = LINE ( 'NONE', #4200, #273 ) ;
#302 = EDGE_CURVE ( 'NONE', #2384, #2579, #4003, .T. ) ;
#303 = VERTEX_POINT ( 'NONE', #3925 ) ;
#304 = CARTESIAN_POINT ( 'NONE',  ( -0.8000000000000005995, 0.2030000000000000138, -0.7249999999999999778 ) ) ;
#305 = ORIENTED_EDGE ( 'NONE', *, *, #2100, .T. ) ;
#306 = EDGE_CURVE ( 'NONE', #364, #1188, #1051, .T. ) ;
#307 = DIRECTION ( 'NONE',  ( 0.000000000000000000, 0.000000000000000000, 1.000000000000000000 ) ) ;
#308 = CARTESIAN_POINT ( 'NONE',  ( 1.000000000000000444, 0.000000000000000000, 0.6249999999999998890 ) ) ;
#309 = CARTESIAN_POINT ( 'NONE',  ( -0.8000000000000005995, 0.000000000000000000, -0.3749999999999998890 ) ) ;
#310 = CARTESIAN_POINT ( 'NONE',  ( -0.8000000000000005995, 0.2030000000000000138, -0.7749999999999999112 ) ) ;
#311 = FACE_OUTER_BOUND ( 'NONE', #3030, .T. ) ;
#312 = DIRECTION ( 'NONE',  ( -0.000000000000000000, -1.000000000000000000, -0.000000000000000000 ) ) ;
#313 = VERTEX_POINT ( 'NONE', #2572 ) ;
#314 = ORIENTED_EDGE ( 'NONE', *, *, #1902, .F. ) ;
#315 = CARTESIAN_POINT ( 'NONE',  ( 0.8000000000000005995, 0.5935124837953329457, 0.7250000000000001998 ) ) ;
#316 = MECHANICAL_DESIGN_GEOMETRIC_PRESENTATION_REPRESENTATION (  '', ( #531 ), #2963 ) ;
#317 = PLANE ( 'NONE',  #3963 ) ;
#318 = VERTEX_POINT ( 'NONE', #2544 ) ;
#319 = ORIENTED_EDGE ( 'NONE', *, *, #4078, .F. ) ;
#320 = ADVANCED_FACE ( 'NONE', ( #4103 ), #3237, .F. ) ;
#321 = LINE ( 'NONE', #3008, #1787 ) ;
#322 = DIRECTION ( 'NONE',  ( 8.673617379884036458E-16, 0.000000000000000000, 1.000000000000000000 ) ) ;
#323 = EDGE_LOOP ( 'NONE', ( #3829, #559, #3849, #856 ) ) ;
#324 = DIRECTION ( 'NONE',  ( 0.000000000000000000, -1.000000000000000000, 0.000000000000000000 ) ) ;
#325 = PLANE ( 'NONE',  #3777 ) ;
#326 = FACE_OUTER_BOUND ( 'NONE', #1594, .T. ) ;
#327 = VERTEX_POINT ( 'NONE', #4289 ) ;
#328 = EDGE_CURVE ( 'NONE', #1281, #3158, #2539, .T. ) ;
#329 = DIRECTION ( 'NONE',  ( 0.000000000000000000, 0.000000000000000000, 1.000000000000000000 ) ) ;
#330 = ORIENTED_EDGE ( 'NONE', *, *, #4431, .T. ) ;
#331 = AXIS2_PLACEMENT_3D ( 'NONE', #793, #1110, #1452 ) ;
#332 = CARTESIAN_POINT ( 'NONE',  ( 0.8000000000000005995, 0.000000000000000000, -0.2249999999999999500 ) ) ;
#333 = DIRECTION ( 'NONE',  ( -1.084202172485504040E-15, 0.000000000000000000, -1.000000000000000000 ) ) ;
#334 = CARTESIAN_POINT ( 'NONE',  ( -0.4000000000000001332, 0.2030000000000000693, 0.6999999999999998446 ) ) ;
#335 = VECTOR ( 'NONE', #1483, 1000.000000000000000 ) ;
#336 = CARTESIAN_POINT ( 'NONE',  ( -0.7000000000000005107, 0.000000000000000000, -0.2749999999999998557 ) ) ;
#337 = ORIENTED_EDGE ( 'NONE', *, *, #3697, .T. ) ;
#338 = EDGE_CURVE ( 'NONE', #3638, #3636, #4011, .T. ) ;
#339 = ORIENTED_EDGE ( 'NONE', *, *, #2718, .T. ) ;
#340 = DIRECTION ( 'NONE',  ( 1.694065894508600678E-16, 0.000000000000000000, -1.000000000000000000 ) ) ;
#341 = VECTOR ( 'NONE', #1185, 1000.000000000000000 ) ;
#342 = CARTESIAN_POINT ( 'NONE',  ( 0.2999999999999998779, 1.991854381999832224, 0.7000000000000001776 ) ) ;
#343 = ORIENTED_EDGE ( 'NONE', *, *, #3263, .T. ) ;
#344 = CARTESIAN_POINT ( 'NONE',  ( -0.3000000000000000444, 0.000000000000000000, 0.7999999999999999334 ) ) ;
#345 = ORIENTED_EDGE ( 'NONE', *, *, #3105, .T. ) ;
#346 = FACE_OUTER_BOUND ( 'NONE', #3214, .T. ) ;
#347 = ORIENTED_EDGE ( 'NONE', *, *, #3892, .T. ) ;
#348 = CARTESIAN_POINT ( 'NONE',  ( -0.7000000000000007327, 0.4964466094067261359, -0.7000000000000005107 ) ) ;
#349 = VERTEX_POINT ( 'NONE', #1510 ) ;
#350 = EDGE_CURVE ( 'NONE', #3917, #3433, #3989, .T. ) ;
#351 = CARTESIAN_POINT ( 'NONE',  ( -1.000000000000000666, 0.2030000000000000138, 0.8749999999999998890 ) ) ;
#352 = DIRECTION ( 'NONE',  ( 0.000000000000000000, -1.000000000000000000, 0.000000000000000000 ) ) ;
#353 = LINE ( 'NONE', #1735, #434 ) ;
#354 = ORIENTED_EDGE ( 'NONE', *, *, #3405, .T. ) ;
#355 = ORIENTED_EDGE ( 'NONE', *, *, #2128, .F. ) ;
#356 = EDGE_CURVE ( 'NONE', #3609, #782, #2601, .T. ) ;
#357 = AXIS2_PLACEMENT_3D ( 'NONE', #702, #2687, #986 ) ;
#358 = ORIENTED_EDGE ( 'NONE', *, *, #1116, .F. ) ;
#359 = DIRECTION ( 'NONE',  ( 0.000000000000000000, 0.000000000000000000, 1.000000000000000000 ) ) ;
#360 = CARTESIAN_POINT ( 'NONE',  ( 1.000000000000000666, 0.2030000000000000138, 0.8749999999999998890 ) ) ;
#361 = LINE ( 'NONE', #2566, #1928 ) ;
#362 = CARTESIAN_POINT ( 'NONE',  ( -0.3000000000000001554, 0.2030000000000000693, 0.6999999999999998446 ) ) ;
#363 = EDGE_LOOP ( 'NONE', ( #1442, #3391, #1639, #1747, #2967, #4409 ) ) ;
#364 = VERTEX_POINT ( 'NONE', #1801 ) ;
#365 = ORIENTED_EDGE ( 'NONE', *, *, #1518, .T. ) ;
#366 = DIRECTION ( 'NONE',  ( 0.000000000000000000, -1.000000000000000000, 0.000000000000000000 ) ) ;
#367 = AXIS2_PLACEMENT_3D ( 'NONE', #244, #1941, #2982 ) ;
#368 = FACE_OUTER_BOUND ( 'NONE', #803, .T. ) ;
#369 = CARTESIAN_POINT ( 'NONE',  ( -1.000000000000000666, 0.000000000000000000, 0.3749999999999998890 ) ) ;
#370 = ORIENTED_EDGE ( 'NONE', *, *, #1432, .F. ) ;
#371 = SURFACE_SIDE_STYLE ('',( #2443 ) ) ;
#372 = EDGE_LOOP ( 'NONE', ( #1959, #2192, #846, #1938, #1812, #3720 ) ) ;
#373 = ORIENTED_EDGE ( 'NONE', *, *, #270, .T. ) ;
#374 = LINE ( 'NONE', #871, #341 ) ;
#375 = EDGE_LOOP ( 'NONE', ( #524, #914, #907, #2795 ) ) ;
#376 = CARTESIAN_POINT ( 'NONE',  ( -0.7000000000000005107, 0.2030000000000000138, -0.2249999999999999500 ) ) ;
#377 = CARTESIAN_POINT ( 'NONE',  ( 0.8000000000000005995, 0.2030000000000000138, 0.6250000000000001110 ) ) ;
#378 = ORIENTED_EDGE ( 'NONE', *, *, #2853, .T. ) ;
#379 = DIRECTION ( 'NONE',  ( 0.000000000000000000, 0.000000000000000000, -1.000000000000000000 ) ) ;
#380 = DIRECTION ( 'NONE',  ( 8.673617379884036458E-16, 0.000000000000000000, -1.000000000000000000 ) ) ;
#381 = EDGE_CURVE ( 'NONE', #58, #1775, #1094, .T. ) ;
#382 = VECTOR ( 'NONE', #1822, 1000.000000000000000 ) ;
#383 = EDGE_LOOP ( 'NONE', ( #1981, #3837, #2302, #2465 ) ) ;
#384 = DIRECTION ( 'NONE',  ( 1.000000000000000000, -0.000000000000000000, -1.084202172485505223E-15 ) ) ;
#385 = ORIENTED_EDGE ( 'NONE', *, *, #2297, .F. ) ;
#386 = ADVANCED_FACE ( 'NONE', ( #2545 ), #2168, .T. ) ;
#387 =( NAMED_UNIT ( * ) SI_UNIT ( $, .STERADIAN. ) SOLID_ANGLE_UNIT ( ) );
#388 = DIRECTION ( 'NONE',  ( -1.000000000000000000, 0.000000000000000000, -1.084202172485505223E-15 ) ) ;
#389 = CARTESIAN_POINT ( 'NONE',  ( -0.7000000000000005107, 0.5935124837953329457, -0.2249999999999999500 ) ) ;
#390 = CARTESIAN_POINT ( 'NONE',  ( 1.000000000000000666, 0.000000000000000000, -0.6250000000000001110 ) ) ;
#391 = VECTOR ( 'NONE', #4286, 1000.000000000000000 ) ;
#392 = CARTESIAN_POINT ( 'NONE',  ( 0.8000000000000005995, 0.2030000000000000138, -0.7749999999999999112 ) ) ;
#393 = EDGE_LOOP ( 'NONE', ( #2386, #3494, #3764, #3851 ) ) ;
#394 = ORIENTED_EDGE ( 'NONE', *, *, #1895, .F. ) ;
#395 = DIRECTION ( 'NONE',  ( 1.084202172485504040E-15, 0.000000000000000000, -1.000000000000000000 ) ) ;
#396 = EDGE_CURVE ( 'NONE', #4304, #1646, #1103, .T. ) ;
#397 = LINE ( 'NONE', #2456, #3383 ) ;
#398 = ORIENTED_EDGE ( 'NONE', *, *, #2752, .T. ) ;
#399 = CARTESIAN_POINT ( 'NONE',  ( -0.7000000000000005107, 0.04999999999999999584, 0.2250000000000001443 ) ) ;
#400 = PRESENTATION_LAYER_ASSIGNMENT (  '', '', ( #199 ) ) ;
#401 = DIRECTION ( 'NONE',  ( 0.000000000000000000, 0.000000000000000000, -1.000000000000000000 ) ) ;
#402 = PRESENTATION_LAYER_ASSIGNMENT (  '', '', ( #3978 ) ) ;
#403 = FACE_OUTER_BOUND ( 'NONE', #4033, .T. ) ;
#404 = ORIENTED_EDGE ( 'NONE', *, *, #145, .F. ) ;
#405 = EDGE_CURVE ( 'NONE', #2886, #2066, #2462, .T. ) ;
#406 = DIRECTION ( 'NONE',  ( 0.000000000000000000, 0.000000000000000000, 1.000000000000000000 ) ) ;
#407 = CARTESIAN_POINT ( 'NONE',  ( -1.000000000000000666, 0.5935124837953329457, 0.3749999999999998890 ) ) ;
#408 = EDGE_CURVE ( 'NONE', #1198, #4215, #1068, .T. ) ;
#409 = VECTOR ( 'NONE', #4259, 1000.000000000000000 ) ;
#410 = AXIS2_PLACEMENT_3D ( 'NONE', #3984, #3903, #2910 ) ;
#411 = ORIENTED_EDGE ( 'NONE', *, *, #1132, .T. ) ;
#412 = DIRECTION ( 'NONE',  ( 0.000000000000000000, -1.000000000000000000, 0.000000000000000000 ) ) ;
#413 = FILL_AREA_STYLE ('',( #1052 ) ) ;
#414 = DIRECTION ( 'NONE',  ( 1.000000000000000000, 0.000000000000000000, 4.065758146820642121E-16 ) ) ;
#415 = CARTESIAN_POINT ( 'NONE',  ( -0.8000000000000005995, 0.5935124837953329457, -0.3749999999999998890 ) ) ;
#416 = LINE ( 'NONE', #3175, #382 ) ;
#417 = ORIENTED_EDGE ( 'NONE', *, *, #35, .T. ) ;
#418 = CARTESIAN_POINT ( 'NONE',  ( -0.8000000000000005995, 0.000000000000000000, 0.7250000000000001998 ) ) ;
#419 = ADVANCED_FACE ( 'NONE', ( #4066 ), #2469, .T. ) ;
#420 = FACE_OUTER_BOUND ( 'NONE', #2773, .T. ) ;
#421 = PLANE ( 'NONE',  #2671 ) ;
#422 = ORIENTED_EDGE ( 'NONE', *, *, #4367, .F. ) ;
#423 = CARTESIAN_POINT ( 'NONE',  ( 0.3000000000000002109, 0.05000000000000000278, -0.7999999999999998224 ) ) ;
#424 = CARTESIAN_POINT ( 'NONE',  ( 1.000000000000000444, 0.2030000000000000138, -0.8750000000000001110 ) ) ;
#425 = AXIS2_PLACEMENT_3D ( 'NONE', #1162, #572, #198 ) ;
#426 = LINE ( 'NONE', #1600, #1905 ) ;
#427 = DIRECTION ( 'NONE',  ( -0.000000000000000000, -1.000000000000000000, -0.000000000000000000 ) ) ;
#428 = ORIENTED_EDGE ( 'NONE', *, *, #3796, .F. ) ;
#429 = EDGE_CURVE ( 'NONE', #2005, #1960, #2475, .T. ) ;
#430 = ORIENTED_EDGE ( 'NONE', *, *, #306, .T. ) ;
#431 = SURFACE_STYLE_USAGE ( .BOTH. , #3627 ) ;
#432 = DIRECTION ( 'NONE',  ( -1.000000000000000000, -0.000000000000000000, 1.084202172485505223E-15 ) ) ;
#433 = PLANE ( 'NONE',  #951 ) ;
#434 = VECTOR ( 'NONE', #2739, 1000.000000000000000 ) ;
#435 = ADVANCED_FACE ( 'NONE', ( #2514 ), #2172, .F. ) ;
#436 = VERTEX_POINT ( 'NONE', #74 ) ;
#437 = DIRECTION ( 'NONE',  ( 0.000000000000000000, 1.000000000000000000, 0.000000000000000000 ) ) ;
#438 = EDGE_LOOP ( 'NONE', ( #2331, #1021, #507, #3357 ) ) ;
#439 = EDGE_CURVE ( 'NONE', #995, #1249, #2503, .T. ) ;
#440 = CARTESIAN_POINT ( 'NONE',  ( 0.8000000000000005995, 0.2030000000000000138, -0.1249999999999998890 ) ) ;
#441 = CARTESIAN_POINT ( 'NONE',  ( -0.7000000000000005107, 0.2030000000000000138, 0.7750000000000001332 ) ) ;
#442 = DIRECTION ( 'NONE',  ( -0.000000000000000000, -1.000000000000000000, -0.000000000000000000 ) ) ;
#443 = VECTOR ( 'NONE', #3509, 1000.000000000000000 ) ;
#444 = PLANE ( 'NONE',  #2654 ) ;
#445 =( NAMED_UNIT ( * ) PLANE_ANGLE_UNIT ( ) SI_UNIT ( $, .RADIAN. ) );
#446 = VERTEX_POINT ( 'NONE', #2111 ) ;
#447 = EDGE_CURVE ( 'NONE', #2040, #3725, #4059, .T. ) ;
#448 = ORIENTED_EDGE ( 'NONE', *, *, #2187, .T. ) ;
#449 = APPLICATION_CONTEXT ( 'automotive_design' ) ;
#450 = ADVANCED_FACE ( 'NONE', ( #4020 ), #2464, .F. ) ;
#451 = VECTOR ( 'NONE', #457, 1000.000000000000000 ) ;
#452 = ORIENTED_EDGE ( 'NONE', *, *, #1936, .F. ) ;
#453 = DIRECTION ( 'NONE',  ( 0.000000000000000000, 0.000000000000000000, -1.000000000000000000 ) ) ;
#454 = CARTESIAN_POINT ( 'NONE',  ( 0.8000000000000005995, 0.2030000000000000138, 0.8750000000000001110 ) ) ;
#455 = EDGE_CURVE ( 'NONE', #3868, #2626, #2558, .T. ) ;
#456 = ORIENTED_EDGE ( 'NONE', *, *, #1817, .F. ) ;
#457 = DIRECTION ( 'NONE',  ( -0.000000000000000000, -0.000000000000000000, 1.000000000000000000 ) ) ;
#458 = AXIS2_PLACEMENT_3D ( 'NONE', #3161, #759, #2759 ) ;
#459 = AXIS2_PLACEMENT_3D ( 'NONE', #3890, #680, #4150 ) ;
#460 = FACE_OUTER_BOUND ( 'NONE', #3069, .T. ) ;
#461 = AXIS2_PLACEMENT_3D ( 'NONE', #601, #1318, #959 ) ;
#462 = CARTESIAN_POINT ( 'NONE',  ( 9.486769009248159853E-16, 0.05000000000000000278, -0.8749999999999990008 ) ) ;
#463 = ORIENTED_EDGE ( 'NONE', *, *, #356, .T. ) ;
#464 = ORIENTED_EDGE ( 'NONE', *, *, #795, .F. ) ;
#465 = EDGE_CURVE ( 'NONE', #2675, #3195, #2510, .T. ) ;
#466 = CARTESIAN_POINT ( 'NONE',  ( 0.7000000000000005107, 0.05000000000000000278, 0.000000000000000000 ) ) ;
#467 = AXIS2_PLACEMENT_3D ( 'NONE', #115, #1814, #2891 ) ;
#468 = FILL_AREA_STYLE_COLOUR ( '', #1049 ) ;
#469 = VECTOR ( 'NONE', #2482, 1000.000000000000000 ) ;
#470 = FACE_OUTER_BOUND ( 'NONE', #715, .T. ) ;
#471 = EDGE_LOOP ( 'NONE', ( #1228, #2038, #1413, #210 ) ) ;
#472 = EDGE_LOOP ( 'NONE', ( #456, #3788, #522, #1926, #1933, #2013 ) ) ;
#473 = VERTEX_POINT ( 'NONE', #3182 ) ;
#474 = CARTESIAN_POINT ( 'NONE',  ( -0.7000000000000005107, 0.2030000000000000138, -0.7249999999999999778 ) ) ;
#475 = DIRECTION ( 'NONE',  ( 1.000000000000000000, 0.000000000000000000, 1.084202172485505223E-15 ) ) ;
#476 = VECTOR ( 'NONE', #2722, 1000.000000000000000 ) ;
#477 =( LENGTH_UNIT ( ) NAMED_UNIT ( * ) SI_UNIT ( .MILLI., .METRE. ) );
#478 = ADVANCED_FACE ( 'NONE', ( #4037 ), #4075, .T. ) ;
#479 = ORIENTED_EDGE ( 'NONE', *, *, #2244, .T. ) ;
#480 = ORIENTED_EDGE ( 'NONE', *, *, #1778, .T. ) ;
#481 = ORIENTED_EDGE ( 'NONE', *, *, #1890, .T. ) ;
#482 = EDGE_CURVE ( 'NONE', #3539, #1775, #1074, .T. ) ;
#483 = VECTOR ( 'NONE', #2710, 1000.000000000000000 ) ;
#484 = VECTOR ( 'NONE', #3162, 1000.000000000000000 ) ;
#485 = CARTESIAN_POINT ( 'NONE',  ( -0.8000000000000005995, 0.2030000000000000138, -0.3749999999999998890 ) ) ;
#486 = ORIENTED_EDGE ( 'NONE', *, *, #744, .T. ) ;
#487 = CARTESIAN_POINT ( 'NONE',  ( 0.8000000000000005995, 0.04999999999999999584, -0.1249999999999998890 ) ) ;
#488 = AXIS2_PLACEMENT_3D ( 'NONE', #3136, #2089, #84 ) ;
#489 = EDGE_LOOP ( 'NONE', ( #2222, #1243, #2662, #4202 ) ) ;
#490 = DIRECTION ( 'NONE',  ( -1.000000000000000000, 0.000000000000000000, 3.252606517456513302E-16 ) ) ;
#491 = ORIENTED_EDGE ( 'NONE', *, *, #3682, .F. ) ;
#492 = ADVANCED_FACE ( 'NONE', ( #2565 ), #1445, .T. ) ;
#493 = VECTOR ( 'NONE', #2375, 1000.000000000000000 ) ;
#494 = EDGE_CURVE ( 'NONE', #262, #1209, #3461, .T. ) ;
#495 = VECTOR ( 'NONE', #2882, 1000.000000000000000 ) ;
#496 = DIRECTION ( 'NONE',  ( -1.000000000000000000, 0.000000000000000000, 1.084202172485504040E-15 ) ) ;
#497 = ORIENTED_EDGE ( 'NONE', *, *, #94, .T. ) ;
#498 = ORIENTED_EDGE ( 'NONE', *, *, #1100, .F. ) ;
#499 = ORIENTED_EDGE ( 'NONE', *, *, #4431, .F. ) ;
#500 = DIRECTION ( 'NONE',  ( 1.000000000000000000, -0.000000000000000000, 2.710505431213761085E-16 ) ) ;
#501 = DIRECTION ( 'NONE',  ( -1.000000000000000000, 0.000000000000000000, 0.000000000000000000 ) ) ;
#502 = CYLINDRICAL_SURFACE ( 'NONE', #2188, 0.1000000000000000472 ) ;
#503 = VECTOR ( 'NONE', #3748, 1000.000000000000000 ) ;
#504 = EDGE_CURVE ( 'NONE', #3695, #3253, #555, .T. ) ;
#505 = EDGE_LOOP ( 'NONE', ( #1898, #3353, #3005, #1586, #3367, #3079 ) ) ;
#506 = DIRECTION ( 'NONE',  ( -0.000000000000000000, 1.000000000000000000, -0.000000000000000000 ) ) ;
#507 = ORIENTED_EDGE ( 'NONE', *, *, #2509, .T. ) ;
#508 = ORIENTED_EDGE ( 'NONE', *, *, #1759, .T. ) ;
#509 = AXIS2_PLACEMENT_3D ( 'NONE', #332, #2627, #700 ) ;
#510 = PLANE ( 'NONE',  #1062 ) ;
#511 = ORIENTED_EDGE ( 'NONE', *, *, #2458, .F. ) ;
#512 = EDGE_CURVE ( 'NONE', #4464, #3731, #2054, .T. ) ;
#513 = ORIENTED_EDGE ( 'NONE', *, *, #515, .T. ) ;
#514 = VERTEX_POINT ( 'NONE', #3556 ) ;
#515 = EDGE_CURVE ( 'NONE', #1861, #3427, #2113, .T. ) ;
#516 = VECTOR ( 'NONE', #2869, 1000.000000000000000 ) ;
#517 = AXIS2_PLACEMENT_3D ( 'NONE', #3480, #1035, #1385 ) ;
#518 = ADVANCED_FACE ( 'NONE', ( #2037 ), #3686, .F. ) ;
#519 = EDGE_LOOP ( 'NONE', ( #1818, #671, #2383, #2373 ) ) ;
#520 = CARTESIAN_POINT ( 'NONE',  ( 0.8000000000000005995, 0.2030000000000000138, 0.8750000000000001110 ) ) ;
#521 = CARTESIAN_POINT ( 'NONE',  ( 0.8000000000000005995, 0.2030000000000000138, 0.7750000000000001332 ) ) ;
#522 = ORIENTED_EDGE ( 'NONE', *, *, #1980, .F. ) ;
#523 = DIRECTION ( 'NONE',  ( 8.673617379884036458E-16, 0.000000000000000000, -1.000000000000000000 ) ) ;
#524 = ORIENTED_EDGE ( 'NONE', *, *, #302, .F. ) ;
#525 = CARTESIAN_POINT ( 'NONE',  ( 0.7000000000000005107, 0.2030000000000000138, 0.7750000000000001332 ) ) ;
#526 = AXIS2_PLACEMENT_3D ( 'NONE', #2523, #1540, #1257 ) ;
#527 = PRODUCT_DEFINITION_FORMATION_WITH_SPECIFIED_SOURCE ( 'ANY', '', #3040, .NOT_KNOWN. ) ;
#528 = LINE ( 'NONE', #23, #484 ) ;
#529 = DIRECTION ( 'NONE',  ( 0.000000000000000000, 0.000000000000000000, -1.000000000000000000 ) ) ;
#530 = ORIENTED_EDGE ( 'NONE', *, *, #562, .T. ) ;
#531 = STYLED_ITEM ( 'NONE', ( #1481 ), #1671 ) ;
#532 = ORIENTED_EDGE ( 'NONE', *, *, #783, .F. ) ;
#533 = ORIENTED_EDGE ( 'NONE', *, *, #1085, .T. ) ;
#534 = CARTESIAN_POINT ( 'NONE',  ( 0.8000000000000005995, 0.04999999999999999584, -0.3749999999999998890 ) ) ;
#535 = DIRECTION ( 'NONE',  ( 0.000000000000000000, -1.000000000000000000, 0.000000000000000000 ) ) ;
#536 = ADVANCED_FACE ( 'NONE', ( #2046 ), #3552, .F. ) ;
#537 =( NAMED_UNIT ( * ) SI_UNIT ( $, .STERADIAN. ) SOLID_ANGLE_UNIT ( ) );
#538 = VECTOR ( 'NONE', #4119, 1000.000000000000000 ) ;
#539 = VECTOR ( 'NONE', #1819, 1000.000000000000000 ) ;
#540 = ORIENTED_EDGE ( 'NONE', *, *, #2533, .F. ) ;
#541 = DIRECTION ( 'NONE',  ( 0.000000000000000000, 0.000000000000000000, 1.000000000000000000 ) ) ;
#542 = VERTEX_POINT ( 'NONE', #4410 ) ;
#543 = ORIENTED_EDGE ( 'NONE', *, *, #1851, .F. ) ;
#544 = DIRECTION ( 'NONE',  ( -0.000000000000000000, -1.000000000000000000, -0.000000000000000000 ) ) ;
#545 = CARTESIAN_POINT ( 'NONE',  ( 0.8000000000000005995, 0.2030000000000000138, 0.7750000000000001332 ) ) ;
#546 = FACE_OUTER_BOUND ( 'NONE', #3803, .T. ) ;
#547 = DIRECTION ( 'NONE',  ( 0.000000000000000000, 0.000000000000000000, 1.000000000000000000 ) ) ;
#548 = VECTOR ( 'NONE', #3085, 1000.000000000000000 ) ;
#549 = ORIENTED_EDGE ( 'NONE', *, *, #2307, .T. ) ;
#550 = ADVANCED_FACE ( 'NONE', ( #3472 ), #1111, .F. ) ;
#551 = EDGE_CURVE ( 'NONE', #1536, #2095, #2071, .T. ) ;
#552 = ORIENTED_EDGE ( 'NONE', *, *, #3312, .T. ) ;
#553 = VERTEX_POINT ( 'NONE', #2091 ) ;
#554 = LINE ( 'NONE', #2181, #3524 ) ;
#555 = LINE ( 'NONE', #819, #2063 ) ;
#556 = EDGE_LOOP ( 'NONE', ( #3416, #1456, #428, #1820 ) ) ;
#557 = DIRECTION ( 'NONE',  ( 0.000000000000000000, -0.000000000000000000, 1.000000000000000000 ) ) ;
#558 = DIRECTION ( 'NONE',  ( 1.000000000000000000, -0.000000000000000000, -1.084202172485505223E-15 ) ) ;
#559 = ORIENTED_EDGE ( 'NONE', *, *, #3252, .T. ) ;
#560 = DIRECTION ( 'NONE',  ( 0.000000000000000000, -1.000000000000000000, 0.000000000000000000 ) ) ;
#561 = VERTEX_POINT ( 'NONE', #3856 ) ;
#562 = EDGE_CURVE ( 'NONE', #756, #4004, #3535, .T. ) ;
#563 = LINE ( 'NONE', #389, #3551 ) ;
#564 = VECTOR ( 'NONE', #1655, 1000.000000000000000 ) ;
#565 = ADVANCED_FACE ( 'NONE', ( #3481 ), #731, .T. ) ;
#566 = CARTESIAN_POINT ( 'NONE',  ( -0.3000000000000002109, 0.000000000000000000, 0.6999999999999998446 ) ) ;
#567 = ORIENTED_EDGE ( 'NONE', *, *, #260, .T. ) ;
#568 = ORIENTED_EDGE ( 'NONE', *, *, #494, .F. ) ;
#569 = EDGE_LOOP ( 'NONE', ( #4156, #4250, #1718, #1588 ) ) ;
#570 = CARTESIAN_POINT ( 'NONE',  ( 0.9999999999999993339, 0.05000000000000000278, -1.000000000000000444 ) ) ;
#571 = CARTESIAN_POINT ( 'NONE',  ( -0.7000000000000007327, 0.8499999999999999778, -0.7000000000000005107 ) ) ;
#572 = DIRECTION ( 'NONE',  ( 0.000000000000000000, 1.000000000000000000, 0.000000000000000000 ) ) ;
#573 = VECTOR ( 'NONE', #2023, 1000.000000000000000 ) ;
#574 = VERTEX_POINT ( 'NONE', #2055 ) ;
#575 = DIRECTION ( 'NONE',  ( -4.065758146820642121E-16, 0.000000000000000000, 1.000000000000000000 ) ) ;
#576 = EDGE_CURVE ( 'NONE', #3340, #693, #3574, .T. ) ;
#577 = VERTEX_POINT ( 'NONE', #1406 ) ;
#578 = EDGE_LOOP ( 'NONE', ( #373, #3397, #378, #3118, #3431, #3149 ) ) ;
#579 = EDGE_CURVE ( 'NONE', #473, #854, #631, .T. ) ;
#580 = CARTESIAN_POINT ( 'NONE',  ( -0.8000000000000005995, 0.2030000000000000138, 0.8750000000000001110 ) ) ;
#581 = DIRECTION ( 'NONE',  ( -4.065758146820642121E-16, 0.000000000000000000, 1.000000000000000000 ) ) ;
#582 = FACE_OUTER_BOUND ( 'NONE', #3166, .T. ) ;
#583 = DIRECTION ( 'NONE',  ( 0.000000000000000000, 0.000000000000000000, 1.000000000000000000 ) ) ;
#584 = LINE ( 'NONE', #2688, #590 ) ;
#585 = ORIENTED_EDGE ( 'NONE', *, *, #1435, .T. ) ;
#586 = EDGE_LOOP ( 'NONE', ( #3225, #245, #836, #2932 ) ) ;
#587 = ORIENTED_EDGE ( 'NONE', *, *, #969, .T. ) ;
#588 = AXIS2_PLACEMENT_3D ( 'NONE', #3774, #4454, #1986 ) ;
#589 = LINE ( 'NONE', #415, #828 ) ;
#590 = VECTOR ( 'NONE', #2528, 1000.000000000000000 ) ;
#591 = ORIENTED_EDGE ( 'NONE', *, *, #1041, .T. ) ;
#592 = CARTESIAN_POINT ( 'NONE',  ( 1.000000000000000666, 0.2030000000000000138, -0.6250000000000001110 ) ) ;
#593 = DIRECTION ( 'NONE',  ( 1.084202172485504040E-15, 0.000000000000000000, -1.000000000000000000 ) ) ;
#594 = ORIENTED_EDGE ( 'NONE', *, *, #1208, .T. ) ;
#595 = CARTESIAN_POINT ( 'NONE',  ( 0.3999999999999998557, 1.991854381999832224, 0.8000000000000002665 ) ) ;
#596 = ORIENTED_EDGE ( 'NONE', *, *, #439, .T. ) ;
#597 = DIRECTION ( 'NONE',  ( -0.000000000000000000, -0.000000000000000000, 1.000000000000000000 ) ) ;
#598 = MECHANICAL_DESIGN_GEOMETRIC_PRESENTATION_REPRESENTATION (  '', ( #1904 ), #1478 ) ;
#599 = LINE ( 'NONE', #4354, #493 ) ;
#600 = VECTOR ( 'NONE', #4266, 1000.000000000000000 ) ;
#601 = CARTESIAN_POINT ( 'NONE',  ( -0.8000000000000005995, 0.5935124837953329457, 0.3750000000000001110 ) ) ;
#602 = ORIENTED_EDGE ( 'NONE', *, *, #2984, .T. ) ;
#603 = ORIENTED_EDGE ( 'NONE', *, *, #2255, .F. ) ;
#604 = ORIENTED_EDGE ( 'NONE', *, *, #2069, .T. ) ;
#605 = CARTESIAN_POINT ( 'NONE',  ( -1.000000000000000666, 0.5935124837953329457, 0.8749999999999998890 ) ) ;
#606 = CARTESIAN_POINT ( 'NONE',  ( -0.8000000000000005995, 0.2030000000000000138, 0.8750000000000001110 ) ) ;
#607 = DIRECTION ( 'NONE',  ( 0.000000000000000000, 0.000000000000000000, 1.000000000000000000 ) ) ;
#608 = CYLINDRICAL_SURFACE ( 'NONE', #264, 0.1000000000000000472 ) ;
#609 = ADVANCED_FACE ( 'NONE', ( #1978 ), #608, .F. ) ;
#610 = ORIENTED_EDGE ( 'NONE', *, *, #1193, .T. ) ;
#611 = CARTESIAN_POINT ( 'NONE',  ( 0.7000000000000005107, 0.5935124837953329457, 0.2250000000000001443 ) ) ;
#612 = ORIENTED_EDGE ( 'NONE', *, *, #2879, .F. ) ;
#613 = ORIENTED_EDGE ( 'NONE', *, *, #3623, .F. ) ;
#614 = CARTESIAN_POINT ( 'NONE',  ( 0.7000000000000005107, 0.000000000000000000, 0.2250000000000001443 ) ) ;
#615 = DIRECTION ( 'NONE',  ( 0.000000000000000000, -0.000000000000000000, 1.000000000000000000 ) ) ;
#616 = VECTOR ( 'NONE', #3098, 1000.000000000000000 ) ;
#617 = CARTESIAN_POINT ( 'NONE',  ( 0.8000000000000005995, 0.2030000000000000138, 0.2250000000000001443 ) ) ;
#618 = FACE_OUTER_BOUND ( 'NONE', #3467, .T. ) ;
#619 = ORIENTED_EDGE ( 'NONE', *, *, #2158, .F. ) ;
#620 = VERTEX_POINT ( 'NONE', #390 ) ;
#621 = ORIENTED_EDGE ( 'NONE', *, *, #579, .T. ) ;
#622 = ADVANCED_FACE ( 'NONE', ( #470 ), #3581, .T. ) ;
#623 = PRESENTATION_STYLE_ASSIGNMENT (( #3783 ) ) ;
#624 = VERTEX_POINT ( 'NONE', #2121 ) ;
#625 = CARTESIAN_POINT ( 'NONE',  ( 0.3000000000000002109, 0.2030000000000000693, -0.7999999999999998224 ) ) ;
#626 = VERTEX_POINT ( 'NONE', #3074 ) ;
#627 = DIRECTION ( 'NONE',  ( 1.355252715606880789E-16, 0.000000000000000000, -1.000000000000000000 ) ) ;
#628 = VERTEX_POINT ( 'NONE', #2826 ) ;
#629 = EDGE_CURVE ( 'NONE', #3655, #1861, #528, .T. ) ;
#630 = FACE_OUTER_BOUND ( 'NONE', #3000, .T. ) ;
#631 = LINE ( 'NONE', #3047, #1995 ) ;
#632 = DIRECTION ( 'NONE',  ( 0.000000000000000000, 0.000000000000000000, -1.000000000000000000 ) ) ;
#633 = ORIENTED_EDGE ( 'NONE', *, *, #1277, .T. ) ;
#634 = AXIS2_PLACEMENT_3D ( 'NONE', #1230, #851, #2812 ) ;
#635 = ORIENTED_EDGE ( 'NONE', *, *, #2923, .T. ) ;
#636 = EDGE_LOOP ( 'NONE', ( #619, #4318, #2810, #2336, #2713, #2681 ) ) ;
#637 = DIRECTION ( 'NONE',  ( 0.000000000000000000, 0.000000000000000000, -1.000000000000000000 ) ) ;
#638 = CARTESIAN_POINT ( 'NONE',  ( 0.8000000000000005995, 0.04999999999999999584, -0.6249999999999998890 ) ) ;
#639 = CARTESIAN_POINT ( 'NONE',  ( 0.8000000000000005995, 0.2030000000000000138, 0.2750000000000000777 ) ) ;
#640 = CARTESIAN_POINT ( 'NONE',  ( -1.000000000000000444, 0.2030000000000000138, 0.1249999999999998890 ) ) ;
#641 = AXIS2_PLACEMENT_3D ( 'NONE', #2019, #2398, #307 ) ;
#642 = EDGE_CURVE ( 'NONE', #2115, #628, #3546, .T. ) ;
#643 = FACE_OUTER_BOUND ( 'NONE', #2253, .T. ) ;
#644 = VECTOR ( 'NONE', #2376, 1000.000000000000000 ) ;
#645 = ORIENTED_EDGE ( 'NONE', *, *, #3037, .F. ) ;
#646 = CARTESIAN_POINT ( 'NONE',  ( 0.4000000000000001332, 0.2030000000000000693, -0.7999999999999998224 ) ) ;
#647 = ORIENTED_EDGE ( 'NONE', *, *, #3659, .T. ) ;
#648 = ORIENTED_EDGE ( 'NONE', *, *, #1153, .F. ) ;
#649 = DIRECTION ( 'NONE',  ( 1.000000000000000000, 0.000000000000000000, 1.084202172485505223E-15 ) ) ;
#650 = LINE ( 'NONE', #1026, #2087 ) ;
#651 = VECTOR ( 'NONE', #597, 1000.000000000000000 ) ;
#652 = EDGE_CURVE ( 'NONE', #3506, #3317, #584, .T. ) ;
#653 = ORIENTED_EDGE ( 'NONE', *, *, #811, .F. ) ;
#654 = AXIS2_PLACEMENT_3D ( 'NONE', #3808, #2441, #4112 ) ;
#655 = ORIENTED_EDGE ( 'NONE', *, *, #1455, .F. ) ;
#656 = VERTEX_POINT ( 'NONE', #3569 ) ;
#657 = FACE_OUTER_BOUND ( 'NONE', #489, .T. ) ;
#658 = VECTOR ( 'NONE', #1343, 1000.000000000000000 ) ;
#659 = CLOSED_SHELL ( 'NONE', ( #1841, #4343, #2916, #1553, #435, #1036, #2859, #2484 ) ) ;
#660 = CARTESIAN_POINT ( 'NONE',  ( -0.8000000000000005995, 0.5935124837953329457, 0.2250000000000001443 ) ) ;
#661 = ADVANCED_FACE ( 'NONE', ( #2097 ), #1142, .F. ) ;
#662 = ORIENTED_EDGE ( 'NONE', *, *, #236, .T. ) ;
#663 = PLANE ( 'NONE',  #588 ) ;
#664 = ORIENTED_EDGE ( 'NONE', *, *, #3988, .F. ) ;
#665 = DIRECTION ( 'NONE',  ( 0.000000000000000000, 0.000000000000000000, 1.000000000000000000 ) ) ;
#666 = LINE ( 'NONE', #2432, #2252 ) ;
#667 = LINE ( 'NONE', #2648, #3723 ) ;
#668 = CARTESIAN_POINT ( 'NONE',  ( -9.486769009248171686E-16, 0.05000000000000000278, 0.8750000000000009992 ) ) ;
#669 = EDGE_CURVE ( 'NONE', #1755, #1710, #3564, .T. ) ;
#670 = ORIENTED_EDGE ( 'NONE', *, *, #447, .F. ) ;
#671 = ORIENTED_EDGE ( 'NONE', *, *, #512, .F. ) ;
#672 = CARTESIAN_POINT ( 'NONE',  ( -0.7000000000000007327, 0.9499999999999999556, -0.7000000000000005107 ) ) ;
#673 = DIRECTION ( 'NONE',  ( 0.000000000000000000, 1.000000000000000000, 0.000000000000000000 ) ) ;
#674 = CARTESIAN_POINT ( 'NONE',  ( -1.000000000000000666, 0.2030000000000000138, -0.1250000000000001110 ) ) ;
#675 = DIRECTION ( 'NONE',  ( 0.000000000000000000, -1.000000000000000000, 0.000000000000000000 ) ) ;
#676 = DIRECTION ( 'NONE',  ( 0.000000000000000000, 0.000000000000000000, 1.000000000000000000 ) ) ;
#677 = AXIS2_PLACEMENT_3D ( 'NONE', #1716, #2078, #2173 ) ;
#678 = FACE_OUTER_BOUND ( 'NONE', #742, .T. ) ;
#679 = SURFACE_STYLE_FILL_AREA ( #1537 ) ;
#680 = DIRECTION ( 'NONE',  ( -0.000000000000000000, -1.000000000000000000, -0.000000000000000000 ) ) ;
#681 = ORIENTED_EDGE ( 'NONE', *, *, #4291, .T. ) ;
#682 = EDGE_LOOP ( 'NONE', ( #216, #3112, #3071, #16 ) ) ;
#683 = EDGE_CURVE ( 'NONE', #2747, #4004, #1987, .T. ) ;
#684 = CARTESIAN_POINT ( 'NONE',  ( -0.8000000000000005995, 0.2030000000000000138, 0.2750000000000000777 ) ) ;
#685 = CARTESIAN_POINT ( 'NONE',  ( -0.7000000000000005107, 0.2030000000000000138, 0.2750000000000000777 ) ) ;
#686 = VECTOR ( 'NONE', #3854, 1000.000000000000000 ) ;
#687 = ORIENTED_EDGE ( 'NONE', *, *, #3881, .F. ) ;
#688 = ORIENTED_EDGE ( 'NONE', *, *, #512, .T. ) ;
#689 = SURFACE_STYLE_FILL_AREA ( #1633 ) ;
#690 = CARTESIAN_POINT ( 'NONE',  ( -0.8000000000000005995, 0.2030000000000000138, -0.6249999999999998890 ) ) ;
#691 = PRESENTATION_LAYER_ASSIGNMENT (  '', '', ( #86 ) ) ;
#692 = EDGE_CURVE ( 'NONE', #3158, #1139, #1963, .T. ) ;
#693 = VERTEX_POINT ( 'NONE', #2506 ) ;
#694 = DIRECTION ( 'NONE',  ( -1.694065894508600678E-16, 0.000000000000000000, 1.000000000000000000 ) ) ;
#695 = VERTEX_POINT ( 'NONE', #1089 ) ;
#696 = PLANE ( 'NONE',  #654 ) ;
#697 = ADVANCED_FACE ( 'NONE', ( #618 ), #421, .F. ) ;
#698 = ORIENTED_EDGE ( 'NONE', *, *, #1778, .F. ) ;
#699 = ORIENTED_EDGE ( 'NONE', *, *, #1465, .T. ) ;
#700 = DIRECTION ( 'NONE',  ( 0.000000000000000000, -0.000000000000000000, 1.000000000000000000 ) ) ;
#701 = CARTESIAN_POINT ( 'NONE',  ( -0.8000000000000005995, 0.2030000000000000138, 0.7250000000000001998 ) ) ;
#702 = CARTESIAN_POINT ( 'NONE',  ( -0.7000000000000007327, 0.9499999999999999556, -0.7000000000000005107 ) ) ;
#703 = CARTESIAN_POINT ( 'NONE',  ( 0.8000000000000005995, 0.5935124837953329457, 0.1250000000000001110 ) ) ;
#704 = DIRECTION ( 'NONE',  ( -1.000000000000000000, -0.000000000000000000, 1.084202172485505223E-15 ) ) ;
#705 = CIRCLE ( 'NONE', #710, 0.1000000000000000472 ) ;
#706 = DIRECTION ( 'NONE',  ( 1.000000000000000000, -0.000000000000000000, 8.673617379884036458E-16 ) ) ;
#707 = ORIENTED_EDGE ( 'NONE', *, *, #212, .F. ) ;
#708 = ORIENTED_EDGE ( 'NONE', *, *, #3368, .T. ) ;
#709 = EDGE_CURVE ( 'NONE', #3639, #3770, #2090, .T. ) ;
#710 = AXIS2_PLACEMENT_3D ( 'NONE', #3066, #1658, #2711 ) ;
#711 = DIRECTION ( 'NONE',  ( 0.000000000000000000, -1.000000000000000000, 0.000000000000000000 ) ) ;
#712 = CIRCLE ( 'NONE', #3843, 0.1000000000000000472 ) ;
#713 = PLANE ( 'NONE',  #1014 ) ;
#714 = ORIENTED_EDGE ( 'NONE', *, *, #4357, .F. ) ;
#715 = EDGE_LOOP ( 'NONE', ( #3087, #398, #3348, #1964 ) ) ;
#716 = CARTESIAN_POINT ( 'NONE',  ( 0.8000000000000005995, 0.5935124837953329457, 0.8750000000000001110 ) ) ;
#717 = CARTESIAN_POINT ( 'NONE',  ( 0.3000000000000002109, 1.991854381999832224, -0.7999999999999998224 ) ) ;
#718 = ORIENTED_EDGE ( 'NONE', *, *, #1627, .F. ) ;
#719 = PLANE ( 'NONE',  #1578 ) ;
#720 = EDGE_LOOP ( 'NONE', ( #2391, #845, #2471, #726 ) ) ;
#721 = DIRECTION ( 'NONE',  ( 0.000000000000000000, 0.000000000000000000, -1.000000000000000000 ) ) ;
#722 = EDGE_CURVE ( 'NONE', #3122, #2064, #3591, .T. ) ;
#723 = VECTOR ( 'NONE', #3773, 1000.000000000000000 ) ;
#724 = CARTESIAN_POINT ( 'NONE',  ( 0.8000000000000005995, 0.2030000000000000138, -0.2249999999999999500 ) ) ;
#725 = ORIENTED_EDGE ( 'NONE', *, *, #2762, .F. ) ;
#726 = ORIENTED_EDGE ( 'NONE', *, *, #3041, .T. ) ;
#727 = PRESENTATION_LAYER_ASSIGNMENT (  '', '', ( #3910 ) ) ;
#728 = VERTEX_POINT ( 'NONE', #3199 ) ;
#729 = CARTESIAN_POINT ( 'NONE',  ( 0.8000000000000005995, 0.2030000000000000138, 0.6250000000000001110 ) ) ;
#730 = DIRECTION ( 'NONE',  ( -1.000000000000000000, 0.000000000000000000, 1.084202172485504040E-15 ) ) ;
#731 = PLANE ( 'NONE',  #3944 ) ;
#732 = DIRECTION ( 'NONE',  ( -0.000000000000000000, -1.000000000000000000, -0.000000000000000000 ) ) ;
#733 = PRESENTATION_STYLE_ASSIGNMENT (( #2597 ) ) ;
#734 = EDGE_CURVE ( 'NONE', #436, #2271, #3493, .T. ) ;
#735 = DIRECTION ( 'NONE',  ( 0.000000000000000000, -1.000000000000000000, 0.000000000000000000 ) ) ;
#736 = EDGE_LOOP ( 'NONE', ( #422, #411, #3304, #225 ) ) ;
#737 = ORIENTED_EDGE ( 'NONE', *, *, #2697, .F. ) ;
#738 = DIRECTION ( 'NONE',  ( -0.000000000000000000, -0.000000000000000000, 1.000000000000000000 ) ) ;
#739 = LINE ( 'NONE', #3847, #2130 ) ;
#740 = DIRECTION ( 'NONE',  ( -1.000000000000000000, 0.000000000000000000, -1.355252715606880789E-16 ) ) ;
#741 = ORIENTED_EDGE ( 'NONE', *, *, #2307, .F. ) ;
#742 = EDGE_LOOP ( 'NONE', ( #430, #603, #2155, #2354 ) ) ;
#743 = EDGE_LOOP ( 'NONE', ( #2485, #1946, #2295, #480 ) ) ;
#744 = EDGE_CURVE ( 'NONE', #1475, #1617, #3526, .T. ) ;
#745 = LINE ( 'NONE', #3977, #651 ) ;
#746 = DIRECTION ( 'NONE',  ( -1.000000000000000000, 0.000000000000000000, -0.000000000000000000 ) ) ;
#747 = CIRCLE ( 'NONE', #991, 0.1000000000000000472 ) ;
#748 = ORIENTED_EDGE ( 'NONE', *, *, #260, .F. ) ;
#749 = ORIENTED_EDGE ( 'NONE', *, *, #1567, .F. ) ;
#750 = CARTESIAN_POINT ( 'NONE',  ( -0.8000000000000005995, 0.2030000000000000138, -0.2249999999999999500 ) ) ;
#751 = VERTEX_POINT ( 'NONE', #4153 ) ;
#752 = EDGE_CURVE ( 'NONE', #3770, #958, #3599, .T. ) ;
#753 = CARTESIAN_POINT ( 'NONE',  ( -0.8000000000000005995, 0.2030000000000000138, -0.7249999999999999778 ) ) ;
#754 = FACE_OUTER_BOUND ( 'NONE', #3016, .T. ) ;
#755 = AXIS2_PLACEMENT_3D ( 'NONE', #842, #1151, #3144 ) ;
#756 = VERTEX_POINT ( 'NONE', #369 ) ;
#757 = VERTEX_POINT ( 'NONE', #3866 ) ;
#758 = DIRECTION ( 'NONE',  ( 1.084202172485504040E-15, 0.000000000000000000, -1.000000000000000000 ) ) ;
#759 = DIRECTION ( 'NONE',  ( 0.000000000000000000, 1.000000000000000000, 0.000000000000000000 ) ) ;
#760 = DIRECTION ( 'NONE',  ( 0.000000000000000000, -1.000000000000000000, 0.000000000000000000 ) ) ;
#761 = AXIS2_PLACEMENT_3D ( 'NONE', #1419, #2076, #406 ) ;
#762 = ORIENTED_EDGE ( 'NONE', *, *, #3701, .T. ) ;
#763 = CIRCLE ( 'NONE', #4224, 0.1000000000000000472 ) ;
#764 = CARTESIAN_POINT ( 'NONE',  ( 0.4000000000000001332, 0.2030000000000000693, -0.6999999999999997335 ) ) ;
#765 = PRESENTATION_LAYER_ASSIGNMENT (  '', '', ( #2144 ) ) ;
#766 = ORIENTED_EDGE ( 'NONE', *, *, #3055, .F. ) ;
#767 = ORIENTED_EDGE ( 'NONE', *, *, #3206, .T. ) ;
#768 = SURFACE_STYLE_USAGE ( .BOTH. , #371 ) ;
#769 = LINE ( 'NONE', #3227, #723 ) ;
#770 = CARTESIAN_POINT ( 'NONE',  ( 0.9999999999999995559, 4.728427124746191090, 0.9999999999999997780 ) ) ;
#771 = VECTOR ( 'NONE', #858, 1000.000000000000000 ) ;
#772 = ORIENTED_EDGE ( 'NONE', *, *, #683, .F. ) ;
#773 = ADVANCED_FACE ( 'NONE', ( #2105 ), #3510, .T. ) ;
#774 = EDGE_LOOP ( 'NONE', ( #2003, #4390, #2898, #1643 ) ) ;
#775 = ORIENTED_EDGE ( 'NONE', *, *, #1874, .T. ) ;
#776 = FACE_OUTER_BOUND ( 'NONE', #4403, .T. ) ;
#777 = LINE ( 'NONE', #1054, #3776 ) ;
#778 = DIRECTION ( 'NONE',  ( -1.084202172485505223E-15, 0.000000000000000000, 1.000000000000000000 ) ) ;
#779 = CARTESIAN_POINT ( 'NONE',  ( -0.8000000000000005995, 0.5935124837953329457, 0.7750000000000001332 ) ) ;
#780 = ORIENTED_EDGE ( 'NONE', *, *, #3570, .T. ) ;
#781 = DIRECTION ( 'NONE',  ( 0.000000000000000000, 1.000000000000000000, 0.000000000000000000 ) ) ;
#782 = VERTEX_POINT ( 'NONE', #4187 ) ;
#783 = EDGE_CURVE ( 'NONE', #446, #3631, #3608, .T. ) ;
#784 = VERTEX_POINT ( 'NONE', #1181 ) ;
#785 = AXIS2_PLACEMENT_3D ( 'NONE', #1196, #2274, #2604 ) ;
#786 = LINE ( 'NONE', #3647, #2174 ) ;
#787 = DIRECTION ( 'NONE',  ( 0.000000000000000000, -0.000000000000000000, 1.000000000000000000 ) ) ;
#788 = FACE_OUTER_BOUND ( 'NONE', #3736, .T. ) ;
#789 = ORIENTED_EDGE ( 'NONE', *, *, #4400, .F. ) ;
#790 = ORIENTED_EDGE ( 'NONE', *, *, #405, .F. ) ;
#791 = CARTESIAN_POINT ( 'NONE',  ( -0.8000000000000005995, 0.2030000000000000138, -0.3749999999999998890 ) ) ;
#792 = CARTESIAN_POINT ( 'NONE',  ( 0.8000000000000005995, 0.2030000000000000138, 0.3750000000000001110 ) ) ;
#793 = CARTESIAN_POINT ( 'NONE',  ( 0.8000000000000005995, 0.5935124837953329457, 0.3750000000000001110 ) ) ;
#794 = EDGE_LOOP ( 'NONE', ( #3875, #513, #3424, #766 ) ) ;
#795 = EDGE_CURVE ( 'NONE', #751, #4464, #2022, .T. ) ;
#796 = CARTESIAN_POINT ( 'NONE',  ( -0.7000000000000005107, 0.000000000000000000, 0.2250000000000001443 ) ) ;
#797 = ADVANCED_FACE ( 'NONE', ( #1935 ), #2388, .T. ) ;
#798 = ORIENTED_EDGE ( 'NONE', *, *, #2402, .T. ) ;
#799 = LINE ( 'NONE', #2425, #2146 ) ;
#800 = DIRECTION ( 'NONE',  ( 0.000000000000000000, 0.000000000000000000, -1.000000000000000000 ) ) ;
#801 = EDGE_CURVE ( 'NONE', #3465, #349, #3436, .T. ) ;
#802 = ORIENTED_EDGE ( 'NONE', *, *, #4302, .F. ) ;
#803 = EDGE_LOOP ( 'NONE', ( #2683, #3093, #79, #3115, #2702, #127, #3143, #88, #3038, #3140, #3102, #3202, #370, #4171, #1170, #100, #1261, #1570, #2614, #223 ) ) ;
#804 = VERTEX_POINT ( 'NONE', #217 ) ;
#805 = ORIENTED_EDGE ( 'NONE', *, *, #3470, .F. ) ;
#806 = DIRECTION ( 'NONE',  ( -1.084202172485504040E-15, 0.000000000000000000, -1.000000000000000000 ) ) ;
#807 = PRESENTATION_LAYER_ASSIGNMENT (  '', '', ( #2001 ) ) ;
#808 = DIRECTION ( 'NONE',  ( 0.000000000000000000, 1.000000000000000000, 0.000000000000000000 ) ) ;
#809 = FACE_OUTER_BOUND ( 'NONE', #2854, .T. ) ;
#810 = ORIENTED_EDGE ( 'NONE', *, *, #3323, .F. ) ;
#811 = EDGE_CURVE ( 'NONE', #2223, #3197, #3445, .T. ) ;
#812 = EDGE_LOOP ( 'NONE', ( #2135, #355, #3721, #2280 ) ) ;
#813 = ORIENTED_EDGE ( 'NONE', *, *, #2393, .F. ) ;
#814 = PLANE ( 'NONE',  #4049 ) ;
#815 = EDGE_CURVE ( 'NONE', #4287, #3235, #769, .T. ) ;
#816 = LINE ( 'NONE', #1742, #891 ) ;
#817 = VECTOR ( 'NONE', #2497, 1000.000000000000000 ) ;
#818 = CARTESIAN_POINT ( 'NONE',  ( 0.4000000000000001332, 0.000000000000000000, -0.6999999999999997335 ) ) ;
#819 = CARTESIAN_POINT ( 'NONE',  ( 1.000000000000000666, 0.2030000000000000138, -0.1250000000000001110 ) ) ;
#820 = ORIENTED_EDGE ( 'NONE', *, *, #455, .T. ) ;
#821 = CARTESIAN_POINT ( 'NONE',  ( 0.8000000000000005995, 0.04999999999999999584, 0.8750000000000001110 ) ) ;
#822 = CLOSED_SHELL ( 'NONE', ( #3294, #290, #419, #3557, #2175, #1167, #2877, #3541 ) ) ;
#823 = EDGE_CURVE ( 'NONE', #1188, #1263, #712, .T. ) ;
#824 = ORIENTED_EDGE ( 'NONE', *, *, #3027, .F. ) ;
#825 = AXIS2_PLACEMENT_3D ( 'NONE', #3651, #4375, #1909 ) ;
#826 = VECTOR ( 'NONE', #978, 1000.000000000000000 ) ;
#827 = CARTESIAN_POINT ( 'NONE',  ( -0.8000000000000005995, 0.000000000000000000, -0.6249999999999998890 ) ) ;
#828 = VECTOR ( 'NONE', #4247, 1000.000000000000000 ) ;
#829 = ORIENTED_EDGE ( 'NONE', *, *, #192, .T. ) ;
#830 = ORIENTED_EDGE ( 'NONE', *, *, #4084, .T. ) ;
#831 = DIRECTION ( 'NONE',  ( 0.000000000000000000, -1.000000000000000000, 0.000000000000000000 ) ) ;
#832 = DIRECTION ( 'NONE',  ( 0.000000000000000000, -1.000000000000000000, 0.000000000000000000 ) ) ;
#833 = CARTESIAN_POINT ( 'NONE',  ( 1.000000000000000444, 0.2030000000000000138, -0.3750000000000001110 ) ) ;
#834 = VECTOR ( 'NONE', #2296, 1000.000000000000000 ) ;
#835 = FACE_OUTER_BOUND ( 'NONE', #1154, .T. ) ;
#836 = ORIENTED_EDGE ( 'NONE', *, *, #2393, .T. ) ;
#837 = ORIENTED_EDGE ( 'NONE', *, *, #1543, .F. ) ;
#838 = DIRECTION ( 'NONE',  ( -1.000000000000000000, -0.000000000000000000, 1.084202172485505223E-15 ) ) ;
#839 = ADVANCED_FACE ( 'NONE', ( #2196 ), #2534, .T. ) ;
#840 = DIRECTION ( 'NONE',  ( -1.000000000000000000, 0.000000000000000000, -4.065758146820642121E-16 ) ) ;
#841 = CARTESIAN_POINT ( 'NONE',  ( -0.8000000000000005995, 0.000000000000000000, -0.7249999999999999778 ) ) ;
#842 = CARTESIAN_POINT ( 'NONE',  ( -0.7000000000000007327, 0.8499999999999999778, -0.7000000000000005107 ) ) ;
#843 = CIRCLE ( 'NONE', #3869, 0.1000000000000000472 ) ;
#844 = AXIS2_PLACEMENT_3D ( 'NONE', #2725, #2794, #607 ) ;
#845 = ORIENTED_EDGE ( 'NONE', *, *, #1418, .F. ) ;
#846 = ORIENTED_EDGE ( 'NONE', *, *, #1305, .T. ) ;
#847 = DIRECTION ( 'NONE',  ( -1.000000000000000000, 0.000000000000000000, 1.084202172485504040E-15 ) ) ;
#848 = VECTOR ( 'NONE', #1714, 1000.000000000000000 ) ;
#849 = EDGE_CURVE ( 'NONE', #3975, #1017, #786, .T. ) ;
#850 = LINE ( 'NONE', #3337, #2229 ) ;
#851 = DIRECTION ( 'NONE',  ( -0.000000000000000000, -1.000000000000000000, -0.000000000000000000 ) ) ;
#852 = CARTESIAN_POINT ( 'NONE',  ( 0.8000000000000005995, 0.2030000000000000138, -0.7249999999999999778 ) ) ;
#853 = ORIENTED_EDGE ( 'NONE', *, *, #2663, .F. ) ;
#854 = VERTEX_POINT ( 'NONE', #3257 ) ;
#855 = LINE ( 'NONE', #2778, #2333 ) ;
#856 = ORIENTED_EDGE ( 'NONE', *, *, #465, .T. ) ;
#857 = CARTESIAN_POINT ( 'NONE',  ( 1.000000000000000444, 0.000000000000000000, -0.3750000000000001110 ) ) ;
#858 = DIRECTION ( 'NONE',  ( 0.000000000000000000, 0.000000000000000000, -1.000000000000000000 ) ) ;
#859 = DIRECTION ( 'NONE',  ( 0.000000000000000000, -1.000000000000000000, 0.000000000000000000 ) ) ;
#860 = PLANE ( 'NONE',  #3325 ) ;
#861 = EDGE_CURVE ( 'NONE', #3484, #2416, #3781, .T. ) ;
#862 = VECTOR ( 'NONE', #3841, 1000.000000000000000 ) ;
#863 = APPLICATION_CONTEXT ( 'automotive_design' ) ;
#864 = AXIS2_PLACEMENT_3D ( 'NONE', #3930, #778, #4265 ) ;
#865 = VERTEX_POINT ( 'NONE', #2417 ) ;
#866 = VERTEX_POINT ( 'NONE', #12 ) ;
#867 = CARTESIAN_POINT ( 'NONE',  ( 0.7000000000000005107, 0.5935124837953329457, 0.7750000000000001332 ) ) ;
#868 = CARTESIAN_POINT ( 'NONE',  ( 0.2999999999999998224, 0.000000000000000000, 0.8000000000000002665 ) ) ;
#869 = EDGE_CURVE ( 'NONE', #1536, #1894, #2160, .T. ) ;
#870 = FACE_OUTER_BOUND ( 'NONE', #556, .T. ) ;
#871 = CARTESIAN_POINT ( 'NONE',  ( -0.7000000000000005107, 0.05000000000000000278, 0.000000000000000000 ) ) ;
#872 = CIRCLE ( 'NONE', #2039, 0.1000000000000000472 ) ;
#873 =( GEOMETRIC_REPRESENTATION_CONTEXT ( 3 ) GLOBAL_UNCERTAINTY_ASSIGNED_CONTEXT ( ( #182 ) ) GLOBAL_UNIT_ASSIGNED_CONTEXT ( ( #3388, #937, #256 ) ) REPRESENTATION_CONTEXT ( 'NONE', 'WORKASPACE' ) );
#874 = ORIENTED_EDGE ( 'NONE', *, *, #4380, .T. ) ;
#875 = EDGE_LOOP ( 'NONE', ( #314, #1990, #253, #2012 ) ) ;
#876 = EDGE_CURVE ( 'NONE', #995, #905, #739, .T. ) ;
#877 = ORIENTED_EDGE ( 'NONE', *, *, #2134, .F. ) ;
#878 = ADVANCED_FACE ( 'NONE', ( #2182 ), #3691, .T. ) ;
#879 = CARTESIAN_POINT ( 'NONE',  ( -0.7000000000000005107, 0.5935124837953329457, -0.2249999999999999500 ) ) ;
#880 = CARTESIAN_POINT ( 'NONE',  ( -0.8000000000000005995, 0.000000000000000000, -0.1249999999999998890 ) ) ;
#881 = LINE ( 'NONE', #1314, #834 ) ;
#882 = VECTOR ( 'NONE', #1205, 1000.000000000000000 ) ;
#883 = EDGE_CURVE ( 'NONE', #2431, #1999, #3643, .T. ) ;
#884 = CARTESIAN_POINT ( 'NONE',  ( -0.8000000000000005995, 0.2030000000000000138, 0.2750000000000000777 ) ) ;
#885 = CARTESIAN_POINT ( 'NONE',  ( 0.9999999999999995559, 0.05000000000000000278, 0.9999999999999997780 ) ) ;
#886 = AXIS2_PLACEMENT_3D ( 'NONE', #3588, #4013, #3982 ) ;
#887 = PLANE ( 'NONE',  #4385 ) ;
#888 = ORIENTED_EDGE ( 'NONE', *, *, #3755, .F. ) ;
#889 = ORIENTED_EDGE ( 'NONE', *, *, #3988, .T. ) ;
#890 =( NAMED_UNIT ( * ) SI_UNIT ( $, .STERADIAN. ) SOLID_ANGLE_UNIT ( ) );
#891 = VECTOR ( 'NONE', #1683, 1000.000000000000000 ) ;
#892 = FACE_OUTER_BOUND ( 'NONE', #372, .T. ) ;
#893 = EDGE_LOOP ( 'NONE', ( #790, #813 ) ) ;
#894 = DIRECTION ( 'NONE',  ( 0.000000000000000000, 1.000000000000000000, 0.000000000000000000 ) ) ;
#895 = CARTESIAN_POINT ( 'NONE',  ( -1.000000000000000444, 0.2030000000000000138, -0.8750000000000001110 ) ) ;
#896 = ORIENTED_EDGE ( 'NONE', *, *, #2667, .T. ) ;
#897 = DIRECTION ( 'NONE',  ( -0.000000000000000000, -1.000000000000000000, 0.000000000000000000 ) ) ;
#898 = LINE ( 'NONE', #2594, #3891 ) ;
#899 = CARTESIAN_POINT ( 'NONE',  ( -0.8000000000000005995, 0.2030000000000000138, -0.8749999999999998890 ) ) ;
#900 = EDGE_CURVE ( 'NONE', #3160, #2033, #705, .T. ) ;
#901 = CLOSED_SHELL ( 'NONE', ( #550, #622, #242, #4038, #2571, #1125, #1178, #1434 ) ) ;
#902 = DIRECTION ( 'NONE',  ( 0.000000000000000000, 1.000000000000000000, 0.000000000000000000 ) ) ;
#903 = AXIS2_PLACEMENT_3D ( 'NONE', #21, #53, #730 ) ;
#904 = CARTESIAN_POINT ( 'NONE',  ( 0.8000000000000005995, 0.000000000000000000, -0.6249999999999998890 ) ) ;
#905 = VERTEX_POINT ( 'NONE', #3099 ) ;
#906 = EDGE_CURVE ( 'NONE', #2384, #436, #2239, .T. ) ;
#907 = ORIENTED_EDGE ( 'NONE', *, *, #734, .T. ) ;
#908 = LINE ( 'NONE', #4315, #3872 ) ;
#909 = DIRECTION ( 'NONE',  ( 0.000000000000000000, -0.000000000000000000, -1.000000000000000000 ) ) ;
#910 = CARTESIAN_POINT ( 'NONE',  ( -1.000000000000000444, 0.5935124837953329457, 0.6249999999999998890 ) ) ;
#911 = ORIENTED_EDGE ( 'NONE', *, *, #2557, .T. ) ;
#912 = VERTEX_POINT ( 'NONE', #3428 ) ;
#913 = ADVANCED_FACE ( 'NONE', ( #3679 ), #696, .F. ) ;
#914 = ORIENTED_EDGE ( 'NONE', *, *, #906, .T. ) ;
#915 = DIRECTION ( 'NONE',  ( 0.000000000000000000, 0.000000000000000000, -1.000000000000000000 ) ) ;
#916 = VECTOR ( 'NONE', #4006, 1000.000000000000000 ) ;
#917 = ORIENTED_EDGE ( 'NONE', *, *, #4305, .F. ) ;
#918 = CARTESIAN_POINT ( 'NONE',  ( -0.8000000000000005995, 0.5935124837953329457, 0.8750000000000001110 ) ) ;
#919 = EDGE_LOOP ( 'NONE', ( #2199, #1373, #1720, #4423 ) ) ;
#920 = DIRECTION ( 'NONE',  ( 0.000000000000000000, 1.000000000000000000, 0.000000000000000000 ) ) ;
#921 = LINE ( 'NONE', #3173, #3955 ) ;
#922 = ADVANCED_FACE ( 'NONE', ( #3737 ), #325, .T. ) ;
#923 = EDGE_CURVE ( 'NONE', #1485, #1335, #3666, .T. ) ;
#924 = ORIENTED_EDGE ( 'NONE', *, *, #2994, .F. ) ;
#925 = AXIS2_PLACEMENT_3D ( 'NONE', #4317, #3678, #2928 ) ;
#926 = ORIENTED_EDGE ( 'NONE', *, *, #2257, .F. ) ;
#927 = CARTESIAN_POINT ( 'NONE',  ( -0.8000000000000005995, 0.000000000000000000, -0.2249999999999999500 ) ) ;
#928 = PLANE ( 'NONE',  #105 ) ;
#929 = CARTESIAN_POINT ( 'NONE',  ( -0.8000000000000005995, 0.2030000000000000138, 0.3750000000000001110 ) ) ;
#930 = LINE ( 'NONE', #520, #916 ) ;
#931 = EDGE_LOOP ( 'NONE', ( #3183, #1944, #810, #2868, #4363, #3343 ) ) ;
#932 = EDGE_CURVE ( 'NONE', #4304, #201, #2217, .T. ) ;
#933 = DIRECTION ( 'NONE',  ( 0.000000000000000000, 0.000000000000000000, -1.000000000000000000 ) ) ;
#934 = ADVANCED_FACE ( 'NONE', ( #776 ), #3455, .T. ) ;
#935 = AXIS2_PLACEMENT_3D ( 'NONE', #521, #186, #3921 ) ;
#936 = LINE ( 'NONE', #218, #2468 ) ;
#937 =( NAMED_UNIT ( * ) PLANE_ANGLE_UNIT ( ) SI_UNIT ( $, .RADIAN. ) );
#938 = ORIENTED_EDGE ( 'NONE', *, *, #1498, .T. ) ;
#939 = DIRECTION ( 'NONE',  ( 0.000000000000000000, -0.000000000000000000, 1.000000000000000000 ) ) ;
#940 = VERTEX_POINT ( 'NONE', #1765 ) ;
#941 = SURFACE_SIDE_STYLE ('',( #1186 ) ) ;
#942 = VECTOR ( 'NONE', #3228, 1000.000000000000000 ) ;
#943 = VERTEX_POINT ( 'NONE', #3482 ) ;
#944 = DIRECTION ( 'NONE',  ( 1.000000000000000000, -0.000000000000000000, 1.084202172485504040E-15 ) ) ;
#945 = DIRECTION ( 'NONE',  ( -1.000000000000000000, 0.000000000000000000, -1.084202172485505223E-15 ) ) ;
#946 = ORIENTED_EDGE ( 'NONE', *, *, #1712, .T. ) ;
#947 = CARTESIAN_POINT ( 'NONE',  ( -0.7000000000000005107, 0.2030000000000000138, -0.7249999999999999778 ) ) ;
#948 = ADVANCED_FACE ( 'NONE', ( #3624 ), #3233, .F. ) ;
#949 = EDGE_CURVE ( 'NONE', #1999, #965, #2147, .T. ) ;
#950 = COLOUR_RGB ( '',0.2509803921568627416, 0.2509803921568627416, 0.2509803921568627416 ) ;
#951 = AXIS2_PLACEMENT_3D ( 'NONE', #3274, #4298, #229 ) ;
#952 = EDGE_LOOP ( 'NONE', ( #540, #2559, #1291, #2057 ) ) ;
#953 = CARTESIAN_POINT ( 'NONE',  ( -0.8000000000000005995, 0.2030000000000000138, -0.7249999999999999778 ) ) ;
#954 = CARTESIAN_POINT ( 'NONE',  ( 0.8000000000000005995, 0.5935124837953329457, 0.8750000000000001110 ) ) ;
#955 = DIRECTION ( 'NONE',  ( 0.000000000000000000, 0.000000000000000000, 1.000000000000000000 ) ) ;
#956 = LINE ( 'NONE', #243, #4002 ) ;
#957 = SURFACE_SIDE_STYLE ('',( #689 ) ) ;
#958 = VERTEX_POINT ( 'NONE', #2541 ) ;
#959 = DIRECTION ( 'NONE',  ( -1.000000000000000000, 0.000000000000000000, -1.084202172485504040E-15 ) ) ;
#960 = DIRECTION ( 'NONE',  ( 0.000000000000000000, 1.000000000000000000, 0.000000000000000000 ) ) ;
#961 = DIRECTION ( 'NONE',  ( 0.000000000000000000, -1.000000000000000000, 0.000000000000000000 ) ) ;
#962 = CARTESIAN_POINT ( 'NONE',  ( 1.000000000000000444, 0.5935124837953329457, -0.8750000000000001110 ) ) ;
#963 = DIRECTION ( 'NONE',  ( 0.000000000000000000, -1.000000000000000000, 0.000000000000000000 ) ) ;
#964 = CARTESIAN_POINT ( 'NONE',  ( -0.7000000000000007327, 0.8499999999999999778, -0.7000000000000005107 ) ) ;
#965 = VERTEX_POINT ( 'NONE', #3954 ) ;
#966 =( LENGTH_UNIT ( ) NAMED_UNIT ( * ) SI_UNIT ( .MILLI., .METRE. ) );
#967 = EDGE_CURVE ( 'NONE', #1843, #1475, #3635, .T. ) ;
#968 = ORIENTED_EDGE ( 'NONE', *, *, #2599, .T. ) ;
#969 = EDGE_CURVE ( 'NONE', #2208, #2371, #745, .T. ) ;
#970 =( NAMED_UNIT ( * ) PLANE_ANGLE_UNIT ( ) SI_UNIT ( $, .RADIAN. ) );
#971 = DIRECTION ( 'NONE',  ( -1.000000000000000000, 0.000000000000000000, 1.084202172485505223E-15 ) ) ;
#972 = VERTEX_POINT ( 'NONE', #1253 ) ;
#973 = EDGE_CURVE ( 'NONE', #1842, #542, #667, .T. ) ;
#974 = MANIFOLD_SOLID_BREP ( 'LPattern2[1]', #3485 ) ;
#975 = AXIS2_PLACEMENT_3D ( 'NONE', #3716, #3684, #4043 ) ;
#976 = ORIENTED_EDGE ( 'NONE', *, *, #3961, .T. ) ;
#977 = DIRECTION ( 'NONE',  ( 0.000000000000000000, 1.000000000000000000, 0.000000000000000000 ) ) ;
#978 = DIRECTION ( 'NONE',  ( 0.000000000000000000, -1.000000000000000000, 0.000000000000000000 ) ) ;
#979 = CARTESIAN_POINT ( 'NONE',  ( -0.8000000000000005995, 0.2030000000000000138, -0.3749999999999998890 ) ) ;
#980 = VECTOR ( 'NONE', #2836, 1000.000000000000000 ) ;
#981 =( NAMED_UNIT ( * ) SI_UNIT ( $, .STERADIAN. ) SOLID_ANGLE_UNIT ( ) );
#982 = AXIS2_PLACEMENT_3D ( 'NONE', #4429, #300, #2225 ) ;
#983 = EDGE_LOOP ( 'NONE', ( #2232, #549, #1433, #4355, #231, #4456 ) ) ;
#984 = CARTESIAN_POINT ( 'NONE',  ( 0.3999999999999998557, 1.991854381999832224, 0.8000000000000002665 ) ) ;
#985 = DIRECTION ( 'NONE',  ( 0.000000000000000000, 0.000000000000000000, -1.000000000000000000 ) ) ;
#986 = DIRECTION ( 'NONE',  ( 0.000000000000000000, 0.000000000000000000, 1.000000000000000000 ) ) ;
#987 = ORIENTED_EDGE ( 'NONE', *, *, #63, .F. ) ;
#988 = VECTOR ( 'NONE', #185, 1000.000000000000000 ) ;
#989 = VECTOR ( 'NONE', #496, 1000.000000000000000 ) ;
#990 = PLANE ( 'NONE',  #1528 ) ;
#991 = AXIS2_PLACEMENT_3D ( 'NONE', #3603, #1589, #2350 ) ;
#992 = LINE ( 'NONE', #2619, #3914 ) ;
#993 = LINE ( 'NONE', #1486, #2481 ) ;
#994 = ORIENTED_EDGE ( 'NONE', *, *, #3240, .F. ) ;
#995 = VERTEX_POINT ( 'NONE', #525 ) ;
#996 = MANIFOLD_SOLID_BREP ( 'Boss-Extrude2[1]', #1461 ) ;
#997 = LINE ( 'NONE', #2479, #2433 ) ;
#998 = VECTOR ( 'NONE', #384, 1000.000000000000000 ) ;
#999 = DIRECTION ( 'NONE',  ( -0.000000000000000000, -1.000000000000000000, -0.000000000000000000 ) ) ;
#1000 = EDGE_CURVE ( 'NONE', #3722, #1755, #881, .T. ) ;
#1001 = DIRECTION ( 'NONE',  ( 0.000000000000000000, -1.000000000000000000, 0.000000000000000000 ) ) ;
#1002 = AXIS2_PLACEMENT_3D ( 'NONE', #2577, #102, #3151 ) ;
#1003 = LINE ( 'NONE', #3676, #942 ) ;
#1004 = LINE ( 'NONE', #1748, #2575 ) ;
#1005 = CARTESIAN_POINT ( 'NONE',  ( -0.8000000000000005995, 0.2030000000000000138, -0.3749999999999998890 ) ) ;
#1006 = CARTESIAN_POINT ( 'NONE',  ( -0.7000000000000005107, 0.2030000000000000138, 0.2250000000000001443 ) ) ;
#1007 = EDGE_LOOP ( 'NONE', ( #3056, #141, #4370, #2924 ) ) ;
#1008 = EDGE_CURVE ( 'NONE', #3296, #1702, #2308, .T. ) ;
#1009 = ADVANCED_FACE ( 'NONE', ( #3825 ), #3846, .T. ) ;
#1010 = CIRCLE ( 'NONE', #1363, 0.1000000000000000472 ) ;
#1011 = VECTOR ( 'NONE', #2907, 1000.000000000000000 ) ;
#1012 = CARTESIAN_POINT ( 'NONE',  ( 1.000000000000000666, 0.000000000000000000, 0.3749999999999998890 ) ) ;
#1013 = VERTEX_POINT ( 'NONE', #2366 ) ;
#1014 = AXIS2_PLACEMENT_3D ( 'NONE', #1092, #740, #1797 ) ;
#1015 = LINE ( 'NONE', #2805, #980 ) ;
#1016 = LINE ( 'NONE', #462, #2494 ) ;
#1017 = VERTEX_POINT ( 'NONE', #3381 ) ;
#1018 = CARTESIAN_POINT ( 'NONE',  ( 0.3999999999999998557, 0.2030000000000000693, 0.8000000000000002665 ) ) ;
#1019 = LINE ( 'NONE', #2536, #2538 ) ;
#1020 = DIRECTION ( 'NONE',  ( 1.000000000000000000, 0.000000000000000000, 0.000000000000000000 ) ) ;
#1021 = ORIENTED_EDGE ( 'NONE', *, *, #4334, .F. ) ;
#1022 = DIRECTION ( 'NONE',  ( -1.000000000000000000, 0.000000000000000000, -1.084202172485505223E-15 ) ) ;
#1023 = FACE_OUTER_BOUND ( 'NONE', #363, .T. ) ;
#1024 = DIRECTION ( 'NONE',  ( -0.000000000000000000, -1.000000000000000000, -0.000000000000000000 ) ) ;
#1025 = PLANE ( 'NONE',  #4460 ) ;
#1026 = CARTESIAN_POINT ( 'NONE',  ( -1.000000000000000666, 0.000000000000000000, -0.6250000000000001110 ) ) ;
#1027 = CARTESIAN_POINT ( 'NONE',  ( -0.3999999999999999667, 0.000000000000000000, -0.5999999999999994227 ) ) ;
#1028 = CARTESIAN_POINT ( 'NONE',  ( 0.8000000000000005995, 0.2030000000000000138, -0.1249999999999998890 ) ) ;
#1029 = CYLINDRICAL_SURFACE ( 'NONE', #1652, 0.1000000000000000472 ) ;
#1030 = VECTOR ( 'NONE', #3159, 1000.000000000000000 ) ;
#1031 = EDGE_CURVE ( 'NONE', #3197, #200, #3807, .T. ) ;
#1032 = CARTESIAN_POINT ( 'NONE',  ( 1.000000000000000666, 0.2030000000000000138, -0.6250000000000001110 ) ) ;
#1033 = DIRECTION ( 'NONE',  ( -0.000000000000000000, 0.000000000000000000, 1.000000000000000000 ) ) ;
#1034 = VERTEX_POINT ( 'NONE', #4064 ) ;
#1035 = DIRECTION ( 'NONE',  ( -0.000000000000000000, -1.000000000000000000, -0.000000000000000000 ) ) ;
#1036 = ADVANCED_FACE ( 'NONE', ( #3862 ), #222, .F. ) ;
#1037 = CYLINDRICAL_SURFACE ( 'NONE', #3562, 0.1000000000000000472 ) ;
#1038 = VECTOR ( 'NONE', #427, 1000.000000000000000 ) ;
#1039 = ORIENTED_EDGE ( 'NONE', *, *, #2589, .F. ) ;
#1040 = DIRECTION ( 'NONE',  ( 2.710505431213761085E-16, 0.000000000000000000, -1.000000000000000000 ) ) ;
#1041 = EDGE_CURVE ( 'NONE', #2286, #1681, #2358, .T. ) ;
#1042 = DIRECTION ( 'NONE',  ( 0.000000000000000000, 1.000000000000000000, 0.000000000000000000 ) ) ;
#1043 = CARTESIAN_POINT ( 'NONE',  ( -0.7000000000000005107, 0.04999999999999999584, -0.7749999999999999112 ) ) ;
#1044 = VECTOR ( 'NONE', #412, 1000.000000000000000 ) ;
#1045 = DIRECTION ( 'NONE',  ( 0.000000000000000000, 1.000000000000000000, 0.000000000000000000 ) ) ;
#1046 = ORIENTED_EDGE ( 'NONE', *, *, #2061, .F. ) ;
#1047 = AXIS2_PLACEMENT_3D ( 'NONE', #4329, #3277, #3365 ) ;
#1048 = UNCERTAINTY_MEASURE_WITH_UNIT (LENGTH_MEASURE( 1.000000000000000082E-05 ), #2959, 'distance_accuracy_value', 'NONE');
#1049 = COLOUR_RGB ( '',0.7921568627450980005, 0.8196078431372548767, 0.9333333333333333481 ) ;
#1050 = EDGE_CURVE ( 'NONE', #3269, #3340, #3814, .T. ) ;
#1051 = LINE ( 'NONE', #2230, #2531 ) ;
#1052 = FILL_AREA_STYLE_COLOUR ( '', #4125 ) ;
#1053 = CARTESIAN_POINT ( 'NONE',  ( 0.8000000000000005995, 0.2030000000000000138, 0.8750000000000001110 ) ) ;
#1054 = CARTESIAN_POINT ( 'NONE',  ( 1.000000000000000666, 0.000000000000000000, 0.8749999999999998890 ) ) ;
#1055 = DIRECTION ( 'NONE',  ( -1.000000000000000000, 0.000000000000000000, -1.084202172485504040E-15 ) ) ;
#1056 = DIRECTION ( 'NONE',  ( -1.000000000000000000, 0.000000000000000000, 1.084202172485504434E-16 ) ) ;
#1057 = ORIENTED_EDGE ( 'NONE', *, *, #1508, .T. ) ;
#1058 = AXIS2_PLACEMENT_3D ( 'NONE', #2143, #3518, #3905 ) ;
#1059 = CARTESIAN_POINT ( 'NONE',  ( -0.7000000000000005107, 0.05000000000000000278, 0.000000000000000000 ) ) ;
#1060 = LINE ( 'NONE', #3454, #4089 ) ;
#1061 = EDGE_CURVE ( 'NONE', #514, #2673, #2325, .T. ) ;
#1062 = AXIS2_PLACEMENT_3D ( 'NONE', #3882, #894, #3601 ) ;
#1063 = DIRECTION ( 'NONE',  ( 0.000000000000000000, -1.000000000000000000, 0.000000000000000000 ) ) ;
#1064 = CARTESIAN_POINT ( 'NONE',  ( -0.8000000000000005995, 0.000000000000000000, 0.1250000000000001110 ) ) ;
#1065 = EDGE_LOOP ( 'NONE', ( #621, #1039, #2059, #2058 ) ) ;
#1066 = PLANE ( 'NONE',  #3991 ) ;
#1067 = CIRCLE ( 'NONE', #425, 0.1250000000000000000 ) ;
#1068 = LINE ( 'NONE', #4012, #3972 ) ;
#1069 = ORIENTED_EDGE ( 'NONE', *, *, #3366, .F. ) ;
#1070 = DIRECTION ( 'NONE',  ( -0.000000000000000000, -1.000000000000000000, -0.000000000000000000 ) ) ;
#1071 = CARTESIAN_POINT ( 'NONE',  ( -0.8000000000000005995, 0.000000000000000000, 0.2250000000000001443 ) ) ;
#1072 = ADVANCED_FACE ( 'NONE', ( #870 ), #40, .T. ) ;
#1073 = DIRECTION ( 'NONE',  ( -0.000000000000000000, -1.000000000000000000, -0.000000000000000000 ) ) ;
#1074 = CIRCLE ( 'NONE', #2906, 0.1000000000000000472 ) ;
#1075 = DIRECTION ( 'NONE',  ( -1.694065894508600678E-16, 0.000000000000000000, 1.000000000000000000 ) ) ;
#1076 = VERTEX_POINT ( 'NONE', #3735 ) ;
#1077 = CARTESIAN_POINT ( 'NONE',  ( 0.7000000000000005107, 0.2030000000000000138, 0.2750000000000000777 ) ) ;
#1078 = AXIS2_PLACEMENT_3D ( 'NONE', #2327, #977, #1446 ) ;
#1079 = LINE ( 'NONE', #3901, #3997 ) ;
#1080 = DIRECTION ( 'NONE',  ( -1.000000000000000000, 0.000000000000000000, -1.084202172485504040E-15 ) ) ;
#1081 = DIRECTION ( 'NONE',  ( 0.000000000000000000, -1.000000000000000000, 0.000000000000000000 ) ) ;
#1082 = CARTESIAN_POINT ( 'NONE',  ( 0.8000000000000005995, 0.5935124837953329457, 0.2250000000000001443 ) ) ;
#1083 = CARTESIAN_POINT ( 'NONE',  ( 0.8000000000000005995, 0.5935124837953329457, -0.6249999999999998890 ) ) ;
#1084 = ORIENTED_EDGE ( 'NONE', *, *, #2338, .F. ) ;
#1085 = EDGE_CURVE ( 'NONE', #3195, #3211, #855, .T. ) ;
#1086 = DIRECTION ( 'NONE',  ( 1.000000000000000000, 0.000000000000000000, -1.084202172485504040E-15 ) ) ;
#1087 = FACE_OUTER_BOUND ( 'NONE', #393, .T. ) ;
#1088 = CIRCLE ( 'NONE', #4196, 0.1000000000000000472 ) ;
#1089 = CARTESIAN_POINT ( 'NONE',  ( 1.000000000000000666, 0.2030000000000000138, 0.3749999999999998890 ) ) ;
#1090 = FILL_AREA_STYLE_COLOUR ( '', #950 ) ;
#1091 = ORIENTED_EDGE ( 'NONE', *, *, #3002, .F. ) ;
#1092 = CARTESIAN_POINT ( 'NONE',  ( -0.4000000000000001332, 1.991854381999832224, 0.7999999999999999334 ) ) ;
#1093 = VECTOR ( 'NONE', #3906, 1000.000000000000000 ) ;
#1094 = LINE ( 'NONE', #1862, #4030 ) ;
#1095 = EDGE_CURVE ( 'NONE', #3762, #3769, #3790, .T. ) ;
#1096 = ORIENTED_EDGE ( 'NONE', *, *, #4042, .T. ) ;
#1097 = DIRECTION ( 'NONE',  ( 0.000000000000000000, 0.000000000000000000, -1.000000000000000000 ) ) ;
#1098 = CARTESIAN_POINT ( 'NONE',  ( -0.7000000000000007327, 0.9499999999999999556, -0.5750000000000005107 ) ) ;
#1099 = DIRECTION ( 'NONE',  ( 0.000000000000000000, 0.000000000000000000, 1.000000000000000000 ) ) ;
#1100 = EDGE_CURVE ( 'NONE', #4464, #2717, #3834, .T. ) ;
#1101 = DIRECTION ( 'NONE',  ( 0.000000000000000000, -1.000000000000000000, 0.000000000000000000 ) ) ;
#1102 = FACE_OUTER_BOUND ( 'NONE', #3146, .T. ) ;
#1103 = LINE ( 'NONE', #3621, #1120 ) ;
#1104 = ORIENTED_EDGE ( 'NONE', *, *, #1272, .F. ) ;
#1105 = EDGE_CURVE ( 'NONE', #1209, #3497, #2342, .T. ) ;
#1106 = DIRECTION ( 'NONE',  ( 0.000000000000000000, -0.000000000000000000, 1.000000000000000000 ) ) ;
#1107 = LINE ( 'NONE', #3125, #4148 ) ;
#1108 = LINE ( 'NONE', #110, #2582 ) ;
#1109 = DIRECTION ( 'NONE',  ( 0.000000000000000000, 0.000000000000000000, -1.000000000000000000 ) ) ;
#1110 = DIRECTION ( 'NONE',  ( -1.084202172485504040E-15, 0.000000000000000000, -1.000000000000000000 ) ) ;
#1111 = PLANE ( 'NONE',  #39 ) ;
#1112 = DIRECTION ( 'NONE',  ( 0.000000000000000000, 0.000000000000000000, 1.000000000000000000 ) ) ;
#1113 = CARTESIAN_POINT ( 'NONE',  ( 0.8000000000000005995, 0.2030000000000000138, 0.6250000000000001110 ) ) ;
#1114 = ORIENTED_EDGE ( 'NONE', *, *, #1712, .F. ) ;
#1115 = PRODUCT_RELATED_PRODUCT_CATEGORY ( 'part', '', ( #3040 ) ) ;
#1116 = EDGE_CURVE ( 'NONE', #3793, #3868, #816, .T. ) ;
#1117 = DIRECTION ( 'NONE',  ( -0.000000000000000000, -1.000000000000000000, -0.000000000000000000 ) ) ;
#1118 = AXIS2_PLACEMENT_3D ( 'NONE', #1216, #1684, #2042 ) ;
#1119 = FACE_OUTER_BOUND ( 'NONE', #578, .T. ) ;
#1120 = VECTOR ( 'NONE', #1155, 1000.000000000000000 ) ;
#1121 = CARTESIAN_POINT ( 'NONE',  ( 0.2999999999999998779, 0.04999999999999991257, 0.7000000000000001776 ) ) ;
#1122 = VERTEX_POINT ( 'NONE', #3347 ) ;
#1123 = EDGE_CURVE ( 'NONE', #3296, #1617, #2368, .T. ) ;
#1124 = ORIENTED_EDGE ( 'NONE', *, *, #4334, .T. ) ;
#1125 = ADVANCED_FACE ( 'NONE', ( #2866 ), #1654, .F. ) ;
#1126 = VERTEX_POINT ( 'NONE', #2957 ) ;
#1127 = CARTESIAN_POINT ( 'NONE',  ( -1.000000000000000666, 0.5935124837953329457, 0.3749999999999998890 ) ) ;
#1128 = CYLINDRICAL_SURFACE ( 'NONE', #634, 0.1000000000000000472 ) ;
#1129 = FILL_AREA_STYLE ('',( #1866 ) ) ;
#1130 = CARTESIAN_POINT ( 'NONE',  ( -0.3999999999999999112, 0.2030000000000000693, -0.6000000000000007550 ) ) ;
#1131 = VERTEX_POINT ( 'NONE', #2328 ) ;
#1132 = EDGE_CURVE ( 'NONE', #2650, #349, #2930, .T. ) ;
#1133 = PRODUCT_DEFINITION ( 'UNKNOWN', '', #527, #3441 ) ;
#1134 = ORIENTED_EDGE ( 'NONE', *, *, #4450, .F. ) ;
#1135 = AXIS2_PLACEMENT_3D ( 'NONE', #2862, #3307, #2669 ) ;
#1136 = DIRECTION ( 'NONE',  ( 1.000000000000000000, -0.000000000000000000, 0.000000000000000000 ) ) ;
#1137 = VECTOR ( 'NONE', #909, 1000.000000000000000 ) ;
#1138 = CIRCLE ( 'NONE', #677, 0.1000000000000000472 ) ;
#1139 = VERTEX_POINT ( 'NONE', #1282 ) ;
#1140 = DIRECTION ( 'NONE',  ( 0.000000000000000000, 0.000000000000000000, -1.000000000000000000 ) ) ;
#1141 = CARTESIAN_POINT ( 'NONE',  ( 0.8000000000000005995, 0.2030000000000000138, -0.8749999999999998890 ) ) ;
#1142 = PLANE ( 'NONE',  #467 ) ;
#1143 = EDGE_CURVE ( 'NONE', #912, #2431, #2970, .T. ) ;
#1144 = CARTESIAN_POINT ( 'NONE',  ( 0.8000000000000005995, 0.04999999999999999584, 0.3750000000000001110 ) ) ;
#1145 = VERTEX_POINT ( 'NONE', #868 ) ;
#1146 = FACE_OUTER_BOUND ( 'NONE', #1651, .T. ) ;
#1147 = ORIENTED_EDGE ( 'NONE', *, *, #204, .F. ) ;
#1148 = DIRECTION ( 'NONE',  ( 1.000000000000000000, -0.000000000000000000, 0.000000000000000000 ) ) ;
#1149 = ORIENTED_EDGE ( 'NONE', *, *, #1508, .F. ) ;
#1150 = DIRECTION ( 'NONE',  ( -0.000000000000000000, -1.000000000000000000, -0.000000000000000000 ) ) ;
#1151 = DIRECTION ( 'NONE',  ( 0.000000000000000000, 1.000000000000000000, 0.000000000000000000 ) ) ;
#1152 = VECTOR ( 'NONE', #1073, 1000.000000000000000 ) ;
#1153 = EDGE_CURVE ( 'NONE', #3371, #3916, #2867, .T. ) ;
#1154 = EDGE_LOOP ( 'NONE', ( #938, #3899, #567, #3880, #1312, #2227 ) ) ;
#1155 = DIRECTION ( 'NONE',  ( 0.000000000000000000, -1.000000000000000000, 0.000000000000000000 ) ) ;
#1156 = ORIENTED_EDGE ( 'NONE', *, *, #1759, .F. ) ;
#1157 = CARTESIAN_POINT ( 'NONE',  ( 0.8000000000000005995, 0.5935124837953329457, -0.7749999999999999112 ) ) ;
#1158 = EDGE_CURVE ( 'NONE', #3722, #3769, #4395, .T. ) ;
#1159 = DIRECTION ( 'NONE',  ( 1.084202172485505223E-15, -0.000000000000000000, 1.000000000000000000 ) ) ;
#1160 = VECTOR ( 'NONE', #2272, 1000.000000000000000 ) ;
#1161 = CARTESIAN_POINT ( 'NONE',  ( 0.8000000000000005995, 0.2030000000000000138, 0.2750000000000000777 ) ) ;
#1162 = CARTESIAN_POINT ( 'NONE',  ( -0.7000000000000007327, 0.9499999999999999556, -0.7000000000000005107 ) ) ;
#1163 = CIRCLE ( 'NONE', #286, 0.1000000000000000472 ) ;
#1164 = LINE ( 'NONE', #2050, #4231 ) ;
#1165 = EDGE_CURVE ( 'NONE', #2802, #3504, #1441, .T. ) ;
#1166 = STYLED_ITEM ( 'NONE', ( #623 ), #2412 ) ;
#1167 = ADVANCED_FACE ( 'NONE', ( #1378 ), #1505, .F. ) ;
#1168 = ORIENTED_EDGE ( 'NONE', *, *, #1809, .F. ) ;
#1169 = VECTOR ( 'NONE', #1693, 1000.000000000000000 ) ;
#1170 = ORIENTED_EDGE ( 'NONE', *, *, #2128, .T. ) ;
#1171 = CARTESIAN_POINT ( 'NONE',  ( -0.8000000000000005995, 0.000000000000000000, -0.2749999999999998557 ) ) ;
#1172 = CARTESIAN_POINT ( 'NONE',  ( 0.8000000000000005995, 0.04999999999999999584, 0.7250000000000001998 ) ) ;
#1173 = DIRECTION ( 'NONE',  ( 0.000000000000000000, -1.000000000000000000, 0.000000000000000000 ) ) ;
#1174 = ORIENTED_EDGE ( 'NONE', *, *, #722, .T. ) ;
#1175 = AXIS2_PLACEMENT_3D ( 'NONE', #1725, #758, #1080 ) ;
#1176 = LINE ( 'NONE', #4050, #1274 ) ;
#1177 = APPLICATION_PROTOCOL_DEFINITION ( 'draft international standard', 'automotive_design', 1998, #863 ) ;
#1178 = ADVANCED_FACE ( 'NONE', ( #2938 ), #928, .F. ) ;
#1179 = LINE ( 'NONE', #3330, #2779 ) ;
#1180 = ORIENTED_EDGE ( 'NONE', *, *, #3892, .F. ) ;
#1181 = CARTESIAN_POINT ( 'NONE',  ( 0.9999999999999995559, 0.05000000000000000278, 0.9999999999999997780 ) ) ;
#1182 = DIRECTION ( 'NONE',  ( 1.000000000000000000, 0.000000000000000000, -1.084202172485504040E-15 ) ) ;
#1183 = ORIENTED_EDGE ( 'NONE', *, *, #815, .T. ) ;
#1184 = DIRECTION ( 'NONE',  ( 0.000000000000000000, 0.000000000000000000, 1.000000000000000000 ) ) ;
#1185 = DIRECTION ( 'NONE',  ( 0.000000000000000000, 0.000000000000000000, 1.000000000000000000 ) ) ;
#1186 = SURFACE_STYLE_FILL_AREA ( #1616 ) ;
#1187 = VECTOR ( 'NONE', #312, 1000.000000000000000 ) ;
#1188 = VERTEX_POINT ( 'NONE', #487 ) ;
#1189 = LINE ( 'NONE', #885, #4303 ) ;
#1190 = DIRECTION ( 'NONE',  ( 0.000000000000000000, -0.000000000000000000, 1.000000000000000000 ) ) ;
#1191 = EDGE_LOOP ( 'NONE', ( #2262, #339, #3801, #2979, #330, #1808, #3300, #3451, #173, #69, #1575, #4163, #1124, #3009, #3043, #107, #1507, #140, #166, #3339 ) ) ;
#1192 = DIRECTION ( 'NONE',  ( 1.000000000000000000, -0.000000000000000000, 1.084202172485504040E-15 ) ) ;
#1193 = EDGE_CURVE ( 'NONE', #3740, #3539, #4352, .T. ) ;
#1194 = FACE_OUTER_BOUND ( 'NONE', #1698, .T. ) ;
#1195 = DIRECTION ( 'NONE',  ( -0.000000000000000000, -1.000000000000000000, -0.000000000000000000 ) ) ;
#1196 = CARTESIAN_POINT ( 'NONE',  ( 0.8000000000000005995, 0.04999999999999999584, -0.7749999999999999112 ) ) ;
#1197 = LINE ( 'NONE', #3413, #4274 ) ;
#1198 = VERTEX_POINT ( 'NONE', #1599 ) ;
#1199 = SURFACE_STYLE_FILL_AREA ( #1129 ) ;
#1200 = EDGE_LOOP ( 'NONE', ( #3626, #1410, #4414, #2098 ) ) ;
#1201 =( NAMED_UNIT ( * ) PLANE_ANGLE_UNIT ( ) SI_UNIT ( $, .RADIAN. ) );
#1202 = VECTOR ( 'NONE', #285, 1000.000000000000000 ) ;
#1203 = ORIENTED_EDGE ( 'NONE', *, *, #2909, .T. ) ;
#1204 = DIRECTION ( 'NONE',  ( -0.000000000000000000, -1.000000000000000000, -0.000000000000000000 ) ) ;
#1205 = DIRECTION ( 'NONE',  ( 0.000000000000000000, -1.000000000000000000, 0.000000000000000000 ) ) ;
#1206 = CARTESIAN_POINT ( 'NONE',  ( 0.8000000000000005995, 0.000000000000000000, 0.8750000000000001110 ) ) ;
#1207 = ADVANCED_FACE ( 'NONE', ( #1371 ), #4257, .F. ) ;
#1208 = EDGE_CURVE ( 'NONE', #3235, #905, #1415, .T. ) ;
#1209 = VERTEX_POINT ( 'NONE', #3951 ) ;
#1210 = LINE ( 'NONE', #3297, #1284 ) ;
#1211 =( LENGTH_UNIT ( ) NAMED_UNIT ( * ) SI_UNIT ( .MILLI., .METRE. ) );
#1212 = FACE_OUTER_BOUND ( 'NONE', #2246, .T. ) ;
#1213 = AXIS2_PLACEMENT_3D ( 'NONE', #3671, #1242, #1622 ) ;
#1214 = CIRCLE ( 'NONE', #3771, 0.1000000000000000472 ) ;
#1215 = LINE ( 'NONE', #2211, #4316 ) ;
#1216 = CARTESIAN_POINT ( 'NONE',  ( 0.7000000000000005107, 0.2030000000000000138, -0.7249999999999999778 ) ) ;
#1217 = DIRECTION ( 'NONE',  ( -0.000000000000000000, -1.000000000000000000, -0.000000000000000000 ) ) ;
#1218 = ORIENTED_EDGE ( 'NONE', *, *, #969, .F. ) ;
#1219 = DIRECTION ( 'NONE',  ( -1.000000000000000000, 0.000000000000000000, -1.084202172485504040E-15 ) ) ;
#1220 = EDGE_CURVE ( 'NONE', #3964, #1319, #4452, .T. ) ;
#1221 = CARTESIAN_POINT ( 'NONE',  ( 0.7000000000000005107, 0.2030000000000000138, 0.2250000000000001443 ) ) ;
#1222 = CARTESIAN_POINT ( 'NONE',  ( 1.000000000000000444, 0.5935124837953329457, -0.3750000000000001110 ) ) ;
#1223 = LINE ( 'NONE', #466, #1137 ) ;
#1224 = VECTOR ( 'NONE', #2947, 1000.000000000000000 ) ;
#1225 = ORIENTED_EDGE ( 'NONE', *, *, #70, .F. ) ;
#1226 = EDGE_CURVE ( 'NONE', #3356, #574, #2922, .T. ) ;
#1227 = VECTOR ( 'NONE', #1932, 1000.000000000000000 ) ;
#1228 = ORIENTED_EDGE ( 'NONE', *, *, #1604, .F. ) ;
#1229 = EDGE_CURVE ( 'NONE', #782, #804, #2966, .T. ) ;
#1230 = CARTESIAN_POINT ( 'NONE',  ( 0.8000000000000005995, 0.5935124837953329457, -0.2249999999999999500 ) ) ;
#1231 = FACE_OUTER_BOUND ( 'NONE', #2312, .T. ) ;
#1232 = CARTESIAN_POINT ( 'NONE',  ( -1.000000000000000666, 0.000000000000000000, -0.6250000000000001110 ) ) ;
#1233 = CARTESIAN_POINT ( 'NONE',  ( -0.7000000000000005107, 0.5935124837953329457, -0.7249999999999999778 ) ) ;
#1234 = CIRCLE ( 'NONE', #3187, 0.1000000000000000472 ) ;
#1235 = ORIENTED_EDGE ( 'NONE', *, *, #1980, .T. ) ;
#1236 = LINE ( 'NONE', #3904, #2816 ) ;
#1237 = ADVANCED_FACE ( 'NONE', ( #1431 ), #3260, .T. ) ;
#1238 = ORIENTED_EDGE ( 'NONE', *, *, #2543, .F. ) ;
#1239 = ORIENTED_EDGE ( 'NONE', *, *, #3759, .T. ) ;
#1240 = DIRECTION ( 'NONE',  ( 0.000000000000000000, -0.000000000000000000, 1.000000000000000000 ) ) ;
#1241 = CYLINDRICAL_SURFACE ( 'NONE', #2238, 0.1000000000000000472 ) ;
#1242 = DIRECTION ( 'NONE',  ( -0.000000000000000000, -1.000000000000000000, 0.000000000000000000 ) ) ;
#1243 = ORIENTED_EDGE ( 'NONE', *, *, #211, .F. ) ;
#1244 = LINE ( 'NONE', #791, #2670 ) ;
#1245 = VECTOR ( 'NONE', #2378, 1000.000000000000000 ) ;
#1246 = FACE_OUTER_BOUND ( 'NONE', #4446, .T. ) ;
#1247 = ADVANCED_FACE ( 'NONE', ( #4404 ), #1355, .F. ) ;
#1248 = DIRECTION ( 'NONE',  ( 1.000000000000000000, 0.000000000000000000, -1.084202172485504040E-15 ) ) ;
#1249 = VERTEX_POINT ( 'NONE', #454 ) ;
#1250 = CARTESIAN_POINT ( 'NONE',  ( -0.7000000000000005107, 0.000000000000000000, 0.2750000000000000777 ) ) ;
#1251 = AXIS2_PLACEMENT_3D ( 'NONE', #2237, #2913, #2306 ) ;
#1252 = CARTESIAN_POINT ( 'NONE',  ( -0.8000000000000005995, 0.05000000000000000278, -0.6249999999999998890 ) ) ;
#1253 = CARTESIAN_POINT ( 'NONE',  ( 0.7000000000000005107, 0.000000000000000000, 0.2750000000000000777 ) ) ;
#1254 = COLOUR_RGB ( '',0.7921568627450980005, 0.8196078431372548767, 0.9333333333333333481 ) ;
#1255 = LINE ( 'NONE', #3389, #2740 ) ;
#1256 = ORIENTED_EDGE ( 'NONE', *, *, #815, .F. ) ;
#1257 = DIRECTION ( 'NONE',  ( 0.000000000000000000, 0.000000000000000000, 1.000000000000000000 ) ) ;
#1258 = ORIENTED_EDGE ( 'NONE', *, *, #3293, .F. ) ;
#1259 = CARTESIAN_POINT ( 'NONE',  ( -0.7000000000000005107, 0.000000000000000000, -0.7249999999999999778 ) ) ;
#1260 = LINE ( 'NONE', #1006, #1202 ) ;
#1261 = ORIENTED_EDGE ( 'NONE', *, *, #2845, .F. ) ;
#1262 = CIRCLE ( 'NONE', #1213, 0.1000000000000000472 ) ;
#1263 = VERTEX_POINT ( 'NONE', #1320 ) ;
#1264 = CARTESIAN_POINT ( 'NONE',  ( -0.4000000000000001332, 1.991854381999832224, 0.6999999999999998446 ) ) ;
#1265 = CIRCLE ( 'NONE', #3435, 0.1000000000000000472 ) ;
#1266 = EDGE_LOOP ( 'NONE', ( #2428, #968, #4194, #3440, #3860, #874 ) ) ;
#1267 = CARTESIAN_POINT ( 'NONE',  ( 1.000000000000000666, 0.5935124837953329457, 0.8749999999999998890 ) ) ;
#1268 = CARTESIAN_POINT ( 'NONE',  ( 0.8000000000000005995, 0.2030000000000000138, -0.7749999999999999112 ) ) ;
#1269 = FACE_OUTER_BOUND ( 'NONE', #2741, .T. ) ;
#1270 = CARTESIAN_POINT ( 'NONE',  ( -0.3000000000000002109, 0.2030000000000000693, 0.7999999999999999334 ) ) ;
#1271 = ORIENTED_EDGE ( 'NONE', *, *, #2852, .T. ) ;
#1272 = EDGE_CURVE ( 'NONE', #2416, #1779, #2875, .T. ) ;
#1273 = AXIS2_PLACEMENT_3D ( 'NONE', #1161, #1489, #1831 ) ;
#1274 = VECTOR ( 'NONE', #915, 1000.000000000000000 ) ;
#1275 =( NAMED_UNIT ( * ) PLANE_ANGLE_UNIT ( ) SI_UNIT ( $, .RADIAN. ) );
#1276 = VECTOR ( 'NONE', #3384, 1000.000000000000000 ) ;
#1277 = EDGE_CURVE ( 'NONE', #3497, #1776, #2897, .T. ) ;
#1278 = FACE_OUTER_BOUND ( 'NONE', #438, .T. ) ;
#1279 = AXIS2_PLACEMENT_3D ( 'NONE', #89, #706, #3080 ) ;
#1280 = DIRECTION ( 'NONE',  ( 0.000000000000000000, 1.000000000000000000, 0.000000000000000000 ) ) ;
#1281 = VERTEX_POINT ( 'NONE', #4040 ) ;
#1282 = CARTESIAN_POINT ( 'NONE',  ( 0.9999999999999993339, 0.05000000000000000278, -0.6250000000000001110 ) ) ;
#1283 = CARTESIAN_POINT ( 'NONE',  ( -1.000000000000000444, 0.2030000000000000138, 0.6249999999999998890 ) ) ;
#1284 = VECTOR ( 'NONE', #4406, 1000.000000000000000 ) ;
#1285 = EDGE_LOOP ( 'NONE', ( #4087, #2634, #508, #3561 ) ) ;
#1286 = VECTOR ( 'NONE', #3181, 1000.000000000000000 ) ;
#1287 = UNCERTAINTY_MEASURE_WITH_UNIT (LENGTH_MEASURE( 1.000000000000000082E-05 ), #966, 'distance_accuracy_value', 'NONE');
#1288 = AXIS2_PLACEMENT_3D ( 'NONE', #1636, #17, #2714 ) ;
#1289 = ADVANCED_FACE ( 'NONE', ( #1424 ), #2885, .T. ) ;
#1290 = CARTESIAN_POINT ( 'NONE',  ( 0.8000000000000005995, 0.2030000000000000138, -0.3749999999999998890 ) ) ;
#1291 = ORIENTED_EDGE ( 'NONE', *, *, #1851, .T. ) ;
#1292 = AXIS2_PLACEMENT_3D ( 'NONE', #4279, #2219, #2592 ) ;
#1293 = DIRECTION ( 'NONE',  ( 0.000000000000000000, 0.000000000000000000, 1.000000000000000000 ) ) ;
#1294 = DIRECTION ( 'NONE',  ( -0.000000000000000000, 0.000000000000000000, 1.000000000000000000 ) ) ;
#1295 = CIRCLE ( 'NONE', #2874, 0.1000000000000000472 ) ;
#1296 = VECTOR ( 'NONE', #3015, 1000.000000000000000 ) ;
#1297 = ORIENTED_EDGE ( 'NONE', *, *, #3918, .F. ) ;
#1298 = FILL_AREA_STYLE_COLOUR ( '', #1254 ) ;
#1299 = ADVANCED_FACE ( 'NONE', ( #2944 ), #1437, .T. ) ;
#1300 = VECTOR ( 'NONE', #1605, 1000.000000000000000 ) ;
#1301 = CARTESIAN_POINT ( 'NONE',  ( -0.7000000000000005107, 0.000000000000000000, -0.2249999999999999500 ) ) ;
#1302 = LINE ( 'NONE', #237, #1347 ) ;
#1303 = DIRECTION ( 'NONE',  ( -1.000000000000000000, -0.000000000000000000, 1.084202172485505223E-15 ) ) ;
#1304 = ORIENTED_EDGE ( 'NONE', *, *, #1771, .T. ) ;
#1305 = EDGE_CURVE ( 'NONE', #1485, #4218, #4339, .T. ) ;
#1306 = VECTOR ( 'NONE', #3789, 1000.000000000000000 ) ;
#1307 = VECTOR ( 'NONE', #2498, 1000.000000000000000 ) ;
#1308 = LINE ( 'NONE', #2335, #1296 ) ;
#1309 = AXIS2_PLACEMENT_3D ( 'NONE', #2407, #1436, #1033 ) ;
#1310 = FACE_OUTER_BOUND ( 'NONE', #3331, .T. ) ;
#1311 = DIRECTION ( 'NONE',  ( -0.000000000000000000, -1.000000000000000000, -0.000000000000000000 ) ) ;
#1312 = ORIENTED_EDGE ( 'NONE', *, *, #4244, .T. ) ;
#1313 = CARTESIAN_POINT ( 'NONE',  ( 0.3999999999999998557, 1.991854381999832224, 0.7000000000000001776 ) ) ;
#1314 = CARTESIAN_POINT ( 'NONE',  ( 0.4000000000000001332, 1.991854381999832224, -0.6999999999999997335 ) ) ;
#1315 = EDGE_CURVE ( 'NONE', #3371, #3638, #1454, .T. ) ;
#1316 = LINE ( 'NONE', #2630, #2838 ) ;
#1317 = VECTOR ( 'NONE', #250, 1000.000000000000000 ) ;
#1318 = DIRECTION ( 'NONE',  ( 1.084202172485504040E-15, 0.000000000000000000, -1.000000000000000000 ) ) ;
#1319 = VERTEX_POINT ( 'NONE', #193 ) ;
#1320 = CARTESIAN_POINT ( 'NONE',  ( 0.7000000000000005107, 0.04999999999999999584, -0.2249999999999999500 ) ) ;
#1321 = DIRECTION ( 'NONE',  ( 2.710505431213759902E-15, 0.000000000000000000, 1.000000000000000000 ) ) ;
#1322 = CARTESIAN_POINT ( 'NONE',  ( 0.7000000000000005107, 0.04999999999999999584, -0.2749999999999998557 ) ) ;
#1323 = VECTOR ( 'NONE', #2029, 1000.000000000000000 ) ;
#1324 = CARTESIAN_POINT ( 'NONE',  ( 0.8000000000000005995, 0.2030000000000000138, -0.8749999999999998890 ) ) ;
#1325 = CARTESIAN_POINT ( 'NONE',  ( 0.8000000000000005995, 0.000000000000000000, 0.6250000000000001110 ) ) ;
#1326 = VECTOR ( 'NONE', #2178, 1000.000000000000000 ) ;
#1327 = VECTOR ( 'NONE', #1557, 1000.000000000000000 ) ;
#1328 = ORIENTED_EDGE ( 'NONE', *, *, #4186, .T. ) ;
#1329 = CARTESIAN_POINT ( 'NONE',  ( 0.3999999999999998557, 1.991854381999832224, 0.8000000000000002665 ) ) ;
#1330 = LINE ( 'NONE', #2450, #2951 ) ;
#1331 = VECTOR ( 'NONE', #329, 1000.000000000000000 ) ;
#1332 = EDGE_CURVE ( 'NONE', #2006, #2992, #2914, .T. ) ;
#1333 = CARTESIAN_POINT ( 'NONE',  ( 0.8000000000000005995, 0.04999999999999999584, 0.1250000000000001110 ) ) ;
#1334 = CYLINDRICAL_SURFACE ( 'NONE', #3256, 0.1000000000000000472 ) ;
#1335 = VERTEX_POINT ( 'NONE', #1512 ) ;
#1336 = ADVANCED_FACE ( 'NONE', ( #4379 ), #990, .F. ) ;
#1337 = EDGE_CURVE ( 'NONE', #3317, #3269, #1389, .T. ) ;
#1338 = FACE_OUTER_BOUND ( 'NONE', #2329, .T. ) ;
#1339 = AXIS2_PLACEMENT_3D ( 'NONE', #3616, #4348, #955 ) ;
#1340 = LINE ( 'NONE', #1901, #1327 ) ;
#1341 = ORIENTED_EDGE ( 'NONE', *, *, #1409, .F. ) ;
#1342 = CARTESIAN_POINT ( 'NONE',  ( -0.8000000000000005995, 0.04999999999999999584, -0.3749999999999998890 ) ) ;
#1343 = DIRECTION ( 'NONE',  ( 0.000000000000000000, -1.000000000000000000, 0.000000000000000000 ) ) ;
#1344 = VECTOR ( 'NONE', #3919, 1000.000000000000000 ) ;
#1345 = CYLINDRICAL_SURFACE ( 'NONE', #4413, 0.1000000000000000472 ) ;
#1346 = AXIS2_PLACEMENT_3D ( 'NONE', #2363, #3062, #2708 ) ;
#1347 = VECTOR ( 'NONE', #1303, 1000.000000000000000 ) ;
#1348 = CARTESIAN_POINT ( 'NONE',  ( -1.000000000000000666, 0.2030000000000000138, 0.8749999999999998890 ) ) ;
#1349 = ORIENTED_EDGE ( 'NONE', *, *, #4186, .F. ) ;
#1350 = MANIFOLD_SOLID_BREP ( 'Boss-Extrude5', #4116 ) ;
#1351 = DIRECTION ( 'NONE',  ( 0.000000000000000000, -1.000000000000000000, 0.000000000000000000 ) ) ;
#1352 = DIRECTION ( 'NONE',  ( 0.000000000000000000, 0.000000000000000000, -1.000000000000000000 ) ) ;
#1353 = CARTESIAN_POINT ( 'NONE',  ( 1.000000000000000444, 0.2030000000000000138, 0.6249999999999998890 ) ) ;
#1354 = VECTOR ( 'NONE', #4459, 1000.000000000000000 ) ;
#1355 = CYLINDRICAL_SURFACE ( 'NONE', #935, 0.1000000000000000472 ) ;
#1356 = EDGE_LOOP ( 'NONE', ( #1768, #2818, #530, #772 ) ) ;
#1357 = SURFACE_STYLE_USAGE ( .BOTH. , #1731 ) ;
#1358 = PRESENTATION_STYLE_ASSIGNMENT (( #1357 ) ) ;
#1359 = DIRECTION ( 'NONE',  ( 0.000000000000000000, -1.000000000000000000, 0.000000000000000000 ) ) ;
#1360 = FACE_OUTER_BOUND ( 'NONE', #1665, .T. ) ;
#1361 =( NAMED_UNIT ( * ) SI_UNIT ( $, .STERADIAN. ) SOLID_ANGLE_UNIT ( ) );
#1362 = ORIENTED_EDGE ( 'NONE', *, *, #2372, .T. ) ;
#1363 = AXIS2_PLACEMENT_3D ( 'NONE', #1121, #2161, #3200 ) ;
#1364 = CYLINDRICAL_SURFACE ( 'NONE', #459, 0.1000000000000000472 ) ;
#1365 = VECTOR ( 'NONE', #1351, 1000.000000000000000 ) ;
#1366 = EDGE_CURVE ( 'NONE', #2271, #3504, #1474, .T. ) ;
#1367 = ORIENTED_EDGE ( 'NONE', *, *, #2997, .T. ) ;
#1368 = ADVANCED_FACE ( 'NONE', ( #2842 ), #860, .T. ) ;
#1369 = CARTESIAN_POINT ( 'NONE',  ( 0.8000000000000005995, 0.5935124837953329457, -0.8749999999999998890 ) ) ;
#1370 = FACE_OUTER_BOUND ( 'NONE', #3402, .T. ) ;
#1371 = FACE_OUTER_BOUND ( 'NONE', #1907, .T. ) ;
#1372 = CARTESIAN_POINT ( 'NONE',  ( 0.3000000000000001554, 1.991854381999832224, -0.6999999999999997335 ) ) ;
#1373 = ORIENTED_EDGE ( 'NONE', *, *, #4067, .T. ) ;
#1374 = DIRECTION ( 'NONE',  ( 0.000000000000000000, 0.000000000000000000, 1.000000000000000000 ) ) ;
#1375 = LINE ( 'NONE', #1264, #2908 ) ;
#1376 = CARTESIAN_POINT ( 'NONE',  ( 1.000000000000000666, 0.2030000000000000138, 0.3749999999999998890 ) ) ;
#1377 = CARTESIAN_POINT ( 'NONE',  ( -0.8000000000000005995, 0.05000000000000000278, 0.3750000000000001110 ) ) ;
#1378 = FACE_OUTER_BOUND ( 'NONE', #471, .T. ) ;
#1379 = ORIENTED_EDGE ( 'NONE', *, *, #3452, .F. ) ;
#1380 = DIRECTION ( 'NONE',  ( 0.000000000000000000, 0.000000000000000000, 1.000000000000000000 ) ) ;
#1381 = CIRCLE ( 'NONE', #1836, 0.1000000000000000472 ) ;
#1382 = DIRECTION ( 'NONE',  ( 0.000000000000000000, -0.000000000000000000, 1.000000000000000000 ) ) ;
#1383 = VECTOR ( 'NONE', #1192, 1000.000000000000000 ) ;
#1384 = EDGE_CURVE ( 'NONE', #2095, #2673, #2851, .T. ) ;
#1385 = DIRECTION ( 'NONE',  ( 0.000000000000000000, 0.000000000000000000, -1.000000000000000000 ) ) ;
#1386 = ORIENTED_EDGE ( 'NONE', *, *, #4181, .T. ) ;
#1387 = AXIS2_PLACEMENT_3D ( 'NONE', #1005, #2721, #4439 ) ;
#1388 = AXIS2_PLACEMENT_3D ( 'NONE', #4208, #1136, #2820 ) ;
#1389 = LINE ( 'NONE', #2698, #4388 ) ;
#1390 = DIRECTION ( 'NONE',  ( 1.000000000000000000, 0.000000000000000000, -1.084202172485505223E-15 ) ) ;
#1391 = UNCERTAINTY_MEASURE_WITH_UNIT (LENGTH_MEASURE( 1.000000000000000082E-05 ), #3617, 'distance_accuracy_value', 'NONE');
#1392 = CARTESIAN_POINT ( 'NONE',  ( -1.000000000000000666, 0.05000000000000000278, -0.9999999999999997780 ) ) ;
#1393 = AXIS2_PLACEMENT_3D ( 'NONE', #3036, #3351, #665 ) ;
#1394 = CARTESIAN_POINT ( 'NONE',  ( -1.000000000000000666, 0.05000000000000000278, 1.000000000000000222 ) ) ;
#1395 = DIRECTION ( 'NONE',  ( 0.000000000000000000, 1.000000000000000000, 0.000000000000000000 ) ) ;
#1396 = CIRCLE ( 'NONE', #259, 0.1000000000000000472 ) ;
#1397 = ORIENTED_EDGE ( 'NONE', *, *, #3863, .F. ) ;
#1398 = SURFACE_STYLE_FILL_AREA ( #2349 ) ;
#1399 = DIRECTION ( 'NONE',  ( 0.000000000000000000, 1.000000000000000000, 0.000000000000000000 ) ) ;
#1400 = ORIENTED_EDGE ( 'NONE', *, *, #2460, .T. ) ;
#1401 = ADVANCED_FACE ( 'NONE', ( #2860 ), #3449, .T. ) ;
#1402 = DIRECTION ( 'NONE',  ( -1.000000000000000000, 0.000000000000000000, 1.084202172485505223E-15 ) ) ;
#1403 = DIRECTION ( 'NONE',  ( 1.000000000000000000, -0.000000000000000000, 0.000000000000000000 ) ) ;
#1404 = LINE ( 'NONE', #1520, #2895 ) ;
#1405 = DIRECTION ( 'NONE',  ( -8.673617379884035472E-16, 0.000000000000000000, -1.000000000000000000 ) ) ;
#1406 = CARTESIAN_POINT ( 'NONE',  ( -1.000000000000000666, 0.04999999999999999584, 0.8749999999999998890 ) ) ;
#1407 = ORIENTED_EDGE ( 'NONE', *, *, #900, .F. ) ;
#1408 =( NAMED_UNIT ( * ) PLANE_ANGLE_UNIT ( ) SI_UNIT ( $, .RADIAN. ) );
#1409 = EDGE_CURVE ( 'NONE', #1548, #3371, #1487, .T. ) ;
#1410 = ORIENTED_EDGE ( 'NONE', *, *, #1630, .T. ) ;
#1411 = PLANE ( 'NONE',  #2163 ) ;
#1412 = CARTESIAN_POINT ( 'NONE',  ( -0.8000000000000005995, 0.2030000000000000138, -0.1249999999999998890 ) ) ;
#1413 = ORIENTED_EDGE ( 'NONE', *, *, #1332, .T. ) ;
#1414 = FACE_OUTER_BOUND ( 'NONE', #3618, .T. ) ;
#1415 = CIRCLE ( 'NONE', #2467, 0.1000000000000000472 ) ;
#1416 = ORIENTED_EDGE ( 'NONE', *, *, #482, .F. ) ;
#1417 = DIRECTION ( 'NONE',  ( 0.000000000000000000, -1.000000000000000000, 0.000000000000000000 ) ) ;
#1418 = EDGE_CURVE ( 'NONE', #3529, #1686, #97, .T. ) ;
#1419 = CARTESIAN_POINT ( 'NONE',  ( 0.8000000000000005995, 0.2030000000000000138, 0.7750000000000001332 ) ) ;
#1420 = CARTESIAN_POINT ( 'NONE',  ( -0.8000000000000005995, 0.5935124837953329457, 0.2750000000000000777 ) ) ;
#1421 = LINE ( 'NONE', #2403, #1344 ) ;
#1422 = EDGE_CURVE ( 'NONE', #4215, #3602, #1511, .T. ) ;
#1423 = AXIS2_PLACEMENT_3D ( 'NONE', #4393, #269, #547 ) ;
#1424 = FACE_OUTER_BOUND ( 'NONE', #3097, .T. ) ;
#1425 = EDGE_CURVE ( 'NONE', #2431, #2115, #2996, .T. ) ;
#1426 = CARTESIAN_POINT ( 'NONE',  ( 0.8000000000000005995, 0.2030000000000000138, -0.3749999999999998890 ) ) ;
#1427 = CARTESIAN_POINT ( 'NONE',  ( -3.252606517456514288E-16, 0.05000000000000000278, 0.8000000000000001554 ) ) ;
#1428 = CARTESIAN_POINT ( 'NONE',  ( -4.065758146820650995E-16, 0.05000000000000000278, 0.3750000000000009992 ) ) ;
#1429 = DIRECTION ( 'NONE',  ( 1.084202172485504040E-15, 0.000000000000000000, -1.000000000000000000 ) ) ;
#1430 = CARTESIAN_POINT ( 'NONE',  ( -1.000000000000000666, 0.2030000000000000138, -0.6250000000000001110 ) ) ;
#1431 = FACE_OUTER_BOUND ( 'NONE', #2542, .T. ) ;
#1432 = EDGE_CURVE ( 'NONE', #2717, #1122, #119, .T. ) ;
#1433 = ORIENTED_EDGE ( 'NONE', *, *, #2488, .T. ) ;
#1434 = ADVANCED_FACE ( 'NONE', ( #1493 ), #510, .T. ) ;
#1435 = EDGE_CURVE ( 'NONE', #3473, #1689, #3111, .T. ) ;
#1436 = DIRECTION ( 'NONE',  ( -1.000000000000000000, 0.000000000000000000, -0.000000000000000000 ) ) ;
#1437 = CYLINDRICAL_SURFACE ( 'NONE', #3537, 0.1000000000000000472 ) ;
#1438 = CARTESIAN_POINT ( 'NONE',  ( -1.000000000000000444, 0.000000000000000000, 0.6249999999999998890 ) ) ;
#1439 = ORIENTED_EDGE ( 'NONE', *, *, #2480, .F. ) ;
#1440 = LINE ( 'NONE', #3417, #1306 ) ;
#1441 = LINE ( 'NONE', #954, #2977 ) ;
#1442 = ORIENTED_EDGE ( 'NONE', *, *, #37, .T. ) ;
#1443 = CARTESIAN_POINT ( 'NONE',  ( 0.3999999999999998557, 0.2030000000000000693, 0.7000000000000001776 ) ) ;
#1444 = CARTESIAN_POINT ( 'NONE',  ( 0.7000000000000005107, 0.2030000000000000138, -0.2749999999999998557 ) ) ;
#1445 = PLANE ( 'NONE',  #1058 ) ;
#1446 = DIRECTION ( 'NONE',  ( 0.000000000000000000, 0.000000000000000000, 1.000000000000000000 ) ) ;
#1447 = PRESENTATION_STYLE_ASSIGNMENT (( #151 ) ) ;
#1448 = VECTOR ( 'NONE', #4245, 1000.000000000000000 ) ;
#1449 = ADVANCED_FACE ( 'NONE', ( #1583 ), #3011, .F. ) ;
#1450 = CARTESIAN_POINT ( 'NONE',  ( -1.000000000000000444, 0.000000000000000000, -0.3750000000000001110 ) ) ;
#1451 = AXIS2_PLACEMENT_3D ( 'NONE', #4326, #1923, #3932 ) ;
#1452 = DIRECTION ( 'NONE',  ( -1.000000000000000000, 0.000000000000000000, 1.084202172485504040E-15 ) ) ;
#1453 = CARTESIAN_POINT ( 'NONE',  ( -0.8000000000000005995, 0.2030000000000000138, -0.2249999999999999500 ) ) ;
#1454 = LINE ( 'NONE', #164, #4435 ) ;
#1455 = EDGE_CURVE ( 'NONE', #940, #3506, #130, .T. ) ;
#1456 = ORIENTED_EDGE ( 'NONE', *, *, #3184, .T. ) ;
#1457 = CARTESIAN_POINT ( 'NONE',  ( 1.000000000000000444, 0.2030000000000000138, 0.1249999999999998890 ) ) ;
#1458 = DIRECTION ( 'NONE',  ( 0.000000000000000000, 0.000000000000000000, 1.000000000000000000 ) ) ;
#1459 = ORIENTED_EDGE ( 'NONE', *, *, #2460, .F. ) ;
#1460 = DIRECTION ( 'NONE',  ( 0.000000000000000000, 1.000000000000000000, 0.000000000000000000 ) ) ;
#1461 = CLOSED_SHELL ( 'NONE', ( #3379, #1299, #1503, #1289, #913, #3657, #1664, #2607 ) ) ;
#1462 = CARTESIAN_POINT ( 'NONE',  ( -0.7000000000000005107, 0.000000000000000000, 0.7750000000000001332 ) ) ;
#1463 =( NAMED_UNIT ( * ) PLANE_ANGLE_UNIT ( ) SI_UNIT ( $, .RADIAN. ) );
#1464 = DIRECTION ( 'NONE',  ( -8.673617379884035472E-16, 0.000000000000000000, -1.000000000000000000 ) ) ;
#1465 = EDGE_CURVE ( 'NONE', #620, #3602, #60, .T. ) ;
#1466 = DIRECTION ( 'NONE',  ( 0.000000000000000000, 1.000000000000000000, 0.000000000000000000 ) ) ;
#1467 = VERTEX_POINT ( 'NONE', #441 ) ;
#1468 = CARTESIAN_POINT ( 'NONE',  ( 0.9999999999999993339, 0.05000000000000000278, -1.000000000000000444 ) ) ;
#1469 = DIRECTION ( 'NONE',  ( 0.000000000000000000, 1.000000000000000000, 0.000000000000000000 ) ) ;
#1470 = DIRECTION ( 'NONE',  ( 0.000000000000000000, 1.000000000000000000, 0.000000000000000000 ) ) ;
#1471 = PLANE ( 'NONE',  #3677 ) ;
#1472 = AXIS2_PLACEMENT_3D ( 'NONE', #753, #1466, #1106 ) ;
#1473 = ADVANCED_FACE ( 'NONE', ( #75 ), #2445, .F. ) ;
#1474 = CIRCLE ( 'NONE', #3947, 0.1000000000000000472 ) ;
#1475 = VERTEX_POINT ( 'NONE', #857 ) ;
#1476 = EDGE_CURVE ( 'NONE', #3336, #3793, #3100, .T. ) ;
#1477 =( NAMED_UNIT ( * ) PLANE_ANGLE_UNIT ( ) SI_UNIT ( $, .RADIAN. ) );
#1478 =( GEOMETRIC_REPRESENTATION_CONTEXT ( 3 ) GLOBAL_UNCERTAINTY_ASSIGNED_CONTEXT ( ( #1048 ) ) GLOBAL_UNIT_ASSIGNED_CONTEXT ( ( #2959, #2332, #981 ) ) REPRESENTATION_CONTEXT ( 'NONE', 'WORKASPACE' ) );
#1479 = CARTESIAN_POINT ( 'NONE',  ( -1.000000000000000666, 0.2030000000000000138, 0.3749999999999998890 ) ) ;
#1480 = CARTESIAN_POINT ( 'NONE',  ( -0.7000000000000005107, 0.2030000000000000138, 0.2750000000000000777 ) ) ;
#1481 = PRESENTATION_STYLE_ASSIGNMENT (( #4332 ) ) ;
#1482 = DIRECTION ( 'NONE',  ( 0.000000000000000000, -0.000000000000000000, 1.000000000000000000 ) ) ;
#1483 = DIRECTION ( 'NONE',  ( -0.000000000000000000, -1.000000000000000000, -0.000000000000000000 ) ) ;
#1484 = ORIENTED_EDGE ( 'NONE', *, *, #1476, .F. ) ;
#1485 = VERTEX_POINT ( 'NONE', #1141 ) ;
#1486 = CARTESIAN_POINT ( 'NONE',  ( -0.8000000000000005995, 0.2030000000000000138, 0.3750000000000001110 ) ) ;
#1487 = LINE ( 'NONE', #3543, #1559 ) ;
#1488 = ORIENTED_EDGE ( 'NONE', *, *, #4311, .F. ) ;
#1489 = DIRECTION ( 'NONE',  ( 0.000000000000000000, 1.000000000000000000, 0.000000000000000000 ) ) ;
#1490 = CARTESIAN_POINT ( 'NONE',  ( 1.000000000000000444, 0.2030000000000000138, -0.3750000000000001110 ) ) ;
#1491 = EDGE_CURVE ( 'NONE', #3489, #1958, #3067, .T. ) ;
#1492 = ORIENTED_EDGE ( 'NONE', *, *, #3692, .T. ) ;
#1493 = FACE_OUTER_BOUND ( 'NONE', #1266, .T. ) ;
#1494 =( GEOMETRIC_REPRESENTATION_CONTEXT ( 3 ) GLOBAL_UNCERTAINTY_ASSIGNED_CONTEXT ( ( #66 ) ) GLOBAL_UNIT_ASSIGNED_CONTEXT ( ( #2990, #3960, #537 ) ) REPRESENTATION_CONTEXT ( 'NONE', 'WORKASPACE' ) );
#1495 = PLANE ( 'NONE',  #1175 ) ;
#1496 = ORIENTED_EDGE ( 'NONE', *, *, #967, .F. ) ;
#1497 = CARTESIAN_POINT ( 'NONE',  ( 0.9999999999999993339, 0.05000000000000000278, -1.000000000000000444 ) ) ;
#1498 = EDGE_CURVE ( 'NONE', #3576, #3473, #3031, .T. ) ;
#1499 = CARTESIAN_POINT ( 'NONE',  ( 0.7000000000000005107, 0.2030000000000000138, -0.2249999999999999500 ) ) ;
#1500 = VECTOR ( 'NONE', #388, 1000.000000000000000 ) ;
#1501 = ORIENTED_EDGE ( 'NONE', *, *, #1635, .T. ) ;
#1502 = ORIENTED_EDGE ( 'NONE', *, *, #1729, .T. ) ;
#1503 = ADVANCED_FACE ( 'NONE', ( #104 ), #2526, .F. ) ;
#1504 = PLANE ( 'NONE',  #1762 ) ;
#1505 = PLANE ( 'NONE',  #2321 ) ;
#1506 = CARTESIAN_POINT ( 'NONE',  ( -1.000000000000000666, 0.5935124837953329457, -0.1250000000000001110 ) ) ;
#1507 = ORIENTED_EDGE ( 'NONE', *, *, #4389, .T. ) ;
#1508 = EDGE_CURVE ( 'NONE', #626, #1467, #1519, .T. ) ;
#1509 = ORIENTED_EDGE ( 'NONE', *, *, #1422, .T. ) ;
#1510 = CARTESIAN_POINT ( 'NONE',  ( -0.8000000000000005995, 0.000000000000000000, 0.8750000000000001110 ) ) ;
#1511 = LINE ( 'NONE', #962, #3091 ) ;
#1512 = CARTESIAN_POINT ( 'NONE',  ( 0.8000000000000005995, 0.000000000000000000, -0.8749999999999998890 ) ) ;
#1513 = EDGE_CURVE ( 'NONE', #2876, #3104, #1592, .T. ) ;
#1514 = DIRECTION ( 'NONE',  ( -1.084202172485504434E-16, -0.000000000000000000, -1.000000000000000000 ) ) ;
#1515 = CARTESIAN_POINT ( 'NONE',  ( 0.7000000000000005107, 0.2030000000000000138, -0.7749999999999999112 ) ) ;
#1516 = DIRECTION ( 'NONE',  ( 0.000000000000000000, 0.000000000000000000, -1.000000000000000000 ) ) ;
#1517 = VERTEX_POINT ( 'NONE', #2861 ) ;
#1518 = EDGE_CURVE ( 'NONE', #98, #1972, #3004, .T. ) ;
#1519 = CIRCLE ( 'NONE', #1638, 0.1000000000000000472 ) ;
#1520 = CARTESIAN_POINT ( 'NONE',  ( -0.7000000000000005107, 0.000000000000000000, -0.2249999999999999500 ) ) ;
#1521 = VECTOR ( 'NONE', #1844, 1000.000000000000000 ) ;
#1522 = ORIENTED_EDGE ( 'NONE', *, *, #2599, .F. ) ;
#1523 = AXIS2_PLACEMENT_3D ( 'NONE', #3407, #1661, #1721 ) ;
#1524 = CARTESIAN_POINT ( 'NONE',  ( 0.8000000000000005995, 0.000000000000000000, -0.3749999999999998890 ) ) ;
#1525 = ORIENTED_EDGE ( 'NONE', *, *, #967, .T. ) ;
#1526 = DIRECTION ( 'NONE',  ( 0.000000000000000000, 0.000000000000000000, -1.000000000000000000 ) ) ;
#1527 = LINE ( 'NONE', #2554, #1534 ) ;
#1528 = AXIS2_PLACEMENT_3D ( 'NONE', #684, #3393, #1703 ) ;
#1529 = ORIENTED_EDGE ( 'NONE', *, *, #2338, .T. ) ;
#1530 = CARTESIAN_POINT ( 'NONE',  ( -1.000000000000000666, 0.2030000000000000138, 0.3749999999999998890 ) ) ;
#1531 = ORIENTED_EDGE ( 'NONE', *, *, #3649, .F. ) ;
#1532 = CARTESIAN_POINT ( 'NONE',  ( 0.8000000000000005995, 0.04999999999999999584, -0.2249999999999999500 ) ) ;
#1533 = CARTESIAN_POINT ( 'NONE',  ( 0.7000000000000005107, 0.5935124837953329457, 0.7750000000000001332 ) ) ;
#1534 = VECTOR ( 'NONE', #3248, 1000.000000000000000 ) ;
#1535 = PLANE ( 'NONE',  #3527 ) ;
#1536 = VERTEX_POINT ( 'NONE', #3566 ) ;
#1537 = FILL_AREA_STYLE ('',( #1884 ) ) ;
#1538 = VERTEX_POINT ( 'NONE', #3940 ) ;
#1539 = ADVANCED_FACE ( 'NONE', ( #3026 ), #1495, .F. ) ;
#1540 = DIRECTION ( 'NONE',  ( 0.000000000000000000, 1.000000000000000000, 0.000000000000000000 ) ) ;
#1541 = LINE ( 'NONE', #4023, #1606 ) ;
#1542 = LINE ( 'NONE', #4175, #4443 ) ;
#1543 = EDGE_CURVE ( 'NONE', #2293, #3275, #1623, .T. ) ;
#1544 = EDGE_LOOP ( 'NONE', ( #3935, #2590, #2314, #1304 ) ) ;
#1545 = CARTESIAN_POINT ( 'NONE',  ( -0.7000000000000005107, 0.2030000000000000138, -0.7749999999999999112 ) ) ;
#1546 = CARTESIAN_POINT ( 'NONE',  ( -0.8000000000000005995, 0.2030000000000000138, 0.7750000000000001332 ) ) ;
#1547 = LINE ( 'NONE', #1700, #15 ) ;
#1548 = VERTEX_POINT ( 'NONE', #792 ) ;
#1549 = AXIS2_PLACEMENT_3D ( 'NONE', #2507, #4344, #2956 ) ;
#1550 = VECTOR ( 'NONE', #1554, 1000.000000000000000 ) ;
#1551 = CARTESIAN_POINT ( 'NONE',  ( -0.8000000000000005995, 0.2030000000000000138, -0.1249999999999998890 ) ) ;
#1552 = ORIENTED_EDGE ( 'NONE', *, *, #356, .F. ) ;
#1553 = ADVANCED_FACE ( 'NONE', ( #3141 ), #3116, .T. ) ;
#1554 = DIRECTION ( 'NONE',  ( -8.673617379884035472E-16, 0.000000000000000000, -1.000000000000000000 ) ) ;
#1555 = ORIENTED_EDGE ( 'NONE', *, *, #1000, .F. ) ;
#1556 = PLANE ( 'NONE',  #2537 ) ;
#1557 = DIRECTION ( 'NONE',  ( 0.000000000000000000, -1.000000000000000000, 0.000000000000000000 ) ) ;
#1558 = EDGE_CURVE ( 'NONE', #1581, #3326, #65, .T. ) ;
#1559 = VECTOR ( 'NONE', #3230, 1000.000000000000000 ) ;
#1560 = EDGE_LOOP ( 'NONE', ( #1669, #1828, #3025, #3437 ) ) ;
#1561 = FILL_AREA_STYLE_COLOUR ( '', #4442 ) ;
#1562 = AXIS2_PLACEMENT_3D ( 'NONE', #2547, #195, #3594 ) ;
#1563 = ORIENTED_EDGE ( 'NONE', *, *, #1208, .F. ) ;
#1564 = CARTESIAN_POINT ( 'NONE',  ( -0.7000000000000007327, 0.4964466094067261359, -0.8250000000000005107 ) ) ;
#1565 = VECTOR ( 'NONE', #266, 1000.000000000000000 ) ;
#1566 = CARTESIAN_POINT ( 'NONE',  ( -0.8000000000000005995, 0.2030000000000000138, -0.6249999999999998890 ) ) ;
#1567 = EDGE_CURVE ( 'NONE', #1263, #1686, #1527, .T. ) ;
#1568 = VECTOR ( 'NONE', #1402, 1000.000000000000000 ) ;
#1569 = DIRECTION ( 'NONE',  ( 0.000000000000000000, 0.000000000000000000, -1.000000000000000000 ) ) ;
#1570 = ORIENTED_EDGE ( 'NONE', *, *, #652, .T. ) ;
#1571 = DIRECTION ( 'NONE',  ( -0.000000000000000000, -1.000000000000000000, -0.000000000000000000 ) ) ;
#1572 = VECTOR ( 'NONE', #2585, 1000.000000000000000 ) ;
#1573 = DIRECTION ( 'NONE',  ( 0.000000000000000000, 0.000000000000000000, -1.000000000000000000 ) ) ;
#1574 = EDGE_CURVE ( 'NONE', #3317, #1906, #3053, .T. ) ;
#1575 = ORIENTED_EDGE ( 'NONE', *, *, #692, .F. ) ;
#1576 = DIRECTION ( 'NONE',  ( 0.000000000000000000, 0.000000000000000000, 1.000000000000000000 ) ) ;
#1577 = DIRECTION ( 'NONE',  ( 0.000000000000000000, -1.000000000000000000, 0.000000000000000000 ) ) ;
#1578 = AXIS2_PLACEMENT_3D ( 'NONE', #11, #299, #3065 ) ;
#1579 = CARTESIAN_POINT ( 'NONE',  ( 0.8000000000000005995, 0.2030000000000000138, 0.2250000000000001443 ) ) ;
#1580 = VECTOR ( 'NONE', #735, 1000.000000000000000 ) ;
#1581 = VERTEX_POINT ( 'NONE', #205 ) ;
#1582 = ADVANCED_FACE ( 'NONE', ( #81 ), #4364, .F. ) ;
#1583 = FACE_OUTER_BOUND ( 'NONE', #1285, .T. ) ;
#1584 = DIRECTION ( 'NONE',  ( 0.000000000000000000, 0.000000000000000000, -1.000000000000000000 ) ) ;
#1585 = LINE ( 'NONE', #3530, #1568 ) ;
#1586 = ORIENTED_EDGE ( 'NONE', *, *, #1229, .F. ) ;
#1587 = CARTESIAN_POINT ( 'NONE',  ( 0.4000000000000001332, 0.05000000000000000278, -0.6999999999999997335 ) ) ;
#1588 = ORIENTED_EDGE ( 'NONE', *, *, #1945, .F. ) ;
#1589 = DIRECTION ( 'NONE',  ( -0.000000000000000000, -1.000000000000000000, 0.000000000000000000 ) ) ;
#1590 = PLANE ( 'NONE',  #4080 ) ;
#1591 = UNCERTAINTY_MEASURE_WITH_UNIT (LENGTH_MEASURE( 1.000000000000000082E-05 ), #2612, 'distance_accuracy_value', 'NONE');
#1592 = LINE ( 'NONE', #2919, #138 ) ;
#1593 = CIRCLE ( 'NONE', #3458, 0.1000000000000000472 ) ;
#1594 = EDGE_LOOP ( 'NONE', ( #3311, #1872, #171, #1379 ) ) ;
#1595 = APPLICATION_PROTOCOL_DEFINITION ( 'draft international standard', 'automotive_design', 1998, #449 ) ;
#1596 = ORIENTED_EDGE ( 'NONE', *, *, #4350, .T. ) ;
#1597 = DIRECTION ( 'NONE',  ( 0.000000000000000000, 0.000000000000000000, 1.000000000000000000 ) ) ;
#1598 = VECTOR ( 'NONE', #2088, 1000.000000000000000 ) ;
#1599 = CARTESIAN_POINT ( 'NONE',  ( 1.000000000000000666, 0.2030000000000000138, -0.6250000000000001110 ) ) ;
#1600 = CARTESIAN_POINT ( 'NONE',  ( 0.3999999999999998557, 0.000000000000000000, 0.8000000000000002665 ) ) ;
#1601 = ORIENTED_EDGE ( 'NONE', *, *, #1123, .F. ) ;
#1602 = SURFACE_STYLE_USAGE ( .BOTH. , #957 ) ;
#1603 = ORIENTED_EDGE ( 'NONE', *, *, #180, .F. ) ;
#1604 = EDGE_CURVE ( 'NONE', #1745, #118, #142, .T. ) ;
#1605 = DIRECTION ( 'NONE',  ( -8.673617379884035472E-16, 0.000000000000000000, -1.000000000000000000 ) ) ;
#1606 = VECTOR ( 'NONE', #233, 1000.000000000000000 ) ;
#1607 = FACE_OUTER_BOUND ( 'NONE', #519, .T. ) ;
#1608 = ORIENTED_EDGE ( 'NONE', *, *, #1229, .T. ) ;
#1609 = DIRECTION ( 'NONE',  ( 0.000000000000000000, 1.000000000000000000, 0.000000000000000000 ) ) ;
#1610 = CARTESIAN_POINT ( 'NONE',  ( -0.7000000000000005107, 0.04999999999999999584, -0.2749999999999998557 ) ) ;
#1611 = PLANE ( 'NONE',  #3939 ) ;
#1612 = CARTESIAN_POINT ( 'NONE',  ( 0.8000000000000005995, 0.2030000000000000138, -0.7249999999999999778 ) ) ;
#1613 = CARTESIAN_POINT ( 'NONE',  ( -0.3000000000000001554, 0.04999999999999991257, 0.6999999999999998446 ) ) ;
#1614 = VERTEX_POINT ( 'NONE', #614 ) ;
#1615 = LINE ( 'NONE', #1899, #1565 ) ;
#1616 = FILL_AREA_STYLE ('',( #1298 ) ) ;
#1617 = VERTEX_POINT ( 'NONE', #1524 ) ;
#1618 = EDGE_CURVE ( 'NONE', #2303, #626, #1541, .T. ) ;
#1619 = CARTESIAN_POINT ( 'NONE',  ( -0.7000000000000005107, 0.2030000000000000138, 0.7750000000000001332 ) ) ;
#1620 = ORIENTED_EDGE ( 'NONE', *, *, #722, .F. ) ;
#1621 = DIRECTION ( 'NONE',  ( 0.000000000000000000, 0.000000000000000000, 1.000000000000000000 ) ) ;
#1622 = DIRECTION ( 'NONE',  ( 0.000000000000000000, 0.000000000000000000, 1.000000000000000000 ) ) ;
#1623 = LINE ( 'NONE', #1427, #3021 ) ;
#1624 = AXIS2_PLACEMENT_3D ( 'NONE', #617, #920, #2203 ) ;
#1625 = ORIENTED_EDGE ( 'NONE', *, *, #35, .F. ) ;
#1626 = ORIENTED_EDGE ( 'NONE', *, *, #3824, .F. ) ;
#1627 = EDGE_CURVE ( 'NONE', #626, #3179, #3137, .T. ) ;
#1628 = CARTESIAN_POINT ( 'NONE',  ( 0.8000000000000005995, 0.000000000000000000, -0.7749999999999999112 ) ) ;
#1629 = VECTOR ( 'NONE', #2248, 1000.000000000000000 ) ;
#1630 = EDGE_CURVE ( 'NONE', #3576, #866, #3059, .T. ) ;
#1631 = CARTESIAN_POINT ( 'NONE',  ( -0.8000000000000005995, 0.05000000000000000278, -0.1249999999999998890 ) ) ;
#1632 = ORIENTED_EDGE ( 'NONE', *, *, #1041, .F. ) ;
#1633 = FILL_AREA_STYLE ('',( #1911 ) ) ;
#1634 = ORIENTED_EDGE ( 'NONE', *, *, #3765, .T. ) ;
#1635 = EDGE_CURVE ( 'NONE', #303, #1475, #152, .T. ) ;
#1636 = CARTESIAN_POINT ( 'NONE',  ( 0.9999999999999993339, 4.728427124746191090, -1.000000000000000444 ) ) ;
#1637 = LINE ( 'NONE', #3553, #3177 ) ;
#1638 = AXIS2_PLACEMENT_3D ( 'NONE', #3464, #2152, #3853 ) ;
#1639 = ORIENTED_EDGE ( 'NONE', *, *, #1677, .T. ) ;
#1640 = CARTESIAN_POINT ( 'NONE',  ( 0.8000000000000005995, 0.000000000000000000, -0.7249999999999999778 ) ) ;
#1641 = DIRECTION ( 'NONE',  ( -1.000000000000000000, 0.000000000000000000, -1.084202172485504040E-15 ) ) ;
#1642 = CARTESIAN_POINT ( 'NONE',  ( -1.000000000000000666, 0.000000000000000000, 0.8749999999999998890 ) ) ;
#1643 = ORIENTED_EDGE ( 'NONE', *, *, #1000, .T. ) ;
#1644 = CIRCLE ( 'NONE', #2787, 0.1000000000000000472 ) ;
#1645 = CARTESIAN_POINT ( 'NONE',  ( -1.000000000000000666, 4.728427124746191090, 1.000000000000000222 ) ) ;
#1646 = VERTEX_POINT ( 'NONE', #1587 ) ;
#1647 = ORIENTED_EDGE ( 'NONE', *, *, #3049, .F. ) ;
#1648 = CARTESIAN_POINT ( 'NONE',  ( -0.8000000000000005995, 0.04999999999999999584, 0.2250000000000001443 ) ) ;
#1649 = EDGE_CURVE ( 'NONE', #1034, #3668, #174, .T. ) ;
#1650 = ORIENTED_EDGE ( 'NONE', *, *, #3926, .F. ) ;
#1651 = EDGE_LOOP ( 'NONE', ( #4070, #2449, #2140, #2102 ) ) ;
#1652 = AXIS2_PLACEMENT_3D ( 'NONE', #3920, #125, #453 ) ;
#1653 = CIRCLE ( 'NONE', #2421, 0.1000000000000000472 ) ;
#1654 = PLANE ( 'NONE',  #4137 ) ;
#1655 = DIRECTION ( 'NONE',  ( 1.000000000000000000, -0.000000000000000000, 1.084202172485504040E-15 ) ) ;
#1656 = DIRECTION ( 'NONE',  ( -1.000000000000000000, 0.000000000000000000, 1.084202172485504040E-15 ) ) ;
#1657 = ORIENTED_EDGE ( 'NONE', *, *, #2718, .F. ) ;
#1658 = DIRECTION ( 'NONE',  ( 0.000000000000000000, 1.000000000000000000, 0.000000000000000000 ) ) ;
#1659 = EDGE_CURVE ( 'NONE', #1704, #3952, #1615, .T. ) ;
#1660 = ORIENTED_EDGE ( 'NONE', *, *, #381, .F. ) ;
#1661 = DIRECTION ( 'NONE',  ( -1.084202172485504040E-15, 0.000000000000000000, -1.000000000000000000 ) ) ;
#1662 = CIRCLE ( 'NONE', #975, 0.1000000000000000472 ) ;
#1663 = CARTESIAN_POINT ( 'NONE',  ( 6.776263578034418490E-16, 0.05000000000000000278, 0.6250000000000009992 ) ) ;
#1664 = ADVANCED_FACE ( 'NONE', ( #3084 ), #3280, .F. ) ;
#1665 = EDGE_LOOP ( 'NONE', ( #2213, #917, #3908, #2072 ) ) ;
#1666 = PLANE ( 'NONE',  #1679 ) ;
#1667 = DIRECTION ( 'NONE',  ( 0.000000000000000000, 0.000000000000000000, -1.000000000000000000 ) ) ;
#1668 = DIRECTION ( 'NONE',  ( 0.000000000000000000, 0.000000000000000000, 1.000000000000000000 ) ) ;
#1669 = ORIENTED_EDGE ( 'NONE', *, *, #3400, .F. ) ;
#1671 = MANIFOLD_SOLID_BREP ( 'LPattern2[2]', #901 ) ;
#1670 = VECTOR ( 'NONE', #4232, 1000.000000000000000 ) ;
#1672 = DIRECTION ( 'NONE',  ( 0.000000000000000000, 1.000000000000000000, 0.000000000000000000 ) ) ;
#1673 = ORIENTED_EDGE ( 'NONE', *, *, #3738, .F. ) ;
#1674 = ORIENTED_EDGE ( 'NONE', *, *, #4447, .F. ) ;
#1675 =( NAMED_UNIT ( * ) PLANE_ANGLE_UNIT ( ) SI_UNIT ( $, .RADIAN. ) );
#1676 = FACE_OUTER_BOUND ( 'NONE', #3763, .T. ) ;
#1677 = EDGE_CURVE ( 'NONE', #1842, #1034, #1736, .T. ) ;
#1678 = EDGE_LOOP ( 'NONE', ( #2048, #3680 ) ) ;
#1679 = AXIS2_PLACEMENT_3D ( 'NONE', #1053, #333, #2020 ) ;
#1680 = AXIS2_PLACEMENT_3D ( 'NONE', #418, #3139, #1380 ) ;
#1681 = VERTEX_POINT ( 'NONE', #1921 ) ;
#1682 = LINE ( 'NONE', #1127, #1670 ) ;
#1683 = DIRECTION ( 'NONE',  ( 0.000000000000000000, 1.000000000000000000, 0.000000000000000000 ) ) ;
#1684 = DIRECTION ( 'NONE',  ( 1.000000000000000000, 0.000000000000000000, 0.000000000000000000 ) ) ;
#1685 = CARTESIAN_POINT ( 'NONE',  ( -0.8000000000000005995, 0.2030000000000000138, -0.7749999999999999112 ) ) ;
#1686 = VERTEX_POINT ( 'NONE', #1322 ) ;
#1687 = DIRECTION ( 'NONE',  ( -0.000000000000000000, -1.000000000000000000, -0.000000000000000000 ) ) ;
#1688 = AXIS2_PLACEMENT_3D ( 'NONE', #3190, #3496, #832 ) ;
#1689 = VERTEX_POINT ( 'NONE', #308 ) ;
#1690 = CARTESIAN_POINT ( 'NONE',  ( -0.8000000000000005995, 0.2030000000000000138, 0.6250000000000001110 ) ) ;
#1691 = LINE ( 'NONE', #2657, #3226 ) ;
#1692 = EDGE_LOOP ( 'NONE', ( #976, #708, #2101, #533, #681, #3567, #2027, #830 ) ) ;
#1693 = DIRECTION ( 'NONE',  ( -1.084202172485504434E-16, -0.000000000000000000, -1.000000000000000000 ) ) ;
#1694 = CARTESIAN_POINT ( 'NONE',  ( 0.7000000000000005107, 0.2030000000000000138, -0.7249999999999999778 ) ) ;
#1695 = DIRECTION ( 'NONE',  ( 0.000000000000000000, 1.000000000000000000, 0.000000000000000000 ) ) ;
#1696 = CARTESIAN_POINT ( 'NONE',  ( -0.8000000000000005995, 0.2030000000000000138, 0.3750000000000001110 ) ) ;
#1697 = DIRECTION ( 'NONE',  ( -1.084202172485503842E-15, 0.000000000000000000, 1.000000000000000000 ) ) ;
#1698 = EDGE_LOOP ( 'NONE', ( #604, #3554 ) ) ;
#1699 = VECTOR ( 'NONE', #1514, 1000.000000000000000 ) ;
#1700 = CARTESIAN_POINT ( 'NONE',  ( -0.8000000000000005995, 0.2030000000000000138, -0.6249999999999998890 ) ) ;
#1701 = ADVANCED_FACE ( 'NONE', ( #1756 ), #1025, .F. ) ;
#1702 = VERTEX_POINT ( 'NONE', #2305 ) ;
#1703 = DIRECTION ( 'NONE',  ( 0.000000000000000000, -0.000000000000000000, 1.000000000000000000 ) ) ;
#1704 = VERTEX_POINT ( 'NONE', #3432 ) ;
#1705 = DIRECTION ( 'NONE',  ( 1.355252715606880789E-16, 0.000000000000000000, -1.000000000000000000 ) ) ;
#1706 = EDGE_CURVE ( 'NONE', #1538, #2207, #232, .T. ) ;
#1707 = ADVANCED_BREP_SHAPE_REPRESENTATION ( 'TQP3M9036', ( #996, #3299, #3840, #974, #1671, #4061, #4342, #2412, #4173, #2796, #1350, #2159 ), #3314 ) ;
#1708 = DIRECTION ( 'NONE',  ( -0.000000000000000000, -1.000000000000000000, 0.000000000000000000 ) ) ;
#1709 = AXIS2_PLACEMENT_3D ( 'NONE', #4272, #3883, #2527 ) ;
#1710 = VERTEX_POINT ( 'NONE', #3387 ) ;
#1711 = EDGE_LOOP ( 'NONE', ( #3285, #3082, #1235, #3050 ) ) ;
#1712 = EDGE_CURVE ( 'NONE', #3456, #3275, #247, .T. ) ;
#1713 = CARTESIAN_POINT ( 'NONE',  ( -1.000000000000000444, 0.2030000000000000138, 0.6249999999999998890 ) ) ;
#1714 = DIRECTION ( 'NONE',  ( 0.000000000000000000, 0.000000000000000000, 1.000000000000000000 ) ) ;
#1715 = DIRECTION ( 'NONE',  ( -1.084202172485504040E-15, 0.000000000000000000, -1.000000000000000000 ) ) ;
#1716 = CARTESIAN_POINT ( 'NONE',  ( -0.8000000000000005995, 0.04999999999999999584, 0.7250000000000001998 ) ) ;
#1717 = CARTESIAN_POINT ( 'NONE',  ( 0.8000000000000005995, 0.2030000000000000138, 0.3750000000000001110 ) ) ;
#1718 = ORIENTED_EDGE ( 'NONE', *, *, #3589, .T. ) ;
#1719 = DIRECTION ( 'NONE',  ( 0.000000000000000000, 0.000000000000000000, 1.000000000000000000 ) ) ;
#1720 = ORIENTED_EDGE ( 'NONE', *, *, #1936, .T. ) ;
#1721 = DIRECTION ( 'NONE',  ( -1.000000000000000000, 0.000000000000000000, 1.084202172485504040E-15 ) ) ;
#1722 = CIRCLE ( 'NONE', #2955, 0.1000000000000000472 ) ;
#1723 = ORIENTED_EDGE ( 'NONE', *, *, #1220, .F. ) ;
#1724 = SURFACE_SIDE_STYLE ('',( #2763 ) ) ;
#1725 = CARTESIAN_POINT ( 'NONE',  ( -0.8000000000000005995, 0.5935124837953329457, -0.6249999999999998890 ) ) ;
#1726 = DIRECTION ( 'NONE',  ( 0.000000000000000000, 0.000000000000000000, -1.000000000000000000 ) ) ;
#1727 = PLANE ( 'NONE',  #2631 ) ;
#1728 = CLOSED_SHELL ( 'NONE', ( #4359, #2313, #4436, #1826, #4394, #1539, #1207, #1237 ) ) ;
#1729 = EDGE_CURVE ( 'NONE', #2704, #2974, #3147, .T. ) ;
#1730 = FACE_OUTER_BOUND ( 'NONE', #2156, .T. ) ;
#1731 = SURFACE_SIDE_STYLE ('',( #4397 ) ) ;
#1732 = ORIENTED_EDGE ( 'NONE', *, *, #236, .F. ) ;
#1733 = ORIENTED_EDGE ( 'NONE', *, *, #1491, .F. ) ;
#1734 = EDGE_CURVE ( 'NONE', #1034, #865, #1722, .T. ) ;
#1735 = CARTESIAN_POINT ( 'NONE',  ( 0.7000000000000005107, 0.5935124837953329457, -0.7249999999999999778 ) ) ;
#1736 = LINE ( 'NONE', #1619, #3171 ) ;
#1737 = AXIS2_PLACEMENT_3D ( 'NONE', #770, #3832, #2136 ) ;
#1738 = ADVANCED_FACE ( 'NONE', ( #1676 ), #1666, .T. ) ;
#1739 = ORIENTED_EDGE ( 'NONE', *, *, #949, .F. ) ;
#1740 = AXIS2_PLACEMENT_3D ( 'NONE', #984, #4039, #3713 ) ;
#1741 = ORIENTED_EDGE ( 'NONE', *, *, #2451, .T. ) ;
#1742 = CARTESIAN_POINT ( 'NONE',  ( -0.1999999999999989564, 1.991854381999832224, -0.7999999999999999334 ) ) ;
#1743 = DIRECTION ( 'NONE',  ( -1.000000000000000000, -0.000000000000000000, 1.084202172485505223E-15 ) ) ;
#1744 = AXIS2_PLACEMENT_3D ( 'NONE', #3377, #1040, #2744 ) ;
#1745 = VERTEX_POINT ( 'NONE', #2720 ) ;
#1746 = DIRECTION ( 'NONE',  ( 0.000000000000000000, 1.000000000000000000, 0.000000000000000000 ) ) ;
#1747 = ORIENTED_EDGE ( 'NONE', *, *, #1734, .T. ) ;
#1748 = CARTESIAN_POINT ( 'NONE',  ( -0.7000000000000007327, 0.4964466094067261359, -0.5750000000000005107 ) ) ;
#1749 = ORIENTED_EDGE ( 'NONE', *, *, #795, .T. ) ;
#1750 = CARTESIAN_POINT ( 'NONE',  ( -0.3000000000000001554, 1.991854381999832224, 0.6999999999999998446 ) ) ;
#1751 = DIRECTION ( 'NONE',  ( -8.673617379884036458E-16, 0.000000000000000000, -1.000000000000000000 ) ) ;
#1752 = DIRECTION ( 'NONE',  ( -1.000000000000000000, 0.000000000000000000, -1.084202172485504040E-15 ) ) ;
#1753 = DIRECTION ( 'NONE',  ( -0.000000000000000000, -1.000000000000000000, -0.000000000000000000 ) ) ;
#1754 = CARTESIAN_POINT ( 'NONE',  ( -1.000000000000000666, 0.2030000000000000138, 0.8749999999999998890 ) ) ;
#1755 = VERTEX_POINT ( 'NONE', #2399 ) ;
#1756 = FACE_OUTER_BOUND ( 'NONE', #68, .T. ) ;
#1757 = DIRECTION ( 'NONE',  ( -0.000000000000000000, -1.000000000000000000, -0.000000000000000000 ) ) ;
#1758 = ORIENTED_EDGE ( 'NONE', *, *, #2923, .F. ) ;
#1759 = EDGE_CURVE ( 'NONE', #4058, #1536, #292, .T. ) ;
#1760 = CARTESIAN_POINT ( 'NONE',  ( -0.8000000000000005995, 0.2030000000000000138, 0.1250000000000001110 ) ) ;
#1761 = VERTEX_POINT ( 'NONE', #2374 ) ;
#1762 = AXIS2_PLACEMENT_3D ( 'NONE', #1533, #1148, #2190 ) ;
#1763 = CARTESIAN_POINT ( 'NONE',  ( -1.000000000000000666, 0.9499999999999998446, -0.9999999999999997780 ) ) ;
#1764 = CYLINDRICAL_SURFACE ( 'NONE', #2855, 0.1000000000000000472 ) ;
#1765 = CARTESIAN_POINT ( 'NONE',  ( -0.8000000000000005995, 0.2030000000000000138, -0.3749999999999998890 ) ) ;
#1766 = ORIENTED_EDGE ( 'NONE', *, *, #3491, .F. ) ;
#1767 = EDGE_CURVE ( 'NONE', #3373, #1614, #1662, .T. ) ;
#1768 = ORIENTED_EDGE ( 'NONE', *, *, #270, .F. ) ;
#1769 = VECTOR ( 'NONE', #4425, 1000.000000000000000 ) ;
#1770 = DIRECTION ( 'NONE',  ( 0.000000000000000000, 0.000000000000000000, 1.000000000000000000 ) ) ;
#1771 = EDGE_CURVE ( 'NONE', #2125, #3326, #3245, .T. ) ;
#1772 = DIRECTION ( 'NONE',  ( 1.000000000000000000, 0.000000000000000000, -1.084202172485505223E-15 ) ) ;
#1773 = ADVANCED_FACE ( 'NONE', ( #196 ), #3045, .F. ) ;
#1774 = DIRECTION ( 'NONE',  ( 1.000000000000000000, 0.000000000000000000, -1.084202172485504040E-15 ) ) ;
#1775 = VERTEX_POINT ( 'NONE', #4118 ) ;
#1776 = VERTEX_POINT ( 'NONE', #2340 ) ;
#1777 = PLANE ( 'NONE',  #1388 ) ;
#1778 = EDGE_CURVE ( 'NONE', #3631, #3126, #228, .T. ) ;
#1779 = VERTEX_POINT ( 'NONE', #1610 ) ;
#1780 = DIRECTION ( 'NONE',  ( -0.000000000000000000, 1.000000000000000000, -0.000000000000000000 ) ) ;
#1781 = DIRECTION ( 'NONE',  ( 0.000000000000000000, 0.000000000000000000, 1.000000000000000000 ) ) ;
#1782 = CARTESIAN_POINT ( 'NONE',  ( 0.7000000000000005107, 0.2030000000000000138, 0.7750000000000001332 ) ) ;
#1783 = DIRECTION ( 'NONE',  ( 0.000000000000000000, 0.000000000000000000, 1.000000000000000000 ) ) ;
#1784 = CARTESIAN_POINT ( 'NONE',  ( -0.8000000000000005995, 0.5935124837953329457, -0.3749999999999998890 ) ) ;
#1785 = ORIENTED_EDGE ( 'NONE', *, *, #2215, .T. ) ;
#1786 = EDGE_CURVE ( 'NONE', #3731, #2263, #3236, .T. ) ;
#1787 = VECTOR ( 'NONE', #3805, 1000.000000000000000 ) ;
#1788 = CARTESIAN_POINT ( 'NONE',  ( -0.8000000000000005995, 0.5935124837953329457, -0.7749999999999999112 ) ) ;
#1789 = ORIENTED_EDGE ( 'NONE', *, *, #1945, .T. ) ;
#1790 = EDGE_CURVE ( 'NONE', #298, #2751, #1691, .T. ) ;
#1791 = EDGE_CURVE ( 'NONE', #624, #3639, #1644, .T. ) ;
#1792 = AXIS2_PLACEMENT_3D ( 'NONE', #2540, #560, #3976 ) ;
#1793 = CARTESIAN_POINT ( 'NONE',  ( -0.8000000000000005995, 0.5935124837953329457, 0.3750000000000001110 ) ) ;
#1794 = ADVANCED_FACE ( 'NONE', ( #3198 ), #1764, .T. ) ;
#1795 = VERTEX_POINT ( 'NONE', #638 ) ;
#1796 = DIRECTION ( 'NONE',  ( 0.000000000000000000, -1.000000000000000000, 0.000000000000000000 ) ) ;
#1797 = DIRECTION ( 'NONE',  ( -1.355252715606880789E-16, 0.000000000000000000, 1.000000000000000000 ) ) ;
#1798 = CIRCLE ( 'NONE', #3894, 0.1250000000000000000 ) ;
#1799 = DIRECTION ( 'NONE',  ( 2.710505431213761085E-16, 0.000000000000000000, -1.000000000000000000 ) ) ;
#1800 = ORIENTED_EDGE ( 'NONE', *, *, #2841, .T. ) ;
#1801 = CARTESIAN_POINT ( 'NONE',  ( 0.9999999999999993339, 0.05000000000000000278, -0.1250000000000001110 ) ) ;
#1802 = ORIENTED_EDGE ( 'NONE', *, *, #2372, .F. ) ;
#1803 = VECTOR ( 'NONE', #3350, 1000.000000000000000 ) ;
#1804 = CARTESIAN_POINT ( 'NONE',  ( -0.8000000000000005995, 0.04999999999999999584, -0.8749999999999998890 ) ) ;
#1805 = CARTESIAN_POINT ( 'NONE',  ( -0.8000000000000005995, 0.2030000000000000138, -0.8749999999999998890 ) ) ;
#1806 = DIRECTION ( 'NONE',  ( 0.000000000000000000, -1.000000000000000000, 0.000000000000000000 ) ) ;
#1807 = ORIENTED_EDGE ( 'NONE', *, *, #1917, .T. ) ;
#1808 = ORIENTED_EDGE ( 'NONE', *, *, #4113, .T. ) ;
#1809 = EDGE_CURVE ( 'NONE', #4235, #262, #3156, .T. ) ;
#1810 = FACE_OUTER_BOUND ( 'NONE', #2730, .T. ) ;
#1811 = AXIS2_PLACEMENT_3D ( 'NONE', #1784, #3998, #475 ) ;
#1812 = ORIENTED_EDGE ( 'NONE', *, *, #1226, .T. ) ;
#1813 = DIRECTION ( 'NONE',  ( 0.000000000000000000, -0.000000000000000000, 1.000000000000000000 ) ) ;
#1814 = DIRECTION ( 'NONE',  ( 0.000000000000000000, 1.000000000000000000, 0.000000000000000000 ) ) ;
#1815 = CARTESIAN_POINT ( 'NONE',  ( -1.000000000000000444, 0.2030000000000000138, -0.3750000000000001110 ) ) ;
#1816 = ORIENTED_EDGE ( 'NONE', *, *, #2109, .F. ) ;
#1817 = EDGE_CURVE ( 'NONE', #3602, #1335, #301, .T. ) ;
#1818 = ORIENTED_EDGE ( 'NONE', *, *, #291, .T. ) ;
#1819 = DIRECTION ( 'NONE',  ( -8.673617379884035472E-16, -0.000000000000000000, 1.000000000000000000 ) ) ;
#1820 = ORIENTED_EDGE ( 'NONE', *, *, #1116, .T. ) ;
#1821 = PLANE ( 'NONE',  #1549 ) ;
#1822 = DIRECTION ( 'NONE',  ( 0.000000000000000000, -1.000000000000000000, 0.000000000000000000 ) ) ;
#1823 = LINE ( 'NONE', #3119, #409 ) ;
#1824 = EDGE_LOOP ( 'NONE', ( #295, #2, #4252, #1258 ) ) ;
#1825 = VERTEX_POINT ( 'NONE', #3180 ) ;
#1826 = ADVANCED_FACE ( 'NONE', ( #1730 ), #101, .F. ) ;
#1827 = DIRECTION ( 'NONE',  ( 0.000000000000000000, -1.000000000000000000, 0.000000000000000000 ) ) ;
#1828 = ORIENTED_EDGE ( 'NONE', *, *, #4191, .F. ) ;
#1829 = EDGE_CURVE ( 'NONE', #728, #756, #1682, .T. ) ;
#1830 = DIRECTION ( 'NONE',  ( 1.000000000000000000, 0.000000000000000000, -1.084202172485505223E-15 ) ) ;
#1831 = DIRECTION ( 'NONE',  ( 0.000000000000000000, 0.000000000000000000, 1.000000000000000000 ) ) ;
#1832 = PLANE ( 'NONE',  #3077 ) ;
#1833 = VERTEX_POINT ( 'NONE', #72 ) ;
#1834 =( GEOMETRIC_REPRESENTATION_CONTEXT ( 3 ) GLOBAL_UNCERTAINTY_ASSIGNED_CONTEXT ( ( #2995 ) ) GLOBAL_UNIT_ASSIGNED_CONTEXT ( ( #4296, #1463, #168 ) ) REPRESENTATION_CONTEXT ( 'NONE', 'WORKASPACE' ) );
#1835 = EDGE_LOOP ( 'NONE', ( #3768, #123, #3013, #1854 ) ) ;
#1836 = AXIS2_PLACEMENT_3D ( 'NONE', #4415, #2608, #3754 ) ;
#1837 = ORIENTED_EDGE ( 'NONE', *, *, #1095, .F. ) ;
#1838 = AXIS2_PLACEMENT_3D ( 'NONE', #3334, #2277, #3023 ) ;
#1839 = EDGE_CURVE ( 'NONE', #542, #3668, #214, .T. ) ;
#1840 = CYLINDRICAL_SURFACE ( 'NONE', #517, 0.1000000000000000472 ) ;
#1841 = ADVANCED_FACE ( 'NONE', ( #311 ), #4264, .F. ) ;
#1842 = VERTEX_POINT ( 'NONE', #2202 ) ;
#1843 = VERTEX_POINT ( 'NONE', #2546 ) ;
#1844 = DIRECTION ( 'NONE',  ( -1.000000000000000000, 0.000000000000000000, 1.084202172485504040E-15 ) ) ;
#1845 = EDGE_CURVE ( 'NONE', #784, #4287, #240, .T. ) ;
#1846 = CARTESIAN_POINT ( 'NONE',  ( -0.8000000000000005995, 0.04999999999999999584, 0.2750000000000000777 ) ) ;
#1847 = DIRECTION ( 'NONE',  ( -1.084202172485504434E-16, -0.000000000000000000, -1.000000000000000000 ) ) ;
#1848 = CARTESIAN_POINT ( 'NONE',  ( 0.8000000000000005995, 0.2030000000000000138, -0.2249999999999999500 ) ) ;
#1849 = AXIS2_PLACEMENT_3D ( 'NONE', #1612, #2660, #3360 ) ;
#1850 = VERTEX_POINT ( 'NONE', #3592 ) ;
#1851 = EDGE_CURVE ( 'NONE', #2761, #1825, #190, .T. ) ;
#1852 = VECTOR ( 'NONE', #2294, 1000.000000000000000 ) ;
#1853 = AXIS2_PLACEMENT_3D ( 'NONE', #1171, #1469, #1781 ) ;
#1854 = ORIENTED_EDGE ( 'NONE', *, *, #1132, .F. ) ;
#1855 = DIRECTION ( 'NONE',  ( -0.000000000000000000, -1.000000000000000000, 0.000000000000000000 ) ) ;
#1856 = ORIENTED_EDGE ( 'NONE', *, *, #4131, .T. ) ;
#1857 = PLANE ( 'NONE',  #2691 ) ;
#1858 = CARTESIAN_POINT ( 'NONE',  ( 0.9999999999999993339, 0.9499999999999998446, -1.000000000000000444 ) ) ;
#1859 = FACE_OUTER_BOUND ( 'NONE', #774, .T. ) ;
#1860 = SURFACE_SIDE_STYLE ('',( #679 ) ) ;
#1861 = VERTEX_POINT ( 'NONE', #167 ) ;
#1862 = CARTESIAN_POINT ( 'NONE',  ( -0.8000000000000005995, 0.5935124837953329457, 0.1250000000000001110 ) ) ;
#1863 = ORIENTED_EDGE ( 'NONE', *, *, #629, .T. ) ;
#1864 = VECTOR ( 'NONE', #627, 1000.000000000000000 ) ;
#1865 = DIRECTION ( 'NONE',  ( 0.000000000000000000, 1.000000000000000000, 0.000000000000000000 ) ) ;
#1866 = FILL_AREA_STYLE_COLOUR ( '', #4199 ) ;
#1867 = DIRECTION ( 'NONE',  ( -0.000000000000000000, -1.000000000000000000, -0.000000000000000000 ) ) ;
#1868 = ORIENTED_EDGE ( 'NONE', *, *, #153, .F. ) ;
#1869 = EDGE_CURVE ( 'NONE', #2747, #2459, #1653, .T. ) ;
#1870 = AXIS2_PLACEMENT_3D ( 'NONE', #1628, #4167, #2145 ) ;
#1871 = LINE ( 'NONE', #4192, #335 ) ;
#1872 = ORIENTED_EDGE ( 'NONE', *, *, #1649, .T. ) ;
#1873 = CARTESIAN_POINT ( 'NONE',  ( 0.9999999999999993339, 0.05000000000000000278, -1.000000000000000444 ) ) ;
#1874 = EDGE_CURVE ( 'NONE', #3511, #1704, #284, .T. ) ;
#1875 = DIRECTION ( 'NONE',  ( 1.000000000000000000, -0.000000000000000000, 2.710505431213761085E-16 ) ) ;
#1876 = LINE ( 'NONE', #1763, #3374 ) ;
#1877 = PRODUCT_CONTEXT ( 'NONE', #449, 'mechanical' ) ;
#1878 = ORIENTED_EDGE ( 'NONE', *, *, #669, .F. ) ;
#1879 = CARTESIAN_POINT ( 'NONE',  ( -0.8000000000000005995, 0.000000000000000000, 0.8750000000000001110 ) ) ;
#1880 = DIRECTION ( 'NONE',  ( 1.000000000000000000, 0.000000000000000000, 1.084202172485505223E-15 ) ) ;
#1881 = DIRECTION ( 'NONE',  ( 0.000000000000000000, 1.000000000000000000, 0.000000000000000000 ) ) ;
#1882 = CARTESIAN_POINT ( 'NONE',  ( -0.7000000000000007327, 0.9499999999999999556, -0.7000000000000005107 ) ) ;
#1883 = LINE ( 'NONE', #2839, #451 ) ;
#1884 = FILL_AREA_STYLE_COLOUR ( '', #2266 ) ;
#1885 = AXIS2_PLACEMENT_3D ( 'NONE', #3474, #395, #2865 ) ;
#1886 = EDGE_LOOP ( 'NONE', ( #3170, #272, #1741, #288 ) ) ;
#1887 = EDGE_CURVE ( 'NONE', #261, #3681, #3283, .T. ) ;
#1888 = CARTESIAN_POINT ( 'NONE',  ( 0.8000000000000005995, 0.5935124837953329457, 0.6250000000000001110 ) ) ;
#1889 = ADVANCED_FACE ( 'NONE', ( #3287 ), #203, .T. ) ;
#1890 = EDGE_CURVE ( 'NONE', #2064, #3269, #321, .T. ) ;
#1891 = CIRCLE ( 'NONE', #4193, 0.1000000000000000472 ) ;
#1892 = CARTESIAN_POINT ( 'NONE',  ( -0.8000000000000005995, 0.2030000000000000138, -0.2749999999999998557 ) ) ;
#1893 = DIRECTION ( 'NONE',  ( -0.000000000000000000, -1.000000000000000000, -0.000000000000000000 ) ) ;
#1894 = VERTEX_POINT ( 'NONE', #2007 ) ;
#1895 = EDGE_CURVE ( 'NONE', #3538, #3465, #1637, .T. ) ;
#1896 = AXIS2_PLACEMENT_3D ( 'NONE', #3088, #808, #1458 ) ;
#1897 = CARTESIAN_POINT ( 'NONE',  ( 1.000000000000000666, 0.2030000000000000138, 0.8749999999999998890 ) ) ;
#1898 = ORIENTED_EDGE ( 'NONE', *, *, #744, .F. ) ;
#1899 = CARTESIAN_POINT ( 'NONE',  ( 0.9999999999999993339, 4.728427124746191090, -1.000000000000000444 ) ) ;
#1900 = CARTESIAN_POINT ( 'NONE',  ( -0.3999999999999999667, 0.2030000000000000693, -0.5999999999999998668 ) ) ;
#1901 = CARTESIAN_POINT ( 'NONE',  ( -0.3000000000000002665, 1.991854381999832224, 0.7999999999999999334 ) ) ;
#1902 = EDGE_CURVE ( 'NONE', #2323, #2223, #3185, .T. ) ;
#1903 = ADVANCED_FACE ( 'NONE', ( #403 ), #3322, .T. ) ;
#1904 = STYLED_ITEM ( 'NONE', ( #3775 ), #996 ) ;
#1905 = VECTOR ( 'NONE', #4009, 1000.000000000000000 ) ;
#1906 = VERTEX_POINT ( 'NONE', #1412 ) ;
#1907 = EDGE_LOOP ( 'NONE', ( #1407, #4383, #14, #3279, #319, #3244 ) ) ;
#1908 = CARTESIAN_POINT ( 'NONE',  ( 1.000000000000000666, 0.2030000000000000138, -0.1250000000000001110 ) ) ;
#1909 = DIRECTION ( 'NONE',  ( 0.000000000000000000, 0.000000000000000000, -1.000000000000000000 ) ) ;
#1910 = LINE ( 'NONE', #3318, #391 ) ;
#1911 = FILL_AREA_STYLE_COLOUR ( '', #2205 ) ;
#1912 = ADVANCED_FACE ( 'NONE', ( #3415 ), #713, .F. ) ;
#1913 = ORIENTED_EDGE ( 'NONE', *, *, #1123, .T. ) ;
#1914 = UNCERTAINTY_MEASURE_WITH_UNIT (LENGTH_MEASURE( 1.000000000000000082E-05 ), #51, 'distance_accuracy_value', 'NONE');
#1915 = EDGE_LOOP ( 'NONE', ( #3090, #38, #1239, #2214 ) ) ;
#1916 = CARTESIAN_POINT ( 'NONE',  ( 0.7000000000000005107, 0.2030000000000000138, 0.7750000000000001332 ) ) ;
#1917 = EDGE_CURVE ( 'NONE', #261, #943, #1876, .T. ) ;
#1918 = MECHANICAL_DESIGN_GEOMETRIC_PRESENTATION_REPRESENTATION (  '', ( #3109 ), #122 ) ;
#1919 = VECTOR ( 'NONE', #490, 1000.000000000000000 ) ;
#1920 = DIRECTION ( 'NONE',  ( 0.000000000000000000, -1.000000000000000000, 0.000000000000000000 ) ) ;
#1921 = CARTESIAN_POINT ( 'NONE',  ( 0.8000000000000005995, 0.000000000000000000, 0.3750000000000001110 ) ) ;
#1922 = CARTESIAN_POINT ( 'NONE',  ( -0.7000000000000005107, 0.2030000000000000138, -0.2749999999999998557 ) ) ;
#1923 = DIRECTION ( 'NONE',  ( -0.000000000000000000, -1.000000000000000000, -0.000000000000000000 ) ) ;
#1924 = ORIENTED_EDGE ( 'NONE', *, *, #3653, .T. ) ;
#1925 = AXIS2_PLACEMENT_3D ( 'NONE', #2360, #1280, #1597 ) ;
#1926 = ORIENTED_EDGE ( 'NONE', *, *, #1706, .F. ) ;
#1927 = DIRECTION ( 'NONE',  ( -1.000000000000000000, 0.000000000000000000, -1.084202172485504040E-15 ) ) ;
#1928 = VECTOR ( 'NONE', #3580, 1000.000000000000000 ) ;
#1929 = ORIENTED_EDGE ( 'NONE', *, *, #2109, .T. ) ;
#1930 = CARTESIAN_POINT ( 'NONE',  ( 0.8000000000000005995, 0.000000000000000000, -0.7249999999999999778 ) ) ;
#1931 = CARTESIAN_POINT ( 'NONE',  ( -0.8000000000000005995, 0.000000000000000000, 0.7750000000000001332 ) ) ;
#1932 = DIRECTION ( 'NONE',  ( -0.000000000000000000, 1.000000000000000000, -0.000000000000000000 ) ) ;
#1933 = ORIENTED_EDGE ( 'NONE', *, *, #3589, .F. ) ;
#1934 = LINE ( 'NONE', #2807, #469 ) ;
#1935 = FACE_OUTER_BOUND ( 'NONE', #743, .T. ) ;
#1936 = EDGE_CURVE ( 'NONE', #2392, #756, #3429, .T. ) ;
#1937 = EDGE_LOOP ( 'NONE', ( #647, #1104, #2085, #1096 ) ) ;
#1938 = ORIENTED_EDGE ( 'NONE', *, *, #3321, .T. ) ;
#1939 = ADVANCED_FACE ( 'NONE', ( #1810 ), #1066, .T. ) ;
#1940 = CARTESIAN_POINT ( 'NONE',  ( 0.8000000000000005995, 0.2030000000000000138, 0.8750000000000001110 ) ) ;
#1941 = DIRECTION ( 'NONE',  ( 0.000000000000000000, 1.000000000000000000, 0.000000000000000000 ) ) ;
#1942 = EDGE_CURVE ( 'NONE', #327, #1126, #3390, .T. ) ;
#1943 = VECTOR ( 'NONE', #838, 1000.000000000000000 ) ;
#1944 = ORIENTED_EDGE ( 'NONE', *, *, #801, .F. ) ;
#1945 = EDGE_CURVE ( 'NONE', #3356, #1538, #353, .T. ) ;
#1946 = ORIENTED_EDGE ( 'NONE', *, *, #3804, .F. ) ;
#1947 = ORIENTED_EDGE ( 'NONE', *, *, #1455, .T. ) ;
#1948 = PLANE ( 'NONE',  #461 ) ;
#1949 = EDGE_CURVE ( 'NONE', #2323, #3489, #1871, .T. ) ;
#1950 = CIRCLE ( 'NONE', #4254, 0.1000000000000000472 ) ;
#1951 = CARTESIAN_POINT ( 'NONE',  ( 0.3999999999999999112, 0.05000000000000000278, 0.7000000000000001776 ) ) ;
#1952 = CARTESIAN_POINT ( 'NONE',  ( -0.8000000000000005995, 0.04999999999999999584, -0.7749999999999999112 ) ) ;
#1953 = DIRECTION ( 'NONE',  ( 1.084202172485504040E-15, 0.000000000000000000, -1.000000000000000000 ) ) ;
#1954 = VECTOR ( 'NONE', #432, 1000.000000000000000 ) ;
#1955 = MECHANICAL_DESIGN_GEOMETRIC_PRESENTATION_REPRESENTATION (  '', ( #1166 ), #873 ) ;
#1956 = ADVANCED_FACE ( 'NONE', ( #368 ), #3545, .F. ) ;
#1957 = CARTESIAN_POINT ( 'NONE',  ( 0.8000000000000005995, 0.5935124837953329457, -0.1249999999999998890 ) ) ;
#1958 = VERTEX_POINT ( 'NONE', #3421 ) ;
#1959 = ORIENTED_EDGE ( 'NONE', *, *, #408, .T. ) ;
#1960 = VERTEX_POINT ( 'NONE', #4129 ) ;
#1961 = CARTESIAN_POINT ( 'NONE',  ( 0.8000000000000005995, 0.000000000000000000, 0.8750000000000001110 ) ) ;
#1962 = CIRCLE ( 'NONE', #4046, 0.1000000000000000472 ) ;
#1963 = LINE ( 'NONE', #1032, #3486 ) ;
#1964 = ORIENTED_EDGE ( 'NONE', *, *, #4164, .F. ) ;
#1965 = AXIS2_PLACEMENT_3D ( 'NONE', #3172, #3792, #3442 ) ;
#1966 = CARTESIAN_POINT ( 'NONE',  ( -0.7000000000000005107, 0.5935124837953329457, 0.7250000000000001998 ) ) ;
#1967 = CARTESIAN_POINT ( 'NONE',  ( 1.000000000000000666, 0.5935124837953329457, -0.6250000000000001110 ) ) ;
#1968 = EDGE_LOOP ( 'NONE', ( #4104, #4141, #714, #3674 ) ) ;
#1969 = EDGE_LOOP ( 'NONE', ( #3536, #543, #2357, #1996, #1084, #2726 ) ) ;
#1970 = CYLINDRICAL_SURFACE ( 'NONE', #3213, 0.1000000000000000472 ) ;
#1971 = EDGE_LOOP ( 'NONE', ( #1367, #1924, #2241, #602 ) ) ;
#1972 = VERTEX_POINT ( 'NONE', #1438 ) ;
#1973 = ORIENTED_EDGE ( 'NONE', *, *, #3341, .T. ) ;
#1974 = CARTESIAN_POINT ( 'NONE',  ( -0.8000000000000005995, 0.5935124837953329457, -0.8749999999999998890 ) ) ;
#1975 = CARTESIAN_POINT ( 'NONE',  ( 0.7000000000000005107, 0.2030000000000000138, 0.2750000000000000777 ) ) ;
#1976 = COLOUR_RGB ( '',0.7921568627450980005, 0.8196078431372548767, 0.9333333333333333481 ) ;
#1977 = DIRECTION ( 'NONE',  ( 0.000000000000000000, 0.000000000000000000, 1.000000000000000000 ) ) ;
#1978 = FACE_OUTER_BOUND ( 'NONE', #25, .T. ) ;
#1979 = ORIENTED_EDGE ( 'NONE', *, *, #3463, .T. ) ;
#1980 = EDGE_CURVE ( 'NONE', #2207, #620, #1823, .T. ) ;
#1981 = ORIENTED_EDGE ( 'NONE', *, *, #823, .T. ) ;
#1982 = ORIENTED_EDGE ( 'NONE', *, *, #2931, .F. ) ;
#1983 = DIRECTION ( 'NONE',  ( 0.000000000000000000, 0.000000000000000000, 1.000000000000000000 ) ) ;
#1984 = VECTOR ( 'NONE', #694, 1000.000000000000000 ) ;
#1985 = DIRECTION ( 'NONE',  ( 0.000000000000000000, -1.000000000000000000, 0.000000000000000000 ) ) ;
#1986 = DIRECTION ( 'NONE',  ( 0.000000000000000000, 0.000000000000000000, 1.000000000000000000 ) ) ;
#1987 = LINE ( 'NONE', #1793, #2081 ) ;
#1988 = DIRECTION ( 'NONE',  ( 1.084202172485505223E-15, -0.000000000000000000, 1.000000000000000000 ) ) ;
#1989 = DIRECTION ( 'NONE',  ( 0.000000000000000000, -1.000000000000000000, 0.000000000000000000 ) ) ;
#1990 = ORIENTED_EDGE ( 'NONE', *, *, #1949, .T. ) ;
#1991 = ORIENTED_EDGE ( 'NONE', *, *, #1143, .F. ) ;
#1992 = ORIENTED_EDGE ( 'NONE', *, *, #2953, .F. ) ;
#1993 = ADVANCED_FACE ( 'NONE', ( #3363 ), #6, .F. ) ;
#1994 = LINE ( 'NONE', #309, #2080 ) ;
#1995 = VECTOR ( 'NONE', #2793, 1000.000000000000000 ) ;
#1996 = ORIENTED_EDGE ( 'NONE', *, *, #4131, .F. ) ;
#1997 = EDGE_CURVE ( 'NONE', #58, #757, #397, .T. ) ;
#1998 = DIRECTION ( 'NONE',  ( 0.000000000000000000, -1.000000000000000000, 0.000000000000000000 ) ) ;
#1999 = VERTEX_POINT ( 'NONE', #3444 ) ;
#2000 = ORIENTED_EDGE ( 'NONE', *, *, #439, .F. ) ;
#2001 = STYLED_ITEM ( 'NONE', ( #2624 ), #4061 ) ;
#2002 = CIRCLE ( 'NONE', #357, 0.1250000000000000000 ) ;
#2003 = ORIENTED_EDGE ( 'NONE', *, *, #2226, .T. ) ;
#2004 = EDGE_CURVE ( 'NONE', #1126, #2066, #1934, .T. ) ;
#2005 = VERTEX_POINT ( 'NONE', #344 ) ;
#2006 = VERTEX_POINT ( 'NONE', #129 ) ;
#2007 = CARTESIAN_POINT ( 'NONE',  ( -0.8000000000000005995, 0.04999999999999999584, 0.6250000000000001110 ) ) ;
#2008 = EDGE_CURVE ( 'NONE', #3529, #1076, #1883, .T. ) ;
#2009 = CARTESIAN_POINT ( 'NONE',  ( 0.8000000000000005995, 0.5935124837953329457, -0.1249999999999998890 ) ) ;
#2010 = LINE ( 'NONE', #2659, #3508 ) ;
#2011 = CARTESIAN_POINT ( 'NONE',  ( 0.7000000000000005107, 0.5935124837953329457, 0.7250000000000001998 ) ) ;
#2012 = ORIENTED_EDGE ( 'NONE', *, *, #2466, .F. ) ;
#2013 = ORIENTED_EDGE ( 'NONE', *, *, #3157, .F. ) ;
#2014 = EDGE_CURVE ( 'NONE', #1126, #327, #3396, .T. ) ;
#2015 = ORIENTED_EDGE ( 'NONE', *, *, #2953, .T. ) ;
#2016 = EDGE_CURVE ( 'NONE', #3211, #2410, #416, .T. ) ;
#2017 = CARTESIAN_POINT ( 'NONE',  ( -0.8000000000000005995, 0.2030000000000000138, 0.1250000000000001110 ) ) ;
#2018 = VECTOR ( 'NONE', #4428, 1000.000000000000000 ) ;
#2019 = CARTESIAN_POINT ( 'NONE',  ( -0.8000000000000005995, 0.000000000000000000, -0.7749999999999999112 ) ) ;
#2020 = DIRECTION ( 'NONE',  ( -1.000000000000000000, 0.000000000000000000, 1.084202172485504040E-15 ) ) ;
#2021 = FILL_AREA_STYLE_COLOUR ( '', #1976 ) ;
#2022 = CIRCLE ( 'NONE', #1346, 0.1000000000000000472 ) ;
#2023 = DIRECTION ( 'NONE',  ( 1.000000000000000000, -0.000000000000000000, 1.084202172485504040E-15 ) ) ;
#2024 = CARTESIAN_POINT ( 'NONE',  ( -0.7000000000000005107, 0.2030000000000000138, -0.2249999999999999500 ) ) ;
#2025 = ORIENTED_EDGE ( 'NONE', *, *, #3263, .F. ) ;
#2026 = AXIS2_PLACEMENT_3D ( 'NONE', #3095, #2437, #1099 ) ;
#2027 = ORIENTED_EDGE ( 'NONE', *, *, #932, .T. ) ;
#2028 = ORIENTED_EDGE ( 'NONE', *, *, #504, .F. ) ;
#2029 = DIRECTION ( 'NONE',  ( 0.000000000000000000, -1.000000000000000000, 0.000000000000000000 ) ) ;
#2030 = CIRCLE ( 'NONE', #2258, 0.1000000000000000472 ) ;
#2031 = FILL_AREA_STYLE_COLOUR ( '', #2952 ) ;
#2032 = ORIENTED_EDGE ( 'NONE', *, *, #494, .T. ) ;
#2033 = VERTEX_POINT ( 'NONE', #2409 ) ;
#2034 = ORIENTED_EDGE ( 'NONE', *, *, #2943, .T. ) ;
#2035 = ADVANCED_FACE ( 'NONE', ( #326 ), #1840, .T. ) ;
#2036 = LINE ( 'NONE', #2390, #483 ) ;
#2037 = FACE_OUTER_BOUND ( 'NONE', #3423, .T. ) ;
#2038 = ORIENTED_EDGE ( 'NONE', *, *, #2356, .T. ) ;
#2039 = AXIS2_PLACEMENT_3D ( 'NONE', #1931, #4024, #2249 ) ;
#2040 = VERTEX_POINT ( 'NONE', #3871 ) ;
#2041 = ORIENTED_EDGE ( 'NONE', *, *, #2931, .T. ) ;
#2042 = DIRECTION ( 'NONE',  ( 0.000000000000000000, 0.000000000000000000, -1.000000000000000000 ) ) ;
#2043 = PLANE ( 'NONE',  #3422 ) ;
#2044 = DIRECTION ( 'NONE',  ( 0.000000000000000000, -0.000000000000000000, 1.000000000000000000 ) ) ;
#2045 = EDGE_CURVE ( 'NONE', #3636, #1131, #1891, .T. ) ;
#2046 = FACE_OUTER_BOUND ( 'NONE', #3712, .T. ) ;
#2047 = ORIENTED_EDGE ( 'NONE', *, *, #2488, .F. ) ;
#2048 = ORIENTED_EDGE ( 'NONE', *, *, #1942, .T. ) ;
#2049 = VERTEX_POINT ( 'NONE', #424 ) ;
#2050 = CARTESIAN_POINT ( 'NONE',  ( 0.8000000000000005995, 0.2030000000000000138, -0.3749999999999998890 ) ) ;
#2051 = SURFACE_STYLE_FILL_AREA ( #283 ) ;
#2052 = DIRECTION ( 'NONE',  ( -0.000000000000000000, -1.000000000000000000, 0.000000000000000000 ) ) ;
#2053 = CARTESIAN_POINT ( 'NONE',  ( 0.8000000000000005995, 0.2030000000000000138, 0.2750000000000000777 ) ) ;
#2054 = LINE ( 'NONE', #1805, #495 ) ;
#2055 = CARTESIAN_POINT ( 'NONE',  ( 0.8000000000000005995, 0.2030000000000000138, -0.6249999999999998890 ) ) ;
#2056 = DIRECTION ( 'NONE',  ( 1.000000000000000000, 0.000000000000000000, -1.084202172485505223E-15 ) ) ;
#2057 = ORIENTED_EDGE ( 'NONE', *, *, #3765, .F. ) ;
#2058 = ORIENTED_EDGE ( 'NONE', *, *, #2231, .T. ) ;
#2059 = ORIENTED_EDGE ( 'NONE', *, *, #2831, .T. ) ;
#2060 =( LENGTH_UNIT ( ) NAMED_UNIT ( * ) SI_UNIT ( .MILLI., .METRE. ) );
#2061 = EDGE_CURVE ( 'NONE', #1906, #3484, #3399, .T. ) ;
#2062 = LINE ( 'NONE', #3746, #538 ) ;
#2063 = VECTOR ( 'NONE', #1464, 1000.000000000000000 ) ;
#2064 = VERTEX_POINT ( 'NONE', #1631 ) ;
#2065 = DIRECTION ( 'NONE',  ( 1.000000000000000000, 0.000000000000000000, 0.000000000000000000 ) ) ;
#2066 = VERTEX_POINT ( 'NONE', #2958 ) ;
#2067 = ORIENTED_EDGE ( 'NONE', *, *, #3153, .F. ) ;
#2068 = DIRECTION ( 'NONE',  ( 0.000000000000000000, 0.000000000000000000, 1.000000000000000000 ) ) ;
#2069 = EDGE_CURVE ( 'NONE', #3858, #3378, #1798, .T. ) ;
#2070 = FACE_OUTER_BOUND ( 'NONE', #2783, .T. ) ;
#2071 = LINE ( 'NONE', #3412, #503 ) ;
#2072 = ORIENTED_EDGE ( 'NONE', *, *, #1315, .T. ) ;
#2073 = ORIENTED_EDGE ( 'NONE', *, *, #3961, .F. ) ;
#2074 = ORIENTED_EDGE ( 'NONE', *, *, #2008, .F. ) ;
#2075 = AXIS2_PLACEMENT_3D ( 'NONE', #779, #4166, #379 ) ;
#2076 = DIRECTION ( 'NONE',  ( 0.000000000000000000, 1.000000000000000000, 0.000000000000000000 ) ) ;
#2077 = ADVANCED_FACE ( 'NONE', ( #420 ), #3406, .T. ) ;
#2078 = DIRECTION ( 'NONE',  ( -0.000000000000000000, -1.000000000000000000, 0.000000000000000000 ) ) ;
#2079 = DIRECTION ( 'NONE',  ( 0.000000000000000000, 0.000000000000000000, 1.000000000000000000 ) ) ;
#2080 = VECTOR ( 'NONE', #3073, 1000.000000000000000 ) ;
#2081 = VECTOR ( 'NONE', #124, 1000.000000000000000 ) ;
#2082 = ORIENTED_EDGE ( 'NONE', *, *, #3470, .T. ) ;
#2083 = AXIS2_PLACEMENT_3D ( 'NONE', #3220, #3942, #1783 ) ;
#2084 = ORIENTED_EDGE ( 'NONE', *, *, #2684, .T. ) ;
#2085 = ORIENTED_EDGE ( 'NONE', *, *, #2616, .T. ) ;
#2086 = DIRECTION ( 'NONE',  ( 0.000000000000000000, 0.000000000000000000, -1.000000000000000000 ) ) ;
#2087 = VECTOR ( 'NONE', #4408, 1000.000000000000000 ) ;
#2088 = DIRECTION ( 'NONE',  ( -8.673617379884035472E-16, 0.000000000000000000, -1.000000000000000000 ) ) ;
#2089 = DIRECTION ( 'NONE',  ( -0.000000000000000000, 1.000000000000000000, -0.000000000000000000 ) ) ;
#2090 = LINE ( 'NONE', #1760, #516 ) ;
#2091 = CARTESIAN_POINT ( 'NONE',  ( 0.7000000000000005107, 0.000000000000000000, -0.7749999999999999112 ) ) ;
#2092 = DIRECTION ( 'NONE',  ( 0.000000000000000000, -0.000000000000000000, -1.000000000000000000 ) ) ;
#2093 = ORIENTED_EDGE ( 'NONE', *, *, #734, .F. ) ;
#2094 = ORIENTED_EDGE ( 'NONE', *, *, #3033, .T. ) ;
#2095 = VERTEX_POINT ( 'NONE', #1283 ) ;
#2096 = DIRECTION ( 'NONE',  ( 0.000000000000000000, 0.000000000000000000, 1.000000000000000000 ) ) ;
#2097 = FACE_OUTER_BOUND ( 'NONE', #3670, .T. ) ;
#2098 = ORIENTED_EDGE ( 'NONE', *, *, #1435, .F. ) ;
#2099 = CARTESIAN_POINT ( 'NONE',  ( -0.4000000000000001332, 0.2030000000000000693, 0.7999999999999999334 ) ) ;
#2100 = EDGE_CURVE ( 'NONE', #1145, #2005, #426, .T. ) ;
#2101 = ORIENTED_EDGE ( 'NONE', *, *, #2777, .T. ) ;
#2102 = ORIENTED_EDGE ( 'NONE', *, *, #4450, .T. ) ;
#2103 = AXIS2_PLACEMENT_3D ( 'NONE', #2981, #2925, #3315 ) ;
#2104 = LINE ( 'NONE', #2964, #3590 ) ;
#2105 = FACE_OUTER_BOUND ( 'NONE', #3888, .T. ) ;
#2106 = ORIENTED_EDGE ( 'NONE', *, *, #3372, .F. ) ;
#2107 = ORIENTED_EDGE ( 'NONE', *, *, #861, .T. ) ;
#2108 = ORIENTED_EDGE ( 'NONE', *, *, #1574, .T. ) ;
#2109 = EDGE_CURVE ( 'NONE', #1702, #3609, #1910, .T. ) ;
#2110 = DIRECTION ( 'NONE',  ( -0.000000000000000000, -1.000000000000000000, -0.000000000000000000 ) ) ;
#2111 = CARTESIAN_POINT ( 'NONE',  ( 0.7000000000000005107, 0.2030000000000000138, -0.7749999999999999112 ) ) ;
#2112 = PLANE ( 'NONE',  #2278 ) ;
#2113 = LINE ( 'NONE', #3931, #600 ) ;
#2114 = ORIENTED_EDGE ( 'NONE', *, *, #381, .T. ) ;
#2115 = VERTEX_POINT ( 'NONE', #1252 ) ;
#2116 = ORIENTED_EDGE ( 'NONE', *, *, #906, .F. ) ;
#2117 = ADVANCED_FACE ( 'NONE', ( #3420 ), #4034, .T. ) ;
#2118 = LINE ( 'NONE', #1018, #1984 ) ;
#2119 = CARTESIAN_POINT ( 'NONE',  ( -0.7000000000000007327, 0.8499999999999999778, -0.7000000000000005107 ) ) ;
#2120 = DIRECTION ( 'NONE',  ( -0.000000000000000000, -1.000000000000000000, -0.000000000000000000 ) ) ;
#2121 = CARTESIAN_POINT ( 'NONE',  ( -0.7000000000000005107, 0.2030000000000000138, 0.2250000000000001443 ) ) ;
#2122 = DIRECTION ( 'NONE',  ( 0.000000000000000000, -1.000000000000000000, 0.000000000000000000 ) ) ;
#2123 = EDGE_LOOP ( 'NONE', ( #4159, #491, #1069, #4130 ) ) ;
#2124 = MECHANICAL_DESIGN_GEOMETRIC_PRESENTATION_REPRESENTATION (  '', ( #3978 ), #2942 ) ;
#2125 = VERTEX_POINT ( 'NONE', #929 ) ;
#2126 = ORIENTED_EDGE ( 'NONE', *, *, #4291, .F. ) ;
#2127 = CARTESIAN_POINT ( 'NONE',  ( 0.4000000000000000222, 0.05000000000000000278, 6.776263578034402713E-17 ) ) ;
#2128 = EDGE_CURVE ( 'NONE', #912, #628, #361, .T. ) ;
#2129 = VECTOR ( 'NONE', #1847, 1000.000000000000000 ) ;
#2130 = VECTOR ( 'NONE', #352, 1000.000000000000000 ) ;
#2131 = ORIENTED_EDGE ( 'NONE', *, *, #2784, .T. ) ;
#2132 = CARTESIAN_POINT ( 'NONE',  ( 0.7000000000000005107, 0.2030000000000000138, 0.2750000000000000777 ) ) ;
#2133 = ORIENTED_EDGE ( 'NONE', *, *, #4042, .F. ) ;
#2134 = EDGE_CURVE ( 'NONE', #1704, #261, #3345, .T. ) ;
#2135 = ORIENTED_EDGE ( 'NONE', *, *, #642, .T. ) ;
#2136 = DIRECTION ( 'NONE',  ( -1.000000000000000000, 0.000000000000000000, 2.168404344971008868E-16 ) ) ;
#2137 = DIRECTION ( 'NONE',  ( -1.000000000000000000, 0.000000000000000000, -2.710505431213761085E-16 ) ) ;
#2138 = VECTOR ( 'NONE', #3404, 1000.000000000000000 ) ;
#2139 = ADVANCED_FACE ( 'NONE', ( #460 ), #3354, .F. ) ;
#2140 = ORIENTED_EDGE ( 'NONE', *, *, #3129, .T. ) ;
#2141 = ORIENTED_EDGE ( 'NONE', *, *, #1659, .T. ) ;
#2142 = CARTESIAN_POINT ( 'NONE',  ( 0.4000000000000001332, 0.000000000000000000, -0.7999999999999998224 ) ) ;
#2143 = CARTESIAN_POINT ( 'NONE',  ( 0.8000000000000005995, 0.2030000000000000138, -0.3749999999999998890 ) ) ;
#2144 = STYLED_ITEM ( 'NONE', ( #4445 ), #1350 ) ;
#2145 = DIRECTION ( 'NONE',  ( 0.000000000000000000, 0.000000000000000000, 1.000000000000000000 ) ) ;
#2146 = VECTOR ( 'NONE', #1081, 1000.000000000000000 ) ;
#2147 = LINE ( 'NONE', #159, #3699 ) ;
#2148 = ORIENTED_EDGE ( 'NONE', *, *, #1618, .F. ) ;
#2149 = EDGE_LOOP ( 'NONE', ( #3719, #2470, #1328, #2690 ) ) ;
#2150 = DIRECTION ( 'NONE',  ( -0.000000000000000000, 1.000000000000000000, -0.000000000000000000 ) ) ;
#2151 = FACE_OUTER_BOUND ( 'NONE', #3902, .T. ) ;
#2152 = DIRECTION ( 'NONE',  ( 0.000000000000000000, 1.000000000000000000, 0.000000000000000000 ) ) ;
#2153 = CARTESIAN_POINT ( 'NONE',  ( -0.7000000000000005107, 0.5935124837953329457, 0.2750000000000000777 ) ) ;
#2154 = CARTESIAN_POINT ( 'NONE',  ( 0.4000000000000001332, 0.2030000000000000693, -0.7999999999999998224 ) ) ;
#2155 = ORIENTED_EDGE ( 'NONE', *, *, #3937, .T. ) ;
#2156 = EDGE_LOOP ( 'NONE', ( #3155, #3778, #3709, #4396 ) ) ;
#2157 = DIRECTION ( 'NONE',  ( -0.000000000000000000, -1.000000000000000000, -0.000000000000000000 ) ) ;
#2158 = EDGE_CURVE ( 'NONE', #2125, #3022, #3301, .T. ) ;
#2159 = AXIS2_PLACEMENT_3D ( 'NONE', #2976, #2643, #3254 ) ;
#2160 = LINE ( 'NONE', #4455, #658 ) ;
#2161 = DIRECTION ( 'NONE',  ( 0.000000000000000000, 1.000000000000000000, -0.000000000000000000 ) ) ;
#2162 = EDGE_LOOP ( 'NONE', ( #1488, #345, #1856, #1632 ) ) ;
#2163 = AXIS2_PLACEMENT_3D ( 'NONE', #685, #3086, #3054 ) ;
#2164 = ORIENTED_EDGE ( 'NONE', *, *, #4113, .F. ) ;
#2165 = CARTESIAN_POINT ( 'NONE',  ( -1.000000000000000666, 4.728427124746191090, -0.9999999999999997780 ) ) ;
#2166 = DIRECTION ( 'NONE',  ( 0.000000000000000000, -1.000000000000000000, 0.000000000000000000 ) ) ;
#2167 = EDGE_CURVE ( 'NONE', #1319, #1139, #3309, .T. ) ;
#2168 = PLANE ( 'NONE',  #2195 ) ;
#2169 = ORIENTED_EDGE ( 'NONE', *, *, #3129, .F. ) ;
#2170 = ORIENTED_EDGE ( 'NONE', *, *, #2663, .T. ) ;
#2171 = CARTESIAN_POINT ( 'NONE',  ( -1.000000000000000444, 0.2030000000000000138, 0.1249999999999998890 ) ) ;
#2172 = PLANE ( 'NONE',  #160 ) ;
#2173 = DIRECTION ( 'NONE',  ( 0.000000000000000000, 0.000000000000000000, 1.000000000000000000 ) ) ;
#2174 = VECTOR ( 'NONE', #2562, 1000.000000000000000 ) ;
#2175 = ADVANCED_FACE ( 'NONE', ( #3313 ), #4401, .F. ) ;
#2176 = ORIENTED_EDGE ( 'NONE', *, *, #3830, .T. ) ;
#2177 = ORIENTED_EDGE ( 'NONE', *, *, #932, .F. ) ;
#2178 = DIRECTION ( 'NONE',  ( 1.000000000000000000, -0.000000000000000000, 1.084202172485504040E-15 ) ) ;
#2179 = EDGE_CURVE ( 'NONE', #2834, #1581, #374, .T. ) ;
#2180 = DIRECTION ( 'NONE',  ( 0.7071067811865491270, -0.000000000000000000, -0.7071067811865459074 ) ) ;
#2181 = CARTESIAN_POINT ( 'NONE',  ( -0.3999999999999999667, 1.991854381999832224, -0.5999999999999998668 ) ) ;
#2182 = FACE_OUTER_BOUND ( 'NONE', #1824, .T. ) ;
#2183 = CARTESIAN_POINT ( 'NONE',  ( -0.7000000000000005107, 0.2030000000000000138, 0.2250000000000001443 ) ) ;
#2184 = ORIENTED_EDGE ( 'NONE', *, *, #4084, .F. ) ;
#2185 = EDGE_LOOP ( 'NONE', ( #3247, #2114, #1271, #3216 ) ) ;
#2186 = ADVANCED_FACE ( 'NONE', ( #346 ), #188, .T. ) ;
#2187 = EDGE_CURVE ( 'NONE', #3952, #3681, #3332, .T. ) ;
#2188 = AXIS2_PLACEMENT_3D ( 'NONE', #639, #4015, #1352 ) ;
#2189 = CARTESIAN_POINT ( 'NONE',  ( 1.000000000000000666, 0.5935124837953329457, -0.1250000000000001110 ) ) ;
#2190 = DIRECTION ( 'NONE',  ( 0.000000000000000000, 0.000000000000000000, -1.000000000000000000 ) ) ;
#2191 = DIRECTION ( 'NONE',  ( 1.000000000000000000, -0.000000000000000000, 1.084202172485504040E-15 ) ) ;
#2192 = ORIENTED_EDGE ( 'NONE', *, *, #3738, .T. ) ;
#2193 = CARTESIAN_POINT ( 'NONE',  ( 0.2999999999999998224, 0.2030000000000000693, 0.8000000000000002665 ) ) ;
#2194 = CARTESIAN_POINT ( 'NONE',  ( 0.4000000000000001332, 1.991854381999832224, -0.7999999999999998224 ) ) ;
#2195 = AXIS2_PLACEMENT_3D ( 'NONE', #134, #3268, #4351 ) ;
#2196 = FACE_OUTER_BOUND ( 'NONE', #2440, .T. ) ;
#2197 = DIRECTION ( 'NONE',  ( -1.000000000000000000, 0.000000000000000000, 0.000000000000000000 ) ) ;
#2198 = AXIS2_PLACEMENT_3D ( 'NONE', #841, #1881, #4032 ) ;
#2199 = ORIENTED_EDGE ( 'NONE', *, *, #4458, .F. ) ;
#2200 = ORIENTED_EDGE ( 'NONE', *, *, #212, .T. ) ;
#2201 = ORIENTED_EDGE ( 'NONE', *, *, #2515, .F. ) ;
#2202 = CARTESIAN_POINT ( 'NONE',  ( -0.7000000000000005107, 0.2030000000000000138, 0.7750000000000001332 ) ) ;
#2203 = DIRECTION ( 'NONE',  ( 0.000000000000000000, 0.000000000000000000, 1.000000000000000000 ) ) ;
#2204 = CARTESIAN_POINT ( 'NONE',  ( -0.7000000000000005107, 0.5935124837953329457, 0.2750000000000000777 ) ) ;
#2205 = COLOUR_RGB ( '',0.7921568627450980005, 0.8196078431372548767, 0.9333333333333333481 ) ;
#2206 = ORIENTED_EDGE ( 'NONE', *, *, #2367, .F. ) ;
#2207 = VERTEX_POINT ( 'NONE', #904 ) ;
#2208 = VERTEX_POINT ( 'NONE', #1221 ) ;
#2209 = DIRECTION ( 'NONE',  ( 0.000000000000000000, 0.000000000000000000, 1.000000000000000000 ) ) ;
#2210 = CARTESIAN_POINT ( 'NONE',  ( 0.8000000000000005995, 0.2030000000000000138, -0.1249999999999998890 ) ) ;
#2211 = CARTESIAN_POINT ( 'NONE',  ( -1.000000000000000666, 0.2030000000000000138, 0.3749999999999998890 ) ) ;
#2212 = ADVANCED_FACE ( 'NONE', ( #1859 ), #1535, .T. ) ;
#2213 = ORIENTED_EDGE ( 'NONE', *, *, #338, .T. ) ;
#2214 = ORIENTED_EDGE ( 'NONE', *, *, #4389, .F. ) ;
#2215 = EDGE_CURVE ( 'NONE', #1960, #3336, #3370, .T. ) ;
#2216 = ORIENTED_EDGE ( 'NONE', *, *, #1061, .F. ) ;
#2217 = LINE ( 'NONE', #3127, #3744 ) ;
#2218 = LINE ( 'NONE', #2316, #2334 ) ;
#2219 = DIRECTION ( 'NONE',  ( 1.084202172485505223E-15, 0.000000000000000000, 1.000000000000000000 ) ) ;
#2220 = CARTESIAN_POINT ( 'NONE',  ( -0.7000000000000007327, 0.9499999999999999556, -0.5750000000000005107 ) ) ;
#2221 = CARTESIAN_POINT ( 'NONE',  ( 1.000000000000000666, 0.2030000000000000138, 0.3749999999999998890 ) ) ;
#2222 = ORIENTED_EDGE ( 'NONE', *, *, #2045, .T. ) ;
#2223 = VERTEX_POINT ( 'NONE', #979 ) ;
#2224 = VERTEX_POINT ( 'NONE', #2193 ) ;
#2225 = DIRECTION ( 'NONE',  ( 8.673617379884036458E-16, 0.000000000000000000, 1.000000000000000000 ) ) ;
#2226 = EDGE_CURVE ( 'NONE', #1755, #3762, #2118, .T. ) ;
#2227 = ORIENTED_EDGE ( 'NONE', *, *, #3083, .T. ) ;
#2228 = VECTOR ( 'NONE', #4426, 1000.000000000000000 ) ;
#2229 = VECTOR ( 'NONE', #945, 1000.000000000000000 ) ;
#2230 = CARTESIAN_POINT ( 'NONE',  ( -1.355252715606869449E-16, 0.05000000000000000278, -0.1249999999999990286 ) ) ;
#2231 = EDGE_CURVE ( 'NONE', #4058, #473, #2036, .T. ) ;
#2232 = ORIENTED_EDGE ( 'NONE', *, *, #1604, .T. ) ;
#2233 = VERTEX_POINT ( 'NONE', #4135 ) ;
#2234 = EDGE_LOOP ( 'NONE', ( #2279, #3702, #767, #2521 ) ) ;
#2235 = CARTESIAN_POINT ( 'NONE',  ( 0.9999999999999993339, 0.9499999999999998446, -1.000000000000000444 ) ) ;
#2236 = CARTESIAN_POINT ( 'NONE',  ( -0.1999999999999989564, 0.2030000000000000693, -0.7999999999999999334 ) ) ;
#2237 = CARTESIAN_POINT ( 'NONE',  ( -0.8000000000000005995, 0.5935124837953329457, -0.2249999999999999500 ) ) ;
#2238 = AXIS2_PLACEMENT_3D ( 'NONE', #2813, #2847, #137 ) ;
#2239 = LINE ( 'NONE', #2011, #2259 ) ;
#2240 = CIRCLE ( 'NONE', #3290, 0.1000000000000000472 ) ;
#2241 = ORIENTED_EDGE ( 'NONE', *, *, #2100, .F. ) ;
#2242 = AXIS2_PLACEMENT_3D ( 'NONE', #3392, #3690, #202 ) ;
#2243 = SURFACE_STYLE_USAGE ( .BOTH. , #941 ) ;
#2244 = EDGE_CURVE ( 'NONE', #1861, #3975, #2030, .T. ) ;
#2245 = VERTEX_POINT ( 'NONE', #1342 ) ;
#2246 = EDGE_LOOP ( 'NONE', ( #653, #2699, #4376, #4243 ) ) ;
#2247 = VERTEX_POINT ( 'NONE', #1975 ) ;
#2248 = DIRECTION ( 'NONE',  ( 0.000000000000000000, -1.000000000000000000, 0.000000000000000000 ) ) ;
#2249 = DIRECTION ( 'NONE',  ( 0.000000000000000000, 0.000000000000000000, 1.000000000000000000 ) ) ;
#2250 = VECTOR ( 'NONE', #1687, 1000.000000000000000 ) ;
#2251 = CARTESIAN_POINT ( 'NONE',  ( 0.8000000000000005995, 0.04999999999999999584, 0.6250000000000001110 ) ) ;
#2252 = VECTOR ( 'NONE', #92, 1000.000000000000000 ) ;
#2253 = EDGE_LOOP ( 'NONE', ( #162, #354, #497, #1626 ) ) ;
#2254 = EDGE_LOOP ( 'NONE', ( #877, #2141, #448, #3732 ) ) ;
#2255 = EDGE_CURVE ( 'NONE', #4325, #1188, #3471, .T. ) ;
#2256 = ORIENTED_EDGE ( 'NONE', *, *, #1422, .F. ) ;
#2257 = EDGE_CURVE ( 'NONE', #695, #2761, #3534, .T. ) ;
#2258 = AXIS2_PLACEMENT_3D ( 'NONE', #1685, #3806, #2079 ) ;
#2259 = VECTOR ( 'NONE', #44, 1000.000000000000000 ) ;
#2260 = VECTOR ( 'NONE', #1752, 1000.000000000000000 ) ;
#2261 = ADVANCED_FACE ( 'NONE', ( #643 ), #2043, .F. ) ;
#2262 = ORIENTED_EDGE ( 'NONE', *, *, #2762, .T. ) ;
#2263 = VERTEX_POINT ( 'NONE', #1043 ) ;
#2264 = DIRECTION ( 'NONE',  ( 0.000000000000000000, 0.000000000000000000, 1.000000000000000000 ) ) ;
#2265 = ORIENTED_EDGE ( 'NONE', *, *, #2994, .T. ) ;
#2266 = COLOUR_RGB ( '',0.7921568627450980005, 0.8196078431372548767, 0.9333333333333333481 ) ;
#2267 = LINE ( 'NONE', #2099, #3809 ) ;
#2268 = CARTESIAN_POINT ( 'NONE',  ( -1.000000000000000666, 0.9499999999999998446, -0.9999999999999997780 ) ) ;
#2269 = EDGE_LOOP ( 'NONE', ( #2084, #3532, #4041, #3688 ) ) ;
#2270 = EDGE_LOOP ( 'NONE', ( #1522, #1634, #1492, #3120 ) ) ;
#2271 = VERTEX_POINT ( 'NONE', #3380 ) ;
#2272 = DIRECTION ( 'NONE',  ( 0.000000000000000000, -1.000000000000000000, 0.000000000000000000 ) ) ;
#2273 = DIRECTION ( 'NONE',  ( 0.000000000000000000, -1.000000000000000000, -0.000000000000000000 ) ) ;
#2274 = DIRECTION ( 'NONE',  ( -0.000000000000000000, -1.000000000000000000, 0.000000000000000000 ) ) ;
#2275 = CIRCLE ( 'NONE', #1709, 0.1000000000000000472 ) ;
#2276 = ORIENTED_EDGE ( 'NONE', *, *, #3145, .F. ) ;
#2277 = DIRECTION ( 'NONE',  ( 0.000000000000000000, 1.000000000000000000, 0.000000000000000000 ) ) ;
#2278 = AXIS2_PLACEMENT_3D ( 'NONE', #953, #4204, #3346 ) ;
#2279 = ORIENTED_EDGE ( 'NONE', *, *, #629, .F. ) ;
#2280 = ORIENTED_EDGE ( 'NONE', *, *, #1425, .T. ) ;
#2281 = FILL_AREA_STYLE_COLOUR ( '', #3128 ) ;
#2282 = CARTESIAN_POINT ( 'NONE',  ( -0.3999999999999999112, 0.05000000000000000278, -0.6000000000000007550 ) ) ;
#2283 = DIRECTION ( 'NONE',  ( -1.000000000000000000, 0.000000000000000000, 8.673617379884036458E-16 ) ) ;
#2284 = FACE_OUTER_BOUND ( 'NONE', #150, .T. ) ;
#2285 = ORIENTED_EDGE ( 'NONE', *, *, #4191, .T. ) ;
#2286 = VERTEX_POINT ( 'NONE', #1717 ) ;
#2287 = VERTEX_POINT ( 'NONE', #4088 ) ;
#2288 = DIRECTION ( 'NONE',  ( 0.000000000000000000, 0.000000000000000000, 1.000000000000000000 ) ) ;
#2289 = VECTOR ( 'NONE', #2705, 1000.000000000000000 ) ;
#2290 = VECTOR ( 'NONE', #1726, 1000.000000000000000 ) ;
#2291 = DIRECTION ( 'NONE',  ( -8.673617379884035472E-16, 0.000000000000000000, -1.000000000000000000 ) ) ;
#2292 = ORIENTED_EDGE ( 'NONE', *, *, #4219, .T. ) ;
#2293 = VERTEX_POINT ( 'NONE', #2415 ) ;
#2294 = DIRECTION ( 'NONE',  ( -1.000000000000000000, 0.000000000000000000, 3.252606517456513302E-16 ) ) ;
#2295 = ORIENTED_EDGE ( 'NONE', *, *, #783, .T. ) ;
#2296 = DIRECTION ( 'NONE',  ( -0.000000000000000000, 1.000000000000000000, -0.000000000000000000 ) ) ;
#2297 = EDGE_CURVE ( 'NONE', #2974, #1843, #3607, .T. ) ;
#2298 = VECTOR ( 'NONE', #1070, 1000.000000000000000 ) ;
#2299 = LINE ( 'NONE', #3669, #882 ) ;
#2300 = ADVANCED_FACE ( 'NONE', ( #630 ), #719, .T. ) ;
#2301 = ORIENTED_EDGE ( 'NONE', *, *, #3145, .T. ) ;
#2302 = ORIENTED_EDGE ( 'NONE', *, *, #3559, .T. ) ;
#2303 = VERTEX_POINT ( 'NONE', #351 ) ;
#2304 = CARTESIAN_POINT ( 'NONE',  ( 0.2999999999999998779, 0.2030000000000000693, 0.7000000000000001776 ) ) ;
#2305 = CARTESIAN_POINT ( 'NONE',  ( 0.7000000000000005107, 0.2030000000000000138, -0.2749999999999998557 ) ) ;
#2306 = DIRECTION ( 'NONE',  ( 0.000000000000000000, 0.000000000000000000, -1.000000000000000000 ) ) ;
#2307 = EDGE_CURVE ( 'NONE', #118, #4028, #1950, .T. ) ;
#2308 = CIRCLE ( 'NONE', #2912, 0.1000000000000000472 ) ;
#2309 = CIRCLE ( 'NONE', #4018, 0.1000000000000000472 ) ;
#2310 = AXIS2_PLACEMENT_3D ( 'NONE', #2904, #158, #221 ) ;
#2311 = DIRECTION ( 'NONE',  ( -0.000000000000000000, -1.000000000000000000, -0.000000000000000000 ) ) ;
#2312 = EDGE_LOOP ( 'NONE', ( #3364, #463, #1608, #177 ) ) ;
#2313 = ADVANCED_FACE ( 'NONE', ( #3622 ), #663, .F. ) ;
#2314 = ORIENTED_EDGE ( 'NONE', *, *, #2442, .T. ) ;
#2315 = DIRECTION ( 'NONE',  ( 0.000000000000000000, -0.000000000000000000, 1.000000000000000000 ) ) ;
#2316 = CARTESIAN_POINT ( 'NONE',  ( -6.776263578034418490E-16, 0.05000000000000000278, 0.6250000000000009992 ) ) ;
#2317 = VECTOR ( 'NONE', #999, 1000.000000000000000 ) ;
#2318 = DIRECTION ( 'NONE',  ( 8.673617379884036458E-16, 0.000000000000000000, 1.000000000000000000 ) ) ;
#2319 = FACE_BOUND ( 'NONE', #893, .T. ) ;
#2320 = EDGE_CURVE ( 'NONE', #3197, #1745, #3544, .T. ) ;
#2321 = AXIS2_PLACEMENT_3D ( 'NONE', #4346, #593, #1219 ) ;
#2322 = EDGE_LOOP ( 'NONE', ( #568, #1168, #3549, #2000, #1992, #2169 ) ) ;
#2323 = VERTEX_POINT ( 'NONE', #4463 ) ;
#2324 = SURFACE_SIDE_STYLE ('',( #3081 ) ) ;
#2325 = LINE ( 'NONE', #1392, #2289 ) ;
#2326 = LINE ( 'NONE', #3466, #686 ) ;
#2327 = CARTESIAN_POINT ( 'NONE',  ( 0.8000000000000005995, 0.000000000000000000, 0.7250000000000001998 ) ) ;
#2328 = CARTESIAN_POINT ( 'NONE',  ( 0.7000000000000005107, 0.04999999999999999584, 0.2750000000000000777 ) ) ;
#2329 = EDGE_LOOP ( 'NONE', ( #802, #780, #280, #2276 ) ) ;
#2330 = CARTESIAN_POINT ( 'NONE',  ( 0.9999999999999993339, 0.05000000000000000278, -1.000000000000000444 ) ) ;
#2331 = ORIENTED_EDGE ( 'NONE', *, *, #204, .T. ) ;
#2332 =( NAMED_UNIT ( * ) PLANE_ANGLE_UNIT ( ) SI_UNIT ( $, .RADIAN. ) );
#2333 = VECTOR ( 'NONE', #3450, 1000.000000000000000 ) ;
#2334 = VECTOR ( 'NONE', #2636, 1000.000000000000000 ) ;
#2335 = CARTESIAN_POINT ( 'NONE',  ( 0.8000000000000005995, 0.2030000000000000138, -0.6249999999999998890 ) ) ;
#2336 = ORIENTED_EDGE ( 'NONE', *, *, #709, .F. ) ;
#2337 = ORIENTED_EDGE ( 'NONE', *, *, #4277, .T. ) ;
#2338 = EDGE_CURVE ( 'NONE', #1614, #972, #599, .T. ) ;
#2339 = VERTEX_POINT ( 'NONE', #1324 ) ;
#2340 = CARTESIAN_POINT ( 'NONE',  ( 1.000000000000000444, 0.04999999999999999584, 0.6249999999999998890 ) ) ;
#2341 = MECHANICAL_DESIGN_GEOMETRIC_PRESENTATION_REPRESENTATION (  '', ( #2978 ), #4105 ) ;
#2342 = LINE ( 'NONE', #377, #3852 ) ;
#2343 = ADVANCED_FACE ( 'NONE', ( #2070 ), #1970, .F. ) ;
#2344 = DIRECTION ( 'NONE',  ( 0.000000000000000000, 1.000000000000000000, 0.000000000000000000 ) ) ;
#2345 = EDGE_LOOP ( 'NONE', ( #3582, #591, #3604, #926 ) ) ;
#2346 = VERTEX_POINT ( 'NONE', #334 ) ;
#2347 = EDGE_CURVE ( 'NONE', #2339, #241, #2104, .T. ) ;
#2348 = UNCERTAINTY_MEASURE_WITH_UNIT (LENGTH_MEASURE( 1.000000000000000082E-05 ), #2060, 'distance_accuracy_value', 'NONE');
#2349 = FILL_AREA_STYLE ('',( #2031 ) ) ;
#2350 = DIRECTION ( 'NONE',  ( 0.000000000000000000, 0.000000000000000000, 1.000000000000000000 ) ) ;
#2351 = CARTESIAN_POINT ( 'NONE',  ( -0.7000000000000005107, 0.000000000000000000, 0.7250000000000001998 ) ) ;
#2352 = LINE ( 'NONE', #1873, #3864 ) ;
#2353 = ORIENTED_EDGE ( 'NONE', *, *, #1366, .F. ) ;
#2354 = ORIENTED_EDGE ( 'NONE', *, *, #2516, .T. ) ;
#2355 = ADVANCED_FACE ( 'NONE', ( #582 ), #3298, .T. ) ;
#2356 = EDGE_CURVE ( 'NONE', #1745, #2006, #3615, .T. ) ;
#2357 = ORIENTED_EDGE ( 'NONE', *, *, #2902, .F. ) ;
#2358 = LINE ( 'NONE', #2929, #2298 ) ;
#2359 = LINE ( 'NONE', #1376, #3855 ) ;
#2360 = CARTESIAN_POINT ( 'NONE',  ( -0.8000000000000005995, 0.000000000000000000, -0.2249999999999999500 ) ) ;
#2361 = DIRECTION ( 'NONE',  ( -0.000000000000000000, -1.000000000000000000, -0.000000000000000000 ) ) ;
#2362 = ORIENTED_EDGE ( 'NONE', *, *, #692, .T. ) ;
#2363 = CARTESIAN_POINT ( 'NONE',  ( -0.8000000000000005995, 0.2030000000000000138, -0.7749999999999999112 ) ) ;
#2364 = CARTESIAN_POINT ( 'NONE',  ( 1.000000000000000666, 0.5935124837953329457, 0.3749999999999998890 ) ) ;
#2365 = ORIENTED_EDGE ( 'NONE', *, *, #3926, .T. ) ;
#2366 = CARTESIAN_POINT ( 'NONE',  ( -1.000000000000000444, 0.04999999999999999584, -0.3750000000000001110 ) ) ;
#2367 = EDGE_CURVE ( 'NONE', #1958, #200, #1994, .T. ) ;
#2368 = LINE ( 'NONE', #4399, #2849 ) ;
#2369 = FACE_OUTER_BOUND ( 'NONE', #2185, .T. ) ;
#2370 = PLANE ( 'NONE',  #1288 ) ;
#2371 = VERTEX_POINT ( 'NONE', #3411 ) ;
#2372 = EDGE_CURVE ( 'NONE', #1833, #3722, #1962, .T. ) ;
#2373 = ORIENTED_EDGE ( 'NONE', *, *, #1432, .T. ) ;
#2374 = CARTESIAN_POINT ( 'NONE',  ( 0.7000000000000005107, 0.000000000000000000, -0.2749999999999998557 ) ) ;
#2375 = DIRECTION ( 'NONE',  ( -0.000000000000000000, -0.000000000000000000, 1.000000000000000000 ) ) ;
#2376 = DIRECTION ( 'NONE',  ( -1.000000000000000000, 0.000000000000000000, -1.084202172485504040E-15 ) ) ;
#2377 = AXIS2_PLACEMENT_3D ( 'NONE', #1892, #3270, #3426 ) ;
#2378 = DIRECTION ( 'NONE',  ( -8.673617379884035472E-16, -0.000000000000000000, 1.000000000000000000 ) ) ;
#2379 = VECTOR ( 'NONE', #1880, 1000.000000000000000 ) ;
#2380 = DIRECTION ( 'NONE',  ( 1.000000000000000000, -0.000000000000000000, 2.710505431213761085E-16 ) ) ;
#2381 = AXIS2_PLACEMENT_3D ( 'NONE', #1930, #3994, #2315 ) ;
#2382 = FILL_AREA_STYLE ('',( #1090 ) ) ;
#2383 = ORIENTED_EDGE ( 'NONE', *, *, #1100, .T. ) ;
#2384 = VERTEX_POINT ( 'NONE', #3717 ) ;
#2385 = LINE ( 'NONE', #1064, #3934 ) ;
#2386 = ORIENTED_EDGE ( 'NONE', *, *, #576, .T. ) ;
#2387 = CARTESIAN_POINT ( 'NONE',  ( -0.8000000000000005995, 0.2030000000000000138, -0.8749999999999998890 ) ) ;
#2388 = PLANE ( 'NONE',  #1118 ) ;
#2389 = ADVANCED_FACE ( 'NONE', ( #657 ), #502, .F. ) ;
#2390 = CARTESIAN_POINT ( 'NONE',  ( -0.7000000000000005107, 0.2030000000000000138, 0.7250000000000001998 ) ) ;
#2391 = ORIENTED_EDGE ( 'NONE', *, *, #1567, .T. ) ;
#2392 = VERTEX_POINT ( 'NONE', #227 ) ;
#2393 = EDGE_CURVE ( 'NONE', #2066, #2886, #2002, .T. ) ;
#2394 = FACE_OUTER_BOUND ( 'NONE', #4226, .T. ) ;
#2395 = CARTESIAN_POINT ( 'NONE',  ( 0.2999999999999998779, 0.000000000000000000, 0.7000000000000001776 ) ) ;
#2396 = AXIS2_PLACEMENT_3D ( 'NONE', #3361, #1056, #3818 ) ;
#2397 = ORIENTED_EDGE ( 'NONE', *, *, #3305, .T. ) ;
#2398 = DIRECTION ( 'NONE',  ( 0.000000000000000000, 1.000000000000000000, 0.000000000000000000 ) ) ;
#2399 = CARTESIAN_POINT ( 'NONE',  ( 0.4000000000000001332, 0.2030000000000000693, -0.6999999999999997335 ) ) ;
#2400 = CARTESIAN_POINT ( 'NONE',  ( -1.000000000000000444, 0.04999999999999999584, 0.1249999999999998890 ) ) ;
#2401 = FACE_OUTER_BOUND ( 'NONE', #3646, .T. ) ;
#2402 = EDGE_CURVE ( 'NONE', #3725, #2040, #3459, .T. ) ;
#2403 = CARTESIAN_POINT ( 'NONE',  ( 1.000000000000000444, 0.2030000000000000138, -0.8750000000000001110 ) ) ;
#2404 = ORIENTED_EDGE ( 'NONE', *, *, #396, .T. ) ;
#2405 = SURFACE_SIDE_STYLE ('',( #1398 ) ) ;
#2406 = EDGE_CURVE ( 'NONE', #3859, #3798, #650, .T. ) ;
#2407 = CARTESIAN_POINT ( 'NONE',  ( -0.7000000000000005107, 0.2030000000000000138, 0.7750000000000001332 ) ) ;
#2408 = LINE ( 'NONE', #867, #3987 ) ;
#2409 = CARTESIAN_POINT ( 'NONE',  ( -0.7000000000000005107, 0.000000000000000000, -0.7249999999999999778 ) ) ;
#2410 = VERTEX_POINT ( 'NONE', #4382 ) ;
#2411 = FACE_OUTER_BOUND ( 'NONE', #383, .T. ) ;
#2412 = MANIFOLD_SOLID_BREP ( 'LPattern2[5]', #3439 ) ;
#2413 = DIRECTION ( 'NONE',  ( -0.000000000000000000, -1.000000000000000000, -0.000000000000000000 ) ) ;
#2414 = DIRECTION ( 'NONE',  ( 0.000000000000000000, 1.000000000000000000, 0.000000000000000000 ) ) ;
#2415 = CARTESIAN_POINT ( 'NONE',  ( -0.3000000000000002109, 0.05000000000000000278, 0.8000000000000000444 ) ) ;
#2416 = VERTEX_POINT ( 'NONE', #1922 ) ;
#2417 = CARTESIAN_POINT ( 'NONE',  ( -0.8000000000000005995, 0.2030000000000000138, 0.6250000000000001110 ) ) ;
#2418 = VECTOR ( 'NONE', #3259, 1000.000000000000000 ) ;
#2419 = DIRECTION ( 'NONE',  ( -1.000000000000000000, -0.000000000000000000, 1.084202172485505223E-15 ) ) ;
#2420 = EDGE_LOOP ( 'NONE', ( #662, #2067, #2107, #3513 ) ) ;
#2421 = AXIS2_PLACEMENT_3D ( 'NONE', #884, #1865, #2935 ) ;
#2422 = ADVANCED_FACE ( 'NONE', ( #3501 ), #1611, .T. ) ;
#2423 = ORIENTED_EDGE ( 'NONE', *, *, #1418, .T. ) ;
#2424 = DIRECTION ( 'NONE',  ( 0.000000000000000000, -1.000000000000000000, 0.000000000000000000 ) ) ;
#2425 = CARTESIAN_POINT ( 'NONE',  ( 1.000000000000000666, 0.2030000000000000138, -0.1250000000000001110 ) ) ;
#2426 = CARTESIAN_POINT ( 'NONE',  ( -0.7000000000000005107, 0.000000000000000000, -0.7749999999999999112 ) ) ;
#2427 = FACE_OUTER_BOUND ( 'NONE', #61, .T. ) ;
#2428 = ORIENTED_EDGE ( 'NONE', *, *, #2533, .T. ) ;
#2429 = DIRECTION ( 'NONE',  ( 1.000000000000000000, -0.000000000000000000, 1.084202172485504040E-15 ) ) ;
#2430 =( GEOMETRIC_REPRESENTATION_CONTEXT ( 3 ) GLOBAL_UNCERTAINTY_ASSIGNED_CONTEXT ( ( #1391 ) ) GLOBAL_UNIT_ASSIGNED_CONTEXT ( ( #3617, #189, #2567 ) ) REPRESENTATION_CONTEXT ( 'NONE', 'WORKASPACE' ) );
#2431 = VERTEX_POINT ( 'NONE', #3046 ) ;
#2432 = CARTESIAN_POINT ( 'NONE',  ( 0.8000000000000005995, 0.5935124837953329457, 0.1250000000000001110 ) ) ;
#2433 = VECTOR ( 'NONE', #1998, 1000.000000000000000 ) ;
#2434 = ORIENTED_EDGE ( 'NONE', *, *, #3876, .F. ) ;
#2435 = ORIENTED_EDGE ( 'NONE', *, *, #1220, .T. ) ;
#2436 = LINE ( 'NONE', #4448, #3898 ) ;
#2437 = DIRECTION ( 'NONE',  ( -0.000000000000000000, -1.000000000000000000, -0.000000000000000000 ) ) ;
#2438 = CARTESIAN_POINT ( 'NONE',  ( 0.7000000000000005107, 0.04999999999999999584, -0.7249999999999999778 ) ) ;
#2439 = CARTESIAN_POINT ( 'NONE',  ( -0.8000000000000005995, 0.2030000000000000138, -0.2249999999999999500 ) ) ;
#2440 = EDGE_LOOP ( 'NONE', ( #3664, #499, #2176, #3924 ) ) ;
#2441 = DIRECTION ( 'NONE',  ( -1.084202172485504040E-15, 0.000000000000000000, -1.000000000000000000 ) ) ;
#2442 = EDGE_CURVE ( 'NONE', #958, #2125, #2062, .T. ) ;
#2443 = SURFACE_STYLE_FILL_AREA ( #2382 ) ;
#2444 = CARTESIAN_POINT ( 'NONE',  ( 0.7000000000000005107, 0.05000000000000000278, 0.000000000000000000 ) ) ;
#2445 = PLANE ( 'NONE',  #1688 ) ;
#2446 = CARTESIAN_POINT ( 'NONE',  ( 0.7000000000000005107, 0.5935124837953329457, -0.2749999999999998557 ) ) ;
#2447 = CARTESIAN_POINT ( 'NONE',  ( -0.8000000000000005995, 0.000000000000000000, 0.3750000000000001110 ) ) ;
#2448 = DIRECTION ( 'NONE',  ( -0.000000000000000000, -1.000000000000000000, -0.000000000000000000 ) ) ;
#2449 = ORIENTED_EDGE ( 'NONE', *, *, #1105, .F. ) ;
#2450 = CARTESIAN_POINT ( 'NONE',  ( 0.9999999999999995559, 4.728427124746191090, 0.9999999999999997780 ) ) ;
#2451 = EDGE_CURVE ( 'NONE', #200, #2006, #2010, .T. ) ;
#2452 = ADVANCED_FACE ( 'NONE', ( #546 ), #114, .F. ) ;
#2453 = CLOSED_SHELL ( 'NONE', ( #1939, #2186, #2117, #1072, #2212, #4280, #1473, #1794, #773, #2077 ) ) ;
#2454 =( LENGTH_UNIT ( ) NAMED_UNIT ( * ) SI_UNIT ( .MILLI., .METRE. ) );
#2455 = VECTOR ( 'NONE', #1248, 1000.000000000000000 ) ;
#2456 = CARTESIAN_POINT ( 'NONE',  ( -0.8000000000000005995, 0.2030000000000000138, 0.1250000000000001110 ) ) ;
#2457 = ORIENTED_EDGE ( 'NONE', *, *, #3697, .F. ) ;
#2458 = EDGE_CURVE ( 'NONE', #2626, #3336, #554, .T. ) ;
#2459 = VERTEX_POINT ( 'NONE', #3913 ) ;
#2460 = EDGE_CURVE ( 'NONE', #4028, #2629, #563, .T. ) ;
#2461 = LINE ( 'NONE', #3648, #2379 ) ;
#2462 = CIRCLE ( 'NONE', #3113, 0.1250000000000000000 ) ;
#2463 = CARTESIAN_POINT ( 'NONE',  ( -1.000000000000000666, 4.728427124746191090, -0.9999999999999997780 ) ) ;
#2464 = PLANE ( 'NONE',  #3164 ) ;
#2465 = ORIENTED_EDGE ( 'NONE', *, *, #2255, .T. ) ;
#2466 = EDGE_CURVE ( 'NONE', #2223, #1958, #589, .T. ) ;
#2467 = AXIS2_PLACEMENT_3D ( 'NONE', #3229, #2645, #1184 ) ;
#2468 = VECTOR ( 'NONE', #2870, 1000.000000000000000 ) ;
#2469 = CYLINDRICAL_SURFACE ( 'NONE', #3007, 0.1000000000000000472 ) ;
#2470 = ORIENTED_EDGE ( 'NONE', *, *, #1165, .T. ) ;
#2471 = ORIENTED_EDGE ( 'NONE', *, *, #2008, .T. ) ;
#2472 = DIRECTION ( 'NONE',  ( 0.000000000000000000, 0.000000000000000000, 1.000000000000000000 ) ) ;
#2473 = DIRECTION ( 'NONE',  ( -0.000000000000000000, -1.000000000000000000, 0.000000000000000000 ) ) ;
#2474 = PLANE ( 'NONE',  #331 ) ;
#2475 = CIRCLE ( 'NONE', #3836, 0.1000000000000000472 ) ;
#2476 = EDGE_LOOP ( 'NONE', ( #481, #3598, #2108, #3990 ) ) ;
#2477 = CARTESIAN_POINT ( 'NONE',  ( -0.4999999999999981681, 0.05000000000000000278, -0.5000000000000035527 ) ) ;
#2478 = ORIENTED_EDGE ( 'NONE', *, *, #4350, .F. ) ;
#2479 = CARTESIAN_POINT ( 'NONE',  ( -1.000000000000000444, 0.2030000000000000138, -0.3750000000000001110 ) ) ;
#2480 = EDGE_CURVE ( 'NONE', #3547, #58, #3791, .T. ) ;
#2481 = VECTOR ( 'NONE', #3514, 1000.000000000000000 ) ;
#2482 = DIRECTION ( 'NONE',  ( -0.000000000000000000, 1.000000000000000000, -0.000000000000000000 ) ) ;
#2483 = ORIENTED_EDGE ( 'NONE', *, *, #3729, .F. ) ;
#2484 = ADVANCED_FACE ( 'NONE', ( #835 ), #3498, .T. ) ;
#2485 = ORIENTED_EDGE ( 'NONE', *, *, #180, .T. ) ;
#2486 = LINE ( 'NONE', #3578, #2418 ) ;
#2487 = FACE_OUTER_BOUND ( 'NONE', #3831, .T. ) ;
#2488 = EDGE_CURVE ( 'NONE', #4028, #2323, #3724, .T. ) ;
#2489 = CARTESIAN_POINT ( 'NONE',  ( -0.8000000000000005995, 0.2030000000000000138, -0.8749999999999998890 ) ) ;
#2490 = CARTESIAN_POINT ( 'NONE',  ( -0.7000000000000007327, 0.8499999999999999778, -0.8250000000000005107 ) ) ;
#2491 = CARTESIAN_POINT ( 'NONE',  ( -0.8000000000000005995, 0.2030000000000000138, 0.2750000000000000777 ) ) ;
#2492 = ORIENTED_EDGE ( 'NONE', *, *, #328, .F. ) ;
#2493 = VECTOR ( 'NONE', #2737, 1000.000000000000000 ) ;
#2494 = VECTOR ( 'NONE', #3205, 1000.000000000000000 ) ;
#2495 = DIRECTION ( 'NONE',  ( 0.000000000000000000, -1.000000000000000000, 0.000000000000000000 ) ) ;
#2496 = CARTESIAN_POINT ( 'NONE',  ( 0.8000000000000005995, 0.5935124837953329457, 0.7750000000000001332 ) ) ;
#2497 = DIRECTION ( 'NONE',  ( -1.000000000000000000, -0.000000000000000000, 1.084202172485505223E-15 ) ) ;
#2498 = DIRECTION ( 'NONE',  ( -8.673617379884035472E-16, -0.000000000000000000, 1.000000000000000000 ) ) ;
#2499 = ADVANCED_FACE ( 'NONE', ( #809 ), #4212, .F. ) ;
#2500 = MECHANICAL_DESIGN_GEOMETRIC_PRESENTATION_REPRESENTATION (  '', ( #86 ), #3201 ) ;
#2501 = EDGE_CURVE ( 'NONE', #1617, #1761, #2275, .T. ) ;
#2502 = FACE_OUTER_BOUND ( 'NONE', #2985, .T. ) ;
#2503 = CIRCLE ( 'NONE', #761, 0.1000000000000000472 ) ;
#2504 = PLANE ( 'NONE',  #1885 ) ;
#2505 = ORIENTED_EDGE ( 'NONE', *, *, #2509, .F. ) ;
#2506 = CARTESIAN_POINT ( 'NONE',  ( -0.8000000000000005995, 0.04999999999999999584, 0.1250000000000001110 ) ) ;
#2507 = CARTESIAN_POINT ( 'NONE',  ( 0.8000000000000005995, 0.2030000000000000138, -0.7249999999999999778 ) ) ;
#2508 = FACE_OUTER_BOUND ( 'NONE', #919, .T. ) ;
#2509 = EDGE_CURVE ( 'NONE', #2049, #2339, #3634, .T. ) ;
#2510 = LINE ( 'NONE', #1130, #4079 ) ;
#2511 = AXIS2_PLACEMENT_3D ( 'NONE', #1788, #2157, #4123 ) ;
#2512 = CARTESIAN_POINT ( 'NONE',  ( -0.7000000000000007327, 0.9499999999999999556, -0.7000000000000005107 ) ) ;
#2513 = CIRCLE ( 'NONE', #1925, 0.1000000000000000472 ) ;
#2514 = FACE_OUTER_BOUND ( 'NONE', #2149, .T. ) ;
#2515 = EDGE_CURVE ( 'NONE', #1999, #751, #3642, .T. ) ;
#2516 = EDGE_CURVE ( 'NONE', #3695, #364, #799, .T. ) ;
#2517 = DIRECTION ( 'NONE',  ( 0.000000000000000000, -1.000000000000000000, 0.000000000000000000 ) ) ;
#2518 = CARTESIAN_POINT ( 'NONE',  ( 0.8000000000000005995, 0.5935124837953329457, -0.3749999999999998890 ) ) ;
#2519 =( GEOMETRIC_REPRESENTATION_CONTEXT ( 3 ) GLOBAL_UNCERTAINTY_ASSIGNED_CONTEXT ( ( #2894 ) ) GLOBAL_UNIT_ASSIGNED_CONTEXT ( ( #477, #445, #2829 ) ) REPRESENTATION_CONTEXT ( 'NONE', 'WORKASPACE' ) );
#2520 = CARTESIAN_POINT ( 'NONE',  ( -0.7000000000000005107, 0.5935124837953329457, 0.7750000000000001332 ) ) ;
#2521 = ORIENTED_EDGE ( 'NONE', *, *, #515, .F. ) ;
#2522 = FACE_OUTER_BOUND ( 'NONE', #1007, .T. ) ;
#2523 = CARTESIAN_POINT ( 'NONE',  ( 0.8000000000000005995, 0.2030000000000000138, 0.7250000000000001998 ) ) ;
#2524 = ORIENTED_EDGE ( 'NONE', *, *, #252, .T. ) ;
#2525 = DIRECTION ( 'NONE',  ( -0.000000000000000000, -1.000000000000000000, 0.000000000000000000 ) ) ;
#2526 = PLANE ( 'NONE',  #47 ) ;
#2527 = DIRECTION ( 'NONE',  ( 0.000000000000000000, 0.000000000000000000, 1.000000000000000000 ) ) ;
#2528 = DIRECTION ( 'NONE',  ( -8.673617379884035472E-16, -0.000000000000000000, 1.000000000000000000 ) ) ;
#2529 = CARTESIAN_POINT ( 'NONE',  ( -0.8000000000000005995, 0.2030000000000000138, 0.7750000000000001332 ) ) ;
#2530 = LINE ( 'NONE', #2204, #2609 ) ;
#2531 = VECTOR ( 'NONE', #847, 1000.000000000000000 ) ;
#2532 = ORIENTED_EDGE ( 'NONE', *, *, #2845, .T. ) ;
#2533 = EDGE_CURVE ( 'NONE', #695, #3999, #2359, .T. ) ;
#2534 = PLANE ( 'NONE',  #1292 ) ;
#2535 = ADVANCED_FACE ( 'NONE', ( #678 ), #4145, .T. ) ;
#2536 = CARTESIAN_POINT ( 'NONE',  ( -1.000000000000000666, 0.2030000000000000138, -0.6250000000000001110 ) ) ;
#2537 = AXIS2_PLACEMENT_3D ( 'NONE', #4307, #581, #3726 ) ;
#2538 = VECTOR ( 'NONE', #2900, 1000.000000000000000 ) ;
#2539 = LINE ( 'NONE', #2933, #4056 ) ;
#2540 = CARTESIAN_POINT ( 'NONE',  ( 0.3000000000000001554, 1.991854381999832224, -0.6999999999999997335 ) ) ;
#2541 = CARTESIAN_POINT ( 'NONE',  ( -1.000000000000000666, 0.2030000000000000138, 0.3749999999999998890 ) ) ;
#2542 = EDGE_LOOP ( 'NONE', ( #7, #1979, #1863, #479, #220, #2954 ) ) ;
#2543 = EDGE_CURVE ( 'NONE', #866, #1689, #777, .T. ) ;
#2544 = CARTESIAN_POINT ( 'NONE',  ( 0.7000000000000005107, 0.2030000000000000138, 0.2250000000000001443 ) ) ;
#2545 = FACE_OUTER_BOUND ( 'NONE', #3560, .T. ) ;
#2546 = CARTESIAN_POINT ( 'NONE',  ( 1.000000000000000444, 0.2030000000000000138, -0.3750000000000001110 ) ) ;
#2547 = CARTESIAN_POINT ( 'NONE',  ( 0.3000000000000001554, 0.04999999999999991257, -0.6999999999999997335 ) ) ;
#2548 = ADVANCED_FACE ( 'NONE', ( #3650 ), #3784, .F. ) ;
#2549 = DIRECTION ( 'NONE',  ( -0.000000000000000000, -1.000000000000000000, -0.000000000000000000 ) ) ;
#2550 = ORIENTED_EDGE ( 'NONE', *, *, #3559, .F. ) ;
#2551 = LINE ( 'NONE', #3734, #1152 ) ;
#2552 = EDGE_CURVE ( 'NONE', #1702, #1761, #3739, .T. ) ;
#2553 = ORIENTED_EDGE ( 'NONE', *, *, #876, .F. ) ;
#2554 = CARTESIAN_POINT ( 'NONE',  ( 0.7000000000000005107, 0.05000000000000000278, 0.000000000000000000 ) ) ;
#2555 = CARTESIAN_POINT ( 'NONE',  ( 0.8000000000000005995, 0.2030000000000000138, 0.1250000000000001110 ) ) ;
#2556 = CARTESIAN_POINT ( 'NONE',  ( 0.7000000000000005107, 0.2030000000000000138, -0.7249999999999999778 ) ) ;
#2557 = EDGE_CURVE ( 'NONE', #3022, #1581, #2326, .T. ) ;
#2558 = LINE ( 'NONE', #3210, #4048 ) ;
#2559 = ORIENTED_EDGE ( 'NONE', *, *, #2257, .T. ) ;
#2560 = EDGE_CURVE ( 'NONE', #3326, #514, #3835, .T. ) ;
#2561 = AXIS2_PLACEMENT_3D ( 'NONE', #2165, #4158, #401 ) ;
#2562 = DIRECTION ( 'NONE',  ( -1.000000000000000000, 0.000000000000000000, -1.084202172485505223E-15 ) ) ;
#2563 = DIRECTION ( 'NONE',  ( -1.000000000000000000, 0.000000000000000000, 1.084202172485504040E-15 ) ) ;
#2564 = LINE ( 'NONE', #170, #4138 ) ;
#2565 = FACE_OUTER_BOUND ( 'NONE', #3779, .T. ) ;
#2566 = CARTESIAN_POINT ( 'NONE',  ( -1.000000000000000666, 0.2030000000000000138, -0.6250000000000001110 ) ) ;
#2567 =( NAMED_UNIT ( * ) SI_UNIT ( $, .STERADIAN. ) SOLID_ANGLE_UNIT ( ) );
#2568 = AXIS2_PLACEMENT_3D ( 'NONE', #1372, #1399, #1983 ) ;
#2569 = ORIENTED_EDGE ( 'NONE', *, *, #2179, .T. ) ;
#2570 = DIRECTION ( 'NONE',  ( 0.000000000000000000, -1.000000000000000000, 0.000000000000000000 ) ) ;
#2571 = ADVANCED_FACE ( 'NONE', ( #3658 ), #2474, .F. ) ;
#2572 = CARTESIAN_POINT ( 'NONE',  ( 1.000000000000000444, 0.04999999999999999584, -0.8750000000000001110 ) ) ;
#2573 = PRESENTATION_LAYER_ASSIGNMENT (  '', '', ( #3117 ) ) ;
#2574 = FACE_OUTER_BOUND ( 'NONE', #3821, .T. ) ;
#2575 = VECTOR ( 'NONE', #80, 1000.000000000000000 ) ;
#2576 = DIRECTION ( 'NONE',  ( -1.000000000000000000, -0.000000000000000000, 1.084202172485505223E-15 ) ) ;
#2577 = CARTESIAN_POINT ( 'NONE',  ( 0.3000000000000001554, 0.2030000000000000693, -0.6999999999999997335 ) ) ;
#2578 = DIRECTION ( 'NONE',  ( 0.000000000000000000, 0.000000000000000000, -1.000000000000000000 ) ) ;
#2579 = VERTEX_POINT ( 'NONE', #1782 ) ;
#2580 = PLANE ( 'NONE',  #2901 ) ;
#2581 = LINE ( 'NONE', #717, #1093 ) ;
#2582 = VECTOR ( 'NONE', #2150, 1000.000000000000000 ) ;
#2583 = ADVANCED_FACE ( 'NONE', ( #2151 ), #3826, .F. ) ;
#2584 = ORIENTED_EDGE ( 'NONE', *, *, #2061, .T. ) ;
#2585 = DIRECTION ( 'NONE',  ( 1.000000000000000000, -0.000000000000000000, 1.084202172485504040E-15 ) ) ;
#2586 = CARTESIAN_POINT ( 'NONE',  ( -0.8000000000000005995, 0.2030000000000000138, -0.7249999999999999778 ) ) ;
#2587 = LINE ( 'NONE', #1974, #2625 ) ;
#2588 = LINE ( 'NONE', #49, #1044 ) ;
#2589 = EDGE_CURVE ( 'NONE', #1467, #854, #2299, .T. ) ;
#2590 = ORIENTED_EDGE ( 'NONE', *, *, #3597, .F. ) ;
#2591 = AXIS2_PLACEMENT_3D ( 'NONE', #2780, #1042, #4237 ) ;
#2592 = DIRECTION ( 'NONE',  ( 1.000000000000000000, 0.000000000000000000, -1.084202172485505223E-15 ) ) ;
#2593 = ADVANCED_FACE ( 'NONE', ( #2319, #754 ), #176, .T. ) ;
#2594 = CARTESIAN_POINT ( 'NONE',  ( -0.4000000000000000222, 0.05000000000000000278, -5.421010862427523403E-17 ) ) ;
#2595 = LINE ( 'NONE', #1077, #1030 ) ;
#2596 = CARTESIAN_POINT ( 'NONE',  ( 0.9999999999999993339, 0.05000000000000000278, -1.000000000000000444 ) ) ;
#2597 = SURFACE_STYLE_USAGE ( .BOTH. , #1860 ) ;
#2598 = EDGE_LOOP ( 'NONE', ( #4430, #358, #1484, #511 ) ) ;
#2599 = EDGE_CURVE ( 'NONE', #3999, #2734, #3848, .T. ) ;
#2600 = LINE ( 'NONE', #3628, #2641 ) ;
#2601 = LINE ( 'NONE', #2844, #4107 ) ;
#2602 = DIRECTION ( 'NONE',  ( 1.355252715606880789E-16, 0.000000000000000000, -1.000000000000000000 ) ) ;
#2603 = DIRECTION ( 'NONE',  ( 0.000000000000000000, 0.000000000000000000, -1.000000000000000000 ) ) ;
#2604 = DIRECTION ( 'NONE',  ( 0.000000000000000000, 0.000000000000000000, 1.000000000000000000 ) ) ;
#2605 = AXIS2_PLACEMENT_3D ( 'NONE', #3915, #897, #1112 ) ;
#2606 = ORIENTED_EDGE ( 'NONE', *, *, #861, .F. ) ;
#2607 = ADVANCED_FACE ( 'NONE', ( #892 ), #2972, .T. ) ;
#2608 = DIRECTION ( 'NONE',  ( -0.000000000000000000, -1.000000000000000000, 0.000000000000000000 ) ) ;
#2609 = VECTOR ( 'NONE', #2549, 1000.000000000000000 ) ;
#2610 = LINE ( 'NONE', #3130, #998 ) ;
#2611 = ORIENTED_EDGE ( 'NONE', *, *, #3395, .T. ) ;
#2612 =( LENGTH_UNIT ( ) NAMED_UNIT ( * ) SI_UNIT ( .MILLI., .METRE. ) );
#2613 = CYLINDRICAL_SURFACE ( 'NONE', #1251, 0.1000000000000000472 ) ;
#2614 = ORIENTED_EDGE ( 'NONE', *, *, #1337, .T. ) ;
#2615 = EDGE_CURVE ( 'NONE', #349, #542, #872, .T. ) ;
#2616 = EDGE_CURVE ( 'NONE', #2416, #940, #2240, .T. ) ;
#2617 = AXIS2_PLACEMENT_3D ( 'NONE', #1952, #2052, #1576 ) ;
#2618 = ORIENTED_EDGE ( 'NONE', *, *, #281, .F. ) ;
#2619 = CARTESIAN_POINT ( 'NONE',  ( 0.8000000000000005995, 0.2030000000000000138, -0.6249999999999998890 ) ) ;
#2620 = DIRECTION ( 'NONE',  ( 0.000000000000000000, 0.000000000000000000, 1.000000000000000000 ) ) ;
#2621 = VECTOR ( 'NONE', #2578, 1000.000000000000000 ) ;
#2622 = ORIENTED_EDGE ( 'NONE', *, *, #3191, .F. ) ;
#2623 = EDGE_LOOP ( 'NONE', ( #924, #3970, #2126, #4014 ) ) ;
#2624 = PRESENTATION_STYLE_ASSIGNMENT (( #3134 ) ) ;
#2625 = VECTOR ( 'NONE', #2676, 1000.000000000000000 ) ;
#2626 = VERTEX_POINT ( 'NONE', #1900 ) ;
#2627 = DIRECTION ( 'NONE',  ( 0.000000000000000000, 1.000000000000000000, 0.000000000000000000 ) ) ;
#2628 = SURFACE_STYLE_USAGE ( .BOTH. , #3595 ) ;
#2629 = VERTEX_POINT ( 'NONE', #1301 ) ;
#2630 = CARTESIAN_POINT ( 'NONE',  ( -1.000000000000000666, 0.05000000000000000278, -0.9999999999999997780 ) ) ;
#2631 = AXIS2_PLACEMENT_3D ( 'NONE', #2689, #3857, #2056 ) ;
#2632 = VECTOR ( 'NONE', #3877, 1000.000000000000000 ) ;
#2633 = ORIENTED_EDGE ( 'NONE', *, *, #3711, .T. ) ;
#2634 = ORIENTED_EDGE ( 'NONE', *, *, #2231, .F. ) ;
#2635 = DIRECTION ( 'NONE',  ( 1.084202172485504040E-15, 0.000000000000000000, -1.000000000000000000 ) ) ;
#2636 = DIRECTION ( 'NONE',  ( 1.000000000000000000, 0.000000000000000000, 1.084202172485505223E-15 ) ) ;
#2637 = EDGE_CURVE ( 'NONE', #656, #3497, #2309, .T. ) ;
#2638 = DIRECTION ( 'NONE',  ( 0.000000000000000000, -0.000000000000000000, 1.000000000000000000 ) ) ;
#2639 = ADVANCED_FACE ( 'NONE', ( #2284 ), #1556, .F. ) ;
#2640 = FACE_OUTER_BOUND ( 'NONE', #2162, .T. ) ;
#2641 = VECTOR ( 'NONE', #1867, 1000.000000000000000 ) ;
#2642 = EDGE_LOOP ( 'NONE', ( #36, #3058, #1529, #93 ) ) ;
#2643 = DIRECTION ( 'NONE',  ( 0.000000000000000000, 0.000000000000000000, 1.000000000000000000 ) ) ;
#2644 = CARTESIAN_POINT ( 'NONE',  ( -0.7000000000000005107, 0.2030000000000000138, -0.2249999999999999500 ) ) ;
#2645 = DIRECTION ( 'NONE',  ( -0.000000000000000000, -1.000000000000000000, 0.000000000000000000 ) ) ;
#2646 = CIRCLE ( 'NONE', #1870, 0.1000000000000000472 ) ;
#2647 = ORIENTED_EDGE ( 'NONE', *, *, #1706, .T. ) ;
#2648 = CARTESIAN_POINT ( 'NONE',  ( -0.7000000000000005107, 0.5935124837953329457, 0.7750000000000001332 ) ) ;
#2649 = EDGE_CURVE ( 'NONE', #3052, #3859, #850, .T. ) ;
#2650 = VERTEX_POINT ( 'NONE', #4392 ) ;
#2651 = DIRECTION ( 'NONE',  ( 0.000000000000000000, 0.000000000000000000, 1.000000000000000000 ) ) ;
#2652 = FACE_OUTER_BOUND ( 'NONE', #2269, .T. ) ;
#2653 = LINE ( 'NONE', #3048, #2665 ) ;
#2654 = AXIS2_PLACEMENT_3D ( 'NONE', #55, #3571, #4308 ) ;
#2655 = ORIENTED_EDGE ( 'NONE', *, *, #3759, .F. ) ;
#2656 = AXIS2_PLACEMENT_3D ( 'NONE', #2798, #3438, #4184 ) ;
#2657 = CARTESIAN_POINT ( 'NONE',  ( 0.8000000000000005995, 0.2030000000000000138, 0.1250000000000001110 ) ) ;
#2658 = DIRECTION ( 'NONE',  ( -0.000000000000000000, -1.000000000000000000, -0.000000000000000000 ) ) ;
#2659 = CARTESIAN_POINT ( 'NONE',  ( -1.000000000000000666, 0.000000000000000000, -0.1250000000000001110 ) ) ;
#2660 = DIRECTION ( 'NONE',  ( 0.000000000000000000, -1.000000000000000000, 0.000000000000000000 ) ) ;
#2661 = CARTESIAN_POINT ( 'NONE',  ( -0.8000000000000005995, 0.2030000000000000138, -0.7249999999999999778 ) ) ;
#2662 = ORIENTED_EDGE ( 'NONE', *, *, #3863, .T. ) ;
#2663 = EDGE_CURVE ( 'NONE', #2339, #446, #763, .T. ) ;
#2664 = CARTESIAN_POINT ( 'NONE',  ( 0.7000000000000005107, 0.2030000000000000138, -0.7749999999999999112 ) ) ;
#2665 = VECTOR ( 'NONE', #4097, 1000.000000000000000 ) ;
#2666 = ORIENTED_EDGE ( 'NONE', *, *, #1786, .F. ) ;
#2667 = EDGE_CURVE ( 'NONE', #1795, #3126, #747, .T. ) ;
#2668 = LINE ( 'NONE', #73, #2696 ) ;
#2669 = DIRECTION ( 'NONE',  ( 0.000000000000000000, 0.000000000000000000, 1.000000000000000000 ) ) ;
#2670 = VECTOR ( 'NONE', #2495, 1000.000000000000000 ) ;
#2671 = AXIS2_PLACEMENT_3D ( 'NONE', #2189, #3142, #2769 ) ;
#2672 = VECTOR ( 'NONE', #1875, 1000.000000000000000 ) ;
#2673 = VERTEX_POINT ( 'NONE', #3369 ) ;
#2674 = CIRCLE ( 'NONE', #1562, 0.1000000000000000472 ) ;
#2675 = VERTEX_POINT ( 'NONE', #2282 ) ;
#2676 = DIRECTION ( 'NONE',  ( -0.000000000000000000, -1.000000000000000000, -0.000000000000000000 ) ) ;
#2677 = LINE ( 'NONE', #4273, #4282 ) ;
#2678 = ORIENTED_EDGE ( 'NONE', *, *, #1845, .F. ) ;
#2679 = CARTESIAN_POINT ( 'NONE',  ( 1.000000000000000666, 0.2030000000000000138, -0.1250000000000001110 ) ) ;
#2680 = PRESENTATION_STYLE_ASSIGNMENT (( #431 ) ) ;
#2681 = ORIENTED_EDGE ( 'NONE', *, *, #4157, .F. ) ;
#2682 = LINE ( 'NONE', #3749, #2799 ) ;
#2683 = ORIENTED_EDGE ( 'NONE', *, *, #3352, .F. ) ;
#2684 = EDGE_CURVE ( 'NONE', #2673, #1894, #2218, .T. ) ;
#2685 = ADVANCED_FACE ( 'NONE', ( #2369 ), #2998, .F. ) ;
#2686 = DIRECTION ( 'NONE',  ( 0.000000000000000000, -1.000000000000000000, 0.000000000000000000 ) ) ;
#2687 = DIRECTION ( 'NONE',  ( 0.000000000000000000, 1.000000000000000000, 0.000000000000000000 ) ) ;
#2688 = CARTESIAN_POINT ( 'NONE',  ( -1.000000000000000666, 0.2030000000000000138, -0.1250000000000001110 ) ) ;
#2689 = CARTESIAN_POINT ( 'NONE',  ( 0.8000000000000005995, 0.5935124837953329457, -0.8749999999999998890 ) ) ;
#2690 = ORIENTED_EDGE ( 'NONE', *, *, #1630, .F. ) ;
#2691 = AXIS2_PLACEMENT_3D ( 'NONE', #3288, #806, #2563 ) ;
#2692 = LINE ( 'NONE', #1545, #1160 ) ;
#2693 = PLANE ( 'NONE',  #2242 ) ;
#2694 = CIRCLE ( 'NONE', #3101, 0.1000000000000000472 ) ;
#2695 = ORIENTED_EDGE ( 'NONE', *, *, #1226, .F. ) ;
#2696 = VECTOR ( 'NONE', #1743, 1000.000000000000000 ) ;
#2697 = EDGE_CURVE ( 'NONE', #313, #3952, #3730, .T. ) ;
#2698 = CARTESIAN_POINT ( 'NONE',  ( -1.000000000000000666, 0.2030000000000000138, -0.1250000000000001110 ) ) ;
#2699 = ORIENTED_EDGE ( 'NONE', *, *, #2466, .T. ) ;
#2700 = DIRECTION ( 'NONE',  ( -1.000000000000000000, 0.000000000000000000, -1.084202172485505223E-15 ) ) ;
#2701 = LINE ( 'NONE', #3886, #4214 ) ;
#2702 = ORIENTED_EDGE ( 'NONE', *, *, #1384, .F. ) ;
#2703 = CIRCLE ( 'NONE', #3698, 0.1000000000000000472 ) ;
#2704 = VERTEX_POINT ( 'NONE', #2210 ) ;
#2705 = DIRECTION ( 'NONE',  ( 0.000000000000000000, 0.000000000000000000, 1.000000000000000000 ) ) ;
#2706 = AXIS2_PLACEMENT_3D ( 'NONE', #1329, #575, #289 ) ;
#2707 = CIRCLE ( 'NONE', #785, 0.1000000000000000472 ) ;
#2708 = DIRECTION ( 'NONE',  ( 0.000000000000000000, 0.000000000000000000, 1.000000000000000000 ) ) ;
#2709 = EDGE_LOOP ( 'NONE', ( #1673, #1509, #184, #4134 ) ) ;
#2710 = DIRECTION ( 'NONE',  ( 0.000000000000000000, -1.000000000000000000, 0.000000000000000000 ) ) ;
#2711 = DIRECTION ( 'NONE',  ( 0.000000000000000000, 0.000000000000000000, 1.000000000000000000 ) ) ;
#2712 = VECTOR ( 'NONE', #500, 1000.000000000000000 ) ;
#2713 = ORIENTED_EDGE ( 'NONE', *, *, #1791, .F. ) ;
#2714 = DIRECTION ( 'NONE',  ( 1.000000000000000000, 0.000000000000000000, -3.252606517456513302E-16 ) ) ;
#2715 = CYLINDRICAL_SURFACE ( 'NONE', #3644, 0.1000000000000000472 ) ;
#2716 = FACE_OUTER_BOUND ( 'NONE', #1678, .T. ) ;
#2717 = VERTEX_POINT ( 'NONE', #895 ) ;
#2718 = EDGE_CURVE ( 'NONE', #1776, #3638, #2352, .T. ) ;
#2719 = PLANE ( 'NONE',  #3819 ) ;
#2720 = CARTESIAN_POINT ( 'NONE',  ( -1.000000000000000666, 0.2030000000000000138, -0.1250000000000001110 ) ) ;
#2721 = DIRECTION ( 'NONE',  ( -1.084202172485505223E-15, 0.000000000000000000, 1.000000000000000000 ) ) ;
#2722 = DIRECTION ( 'NONE',  ( 1.000000000000000000, 0.000000000000000000, 1.084202172485505223E-15 ) ) ;
#2723 = AXIS2_PLACEMENT_3D ( 'NONE', #3232, #3265, #1569 ) ;
#2724 = AXIS2_PLACEMENT_3D ( 'NONE', #315, #1757, #800 ) ;
#2725 = CARTESIAN_POINT ( 'NONE',  ( -0.3000000000000002109, 0.2030000000000000693, 0.6999999999999998446 ) ) ;
#2726 = ORIENTED_EDGE ( 'NONE', *, *, #1767, .F. ) ;
#2727 = FACE_OUTER_BOUND ( 'NONE', #505, .T. ) ;
#2728 = CARTESIAN_POINT ( 'NONE',  ( 0.8000000000000005995, 0.2030000000000000138, 0.3750000000000001110 ) ) ;
#2729 = FACE_OUTER_BOUND ( 'NONE', #2709, .T. ) ;
#2730 = EDGE_LOOP ( 'NONE', ( #3255, #238, #2892, #1386, #2864, #3292, #4349, #820 ) ) ;
#2731 = ADVANCED_FACE ( 'NONE', ( #3766 ), #4333, .F. ) ;
#2732 = LINE ( 'NONE', #1515, #4241 ) ;
#2733 = SURFACE_STYLE_USAGE ( .BOTH. , #2405 ) ;
#2734 = VERTEX_POINT ( 'NONE', #3761 ) ;
#2735 = AXIS2_PLACEMENT_3D ( 'NONE', #342, #1063, #2736 ) ;
#2736 = DIRECTION ( 'NONE',  ( 0.000000000000000000, 0.000000000000000000, -1.000000000000000000 ) ) ;
#2737 = DIRECTION ( 'NONE',  ( 0.000000000000000000, 0.000000000000000000, -1.000000000000000000 ) ) ;
#2738 = PRESENTATION_STYLE_ASSIGNMENT (( #2243 ) ) ;
#2739 = DIRECTION ( 'NONE',  ( -0.000000000000000000, -1.000000000000000000, -0.000000000000000000 ) ) ;
#2740 = VECTOR ( 'NONE', #2092, 1000.000000000000000 ) ;
#2741 = EDGE_LOOP ( 'NONE', ( #2905, #3176, #452, #22, #1416, #4440 ) ) ;
#2742 = LINE ( 'NONE', #1083, #2803 ) ;
#2743 = ORIENTED_EDGE ( 'NONE', *, *, #3583, .T. ) ;
#2744 = DIRECTION ( 'NONE',  ( -1.000000000000000000, 0.000000000000000000, -2.710505431213761085E-16 ) ) ;
#2745 = LINE ( 'NONE', #1642, #1245 ) ;
#2746 = DIRECTION ( 'NONE',  ( 0.000000000000000000, 0.000000000000000000, 1.000000000000000000 ) ) ;
#2747 = VERTEX_POINT ( 'NONE', #3419 ) ;
#2748 = DIRECTION ( 'NONE',  ( -1.084202172485504040E-15, 0.000000000000000000, -1.000000000000000000 ) ) ;
#2749 = DIRECTION ( 'NONE',  ( 0.000000000000000000, 0.000000000000000000, -1.000000000000000000 ) ) ;
#2750 = LINE ( 'NONE', #833, #4330 ) ;
#2751 = VERTEX_POINT ( 'NONE', #1333 ) ;
#2752 = EDGE_CURVE ( 'NONE', #2734, #3373, #666, .T. ) ;
#2753 = CIRCLE ( 'NONE', #641, 0.1000000000000000472 ) ;
#2754 = VECTOR ( 'NONE', #3324, 1000.000000000000000 ) ;
#2755 = AXIS2_PLACEMENT_3D ( 'NONE', #42, #4424, #781 ) ;
#2756 = VECTOR ( 'NONE', #3696, 1000.000000000000000 ) ;
#2757 = CARTESIAN_POINT ( 'NONE',  ( 1.000000000000000444, 0.2030000000000000138, 0.1249999999999998890 ) ) ;
#2758 = CARTESIAN_POINT ( 'NONE',  ( -0.8000000000000005995, 0.2030000000000000138, -0.2249999999999999500 ) ) ;
#2759 = DIRECTION ( 'NONE',  ( 0.000000000000000000, 0.000000000000000000, 1.000000000000000000 ) ) ;
#2760 = CARTESIAN_POINT ( 'NONE',  ( -0.7000000000000007327, 0.9499999999999999556, -0.8250000000000005107 ) ) ;
#2761 = VERTEX_POINT ( 'NONE', #1012 ) ;
#2762 = EDGE_CURVE ( 'NONE', #262, #1776, #3747, .T. ) ;
#2763 = SURFACE_STYLE_FILL_AREA ( #413 ) ;
#2764 = CARTESIAN_POINT ( 'NONE',  ( 0.7000000000000005107, 0.2030000000000000138, 0.7250000000000001998 ) ) ;
#2765 = LINE ( 'NONE', #258, #4239 ) ;
#2766 = LINE ( 'NONE', #4378, #1300 ) ;
#2767 = CIRCLE ( 'NONE', #30, 0.1000000000000000472 ) ;
#2768 = ORIENTED_EDGE ( 'NONE', *, *, #1558, .T. ) ;
#2769 = DIRECTION ( 'NONE',  ( 8.673617379884036458E-16, 0.000000000000000000, 1.000000000000000000 ) ) ;
#2770 = CYLINDRICAL_SURFACE ( 'NONE', #3042, 0.1000000000000000472 ) ;
#2771 = DIRECTION ( 'NONE',  ( 0.000000000000000000, 1.000000000000000000, 0.000000000000000000 ) ) ;
#2772 = LINE ( 'NONE', #640, #4230 ) ;
#2773 = EDGE_LOOP ( 'NONE', ( #1878, #1555, #1802, #3462 ) ) ;
#2774 = ADVANCED_FACE ( 'NONE', ( #788 ), #1411, .T. ) ;
#2775 = LINE ( 'NONE', #1270, #1227 ) ;
#2776 = ORIENTED_EDGE ( 'NONE', *, *, #3876, .T. ) ;
#2777 = EDGE_CURVE ( 'NONE', #2346, #3195, #2267, .T. ) ;
#2778 = CARTESIAN_POINT ( 'NONE',  ( -0.1999999999999985123, 0.2030000000000000693, -0.7999999999999999334 ) ) ;
#2779 = VECTOR ( 'NONE', #1893, 1000.000000000000000 ) ;
#2780 = CARTESIAN_POINT ( 'NONE',  ( 0.8000000000000005995, 0.2030000000000000138, -0.2749999999999998557 ) ) ;
#2781 = CARTESIAN_POINT ( 'NONE',  ( 0.7000000000000005107, 0.2030000000000000138, -0.2249999999999999500 ) ) ;
#2782 = FACE_OUTER_BOUND ( 'NONE', #294, .T. ) ;
#2783 = EDGE_LOOP ( 'NONE', ( #1174, #612, #2584, #3693 ) ) ;
#2784 = EDGE_CURVE ( 'NONE', #693, #2834, #843, .T. ) ;
#2785 = PLANE ( 'NONE',  #1472 ) ;
#2786 = LINE ( 'NONE', #1961, #4299 ) ;
#2787 = AXIS2_PLACEMENT_3D ( 'NONE', #4407, #3018, #282 ) ;
#2788 = CYLINDRICAL_SURFACE ( 'NONE', #8, 0.1000000000000000472 ) ;
#2789 = LINE ( 'NONE', #668, #1317 ) ;
#2790 = CIRCLE ( 'NONE', #1624, 0.1000000000000000472 ) ;
#2791 = DIRECTION ( 'NONE',  ( 0.000000000000000000, 0.000000000000000000, 1.000000000000000000 ) ) ;
#2792 = DIRECTION ( 'NONE',  ( -0.000000000000000000, -1.000000000000000000, -0.000000000000000000 ) ) ;
#2793 = DIRECTION ( 'NONE',  ( 0.000000000000000000, 0.000000000000000000, 1.000000000000000000 ) ) ;
#2794 = DIRECTION ( 'NONE',  ( 0.000000000000000000, 1.000000000000000000, 0.000000000000000000 ) ) ;
#2795 = ORIENTED_EDGE ( 'NONE', *, *, #2950, .F. ) ;
#2796 = MANIFOLD_SOLID_BREP ( 'Fillet2', #3751 ) ;
#2797 = CYLINDRICAL_SURFACE ( 'NONE', #2724, 0.1000000000000000472 ) ;
#2798 = CARTESIAN_POINT ( 'NONE',  ( 0.8000000000000005995, 0.2030000000000000138, 0.2750000000000000777 ) ) ;
#2799 = VECTOR ( 'NONE', #704, 1000.000000000000000 ) ;
#2800 = CIRCLE ( 'NONE', #3376, 0.1000000000000000472 ) ;
#2801 = MECHANICAL_DESIGN_GEOMETRIC_PRESENTATION_REPRESENTATION (  '', ( #2144 ), #2519 ) ;
#2802 = VERTEX_POINT ( 'NONE', #4 ) ;
#2803 = VECTOR ( 'NONE', #4248, 1000.000000000000000 ) ;
#2804 = ORIENTED_EDGE ( 'NONE', *, *, #447, .T. ) ;
#2805 = CARTESIAN_POINT ( 'NONE',  ( -0.7000000000000005107, 0.2030000000000000138, 0.2750000000000000777 ) ) ;
#2806 = VECTOR ( 'NONE', #2380, 1000.000000000000000 ) ;
#2807 = CARTESIAN_POINT ( 'NONE',  ( -0.7000000000000007327, 0.8499999999999999778, -0.8250000000000005107 ) ) ;
#2808 = FACE_OUTER_BOUND ( 'NONE', #3246, .T. ) ;
#2809 = LINE ( 'NONE', #3242, #4310 ) ;
#2810 = ORIENTED_EDGE ( 'NONE', *, *, #752, .F. ) ;
#2811 = VECTOR ( 'NONE', #3114, 1000.000000000000000 ) ;
#2812 = DIRECTION ( 'NONE',  ( 0.000000000000000000, 0.000000000000000000, -1.000000000000000000 ) ) ;
#2813 = CARTESIAN_POINT ( 'NONE',  ( -0.8000000000000005995, 0.2030000000000000138, 0.2250000000000001443 ) ) ;
#2814 = LINE ( 'NONE', #4140, #1331 ) ;
#2815 = ADVANCED_FACE ( 'NONE', ( #3949 ), #3479, .T. ) ;
#2816 = VECTOR ( 'NONE', #3488, 1000.000000000000000 ) ;
#2817 = EDGE_CURVE ( 'NONE', #1761, #782, #2436, .T. ) ;
#2818 = ORIENTED_EDGE ( 'NONE', *, *, #1829, .T. ) ;
#2819 = AXIS2_PLACEMENT_3D ( 'NONE', #2586, #3249, #1240 ) ;
#2820 = DIRECTION ( 'NONE',  ( 0.000000000000000000, 0.000000000000000000, -1.000000000000000000 ) ) ;
#2821 = LINE ( 'NONE', #1690, #4337 ) ;
#2822 = LINE ( 'NONE', #2911, #1286 ) ;
#2823 = DIRECTION ( 'NONE',  ( 1.000000000000000000, 0.000000000000000000, -1.084202172485504040E-15 ) ) ;
#2824 = CARTESIAN_POINT ( 'NONE',  ( 1.000000000000000444, 0.5935124837953329457, 0.6249999999999998890 ) ) ;
#2825 = DIRECTION ( 'NONE',  ( 0.000000000000000000, -1.000000000000000000, 0.000000000000000000 ) ) ;
#2826 = CARTESIAN_POINT ( 'NONE',  ( -1.000000000000000666, 0.04999999999999999584, -0.6250000000000001110 ) ) ;
#2827 = DIRECTION ( 'NONE',  ( 0.000000000000000000, 1.000000000000000000, 0.000000000000000000 ) ) ;
#2828 = ORIENTED_EDGE ( 'NONE', *, *, #350, .F. ) ;
#2829 =( NAMED_UNIT ( * ) SI_UNIT ( $, .STERADIAN. ) SOLID_ANGLE_UNIT ( ) );
#2830 = CIRCLE ( 'NONE', #1680, 0.1000000000000000472 ) ;
#2831 = EDGE_CURVE ( 'NONE', #1467, #4058, #3962, .T. ) ;
#2832 = CYLINDRICAL_SURFACE ( 'NONE', #2568, 0.1000000000000000472 ) ;
#2833 = LINE ( 'NONE', #910, #4322 ) ;
#2834 = VERTEX_POINT ( 'NONE', #399 ) ;
#2835 = ADVANCED_FACE ( 'NONE', ( #2401 ), #317, .T. ) ;
#2836 = DIRECTION ( 'NONE',  ( 0.000000000000000000, 0.000000000000000000, -1.000000000000000000 ) ) ;
#2837 = AXIS2_PLACEMENT_3D ( 'NONE', #3308, #4420, #2638 ) ;
#2838 = VECTOR ( 'NONE', #2940, 1000.000000000000000 ) ;
#2839 = CARTESIAN_POINT ( 'NONE',  ( 0.7000000000000005107, 0.2030000000000000138, -0.2249999999999999500 ) ) ;
#2840 = LINE ( 'NONE', #2444, #2858 ) ;
#2841 = EDGE_CURVE ( 'NONE', #943, #3511, #921, .T. ) ;
#2842 = FACE_OUTER_BOUND ( 'NONE', #3733, .T. ) ;
#2843 = ORIENTED_EDGE ( 'NONE', *, *, #2950, .T. ) ;
#2844 = CARTESIAN_POINT ( 'NONE',  ( 0.7000000000000005107, 0.5935124837953329457, -0.2249999999999999500 ) ) ;
#2845 = EDGE_CURVE ( 'NONE', #3506, #1013, #997, .T. ) ;
#2846 = LINE ( 'NONE', #2127, #2934 ) ;
#2847 = DIRECTION ( 'NONE',  ( 0.000000000000000000, -1.000000000000000000, 0.000000000000000000 ) ) ;
#2848 = LINE ( 'NONE', #827, #1326 ) ;
#2849 = VECTOR ( 'NONE', #2361, 1000.000000000000000 ) ;
#2850 = PLANE ( 'NONE',  #3630 ) ;
#2851 = LINE ( 'NONE', #1713, #4347 ) ;
#2852 = EDGE_CURVE ( 'NONE', #1775, #2392, #2385, .T. ) ;
#2853 = EDGE_CURVE ( 'NONE', #2459, #3547, #1015, .T. ) ;
#2854 = EDGE_LOOP ( 'NONE', ( #4340, #648, #1341, #1397, #1218, #3873 ) ) ;
#2855 = AXIS2_PLACEMENT_3D ( 'NONE', #3107, #4144, #20 ) ;
#2856 = CARTESIAN_POINT ( 'NONE',  ( -0.8000000000000005995, 0.2030000000000000138, 0.7750000000000001332 ) ) ;
#2857 = AXIS2_PLACEMENT_3D ( 'NONE', #2856, #437, #787 ) ;
#2858 = VECTOR ( 'NONE', #3909, 1000.000000000000000 ) ;
#2859 = ADVANCED_FACE ( 'NONE', ( #2502 ), #3895, .F. ) ;
#2860 = FACE_OUTER_BOUND ( 'NONE', #2420, .T. ) ;
#2861 = CARTESIAN_POINT ( 'NONE',  ( 0.7000000000000005107, 0.2030000000000000138, 0.7250000000000001998 ) ) ;
#2862 = CARTESIAN_POINT ( 'NONE',  ( 0.2999999999999998779, 1.991854381999832224, 0.7000000000000001776 ) ) ;
#2863 = DIRECTION ( 'NONE',  ( 0.000000000000000000, 0.000000000000000000, 1.000000000000000000 ) ) ;
#2864 = ORIENTED_EDGE ( 'NONE', *, *, #2226, .F. ) ;
#2865 = DIRECTION ( 'NONE',  ( -1.000000000000000000, 0.000000000000000000, -1.084202172485504040E-15 ) ) ;
#2866 = FACE_OUTER_BOUND ( 'NONE', #952, .T. ) ;
#2867 = LINE ( 'NONE', #2221, #4362 ) ;
#2868 = ORIENTED_EDGE ( 'NONE', *, *, #1518, .F. ) ;
#2869 = DIRECTION ( 'NONE',  ( -1.000000000000000000, 0.000000000000000000, -1.084202172485505223E-15 ) ) ;
#2870 = DIRECTION ( 'NONE',  ( -0.000000000000000000, -0.000000000000000000, 1.000000000000000000 ) ) ;
#2871 = DIRECTION ( 'NONE',  ( -0.000000000000000000, 0.000000000000000000, 1.000000000000000000 ) ) ;
#2872 = CIRCLE ( 'NONE', #2656, 0.1000000000000000472 ) ;
#2873 = DIRECTION ( 'NONE',  ( 0.000000000000000000, -0.000000000000000000, 1.000000000000000000 ) ) ;
#2874 = AXIS2_PLACEMENT_3D ( 'NONE', #362, #732, #1697 ) ;
#2875 = LINE ( 'NONE', #4091, #1365 ) ;
#2876 = VERTEX_POINT ( 'NONE', #423 ) ;
#2877 = ADVANCED_FACE ( 'NONE', ( #4019 ), #156, .F. ) ;
#2878 = DIRECTION ( 'NONE',  ( -8.673617379884036458E-16, 0.000000000000000000, -1.000000000000000000 ) ) ;
#2879 = EDGE_CURVE ( 'NONE', #1906, #2064, #3907, .T. ) ;
#2880 = FACE_OUTER_BOUND ( 'NONE', #3957, .T. ) ;
#2881 = CARTESIAN_POINT ( 'NONE',  ( 0.3999999999999998557, 0.000000000000000000, 0.7000000000000001776 ) ) ;
#2882 = DIRECTION ( 'NONE',  ( 0.000000000000000000, -1.000000000000000000, 0.000000000000000000 ) ) ;
#2883 = LINE ( 'NONE', #440, #4373 ) ;
#2884 = DIRECTION ( 'NONE',  ( 0.000000000000000000, 0.000000000000000000, 1.000000000000000000 ) ) ;
#2885 = CYLINDRICAL_SURFACE ( 'NONE', #3477, 0.1000000000000000472 ) ;
#2886 = VERTEX_POINT ( 'NONE', #2220 ) ;
#2887 = CARTESIAN_POINT ( 'NONE',  ( -0.8000000000000005995, 0.000000000000000000, 0.2750000000000000777 ) ) ;
#2888 = FACE_OUTER_BOUND ( 'NONE', #1971, .T. ) ;
#2889 = DIRECTION ( 'NONE',  ( 0.000000000000000000, 0.000000000000000000, -1.000000000000000000 ) ) ;
#2890 = CARTESIAN_POINT ( 'NONE',  ( -0.8000000000000005995, 0.2030000000000000138, 0.7750000000000001332 ) ) ;
#2891 = DIRECTION ( 'NONE',  ( 0.000000000000000000, -0.000000000000000000, 1.000000000000000000 ) ) ;
#2892 = ORIENTED_EDGE ( 'NONE', *, *, #2997, .F. ) ;
#2893 = EDGE_CURVE ( 'NONE', #2751, #561, #908, .T. ) ;
#2894 = UNCERTAINTY_MEASURE_WITH_UNIT (LENGTH_MEASURE( 1.000000000000000082E-05 ), #477, 'distance_accuracy_value', 'NONE');
#2895 = VECTOR ( 'NONE', #1584, 1000.000000000000000 ) ;
#2896 = MECHANICAL_DESIGN_GEOMETRIC_PRESENTATION_REPRESENTATION (  '', ( #199 ), #1834 ) ;
#2897 = LINE ( 'NONE', #1663, #4427 ) ;
#2898 = ORIENTED_EDGE ( 'NONE', *, *, #1158, .F. ) ;
#2899 = DIRECTION ( 'NONE',  ( 0.000000000000000000, 0.000000000000000000, 1.000000000000000000 ) ) ;
#2900 = DIRECTION ( 'NONE',  ( -8.673617379884035472E-16, -0.000000000000000000, 1.000000000000000000 ) ) ;
#2901 = AXIS2_PLACEMENT_3D ( 'NONE', #1551, #4387, #1927 ) ;
#2902 = EDGE_CURVE ( 'NONE', #1681, #2761, #3971, .T. ) ;
#2903 = LINE ( 'NONE', #3051, #4341 ) ;
#2904 = CARTESIAN_POINT ( 'NONE',  ( -0.4000000000000001332, 1.991854381999832224, 0.7999999999999999334 ) ) ;
#2905 = ORIENTED_EDGE ( 'NONE', *, *, #248, .F. ) ;
#2906 = AXIS2_PLACEMENT_3D ( 'NONE', #1071, #2414, #2746 ) ;
#2907 = DIRECTION ( 'NONE',  ( -0.000000000000000000, 0.000000000000000000, 1.000000000000000000 ) ) ;
#2908 = VECTOR ( 'NONE', #506, 1000.000000000000000 ) ;
#2909 = EDGE_CURVE ( 'NONE', #2675, #3927, #898, .T. ) ;
#2910 = DIRECTION ( 'NONE',  ( 1.000000000000000000, 0.000000000000000000, 1.084202172485505223E-15 ) ) ;
#2911 = CARTESIAN_POINT ( 'NONE',  ( 0.8000000000000005995, 0.2030000000000000138, -0.8749999999999998890 ) ) ;
#2912 = AXIS2_PLACEMENT_3D ( 'NONE', #3010, #3652, #1977 ) ;
#2913 = DIRECTION ( 'NONE',  ( -0.000000000000000000, -1.000000000000000000, -0.000000000000000000 ) ) ;
#2914 = LINE ( 'NONE', #880, #1383 ) ;
#2915 = ORIENTED_EDGE ( 'NONE', *, *, #2552, .T. ) ;
#2916 = ADVANCED_FACE ( 'NONE', ( #3966 ), #1504, .F. ) ;
#2917 = FACE_OUTER_BOUND ( 'NONE', #812, .T. ) ;
#2918 = VECTOR ( 'NONE', #2191, 1000.000000000000000 ) ;
#2919 = CARTESIAN_POINT ( 'NONE',  ( 0.3000000000000002109, 0.2030000000000000693, -0.7999999999999998224 ) ) ;
#2920 = DIRECTION ( 'NONE',  ( 0.000000000000000000, 0.000000000000000000, -1.000000000000000000 ) ) ;
#2921 = ORIENTED_EDGE ( 'NONE', *, *, #2458, .T. ) ;
#2922 = CIRCLE ( 'NONE', #4000, 0.1000000000000000472 ) ;
#2923 = EDGE_CURVE ( 'NONE', #1013, #2245, #2461, .T. ) ;
#2924 = ORIENTED_EDGE ( 'NONE', *, *, #1649, .F. ) ;
#2925 = DIRECTION ( 'NONE',  ( 0.000000000000000000, -1.000000000000000000, 0.000000000000000000 ) ) ;
#2926 = CARTESIAN_POINT ( 'NONE',  ( 0.8000000000000005995, 0.2030000000000000138, -0.7249999999999999778 ) ) ;
#2927 = AXIS2_PLACEMENT_3D ( 'NONE', #4419, #293, #649 ) ;
#2928 = DIRECTION ( 'NONE',  ( 0.000000000000000000, 0.000000000000000000, 1.000000000000000000 ) ) ;
#2929 = CARTESIAN_POINT ( 'NONE',  ( 0.8000000000000005995, 0.5935124837953329457, 0.3750000000000001110 ) ) ;
#2930 = LINE ( 'NONE', #3579, #4416 ) ;
#2931 = EDGE_CURVE ( 'NONE', #3725, #3378, #3923, .T. ) ;
#2932 = ORIENTED_EDGE ( 'NONE', *, *, #252, .F. ) ;
#2933 = CARTESIAN_POINT ( 'NONE',  ( 0.8000000000000005995, 0.2030000000000000138, -0.6249999999999998890 ) ) ;
#2934 = VECTOR ( 'NONE', #340, 1000.000000000000000 ) ;
#2935 = DIRECTION ( 'NONE',  ( 0.000000000000000000, 0.000000000000000000, 1.000000000000000000 ) ) ;
#2936 = CARTESIAN_POINT ( 'NONE',  ( 0.8000000000000005995, 0.2030000000000000138, -0.3749999999999998890 ) ) ;
#2937 = CARTESIAN_POINT ( 'NONE',  ( -0.1999999999999985123, 0.2030000000000000693, -0.7999999999999999334 ) ) ;
#2938 = FACE_OUTER_BOUND ( 'NONE', #1969, .T. ) ;
#2939 = ORIENTED_EDGE ( 'NONE', *, *, #4035, .T. ) ;
#2940 = DIRECTION ( 'NONE',  ( 0.000000000000000000, 0.000000000000000000, 1.000000000000000000 ) ) ;
#2941 = CIRCLE ( 'NONE', #3528, 0.1000000000000000472 ) ;
#2942 =( GEOMETRIC_REPRESENTATION_CONTEXT ( 3 ) GLOBAL_UNCERTAINTY_ASSIGNED_CONTEXT ( ( #1287 ) ) GLOBAL_UNIT_ASSIGNED_CONTEXT ( ( #966, #1201, #890 ) ) REPRESENTATION_CONTEXT ( 'NONE', 'WORKASPACE' ) );
#2943 = EDGE_CURVE ( 'NONE', #1249, #4235, #930, .T. ) ;
#2944 = FACE_OUTER_BOUND ( 'NONE', #682, .T. ) ;
#2945 = CARTESIAN_POINT ( 'NONE',  ( 1.000000000000000666, 0.000000000000000000, -0.1250000000000001110 ) ) ;
#2946 = DIRECTION ( 'NONE',  ( -0.000000000000000000, -1.000000000000000000, 0.000000000000000000 ) ) ;
#2947 = DIRECTION ( 'NONE',  ( -0.000000000000000000, -1.000000000000000000, -0.000000000000000000 ) ) ;
#2948 = ORIENTED_EDGE ( 'NONE', *, *, #1476, .T. ) ;
#2949 = ADVANCED_FACE ( 'NONE', ( #2394 ), #1821, .F. ) ;
#2950 = EDGE_CURVE ( 'NONE', #2579, #2271, #2408, .T. ) ;
#2951 = VECTOR ( 'NONE', #3823, 1000.000000000000000 ) ;
#2952 = COLOUR_RGB ( '',1.000000000000000000, 1.000000000000000000, 1.000000000000000000 ) ;
#2953 = EDGE_CURVE ( 'NONE', #1517, #995, #936, .T. ) ;
#2954 = ORIENTED_EDGE ( 'NONE', *, *, #4302, .T. ) ;
#2955 = AXIS2_PLACEMENT_3D ( 'NONE', #4438, #673, #1374 ) ;
#2956 = DIRECTION ( 'NONE',  ( 0.000000000000000000, -0.000000000000000000, 1.000000000000000000 ) ) ;
#2957 = CARTESIAN_POINT ( 'NONE',  ( -0.7000000000000007327, 0.8499999999999999778, -0.8250000000000005107 ) ) ;
#2958 = CARTESIAN_POINT ( 'NONE',  ( -0.7000000000000007327, 0.9499999999999999556, -0.8250000000000005107 ) ) ;
#2959 =( LENGTH_UNIT ( ) NAMED_UNIT ( * ) SI_UNIT ( .MILLI., .METRE. ) );
#2960 = ORIENTED_EDGE ( 'NONE', *, *, #4219, .F. ) ;
#2961 = DIRECTION ( 'NONE',  ( 0.000000000000000000, 0.000000000000000000, 1.000000000000000000 ) ) ;
#2962 = DIRECTION ( 'NONE',  ( -0.000000000000000000, -1.000000000000000000, -0.000000000000000000 ) ) ;
#2963 =( GEOMETRIC_REPRESENTATION_CONTEXT ( 3 ) GLOBAL_UNCERTAINTY_ASSIGNED_CONTEXT ( ( #1591 ) ) GLOBAL_UNIT_ASSIGNED_CONTEXT ( ( #2612, #970, #2971 ) ) REPRESENTATION_CONTEXT ( 'NONE', 'WORKASPACE' ) );
#2964 = CARTESIAN_POINT ( 'NONE',  ( 0.8000000000000005995, 0.2030000000000000138, -0.8749999999999998890 ) ) ;
#2965 = CARTESIAN_POINT ( 'NONE',  ( -1.000000000000000444, 0.2030000000000000138, -0.3750000000000001110 ) ) ;
#2966 = CIRCLE ( 'NONE', #367, 0.1000000000000000472 ) ;
#2967 = ORIENTED_EDGE ( 'NONE', *, *, #153, .T. ) ;
#2968 = ADVANCED_FACE ( 'NONE', ( #2427 ), #1857, .T. ) ;
#2969 = CARTESIAN_POINT ( 'NONE',  ( 0.2999999999999998779, 0.2030000000000000693, 0.7000000000000001776 ) ) ;
#2970 = LINE ( 'NONE', #1566, #2918 ) ;
#2971 =( NAMED_UNIT ( * ) SI_UNIT ( $, .STERADIAN. ) SOLID_ANGLE_UNIT ( ) );
#2972 = PLANE ( 'NONE',  #2819 ) ;
#2973 = PLANE ( 'NONE',  #2837 ) ;
#2974 = VERTEX_POINT ( 'NONE', #1908 ) ;
#2975 = EDGE_CURVE ( 'NONE', #574, #1198, #992, .T. ) ;
#2976 = CARTESIAN_POINT ( 'NONE',  ( 0.000000000000000000, 0.000000000000000000, 0.000000000000000000 ) ) ;
#2977 = VECTOR ( 'NONE', #1150, 1000.000000000000000 ) ;
#2978 = STYLED_ITEM ( 'NONE', ( #3941 ), #2796 ) ;
#2979 = ORIENTED_EDGE ( 'NONE', *, *, #1153, .T. ) ;
#2980 = ADVANCED_FACE ( 'NONE', ( #2411 ), #3996, .F. ) ;
#2981 = CARTESIAN_POINT ( 'NONE',  ( 0.8000000000000005995, 0.2030000000000000138, -0.2249999999999999500 ) ) ;
#2982 = DIRECTION ( 'NONE',  ( 0.000000000000000000, 0.000000000000000000, 1.000000000000000000 ) ) ;
#2983 = DIRECTION ( 'NONE',  ( 0.000000000000000000, 1.000000000000000000, 0.000000000000000000 ) ) ;
#2984 = EDGE_CURVE ( 'NONE', #1145, #2224, #1003, .T. ) ;
#2985 = EDGE_LOOP ( 'NONE', ( #2106, #1238, #1349, #2353, #2093, #645 ) ) ;
#2986 = CARTESIAN_POINT ( 'NONE',  ( -0.8000000000000005995, 0.5935124837953329457, 0.6250000000000001110 ) ) ;
#2987 = VECTOR ( 'NONE', #3946, 1000.000000000000000 ) ;
#2988 = CARTESIAN_POINT ( 'NONE',  ( 0.2999999999999998224, 0.04999999999999991257, 0.8000000000000002665 ) ) ;
#2989 = DIRECTION ( 'NONE',  ( 0.000000000000000000, 0.000000000000000000, 1.000000000000000000 ) ) ;
#2990 =( LENGTH_UNIT ( ) NAMED_UNIT ( * ) SI_UNIT ( .MILLI., .METRE. ) );
#2991 = VECTOR ( 'NONE', #126, 1000.000000000000000 ) ;
#2992 = VERTEX_POINT ( 'NONE', #4031 ) ;
#2993 = CARTESIAN_POINT ( 'NONE',  ( 1.000000000000000444, 0.2030000000000000138, -0.8750000000000001110 ) ) ;
#2994 = EDGE_CURVE ( 'NONE', #2876, #2410, #2486, .T. ) ;
#2995 = UNCERTAINTY_MEASURE_WITH_UNIT (LENGTH_MEASURE( 1.000000000000000082E-05 ), #4296, 'distance_accuracy_value', 'NONE');
#2996 = LINE ( 'NONE', #690, #3076 ) ;
#2997 = EDGE_CURVE ( 'NONE', #2224, #3827, #956, .T. ) ;
#2998 = PLANE ( 'NONE',  #2927 ) ;
#2999 = CARTESIAN_POINT ( 'NONE',  ( 1.000000000000000666, 0.2030000000000000138, -0.1250000000000001110 ) ) ;
#3000 = EDGE_LOOP ( 'NONE', ( #2611, #1134, #2015, #3522 ) ) ;
#3001 = ORIENTED_EDGE ( 'NONE', *, *, #2187, .F. ) ;
#3002 = EDGE_CURVE ( 'NONE', #3275, #4139, #1010, .T. ) ;
#3003 = AXIS2_PLACEMENT_3D ( 'NONE', #571, #3019, #2989 ) ;
#3004 = LINE ( 'NONE', #83, #1500 ) ;
#3005 = ORIENTED_EDGE ( 'NONE', *, *, #94, .F. ) ;
#3006 = PLANE ( 'NONE',  #2755 ) ;
#3007 = AXIS2_PLACEMENT_3D ( 'NONE', #3981, #3550, #933 ) ;
#3008 = CARTESIAN_POINT ( 'NONE',  ( 1.355252715606869449E-16, 0.05000000000000000278, -0.1249999999999990286 ) ) ;
#3009 = ORIENTED_EDGE ( 'NONE', *, *, #2697, .T. ) ;
#3010 = CARTESIAN_POINT ( 'NONE',  ( 0.8000000000000005995, 0.2030000000000000138, -0.2749999999999998557 ) ) ;
#3011 = CYLINDRICAL_SURFACE ( 'NONE', #3714, 0.1000000000000000472 ) ;
#3012 = AXIS2_PLACEMENT_3D ( 'NONE', #3614, #3974, #3542 ) ;
#3013 = ORIENTED_EDGE ( 'NONE', *, *, #801, .T. ) ;
#3014 = ADVANCED_FACE ( 'NONE', ( #1146 ), #1029, .F. ) ;
#3015 = DIRECTION ( 'NONE',  ( 0.000000000000000000, -1.000000000000000000, 0.000000000000000000 ) ) ;
#3016 = EDGE_LOOP ( 'NONE', ( #1807, #1800, #775, #3447 ) ) ;
#3017 = CARTESIAN_POINT ( 'NONE',  ( -0.8000000000000005995, 0.2030000000000000138, -0.2749999999999998557 ) ) ;
#3018 = DIRECTION ( 'NONE',  ( 0.000000000000000000, 1.000000000000000000, 0.000000000000000000 ) ) ;
#3019 = DIRECTION ( 'NONE',  ( -0.000000000000000000, -1.000000000000000000, -0.000000000000000000 ) ) ;
#3020 = CARTESIAN_POINT ( 'NONE',  ( 1.000000000000000666, 0.2030000000000000138, 0.3749999999999998890 ) ) ;
#3021 = VECTOR ( 'NONE', #414, 1000.000000000000000 ) ;
#3022 = VERTEX_POINT ( 'NONE', #1480 ) ;
#3023 = DIRECTION ( 'NONE',  ( 0.000000000000000000, 0.000000000000000000, 1.000000000000000000 ) ) ;
#3024 = LINE ( 'NONE', #1530, #2987 ) ;
#3025 = ORIENTED_EDGE ( 'NONE', *, *, #429, .F. ) ;
#3026 = FACE_OUTER_BOUND ( 'NONE', #3204, .T. ) ;
#3027 = EDGE_CURVE ( 'NONE', #2717, #912, #1019, .T. ) ;
#3028 = CARTESIAN_POINT ( 'NONE',  ( -0.8000000000000005995, 0.04999999999999999584, -0.2749999999999998557 ) ) ;
#3029 = ORIENTED_EDGE ( 'NONE', *, *, #1008, .F. ) ;
#3030 = EDGE_LOOP ( 'NONE', ( #1297, #585, #4100, #2828 ) ) ;
#3031 = LINE ( 'NONE', #4211, #50 ) ;
#3032 = EDGE_LOOP ( 'NONE', ( #1596, #2633, #2265, #3665, #1203, #48, #3291, #268 ) ) ;
#3033 = EDGE_CURVE ( 'NONE', #3870, #3529, #4127, .T. ) ;
#3034 = CARTESIAN_POINT ( 'NONE',  ( -1.000000000000000666, 0.05000000000000000278, -0.9999999999999997780 ) ) ;
#3035 = ORIENTED_EDGE ( 'NONE', *, *, #291, .F. ) ;
#3036 = CARTESIAN_POINT ( 'NONE',  ( -0.7000000000000007327, 0.4964466094067261359, -0.7000000000000005107 ) ) ;
#3037 = EDGE_CURVE ( 'NONE', #3433, #436, #4102, .T. ) ;
#3038 = ORIENTED_EDGE ( 'NONE', *, *, #4253, .F. ) ;
#3039 = PLANE ( 'NONE',  #1523 ) ;
#3040 = PRODUCT ( 'TQP3M9036', 'TQP3M9036', '', ( #1877 ) ) ;
#3041 = EDGE_CURVE ( 'NONE', #1076, #1263, #1060, .T. ) ;
#3042 = AXIS2_PLACEMENT_3D ( 'NONE', #4071, #1024, #985 ) ;
#3043 = ORIENTED_EDGE ( 'NONE', *, *, #1659, .F. ) ;
#3044 = PLANE ( 'NONE',  #509 ) ;
#3045 = PLANE ( 'NONE',  #96 ) ;
#3046 = CARTESIAN_POINT ( 'NONE',  ( -0.8000000000000005995, 0.2030000000000000138, -0.6249999999999998890 ) ) ;
#3047 = CARTESIAN_POINT ( 'NONE',  ( -0.7000000000000005107, 0.05000000000000000278, 0.000000000000000000 ) ) ;
#3048 = CARTESIAN_POINT ( 'NONE',  ( 1.000000000000000666, 0.2030000000000000138, 0.8749999999999998890 ) ) ;
#3049 = EDGE_CURVE ( 'NONE', #2992, #2629, #2513, .T. ) ;
#3050 = ORIENTED_EDGE ( 'NONE', *, *, #3305, .F. ) ;
#3051 = CARTESIAN_POINT ( 'NONE',  ( -1.000000000000000666, 0.2030000000000000138, -0.6250000000000001110 ) ) ;
#3052 = VERTEX_POINT ( 'NONE', #275 ) ;
#3053 = LINE ( 'NONE', #3637, #1572 ) ;
#3054 = DIRECTION ( 'NONE',  ( -0.000000000000000000, 0.000000000000000000, 1.000000000000000000 ) ) ;
#3055 = EDGE_CURVE ( 'NONE', #3975, #3052, #2587, .T. ) ;
#3056 = ORIENTED_EDGE ( 'NONE', *, *, #1677, .F. ) ;
#3057 = ADVANCED_FACE ( 'NONE', ( #1119 ), #2850, .T. ) ;
#3058 = ORIENTED_EDGE ( 'NONE', *, *, #4164, .T. ) ;
#3059 = LINE ( 'NONE', #1267, #3121 ) ;
#3060 = EDGE_LOOP ( 'NONE', ( #2804, #798 ) ) ;
#3061 = CARTESIAN_POINT ( 'NONE',  ( 1.000000000000000666, 0.5935124837953329457, 0.3749999999999998890 ) ) ;
#3062 = DIRECTION ( 'NONE',  ( 0.000000000000000000, 1.000000000000000000, 0.000000000000000000 ) ) ;
#3063 = LINE ( 'NONE', #3861, #9 ) ;
#3064 = ORIENTED_EDGE ( 'NONE', *, *, #2984, .F. ) ;
#3065 = DIRECTION ( 'NONE',  ( 0.000000000000000000, 0.000000000000000000, -1.000000000000000000 ) ) ;
#3066 = CARTESIAN_POINT ( 'NONE',  ( -0.8000000000000005995, 0.000000000000000000, -0.7249999999999999778 ) ) ;
#3067 = CIRCLE ( 'NONE', #1853, 0.1000000000000000472 ) ;
#3068 = LINE ( 'NONE', #4324, #4434 ) ;
#3069 = EDGE_LOOP ( 'NONE', ( #2337, #3521, #2094, #2423 ) ) ;
#3070 = CARTESIAN_POINT ( 'NONE',  ( -0.8000000000000005995, 0.2030000000000000138, -0.1249999999999998890 ) ) ;
#3071 = ORIENTED_EDGE ( 'NONE', *, *, #3157, .T. ) ;
#3072 = DIRECTION ( 'NONE',  ( 1.000000000000000000, -0.000000000000000000, 8.673617379884036458E-16 ) ) ;
#3073 = DIRECTION ( 'NONE',  ( -1.000000000000000000, 0.000000000000000000, -1.084202172485505223E-15 ) ) ;
#3074 = CARTESIAN_POINT ( 'NONE',  ( -0.8000000000000005995, 0.2030000000000000138, 0.8750000000000001110 ) ) ;
#3075 = PLANE ( 'NONE',  #3398 ) ;
#3076 = VECTOR ( 'NONE', #3123, 1000.000000000000000 ) ;
#3077 = AXIS2_PLACEMENT_3D ( 'NONE', #2520, #501, #2884 ) ;
#3078 = FACE_OUTER_BOUND ( 'NONE', #2123, .T. ) ;
#3079 = ORIENTED_EDGE ( 'NONE', *, *, #2501, .F. ) ;
#3080 = DIRECTION ( 'NONE',  ( 8.673617379884036458E-16, 0.000000000000000000, -1.000000000000000000 ) ) ;
#3081 = SURFACE_STYLE_FILL_AREA ( #4001 ) ;
#3082 = ORIENTED_EDGE ( 'NONE', *, *, #3649, .T. ) ;
#3083 = EDGE_CURVE ( 'NONE', #2802, #3576, #4029, .T. ) ;
#3084 = FACE_OUTER_BOUND ( 'NONE', #472, .T. ) ;
#3085 = DIRECTION ( 'NONE',  ( -0.000000000000000000, -0.000000000000000000, 1.000000000000000000 ) ) ;
#3086 = DIRECTION ( 'NONE',  ( -1.000000000000000000, 0.000000000000000000, -0.000000000000000000 ) ) ;
#3087 = ORIENTED_EDGE ( 'NONE', *, *, #3705, .F. ) ;
#3088 = CARTESIAN_POINT ( 'NONE',  ( -0.7000000000000007327, 0.8499999999999999778, -0.7000000000000005107 ) ) ;
#3089 = LINE ( 'NONE', #2764, #1580 ) ;
#3090 = ORIENTED_EDGE ( 'NONE', *, *, #2841, .F. ) ;
#3091 = VECTOR ( 'NONE', #2658, 1000.000000000000000 ) ;
#3092 = LINE ( 'NONE', #1426, #1448 ) ;
#3093 = ORIENTED_EDGE ( 'NONE', *, *, #752, .T. ) ;
#3094 = DIRECTION ( 'NONE',  ( 1.084202172485505223E-15, 0.000000000000000000, 1.000000000000000000 ) ) ;
#3095 = CARTESIAN_POINT ( 'NONE',  ( -0.7000000000000007327, 0.8499999999999999778, -0.7000000000000005107 ) ) ;
#3096 = FACE_OUTER_BOUND ( 'NONE', #794, .T. ) ;
#3097 = EDGE_LOOP ( 'NONE', ( #2695, #1789, #2647, #1531 ) ) ;
#3098 = DIRECTION ( 'NONE',  ( -8.673617379884036458E-16, 0.000000000000000000, -1.000000000000000000 ) ) ;
#3099 = CARTESIAN_POINT ( 'NONE',  ( 0.7000000000000005107, 0.04999999999999999584, 0.7750000000000001332 ) ) ;
#3100 = LINE ( 'NONE', #4176, #33 ) ;
#3101 = AXIS2_PLACEMENT_3D ( 'NONE', #1848, #3500, #2863 ) ;
#3102 = ORIENTED_EDGE ( 'NONE', *, *, #1887, .T. ) ;
#3103 = DIRECTION ( 'NONE',  ( 0.000000000000000000, 1.000000000000000000, 0.000000000000000000 ) ) ;
#3104 = VERTEX_POINT ( 'NONE', #625 ) ;
#3105 = EDGE_CURVE ( 'NONE', #2247, #972, #1107, .T. ) ;
#3106 = DIRECTION ( 'NONE',  ( 0.000000000000000000, 1.000000000000000000, 0.000000000000000000 ) ) ;
#3107 = CARTESIAN_POINT ( 'NONE',  ( -0.3000000000000002109, 1.991854381999832224, 0.6999999999999998446 ) ) ;
#3108 = DIRECTION ( 'NONE',  ( 0.000000000000000000, 0.000000000000000000, -1.000000000000000000 ) ) ;
#3109 = STYLED_ITEM ( 'NONE', ( #1447 ), #1707 ) ;
#3110 = DIRECTION ( 'NONE',  ( 0.000000000000000000, 1.000000000000000000, 0.000000000000000000 ) ) ;
#3111 = LINE ( 'NONE', #2824, #41 ) ;
#3112 = ORIENTED_EDGE ( 'NONE', *, *, #923, .T. ) ;
#3113 = AXIS2_PLACEMENT_3D ( 'NONE', #2512, #3656, #3295 ) ;
#3114 = DIRECTION ( 'NONE',  ( -0.7071067811865513475, -0.000000000000000000, 0.7071067811865436870 ) ) ;
#3115 = ORIENTED_EDGE ( 'NONE', *, *, #1061, .T. ) ;
#3116 = CYLINDRICAL_SURFACE ( 'NONE', #4418, 0.1000000000000000472 ) ;
#3117 = STYLED_ITEM ( 'NONE', ( #733 ), #974 ) ;
#3118 = ORIENTED_EDGE ( 'NONE', *, *, #2480, .T. ) ;
#3119 = CARTESIAN_POINT ( 'NONE',  ( 0.8000000000000005995, 0.000000000000000000, -0.6249999999999998890 ) ) ;
#3120 = ORIENTED_EDGE ( 'NONE', *, *, #2752, .F. ) ;
#3121 = VECTOR ( 'NONE', #544, 1000.000000000000000 ) ;
#3122 = VERTEX_POINT ( 'NONE', #3704 ) ;
#3123 = DIRECTION ( 'NONE',  ( 0.000000000000000000, -1.000000000000000000, 0.000000000000000000 ) ) ;
#3124 = DIRECTION ( 'NONE',  ( 1.084202172485505223E-15, -0.000000000000000000, 1.000000000000000000 ) ) ;
#3125 = CARTESIAN_POINT ( 'NONE',  ( 0.7000000000000005107, 0.5935124837953329457, 0.2750000000000000777 ) ) ;
#3126 = VERTEX_POINT ( 'NONE', #2438 ) ;
#3127 = CARTESIAN_POINT ( 'NONE',  ( 0.3999999999999998557, 0.2030000000000000693, 0.8000000000000002665 ) ) ;
#3128 = COLOUR_RGB ( '',0.7921568627450980005, 0.8196078431372548767, 0.9333333333333333481 ) ;
#3129 = EDGE_CURVE ( 'NONE', #1209, #1517, #1163, .T. ) ;
#3130 = CARTESIAN_POINT ( 'NONE',  ( -9.486769009248159853E-16, 0.05000000000000000278, -0.8749999999999990008 ) ) ;
#3131 = ADVANCED_FACE ( 'NONE', ( #2508 ), #4398, .F. ) ;
#3132 = VERTEX_POINT ( 'NONE', #3520 ) ;
#3133 = AXIS2_PLACEMENT_3D ( 'NONE', #545, #3867, #4221 ) ;
#3134 = SURFACE_STYLE_USAGE ( .BOTH. , #1724 ) ;
#3135 = DIRECTION ( 'NONE',  ( -0.000000000000000000, -1.000000000000000000, -0.000000000000000000 ) ) ;
#3136 = CARTESIAN_POINT ( 'NONE',  ( -0.7000000000000007327, 0.8499999999999999778, -0.7000000000000005107 ) ) ;
#3137 = LINE ( 'NONE', #580, #1629 ) ;
#3138 = ORIENTED_EDGE ( 'NONE', *, *, #2552, .F. ) ;
#3139 = DIRECTION ( 'NONE',  ( 0.000000000000000000, 1.000000000000000000, 0.000000000000000000 ) ) ;
#3140 = ORIENTED_EDGE ( 'NONE', *, *, #1917, .F. ) ;
#3141 = FACE_OUTER_BOUND ( 'NONE', #3760, .T. ) ;
#3142 = DIRECTION ( 'NONE',  ( -1.000000000000000000, 0.000000000000000000, 8.673617379884036458E-16 ) ) ;
#3143 = ORIENTED_EDGE ( 'NONE', *, *, #281, .T. ) ;
#3144 = DIRECTION ( 'NONE',  ( 0.000000000000000000, 0.000000000000000000, 1.000000000000000000 ) ) ;
#3145 = EDGE_CURVE ( 'NONE', #3512, #3798, #2551, .T. ) ;
#3146 = EDGE_LOOP ( 'NONE', ( #4312, #3490, #762, #2776 ) ) ;
#3147 = LINE ( 'NONE', #3815, #3194 ) ;
#3148 = AXIS2_PLACEMENT_3D ( 'NONE', #3327, #1609, #254 ) ;
#3149 = ORIENTED_EDGE ( 'NONE', *, *, #4458, .T. ) ;
#3150 = DIRECTION ( 'NONE',  ( -8.673617379884035472E-16, 0.000000000000000000, -1.000000000000000000 ) ) ;
#3151 = DIRECTION ( 'NONE',  ( 0.000000000000000000, 0.000000000000000000, 1.000000000000000000 ) ) ;
#3152 = DIRECTION ( 'NONE',  ( 0.000000000000000000, -1.000000000000000000, 0.000000000000000000 ) ) ;
#3153 = EDGE_CURVE ( 'NONE', #3484, #3122, #4133, .T. ) ;
#3154 = CARTESIAN_POINT ( 'NONE',  ( -0.8000000000000005995, 0.05000000000000000278, 0.8750000000000001110 ) ) ;
#3155 = ORIENTED_EDGE ( 'NONE', *, *, #849, .F. ) ;
#3156 = LINE ( 'NONE', #360, #3251 ) ;
#3157 = EDGE_CURVE ( 'NONE', #1335, #553, #2646, .T. ) ;
#3158 = VERTEX_POINT ( 'NONE', #592 ) ;
#3159 = DIRECTION ( 'NONE',  ( 0.000000000000000000, -1.000000000000000000, 0.000000000000000000 ) ) ;
#3160 = VERTEX_POINT ( 'NONE', #4086 ) ;
#3161 = CARTESIAN_POINT ( 'NONE',  ( -0.8000000000000005995, 0.2030000000000000138, 0.2250000000000001443 ) ) ;
#3162 = DIRECTION ( 'NONE',  ( 0.000000000000000000, 0.000000000000000000, -1.000000000000000000 ) ) ;
#3163 = PLANE ( 'NONE',  #1811 ) ;
#3164 = AXIS2_PLACEMENT_3D ( 'NONE', #2518, #3124, #1772 ) ;
#3165 = VECTOR ( 'NONE', #1985, 1000.000000000000000 ) ;
#3166 = EDGE_LOOP ( 'NONE', ( #635, #2133, #1947, #2532 ) ) ;
#3167 = CARTESIAN_POINT ( 'NONE',  ( -0.8000000000000005995, 0.2030000000000000138, 0.7750000000000001332 ) ) ;
#3168 = PRESENTATION_LAYER_ASSIGNMENT (  '', '', ( #531 ) ) ;
#3169 = ADVANCED_FACE ( 'NONE', ( #4025 ), #3006, .T. ) ;
#3170 = ORIENTED_EDGE ( 'NONE', *, *, #2320, .F. ) ;
#3171 = VECTOR ( 'NONE', #3745, 1000.000000000000000 ) ;
#3172 = CARTESIAN_POINT ( 'NONE',  ( -0.8000000000000005995, 0.04999999999999999584, -0.2249999999999999500 ) ) ;
#3173 = CARTESIAN_POINT ( 'NONE',  ( 0.9999999999999995559, 0.9499999999999998446, 0.9999999999999997780 ) ) ;
#3174 = ORIENTED_EDGE ( 'NONE', *, *, #3660, .F. ) ;
#3175 = CARTESIAN_POINT ( 'NONE',  ( -0.1999999999999984845, 0.04999999999999991257, -0.7999999999999999334 ) ) ;
#3176 = ORIENTED_EDGE ( 'NONE', *, *, #562, .F. ) ;
#3177 = VECTOR ( 'NONE', #136, 1000.000000000000000 ) ;
#3178 = DIRECTION ( 'NONE',  ( -0.000000000000000000, -1.000000000000000000, -0.000000000000000000 ) ) ;
#3179 = VERTEX_POINT ( 'NONE', #3154 ) ;
#3180 = CARTESIAN_POINT ( 'NONE',  ( 1.000000000000000444, 0.000000000000000000, 0.1249999999999998890 ) ) ;
#3181 = DIRECTION ( 'NONE',  ( -1.000000000000000000, 0.000000000000000000, 1.084202172485505223E-15 ) ) ;
#3182 = CARTESIAN_POINT ( 'NONE',  ( -0.7000000000000005107, 0.04999999999999999584, 0.7250000000000001998 ) ) ;
#3183 = ORIENTED_EDGE ( 'NONE', *, *, #2615, .F. ) ;
#3184 = EDGE_CURVE ( 'NONE', #1710, #1833, #2581, .T. ) ;
#3185 = CIRCLE ( 'NONE', #2377, 0.1000000000000000472 ) ;
#3186 = ADVANCED_FACE ( 'NONE', ( #4065 ), #2112, .F. ) ;
#3187 = AXIS2_PLACEMENT_3D ( 'NONE', #1613, #4120, #1668 ) ;
#3188 = EDGE_LOOP ( 'NONE', ( #2483, #3585, #4092, #3568 ) ) ;
#3189 = VERTEX_POINT ( 'NONE', #1394 ) ;
#3190 = CARTESIAN_POINT ( 'NONE',  ( -0.3999999999999999667, 1.991854381999832224, -0.5999999999999998668 ) ) ;
#3191 = EDGE_CURVE ( 'NONE', #1894, #473, #1138, .T. ) ;
#3192 = DIRECTION ( 'NONE',  ( -0.000000000000000000, -1.000000000000000000, -0.000000000000000000 ) ) ;
#3193 = CARTESIAN_POINT ( 'NONE',  ( 0.8000000000000005995, 0.000000000000000000, 0.7750000000000001332 ) ) ;
#3194 = VECTOR ( 'NONE', #4094, 1000.000000000000000 ) ;
#3195 = VERTEX_POINT ( 'NONE', #139 ) ;
#3196 =( NAMED_UNIT ( * ) SI_UNIT ( $, .STERADIAN. ) SOLID_ANGLE_UNIT ( ) );
#3197 = VERTEX_POINT ( 'NONE', #2965 ) ;
#3198 = FACE_OUTER_BOUND ( 'NONE', #1560, .T. ) ;
#3199 = CARTESIAN_POINT ( 'NONE',  ( -1.000000000000000666, 0.2030000000000000138, 0.3749999999999998890 ) ) ;
#3200 = DIRECTION ( 'NONE',  ( 0.000000000000000000, 0.000000000000000000, 1.000000000000000000 ) ) ;
#3201 =( GEOMETRIC_REPRESENTATION_CONTEXT ( 3 ) GLOBAL_UNCERTAINTY_ASSIGNED_CONTEXT ( ( #2348 ) ) GLOBAL_UNIT_ASSIGNED_CONTEXT ( ( #2060, #1408, #3196 ) ) REPRESENTATION_CONTEXT ( 'NONE', 'WORKASPACE' ) );
#3202 = ORIENTED_EDGE ( 'NONE', *, *, #3491, .T. ) ;
#3203 = DIRECTION ( 'NONE',  ( -1.000000000000000000, 0.000000000000000000, -1.084202172485505223E-15 ) ) ;
#3204 = EDGE_LOOP ( 'NONE', ( #1674, #2301, #829, #2025 ) ) ;
#3205 = DIRECTION ( 'NONE',  ( 1.000000000000000000, 0.000000000000000000, 1.084202172485505223E-15 ) ) ;
#3206 = EDGE_CURVE ( 'NONE', #2033, #3427, #4074, .T. ) ;
#3207 = ORIENTED_EDGE ( 'NONE', *, *, #3641, .F. ) ;
#3208 = CARTESIAN_POINT ( 'NONE',  ( 0.8000000000000005995, 0.5935124837953329457, 0.6250000000000001110 ) ) ;
#3209 = PLANE ( 'NONE',  #864 ) ;
#3210 = CARTESIAN_POINT ( 'NONE',  ( -0.5375000000000010880, 0.2030000000000000138, -0.4624999999999993006 ) ) ;
#3211 = VERTEX_POINT ( 'NONE', #2937 ) ;
#3212 = EDGE_CURVE ( 'NONE', #3655, #2033, #4155, .T. ) ;
#3213 = AXIS2_PLACEMENT_3D ( 'NONE', #4072, #963, #1667 ) ;
#3214 = EDGE_LOOP ( 'NONE', ( #305, #3266, #1785, #2948, #194, #1362, #3286, #4417 ) ) ;
#3215 = DIRECTION ( 'NONE',  ( 1.000000000000000000, 0.000000000000000000, 1.084202172485505223E-15 ) ) ;
#3216 = ORIENTED_EDGE ( 'NONE', *, *, #4067, .F. ) ;
#3217 = CARTESIAN_POINT ( 'NONE',  ( -0.4000000000000001332, 0.05000000000000000278, 0.6999999999999998446 ) ) ;
#3218 = DIRECTION ( 'NONE',  ( -0.000000000000000000, 1.000000000000000000, -0.000000000000000000 ) ) ;
#3219 = DIRECTION ( 'NONE',  ( 0.000000000000000000, -0.000000000000000000, 1.000000000000000000 ) ) ;
#3220 = CARTESIAN_POINT ( 'NONE',  ( 0.3000000000000001554, 0.2030000000000000693, -0.6999999999999997335 ) ) ;
#3221 = CARTESIAN_POINT ( 'NONE',  ( 0.7000000000000005107, 0.2030000000000000138, -0.2749999999999998557 ) ) ;
#3222 = ADVANCED_FACE ( 'NONE', ( #1087 ), #433, .T. ) ;
#3223 = AXIS2_PLACEMENT_3D ( 'NONE', #4168, #1045, #1719 ) ;
#3224 = ORIENTED_EDGE ( 'NONE', *, *, #2637, .F. ) ;
#3225 = ORIENTED_EDGE ( 'NONE', *, *, #2014, .F. ) ;
#3226 = VECTOR ( 'NONE', #2424, 1000.000000000000000 ) ;
#3227 = CARTESIAN_POINT ( 'NONE',  ( 9.486769009248171686E-16, 0.05000000000000000278, 0.8750000000000009992 ) ) ;
#3228 = DIRECTION ( 'NONE',  ( -0.000000000000000000, 1.000000000000000000, -0.000000000000000000 ) ) ;
#3229 = CARTESIAN_POINT ( 'NONE',  ( 0.8000000000000005995, 0.04999999999999999584, 0.7750000000000001332 ) ) ;
#3230 = DIRECTION ( 'NONE',  ( 1.000000000000000000, 0.000000000000000000, -1.084202172485504040E-15 ) ) ;
#3231 = EDGE_LOOP ( 'NONE', ( #64, #3224, #4122, #1563, #1256, #2678, #2655, #296, #1225, #3207, #3264, #2622, #3822, #2216, #207, #179, #157, #235, #4182, #3689, #4115, #1620, #1732, #109, #1758, #3303, #274, #1650, #4275, #2666, #3035, #1766, #3001, #737, #1147, #4149, #1603, #3310, #1180, #279, #1723, #135, #749, #3787, #3239, #2164, #31, #3174, #3278, #4128, #4240, #1657 ) ) ;
#3232 = CARTESIAN_POINT ( 'NONE',  ( 0.8000000000000005995, 0.2030000000000000138, -0.2749999999999998557 ) ) ;
#3233 = PLANE ( 'NONE',  #3272 ) ;
#3234 = ADVANCED_FACE ( 'NONE', ( #1102 ), #1037, .F. ) ;
#3235 = VERTEX_POINT ( 'NONE', #821 ) ;
#3236 = CIRCLE ( 'NONE', #2617, 0.1000000000000000472 ) ;
#3237 = PLANE ( 'NONE',  #3425 ) ;
#3238 = DIRECTION ( 'NONE',  ( 0.000000000000000000, 0.000000000000000000, -1.000000000000000000 ) ) ;
#3239 = ORIENTED_EDGE ( 'NONE', *, *, #306, .F. ) ;
#3240 = EDGE_CURVE ( 'NONE', #3378, #3858, #1067, .T. ) ;
#3241 = CARTESIAN_POINT ( 'NONE',  ( 0.9999999999999993339, 0.05000000000000000278, -1.000000000000000444 ) ) ;
#3242 = CARTESIAN_POINT ( 'NONE',  ( 1.000000000000000444, 0.5935124837953329457, 0.1249999999999998890 ) ) ;
#3243 = FILL_AREA_STYLE ('',( #468 ) ) ;
#3244 = ORIENTED_EDGE ( 'NONE', *, *, #3206, .F. ) ;
#3245 = LINE ( 'NONE', #255, #181 ) ;
#3246 = EDGE_LOOP ( 'NONE', ( #1868, #28, #365, #276 ) ) ;
#3247 = ORIENTED_EDGE ( 'NONE', *, *, #1997, .F. ) ;
#3248 = DIRECTION ( 'NONE',  ( 0.000000000000000000, -0.000000000000000000, -1.000000000000000000 ) ) ;
#3249 = DIRECTION ( 'NONE',  ( 0.000000000000000000, 1.000000000000000000, 0.000000000000000000 ) ) ;
#3250 = CARTESIAN_POINT ( 'NONE',  ( 0.9999999999999995559, 0.9499999999999998446, 0.9999999999999997780 ) ) ;
#3251 = VECTOR ( 'NONE', #3150, 1000.000000000000000 ) ;
#3252 = EDGE_CURVE ( 'NONE', #2346, #3927, #2564, .T. ) ;
#3253 = VERTEX_POINT ( 'NONE', #1490 ) ;
#3254 = DIRECTION ( 'NONE',  ( 1.000000000000000000, 0.000000000000000000, 0.000000000000000000 ) ) ;
#3255 = ORIENTED_EDGE ( 'NONE', *, *, #4035, .F. ) ;
#3256 = AXIS2_PLACEMENT_3D ( 'NONE', #392, #760, #2920 ) ;
#3257 = CARTESIAN_POINT ( 'NONE',  ( -0.7000000000000005107, 0.04999999999999999584, 0.7750000000000001332 ) ) ;
#3258 = ADVANCED_FACE ( 'NONE', ( #2522 ), #1832, .F. ) ;
#3259 = DIRECTION ( 'NONE',  ( -1.000000000000000000, 0.000000000000000000, -2.710505431213761085E-16 ) ) ;
#3260 = PLANE ( 'NONE',  #3012 ) ;
#3261 = MECHANICAL_DESIGN_GEOMETRIC_PRESENTATION_REPRESENTATION (  '', ( #2001 ), #4083 ) ;
#3262 = UNCERTAINTY_MEASURE_WITH_UNIT (LENGTH_MEASURE( 1.000000000000000082E-05 ), #2454, 'distance_accuracy_value', 'NONE');
#3263 = EDGE_CURVE ( 'NONE', #3132, #3160, #2600, .T. ) ;
#3264 = ORIENTED_EDGE ( 'NONE', *, *, #579, .F. ) ;
#3265 = DIRECTION ( 'NONE',  ( 0.000000000000000000, -1.000000000000000000, 0.000000000000000000 ) ) ;
#3266 = ORIENTED_EDGE ( 'NONE', *, *, #429, .T. ) ;
#3267 = VECTOR ( 'NONE', #4323, 1000.000000000000000 ) ;
#3268 = DIRECTION ( 'NONE',  ( -1.000000000000000000, 0.000000000000000000, -0.000000000000000000 ) ) ;
#3269 = VERTEX_POINT ( 'NONE', #3687 ) ;
#3270 = DIRECTION ( 'NONE',  ( 0.000000000000000000, 1.000000000000000000, 0.000000000000000000 ) ) ;
#3271 = CARTESIAN_POINT ( 'NONE',  ( -0.3000000000000002665, 0.2030000000000000693, 0.7999999999999999334 ) ) ;
#3272 = AXIS2_PLACEMENT_3D ( 'NONE', #2194, #1799, #2137 ) ;
#3273 = ADVANCED_FACE ( 'NONE', ( #4106 ), #887, .F. ) ;
#3274 = CARTESIAN_POINT ( 'NONE',  ( -0.8000000000000005995, 0.2030000000000000138, 0.1250000000000001110 ) ) ;
#3275 = VERTEX_POINT ( 'NONE', #3558 ) ;
#3276 = VECTOR ( 'NONE', #961, 1000.000000000000000 ) ;
#3277 = DIRECTION ( 'NONE',  ( 1.000000000000000000, -0.000000000000000000, 0.000000000000000000 ) ) ;
#3278 = ORIENTED_EDGE ( 'NONE', *, *, #3967, .F. ) ;
#3279 = ORIENTED_EDGE ( 'NONE', *, *, #2649, .F. ) ;
#3280 = PLANE ( 'NONE',  #2381 ) ;
#3281 = DIRECTION ( 'NONE',  ( -1.084202172485504434E-16, -0.000000000000000000, -1.000000000000000000 ) ) ;
#3282 = DIRECTION ( 'NONE',  ( 0.000000000000000000, 0.000000000000000000, 1.000000000000000000 ) ) ;
#3283 = LINE ( 'NONE', #2463, #1769 ) ;
#3284 = ADVANCED_FACE ( 'NONE', ( #2574 ), #4036, .T. ) ;
#3285 = ORIENTED_EDGE ( 'NONE', *, *, #2975, .F. ) ;
#3286 = ORIENTED_EDGE ( 'NONE', *, *, #1158, .T. ) ;
#3287 = FACE_OUTER_BOUND ( 'NONE', #147, .T. ) ;
#3288 = CARTESIAN_POINT ( 'NONE',  ( 0.8000000000000005995, 0.2030000000000000138, -0.6249999999999998890 ) ) ;
#3289 = DIRECTION ( 'NONE',  ( -0.000000000000000000, -1.000000000000000000, -0.000000000000000000 ) ) ;
#3290 = AXIS2_PLACEMENT_3D ( 'NONE', #4054, #4365, #234 ) ;
#3291 = ORIENTED_EDGE ( 'NONE', *, *, #1543, .T. ) ;
#3292 = ORIENTED_EDGE ( 'NONE', *, *, #669, .T. ) ;
#3293 = EDGE_CURVE ( 'NONE', #2459, #3740, #2530, .T. ) ;
#3294 = ADVANCED_FACE ( 'NONE', ( #4114 ), #2613, .T. ) ;
#3295 = DIRECTION ( 'NONE',  ( 0.000000000000000000, 0.000000000000000000, 1.000000000000000000 ) ) ;
#3296 = VERTEX_POINT ( 'NONE', #4267 ) ;
#3297 = CARTESIAN_POINT ( 'NONE',  ( -1.000000000000000444, 0.5935124837953329457, 0.1249999999999998890 ) ) ;
#3298 = PLANE ( 'NONE',  #1387 ) ;
#3299 = MANIFOLD_SOLID_BREP ( 'Boss-Extrude2[2]', #1728 ) ;
#3300 = ORIENTED_EDGE ( 'NONE', *, *, #2516, .F. ) ;
#3301 = CIRCLE ( 'NONE', #925, 0.1000000000000000472 ) ;
#3302 = DIRECTION ( 'NONE',  ( 1.000000000000000000, 0.000000000000000000, -1.084202172485504040E-15 ) ) ;
#3303 = ORIENTED_EDGE ( 'NONE', *, *, #149, .F. ) ;
#3304 = ORIENTED_EDGE ( 'NONE', *, *, #2615, .T. ) ;
#3305 = EDGE_CURVE ( 'NONE', #1198, #620, #1179, .T. ) ;
#3306 = DIRECTION ( 'NONE',  ( -1.000000000000000000, 0.000000000000000000, -1.084202172485504040E-15 ) ) ;
#3307 = DIRECTION ( 'NONE',  ( 0.000000000000000000, 1.000000000000000000, 0.000000000000000000 ) ) ;
#3308 = CARTESIAN_POINT ( 'NONE',  ( -0.8000000000000005995, 0.000000000000000000, 0.2750000000000000777 ) ) ;
#3309 = LINE ( 'NONE', #2596, #1803 ) ;
#3310 = ORIENTED_EDGE ( 'NONE', *, *, #2667, .F. ) ;
#3311 = ORIENTED_EDGE ( 'NONE', *, *, #1734, .F. ) ;
#3312 = EDGE_CURVE ( 'NONE', #2287, #241, #2707, .T. ) ;
#3313 = FACE_OUTER_BOUND ( 'NONE', #1886, .T. ) ;
#3314 =( GEOMETRIC_REPRESENTATION_CONTEXT ( 3 ) GLOBAL_UNCERTAINTY_ASSIGNED_CONTEXT ( ( #71 ) ) GLOBAL_UNIT_ASSIGNED_CONTEXT ( ( #1211, #1477, #3673 ) ) REPRESENTATION_CONTEXT ( 'NONE', 'WORKASPACE' ) );
#3315 = DIRECTION ( 'NONE',  ( 0.000000000000000000, 0.000000000000000000, -1.000000000000000000 ) ) ;
#3316 = CARTESIAN_POINT ( 'NONE',  ( 0.3999999999999998557, 0.000000000000000000, 0.8000000000000002665 ) ) ;
#3317 = VERTEX_POINT ( 'NONE', #3663 ) ;
#3318 = CARTESIAN_POINT ( 'NONE',  ( 0.7000000000000005107, 0.2030000000000000138, -0.2249999999999999500 ) ) ;
#3319 = AXIS2_PLACEMENT_3D ( 'NONE', #2986, #3812, #3215 ) ;
#3320 = ORIENTED_EDGE ( 'NONE', *, *, #2297, .T. ) ;
#3321 = EDGE_CURVE ( 'NONE', #4218, #3356, #2765, .T. ) ;
#3322 = CYLINDRICAL_SURFACE ( 'NONE', #3767, 0.1250000000000000000 ) ;
#3323 = EDGE_CURVE ( 'NONE', #1972, #3465, #2745, .T. ) ;
#3324 = DIRECTION ( 'NONE',  ( -1.000000000000000000, 0.000000000000000000, 1.084202172485505223E-15 ) ) ;
#3325 = AXIS2_PLACEMENT_3D ( 'NONE', #1113, #3094, #1390 ) ;
#3326 = VERTEX_POINT ( 'NONE', #1377 ) ;
#3327 = CARTESIAN_POINT ( 'NONE',  ( 0.8000000000000005995, 0.000000000000000000, 0.2750000000000000777 ) ) ;
#3328 = DIRECTION ( 'NONE',  ( 0.000000000000000000, 0.000000000000000000, 1.000000000000000000 ) ) ;
#3329 = DIRECTION ( 'NONE',  ( -0.000000000000000000, -1.000000000000000000, -0.000000000000000000 ) ) ;
#3330 = CARTESIAN_POINT ( 'NONE',  ( 1.000000000000000666, 0.5935124837953329457, -0.6250000000000001110 ) ) ;
#3331 = EDGE_LOOP ( 'NONE', ( #2131, #805, #3700, #3889 ) ) ;
#3332 = LINE ( 'NONE', #2330, #1852 ) ;
#3333 = ADVANCED_FACE ( 'NONE', ( #2716 ), #3075, .T. ) ;
#3334 = CARTESIAN_POINT ( 'NONE',  ( 0.8000000000000005995, 0.2030000000000000138, 0.7750000000000001332 ) ) ;
#3335 = ORIENTED_EDGE ( 'NONE', *, *, #900, .T. ) ;
#3336 = VERTEX_POINT ( 'NONE', #1027 ) ;
#3337 = CARTESIAN_POINT ( 'NONE',  ( -0.8000000000000005995, 0.000000000000000000, -0.8749999999999998890 ) ) ;
#3338 = CARTESIAN_POINT ( 'NONE',  ( 0.3999999999999998557, 0.2030000000000000693, 0.7000000000000001776 ) ) ;
#3339 = ORIENTED_EDGE ( 'NONE', *, *, #1809, .T. ) ;
#3340 = VERTEX_POINT ( 'NONE', #2400 ) ;
#3341 = EDGE_CURVE ( 'NONE', #4235, #4287, #2653, .T. ) ;
#3342 = ADVANCED_FACE ( 'NONE', ( #4170 ), #4146, .F. ) ;
#3343 = ORIENTED_EDGE ( 'NONE', *, *, #1839, .F. ) ;
#3344 = AXIS2_PLACEMENT_3D ( 'NONE', #407, #106, #380 ) ;
#3345 = LINE ( 'NONE', #1858, #1919 ) ;
#3346 = DIRECTION ( 'NONE',  ( 0.000000000000000000, -0.000000000000000000, 1.000000000000000000 ) ) ;
#3347 = CARTESIAN_POINT ( 'NONE',  ( -1.000000000000000444, 0.04999999999999999584, -0.8750000000000001110 ) ) ;
#3348 = ORIENTED_EDGE ( 'NONE', *, *, #1767, .T. ) ;
#3349 = EDGE_LOOP ( 'NONE', ( #3786, #2285, #2939, #2921 ) ) ;
#3350 = DIRECTION ( 'NONE',  ( -1.084202172485504434E-16, -0.000000000000000000, -1.000000000000000000 ) ) ;
#3351 = DIRECTION ( 'NONE',  ( 0.000000000000000000, 1.000000000000000000, 0.000000000000000000 ) ) ;
#3352 = EDGE_CURVE ( 'NONE', #3770, #3340, #2772, .T. ) ;
#3353 = ORIENTED_EDGE ( 'NONE', *, *, #1635, .F. ) ;
#3354 = CYLINDRICAL_SURFACE ( 'NONE', #2723, 0.1000000000000000472 ) ;
#3355 = CARTESIAN_POINT ( 'NONE',  ( 0.8000000000000005995, 0.000000000000000000, -0.1249999999999998890 ) ) ;
#3356 = VERTEX_POINT ( 'NONE', #24 ) ;
#3357 = ORIENTED_EDGE ( 'NONE', *, *, #2347, .T. ) ;
#3358 = DIRECTION ( 'NONE',  ( 0.000000000000000000, -0.000000000000000000, 1.000000000000000000 ) ) ;
#3359 = DIRECTION ( 'NONE',  ( -8.673617379884036458E-16, 0.000000000000000000, 1.000000000000000000 ) ) ;
#3360 = DIRECTION ( 'NONE',  ( 0.000000000000000000, 0.000000000000000000, -1.000000000000000000 ) ) ;
#3361 = CARTESIAN_POINT ( 'NONE',  ( 0.9999999999999993339, 4.728427124746191090, -1.000000000000000444 ) ) ;
#3362 = ORIENTED_EDGE ( 'NONE', *, *, #3323, .T. ) ;
#3363 = FACE_OUTER_BOUND ( 'NONE', #1915, .T. ) ;
#3364 = ORIENTED_EDGE ( 'NONE', *, *, #13, .F. ) ;
#3365 = DIRECTION ( 'NONE',  ( 0.000000000000000000, 0.000000000000000000, -1.000000000000000000 ) ) ;
#3366 = EDGE_CURVE ( 'NONE', #3927, #2293, #1234, .T. ) ;
#3367 = ORIENTED_EDGE ( 'NONE', *, *, #2817, .F. ) ;
#3368 = EDGE_CURVE ( 'NONE', #2233, #2346, #1295, .T. ) ;
#3369 = CARTESIAN_POINT ( 'NONE',  ( -1.000000000000000444, 0.04999999999999999584, 0.6249999999999998890 ) ) ;
#3370 = LINE ( 'NONE', #277, #1864 ) ;
#3371 = VERTEX_POINT ( 'NONE', #3020 ) ;
#3372 = EDGE_CURVE ( 'NONE', #1689, #3433, #2682, .T. ) ;
#3373 = VERTEX_POINT ( 'NONE', #4178 ) ;
#3374 = VECTOR ( 'NONE', #32, 1000.000000000000000 ) ;
#3375 = DIRECTION ( 'NONE',  ( 0.000000000000000000, 1.000000000000000000, 0.000000000000000000 ) ) ;
#3376 = AXIS2_PLACEMENT_3D ( 'NONE', #2395, #4433, #632 ) ;
#3377 = CARTESIAN_POINT ( 'NONE',  ( 0.4000000000000001332, 1.991854381999832224, -0.7999999999999998224 ) ) ;
#3378 = VERTEX_POINT ( 'NONE', #2760 ) ;
#3379 = ADVANCED_FACE ( 'NONE', ( #2729 ), #1727, .F. ) ;
#3380 = CARTESIAN_POINT ( 'NONE',  ( 0.7000000000000005107, 0.000000000000000000, 0.7750000000000001332 ) ) ;
#3381 = CARTESIAN_POINT ( 'NONE',  ( -1.000000000000000444, 0.2030000000000000138, -0.8750000000000001110 ) ) ;
#3382 = PRESENTATION_LAYER_ASSIGNMENT (  '', '', ( #1904 ) ) ;
#3383 = VECTOR ( 'NONE', #3203, 1000.000000000000000 ) ;
#3384 = DIRECTION ( 'NONE',  ( 1.000000000000000000, -0.000000000000000000, 1.084202172485504040E-15 ) ) ;
#3385 = ORIENTED_EDGE ( 'NONE', *, *, #3824, .T. ) ;
#3386 = CARTESIAN_POINT ( 'NONE',  ( -0.8000000000000005995, 0.000000000000000000, 0.3750000000000001110 ) ) ;
#3387 = CARTESIAN_POINT ( 'NONE',  ( 0.3000000000000002109, 0.2030000000000000693, -0.7999999999999998224 ) ) ;
#3388 =( LENGTH_UNIT ( ) NAMED_UNIT ( * ) SI_UNIT ( .MILLI., .METRE. ) );
#3389 = CARTESIAN_POINT ( 'NONE',  ( 0.7000000000000005107, 0.05000000000000000278, 0.000000000000000000 ) ) ;
#3390 = CIRCLE ( 'NONE', #1896, 0.1250000000000000000 ) ;
#3391 = ORIENTED_EDGE ( 'NONE', *, *, #4367, .T. ) ;
#3392 = CARTESIAN_POINT ( 'NONE',  ( -0.8000000000000005995, 0.2030000000000000138, 0.6250000000000001110 ) ) ;
#3393 = DIRECTION ( 'NONE',  ( 0.000000000000000000, 1.000000000000000000, 0.000000000000000000 ) ) ;
#3394 = CARTESIAN_POINT ( 'NONE',  ( 0.8000000000000005995, 0.000000000000000000, 0.7750000000000001332 ) ) ;
#3395 = EDGE_CURVE ( 'NONE', #905, #656, #1255, .T. ) ;
#3396 = CIRCLE ( 'NONE', #755, 0.1250000000000000000 ) ;
#3397 = ORIENTED_EDGE ( 'NONE', *, *, #1869, .T. ) ;
#3398 = AXIS2_PLACEMENT_3D ( 'NONE', #964, #3110, #3469 ) ;
#3399 = CIRCLE ( 'NONE', #1339, 0.1000000000000000472 ) ;
#3400 = EDGE_CURVE ( 'NONE', #4278, #3827, #4180, .T. ) ;
#3401 = DIRECTION ( 'NONE',  ( 0.000000000000000000, 0.000000000000000000, -1.000000000000000000 ) ) ;
#3402 = EDGE_LOOP ( 'NONE', ( #3838, #343, #3335, #3675 ) ) ;
#3403 = DIRECTION ( 'NONE',  ( 0.000000000000000000, 0.000000000000000000, 1.000000000000000000 ) ) ;
#3404 = DIRECTION ( 'NONE',  ( 0.000000000000000000, 0.000000000000000000, -1.000000000000000000 ) ) ;
#3405 = EDGE_CURVE ( 'NONE', #2704, #804, #4162, .T. ) ;
#3406 = CYLINDRICAL_SURFACE ( 'NONE', #1792, 0.1000000000000000472 ) ;
#3407 = CARTESIAN_POINT ( 'NONE',  ( 0.8000000000000005995, 0.2030000000000000138, 0.3750000000000001110 ) ) ;
#3408 = ORIENTED_EDGE ( 'NONE', *, *, #4181, .F. ) ;
#3409 = AXIS2_PLACEMENT_3D ( 'NONE', #2119, #1780, #2472 ) ;
#3410 = DIRECTION ( 'NONE',  ( 0.000000000000000000, 1.000000000000000000, 0.000000000000000000 ) ) ;
#3411 = CARTESIAN_POINT ( 'NONE',  ( 0.7000000000000005107, 0.2030000000000000138, 0.2750000000000000777 ) ) ;
#3412 = CARTESIAN_POINT ( 'NONE',  ( -0.8000000000000005995, 0.2030000000000000138, 0.6250000000000001110 ) ) ;
#3413 = CARTESIAN_POINT ( 'NONE',  ( 0.7000000000000005107, 0.2030000000000000138, 0.2750000000000000777 ) ) ;
#3414 = EDGE_CURVE ( 'NONE', #318, #2247, #1197, .T. ) ;
#3415 = FACE_OUTER_BOUND ( 'NONE', #323, .T. ) ;
#3416 = ORIENTED_EDGE ( 'NONE', *, *, #3502, .T. ) ;
#3417 = CARTESIAN_POINT ( 'NONE',  ( -0.7000000000000005107, 0.5935124837953329457, 0.2250000000000001443 ) ) ;
#3418 = ORIENTED_EDGE ( 'NONE', *, *, #3682, .T. ) ;
#3419 = CARTESIAN_POINT ( 'NONE',  ( -0.8000000000000005995, 0.2030000000000000138, 0.3750000000000001110 ) ) ;
#3420 = FACE_OUTER_BOUND ( 'NONE', #3349, .T. ) ;
#3421 = CARTESIAN_POINT ( 'NONE',  ( -0.8000000000000005995, 0.000000000000000000, -0.3749999999999998890 ) ) ;
#3422 = AXIS2_PLACEMENT_3D ( 'NONE', #2009, #2748, #1656 ) ;
#3423 = EDGE_LOOP ( 'NONE', ( #1149, #2148, #4151, #4062, #1156, #3548 ) ) ;
#3424 = ORIENTED_EDGE ( 'NONE', *, *, #4078, .T. ) ;
#3425 = AXIS2_PLACEMENT_3D ( 'NONE', #3587, #1460, #1190 ) ;
#3426 = DIRECTION ( 'NONE',  ( 0.000000000000000000, 0.000000000000000000, 1.000000000000000000 ) ) ;
#3427 = VERTEX_POINT ( 'NONE', #2426 ) ;
#3428 = CARTESIAN_POINT ( 'NONE',  ( -1.000000000000000666, 0.2030000000000000138, -0.6250000000000001110 ) ) ;
#3429 = LINE ( 'NONE', #3897, #443 ) ;
#3430 = PLANE ( 'NONE',  #3319 ) ;
#3431 = ORIENTED_EDGE ( 'NONE', *, *, #1997, .T. ) ;
#3432 = CARTESIAN_POINT ( 'NONE',  ( 0.9999999999999993339, 0.9499999999999998446, -1.000000000000000444 ) ) ;
#3433 = VERTEX_POINT ( 'NONE', #1325 ) ;
#3434 = CARTESIAN_POINT ( 'NONE',  ( 0.8000000000000005995, 0.2030000000000000138, -0.8749999999999998890 ) ) ;
#3435 = AXIS2_PLACEMENT_3D ( 'NONE', #2661, #3718, #676 ) ;
#3436 = LINE ( 'NONE', #1879, #564 ) ;
#3437 = ORIENTED_EDGE ( 'NONE', *, *, #3653, .F. ) ;
#3438 = DIRECTION ( 'NONE',  ( 0.000000000000000000, 1.000000000000000000, 0.000000000000000000 ) ) ;
#3439 = CLOSED_SHELL ( 'NONE', ( #878, #2452, #1889, #2685, #3131, #76, #3672, #3057 ) ) ;
#3440 = ORIENTED_EDGE ( 'NONE', *, *, #3414, .T. ) ;
#3441 = PRODUCT_DEFINITION_CONTEXT ( 'detailed design', #863, 'design' ) ;
#3442 = DIRECTION ( 'NONE',  ( 0.000000000000000000, 0.000000000000000000, 1.000000000000000000 ) ) ;
#3443 = CARTESIAN_POINT ( 'NONE',  ( -0.7000000000000005107, 0.2030000000000000138, 0.7750000000000001332 ) ) ;
#3444 = CARTESIAN_POINT ( 'NONE',  ( -0.7000000000000005107, 0.2030000000000000138, -0.7249999999999999778 ) ) ;
#3445 = LINE ( 'NONE', #485, #2228 ) ;
#3446 = ORIENTED_EDGE ( 'NONE', *, *, #1008, .T. ) ;
#3447 = ORIENTED_EDGE ( 'NONE', *, *, #2134, .T. ) ;
#3448 = ORIENTED_EDGE ( 'NONE', *, *, #2616, .F. ) ;
#3449 = PLANE ( 'NONE',  #4313 ) ;
#3450 = DIRECTION ( 'NONE',  ( 0.7071067811865513475, -0.000000000000000000, -0.7071067811865436870 ) ) ;
#3451 = ORIENTED_EDGE ( 'NONE', *, *, #504, .T. ) ;
#3452 = EDGE_CURVE ( 'NONE', #865, #98, #4189, .T. ) ;
#3453 = DIRECTION ( 'NONE',  ( -0.7071067811865491270, -0.000000000000000000, 0.7071067811865459074 ) ) ;
#3454 = CARTESIAN_POINT ( 'NONE',  ( 0.7000000000000005107, 0.2030000000000000138, -0.2249999999999999500 ) ) ;
#3455 = PLANE ( 'NONE',  #271 ) ;
#3456 = VERTEX_POINT ( 'NONE', #4073 ) ;
#3457 = ORIENTED_EDGE ( 'NONE', *, *, #1618, .T. ) ;
#3458 = AXIS2_PLACEMENT_3D ( 'NONE', #112, #2525, #2791 ) ;
#3459 = CIRCLE ( 'NONE', #3003, 0.1250000000000000000 ) ;
#3460 = DIRECTION ( 'NONE',  ( 0.000000000000000000, 0.000000000000000000, 1.000000000000000000 ) ) ;
#3461 = LINE ( 'NONE', #4236, #1954 ) ;
#3462 = ORIENTED_EDGE ( 'NONE', *, *, #3184, .F. ) ;
#3463 = EDGE_CURVE ( 'NONE', #3132, #3655, #1265, .T. ) ;
#3464 = CARTESIAN_POINT ( 'NONE',  ( -0.8000000000000005995, 0.2030000000000000138, 0.7750000000000001332 ) ) ;
#3465 = VERTEX_POINT ( 'NONE', #4412 ) ;
#3466 = CARTESIAN_POINT ( 'NONE',  ( -0.7000000000000005107, 0.2030000000000000138, 0.2750000000000000777 ) ) ;
#3467 = EDGE_LOOP ( 'NONE', ( #385, #3385, #1501, #1496 ) ) ;
#3468 = AXIS2_PLACEMENT_3D ( 'NONE', #2153, #4177, #3531 ) ;
#3469 = DIRECTION ( 'NONE',  ( 0.000000000000000000, -0.000000000000000000, 1.000000000000000000 ) ) ;
#3470 = EDGE_CURVE ( 'NONE', #624, #2834, #1260, .T. ) ;
#3471 = LINE ( 'NONE', #4111, #3563 ) ;
#3472 = FACE_OUTER_BOUND ( 'NONE', #2270, .T. ) ;
#3473 = VERTEX_POINT ( 'NONE', #1353 ) ;
#3474 = CARTESIAN_POINT ( 'NONE',  ( -0.8000000000000005995, 0.2030000000000000138, -0.6249999999999998890 ) ) ;
#3475 = ORIENTED_EDGE ( 'NONE', *, *, #4453, .T. ) ;
#3476 = ORIENTED_EDGE ( 'NONE', *, *, #2402, .F. ) ;
#3477 = AXIS2_PLACEMENT_3D ( 'NONE', #251, #2962, #1573 ) ;
#3478 = CARTESIAN_POINT ( 'NONE',  ( 0.8000000000000005995, 0.000000000000000000, -0.3749999999999998890 ) ) ;
#3479 = PLANE ( 'NONE',  #1309 ) ;
#3480 = CARTESIAN_POINT ( 'NONE',  ( -0.8000000000000005995, 0.5935124837953329457, 0.7250000000000001998 ) ) ;
#3481 = FACE_OUTER_BOUND ( 'NONE', #1544, .T. ) ;
#3482 = CARTESIAN_POINT ( 'NONE',  ( -1.000000000000000666, 0.9499999999999998446, 0.9999999999999997780 ) ) ;
#3483 = ORIENTED_EDGE ( 'NONE', *, *, #3820, .T. ) ;
#3484 = VERTEX_POINT ( 'NONE', #2024 ) ;
#3485 = CLOSED_SHELL ( 'NONE', ( #450, #3284, #4249, #3969, #2261, #697, #4110, #934 ) ) ;
#3486 = VECTOR ( 'NONE', #711, 1000.000000000000000 ) ;
#3487 = ORIENTED_EDGE ( 'NONE', *, *, #3967, .T. ) ;
#3488 = DIRECTION ( 'NONE',  ( -0.000000000000000000, -1.000000000000000000, -0.000000000000000000 ) ) ;
#3489 = VERTEX_POINT ( 'NONE', #336 ) ;
#3490 = ORIENTED_EDGE ( 'NONE', *, *, #1790, .F. ) ;
#3491 = EDGE_CURVE ( 'NONE', #3681, #1122, #2677, .T. ) ;
#3492 = PLANE ( 'NONE',  #2857 ) ;
#3493 = LINE ( 'NONE', #3, #3503 ) ;
#3494 = ORIENTED_EDGE ( 'NONE', *, *, #197, .F. ) ;
#3495 = AXIS2_PLACEMENT_3D ( 'NONE', #3394, #4126, #1382 ) ;
#3496 = DIRECTION ( 'NONE',  ( 0.7071067811865459074, 0.000000000000000000, 0.7071067811865491270 ) ) ;
#3497 = VERTEX_POINT ( 'NONE', #2251 ) ;
#3498 = PLANE ( 'NONE',  #183 ) ;
#3499 = ORIENTED_EDGE ( 'NONE', *, *, #1942, .F. ) ;
#3500 = DIRECTION ( 'NONE',  ( 0.000000000000000000, 1.000000000000000000, 0.000000000000000000 ) ) ;
#3501 = FACE_OUTER_BOUND ( 'NONE', #90, .T. ) ;
#3502 = EDGE_CURVE ( 'NONE', #3868, #1710, #4255, .T. ) ;
#3503 = VECTOR ( 'NONE', #3540, 1000.000000000000000 ) ;
#3504 = VERTEX_POINT ( 'NONE', #1206 ) ;
#3505 = FILL_AREA_STYLE_COLOUR ( '', #4358 ) ;
#3506 = VERTEX_POINT ( 'NONE', #1815 ) ;
#3507 = ORIENTED_EDGE ( 'NONE', *, *, #70, .T. ) ;
#3508 = VECTOR ( 'NONE', #4095, 1000.000000000000000 ) ;
#3509 = DIRECTION ( 'NONE',  ( -8.673617379884035472E-16, -0.000000000000000000, 1.000000000000000000 ) ) ;
#3510 = CYLINDRICAL_SURFACE ( 'NONE', #2735, 0.1000000000000000472 ) ;
#3511 = VERTEX_POINT ( 'NONE', #3250 ) ;
#3512 = VERTEX_POINT ( 'NONE', #1430 ) ;
#3513 = ORIENTED_EDGE ( 'NONE', *, *, #1272, .T. ) ;
#3514 = DIRECTION ( 'NONE',  ( 1.000000000000000000, -0.000000000000000000, 1.084202172485504040E-15 ) ) ;
#3515 = VECTOR ( 'NONE', #3329, 1000.000000000000000 ) ;
#3516 = ORIENTED_EDGE ( 'NONE', *, *, #2557, .F. ) ;
#3517 = CARTESIAN_POINT ( 'NONE',  ( -0.7000000000000005107, 0.000000000000000000, 0.2750000000000000777 ) ) ;
#3518 = DIRECTION ( 'NONE',  ( 1.084202172485505223E-15, 0.000000000000000000, 1.000000000000000000 ) ) ;
#3519 = ADVANCED_FACE ( 'NONE', ( #4222 ), #2788, .F. ) ;
#3520 = CARTESIAN_POINT ( 'NONE',  ( -0.8000000000000005995, 0.2030000000000000138, -0.6249999999999998890 ) ) ;
#3521 = ORIENTED_EDGE ( 'NONE', *, *, #3887, .F. ) ;
#3522 = ORIENTED_EDGE ( 'NONE', *, *, #876, .T. ) ;
#3523 = EDGE_CURVE ( 'NONE', #2095, #2303, #4290, .T. ) ;
#3524 = VECTOR ( 'NONE', #2825, 1000.000000000000000 ) ;
#3525 = CARTESIAN_POINT ( 'NONE',  ( -0.7000000000000005107, 0.05000000000000000278, 0.000000000000000000 ) ) ;
#3526 = LINE ( 'NONE', #3478, #1943 ) ;
#3527 = AXIS2_PLACEMENT_3D ( 'NONE', #595, #3706, #4063 ) ;
#3528 = AXIS2_PLACEMENT_3D ( 'NONE', #3167, #1672, #2096 ) ;
#3529 = VERTEX_POINT ( 'NONE', #3221 ) ;
#3530 = CARTESIAN_POINT ( 'NONE',  ( 0.8000000000000005995, 0.2030000000000000138, 0.6250000000000001110 ) ) ;
#3531 = DIRECTION ( 'NONE',  ( 0.000000000000000000, 0.000000000000000000, 1.000000000000000000 ) ) ;
#3532 = ORIENTED_EDGE ( 'NONE', *, *, #869, .F. ) ;
#3533 = CARTESIAN_POINT ( 'NONE',  ( -1.000000000000000666, 0.2030000000000000138, 0.8749999999999998890 ) ) ;
#3534 = LINE ( 'NONE', #2364, #2018 ) ;
#3535 = LINE ( 'NONE', #2447, #573 ) ;
#3536 = ORIENTED_EDGE ( 'NONE', *, *, #3692, .F. ) ;
#3537 = AXIS2_PLACEMENT_3D ( 'NONE', #1157, #4069, #3238 ) ;
#3538 = VERTEX_POINT ( 'NONE', #3533 ) ;
#3539 = VERTEX_POINT ( 'NONE', #796 ) ;
#3540 = DIRECTION ( 'NONE',  ( -0.000000000000000000, -0.000000000000000000, 1.000000000000000000 ) ) ;
#3541 = ADVANCED_FACE ( 'NONE', ( #4197 ), #1471, .T. ) ;
#3542 = DIRECTION ( 'NONE',  ( 0.000000000000000000, -0.000000000000000000, 1.000000000000000000 ) ) ;
#3543 = CARTESIAN_POINT ( 'NONE',  ( 0.8000000000000005995, 0.2030000000000000138, 0.3750000000000001110 ) ) ;
#3544 = LINE ( 'NONE', #674, #3573 ) ;
#3545 = PLANE ( 'NONE',  #2561 ) ;
#3546 = LINE ( 'NONE', #3885, #644 ) ;
#3547 = VERTEX_POINT ( 'NONE', #2183 ) ;
#3548 = ORIENTED_EDGE ( 'NONE', *, *, #2831, .F. ) ;
#3549 = ORIENTED_EDGE ( 'NONE', *, *, #2943, .F. ) ;
#3550 = DIRECTION ( 'NONE',  ( -0.000000000000000000, -1.000000000000000000, -0.000000000000000000 ) ) ;
#3551 = VECTOR ( 'NONE', #442, 1000.000000000000000 ) ;
#3552 = CYLINDRICAL_SURFACE ( 'NONE', #1849, 0.1000000000000000472 ) ;
#3553 = CARTESIAN_POINT ( 'NONE',  ( -1.000000000000000666, 0.5935124837953329457, 0.8749999999999998890 ) ) ;
#3554 = ORIENTED_EDGE ( 'NONE', *, *, #3240, .T. ) ;
#3555 = DIRECTION ( 'NONE',  ( 1.000000000000000000, -0.000000000000000000, -2.168404344971008868E-16 ) ) ;
#3556 = CARTESIAN_POINT ( 'NONE',  ( -1.000000000000000666, 0.04999999999999999584, 0.3749999999999998890 ) ) ;
#3557 = ADVANCED_FACE ( 'NONE', ( #1212 ), #3163, .F. ) ;
#3558 = CARTESIAN_POINT ( 'NONE',  ( 0.2999999999999998224, 0.05000000000000000278, 0.8000000000000002665 ) ) ;
#3559 = EDGE_CURVE ( 'NONE', #1076, #4325, #2694, .T. ) ;
#3560 = EDGE_LOOP ( 'NONE', ( #3475, #1739, #230, #889 ) ) ;
#3561 = ORIENTED_EDGE ( 'NONE', *, *, #869, .T. ) ;
#3562 = AXIS2_PLACEMENT_3D ( 'NONE', #1579, #4017, #1516 ) ;
#3563 = VECTOR ( 'NONE', #324, 1000.000000000000000 ) ;
#3564 = CIRCLE ( 'NONE', #2083, 0.1000000000000000472 ) ;
#3565 = ORIENTED_EDGE ( 'NONE', *, *, #1366, .T. ) ;
#3566 = CARTESIAN_POINT ( 'NONE',  ( -0.8000000000000005995, 0.2030000000000000138, 0.6250000000000001110 ) ) ;
#3567 = ORIENTED_EDGE ( 'NONE', *, *, #3729, .T. ) ;
#3568 = ORIENTED_EDGE ( 'NONE', *, *, #396, .F. ) ;
#3569 = CARTESIAN_POINT ( 'NONE',  ( 0.7000000000000005107, 0.04999999999999999584, 0.7250000000000001998 ) ) ;
#3570 = EDGE_CURVE ( 'NONE', #1017, #3859, #4300, .T. ) ;
#3571 = DIRECTION ( 'NONE',  ( 1.084202172485505223E-15, 0.000000000000000000, 1.000000000000000000 ) ) ;
#3572 = DIRECTION ( 'NONE',  ( 0.000000000000000000, 0.000000000000000000, 1.000000000000000000 ) ) ;
#3573 = VECTOR ( 'NONE', #3359, 1000.000000000000000 ) ;
#3574 = LINE ( 'NONE', #4096, #476 ) ;
#3575 = ORIENTED_EDGE ( 'NONE', *, *, #4400, .T. ) ;
#3576 = VERTEX_POINT ( 'NONE', #4213 ) ;
#3577 = ORIENTED_EDGE ( 'NONE', *, *, #3033, .F. ) ;
#3578 = CARTESIAN_POINT ( 'NONE',  ( 2.168404344971008621E-16, 0.05000000000000000278, -0.7999999999999999334 ) ) ;
#3579 = CARTESIAN_POINT ( 'NONE',  ( -0.8000000000000005995, 0.5935124837953329457, 0.8750000000000001110 ) ) ;
#3580 = DIRECTION ( 'NONE',  ( 0.000000000000000000, -1.000000000000000000, 0.000000000000000000 ) ) ;
#3581 = CYLINDRICAL_SURFACE ( 'NONE', #4052, 0.1000000000000000472 ) ;
#3582 = ORIENTED_EDGE ( 'NONE', *, *, #4380, .F. ) ;
#3583 = EDGE_CURVE ( 'NONE', #118, #2992, #2701, .T. ) ;
#3584 = EDGE_LOOP ( 'NONE', ( #404, #3483, #3362, #394 ) ) ;
#3585 = ORIENTED_EDGE ( 'NONE', *, *, #1513, .F. ) ;
#3586 = ADVANCED_FACE ( 'NONE', ( #1278 ), #444, .T. ) ;
#3587 = CARTESIAN_POINT ( 'NONE',  ( -0.8000000000000005995, 0.000000000000000000, 0.7750000000000001332 ) ) ;
#3588 = CARTESIAN_POINT ( 'NONE',  ( 0.8000000000000005995, 0.2030000000000000138, -0.7749999999999999112 ) ) ;
#3589 = EDGE_CURVE ( 'NONE', #553, #1538, #4263, .T. ) ;
#3590 = VECTOR ( 'NONE', #1577, 1000.000000000000000 ) ;
#3591 = CIRCLE ( 'NONE', #1965, 0.1000000000000000472 ) ;
#3592 = CARTESIAN_POINT ( 'NONE',  ( 0.7000000000000005107, 0.04999999999999999584, 0.2250000000000001443 ) ) ;
#3593 = ORIENTED_EDGE ( 'NONE', *, *, #1332, .F. ) ;
#3594 = DIRECTION ( 'NONE',  ( 0.000000000000000000, 0.000000000000000000, 1.000000000000000000 ) ) ;
#3595 = SURFACE_SIDE_STYLE ('',( #4047 ) ) ;
#3596 = EDGE_LOOP ( 'NONE', ( #3629, #3499, #2524, #4124 ) ) ;
#3597 = EDGE_CURVE ( 'NONE', #958, #514, #1215, .T. ) ;
#3598 = ORIENTED_EDGE ( 'NONE', *, *, #1337, .F. ) ;
#3599 = LINE ( 'NONE', #1479, #539 ) ;
#3600 = ORIENTED_EDGE ( 'NONE', *, *, #2451, .F. ) ;
#3601 = DIRECTION ( 'NONE',  ( 0.000000000000000000, -0.000000000000000000, 1.000000000000000000 ) ) ;
#3602 = VERTEX_POINT ( 'NONE', #3640 ) ;
#3603 = CARTESIAN_POINT ( 'NONE',  ( 0.8000000000000005995, 0.04999999999999999584, -0.7249999999999999778 ) ) ;
#3604 = ORIENTED_EDGE ( 'NONE', *, *, #2902, .T. ) ;
#3605 = CARTESIAN_POINT ( 'NONE',  ( 0.7000000000000005107, 0.000000000000000000, -0.7249999999999999778 ) ) ;
#3606 = MECHANICAL_DESIGN_GEOMETRIC_PRESENTATION_REPRESENTATION (  '', ( #3117 ), #2430 ) ;
#3607 = LINE ( 'NONE', #2679, #616 ) ;
#3608 = LINE ( 'NONE', #62, #548 ) ;
#3609 = VERTEX_POINT ( 'NONE', #1499 ) ;
#3610 = ORIENTED_EDGE ( 'NONE', *, *, #652, .F. ) ;
#3611 = ORIENTED_EDGE ( 'NONE', *, *, #3641, .T. ) ;
#3612 = CARTESIAN_POINT ( 'NONE',  ( -0.7000000000000005107, 0.2030000000000000138, -0.2249999999999999500 ) ) ;
#3613 = CARTESIAN_POINT ( 'NONE',  ( 0.8000000000000005995, 0.000000000000000000, 0.3750000000000001110 ) ) ;
#3614 = CARTESIAN_POINT ( 'NONE',  ( -0.8000000000000005995, 0.2030000000000000138, -0.7249999999999999778 ) ) ;
#3615 = LINE ( 'NONE', #3661, #3515 ) ;
#3616 = CARTESIAN_POINT ( 'NONE',  ( -0.8000000000000005995, 0.2030000000000000138, -0.2249999999999999500 ) ) ;
#3617 =( LENGTH_UNIT ( ) NAMED_UNIT ( * ) SI_UNIT ( .MILLI., .METRE. ) );
#3618 = EDGE_LOOP ( 'NONE', ( #2768, #3813, #4297, #911 ) ) ;
#3619 = EDGE_LOOP ( 'NONE', ( #3611, #718, #1057, #3654 ) ) ;
#3620 = ORIENTED_EDGE ( 'NONE', *, *, #1574, .F. ) ;
#3621 = CARTESIAN_POINT ( 'NONE',  ( 0.4000000000000001332, 0.04999999999999991257, -0.6999999999999997335 ) ) ;
#3622 = FACE_OUTER_BOUND ( 'NONE', #2234, .T. ) ;
#3623 = EDGE_CURVE ( 'NONE', #3253, #1319, #2750, .T. ) ;
#3624 = FACE_OUTER_BOUND ( 'NONE', #2623, .T. ) ;
#3625 = DIRECTION ( 'NONE',  ( -1.000000000000000000, 0.000000000000000000, -4.065758146820642121E-16 ) ) ;
#3626 = ORIENTED_EDGE ( 'NONE', *, *, #1498, .F. ) ;
#3627 = SURFACE_SIDE_STYLE ('',( #1199 ) ) ;
#3628 = CARTESIAN_POINT ( 'NONE',  ( -0.8000000000000005995, 0.5935124837953329457, -0.6249999999999998890 ) ) ;
#3629 = ORIENTED_EDGE ( 'NONE', *, *, #2004, .F. ) ;
#3630 = AXIS2_PLACEMENT_3D ( 'NONE', #2491, #3375, #297 ) ;
#3631 = VERTEX_POINT ( 'NONE', #2556 ) ;
#3632 = ADVANCED_FACE ( 'NONE', ( #2782 ), #1334, .F. ) ;
#3633 = CARTESIAN_POINT ( 'NONE',  ( 0.9999999999999995559, 0.05000000000000000278, 0.8749999999999998890 ) ) ;
#3634 = LINE ( 'NONE', #3434, #817 ) ;
#3635 = LINE ( 'NONE', #1222, #3757 ) ;
#3636 = VERTEX_POINT ( 'NONE', #1144 ) ;
#3637 = CARTESIAN_POINT ( 'NONE',  ( -0.8000000000000005995, 0.2030000000000000138, -0.1249999999999998890 ) ) ;
#3638 = VERTEX_POINT ( 'NONE', #3968 ) ;
#3639 = VERTEX_POINT ( 'NONE', #178 ) ;
#3640 = CARTESIAN_POINT ( 'NONE',  ( 1.000000000000000444, 0.000000000000000000, -0.8750000000000001110 ) ) ;
#3641 = EDGE_CURVE ( 'NONE', #854, #3179, #4276, .T. ) ;
#3642 = LINE ( 'NONE', #474, #771 ) ;
#3643 = CIRCLE ( 'NONE', #3223, 0.1000000000000000472 ) ;
#3644 = AXIS2_PLACEMENT_3D ( 'NONE', #4210, #831, #1140 ) ;
#3645 = EDGE_LOOP ( 'NONE', ( #1625, #1525, #486, #1601 ) ) ;
#3646 = EDGE_LOOP ( 'NONE', ( #3487, #2434, #587, #4165 ) ) ;
#3647 = CARTESIAN_POINT ( 'NONE',  ( -0.8000000000000005995, 0.2030000000000000138, -0.8749999999999998890 ) ) ;
#3648 = CARTESIAN_POINT ( 'NONE',  ( 4.065758146820633739E-16, 0.05000000000000000278, -0.3749999999999990563 ) ) ;
#3649 = EDGE_CURVE ( 'NONE', #574, #2207, #2742, .T. ) ;
#3650 = FACE_OUTER_BOUND ( 'NONE', #3596, .T. ) ;
#3651 = CARTESIAN_POINT ( 'NONE',  ( 0.000000000000000000, 0.000000000000000000, 0.000000000000000000 ) ) ;
#3652 = DIRECTION ( 'NONE',  ( 0.000000000000000000, 1.000000000000000000, 0.000000000000000000 ) ) ;
#3653 = EDGE_CURVE ( 'NONE', #3827, #2005, #1340, .T. ) ;
#3654 = ORIENTED_EDGE ( 'NONE', *, *, #2589, .T. ) ;
#3655 = VERTEX_POINT ( 'NONE', #947 ) ;
#3656 = DIRECTION ( 'NONE',  ( 0.000000000000000000, 1.000000000000000000, 0.000000000000000000 ) ) ;
#3657 = ADVANCED_FACE ( 'NONE', ( #4207 ), #1590, .F. ) ;
#3658 = FACE_OUTER_BOUND ( 'NONE', #2345, .T. ) ;
#3659 = EDGE_CURVE ( 'NONE', #2245, #1779, #4258, .T. ) ;
#3660 = EDGE_CURVE ( 'NONE', #1850, #2751, #1262, .T. ) ;
#3661 = CARTESIAN_POINT ( 'NONE',  ( -1.000000000000000666, 0.5935124837953329457, -0.1250000000000001110 ) ) ;
#3662 = AXIS2_PLACEMENT_3D ( 'NONE', #3208, #1159, #1830 ) ;
#3663 = CARTESIAN_POINT ( 'NONE',  ( -1.000000000000000666, 0.2030000000000000138, -0.1250000000000001110 ) ) ;
#3664 = ORIENTED_EDGE ( 'NONE', *, *, #2893, .T. ) ;
#3665 = ORIENTED_EDGE ( 'NONE', *, *, #4357, .T. ) ;
#3666 = LINE ( 'NONE', #1369, #2250 ) ;
#3667 = CARTESIAN_POINT ( 'NONE',  ( -0.8000000000000005995, 0.2030000000000000138, -0.1249999999999998890 ) ) ;
#3668 = VERTEX_POINT ( 'NONE', #2351 ) ;
#3669 = CARTESIAN_POINT ( 'NONE',  ( -0.7000000000000005107, 0.2030000000000000138, 0.7750000000000001332 ) ) ;
#3670 = EDGE_LOOP ( 'NONE', ( #3810, #2028, #4174, #2550, #2074, #3577 ) ) ;
#3671 = CARTESIAN_POINT ( 'NONE',  ( 0.8000000000000005995, 0.04999999999999999584, 0.2250000000000001443 ) ) ;
#3672 = ADVANCED_FACE ( 'NONE', ( #1269 ), #2973, .F. ) ;
#3673 =( NAMED_UNIT ( * ) SI_UNIT ( $, .STERADIAN. ) SOLID_ANGLE_UNIT ( ) );
#3674 = ORIENTED_EDGE ( 'NONE', *, *, #2016, .F. ) ;
#3675 = ORIENTED_EDGE ( 'NONE', *, *, #3212, .F. ) ;
#3676 = CARTESIAN_POINT ( 'NONE',  ( 0.2999999999999998224, 1.991854381999832224, 0.8000000000000002665 ) ) ;
#3677 = AXIS2_PLACEMENT_3D ( 'NONE', #1453, #2827, #116 ) ;
#3678 = DIRECTION ( 'NONE',  ( 0.000000000000000000, 1.000000000000000000, 0.000000000000000000 ) ) ;
#3679 = FACE_OUTER_BOUND ( 'NONE', #1711, .T. ) ;
#3680 = ORIENTED_EDGE ( 'NONE', *, *, #2014, .T. ) ;
#3681 = VERTEX_POINT ( 'NONE', #4027 ) ;
#3682 = EDGE_CURVE ( 'NONE', #2293, #2233, #2775, .T. ) ;
#3683 = PLANE ( 'NONE',  #1740 ) ;
#3684 = DIRECTION ( 'NONE',  ( 0.000000000000000000, 1.000000000000000000, 0.000000000000000000 ) ) ;
#3685 = CARTESIAN_POINT ( 'NONE',  ( 0.3000000000000001554, 0.000000000000000000, -0.6999999999999997335 ) ) ;
#3686 = PLANE ( 'NONE',  #3708 ) ;
#3687 = CARTESIAN_POINT ( 'NONE',  ( -1.000000000000000666, 0.04999999999999999584, -0.1250000000000001110 ) ) ;
#3688 = ORIENTED_EDGE ( 'NONE', *, *, #1384, .T. ) ;
#3689 = ORIENTED_EDGE ( 'NONE', *, *, #1050, .F. ) ;
#3690 = DIRECTION ( 'NONE',  ( -1.084202172485505223E-15, 0.000000000000000000, 1.000000000000000000 ) ) ;
#3691 = CYLINDRICAL_SURFACE ( 'NONE', #165, 0.1000000000000000472 ) ;
#3692 = EDGE_CURVE ( 'NONE', #1825, #3373, #1302, .T. ) ;
#3693 = ORIENTED_EDGE ( 'NONE', *, *, #3153, .T. ) ;
#3694 = CARTESIAN_POINT ( 'NONE',  ( 0.000000000000000000, 0.9499999999999999556, 0.000000000000000000 ) ) ;
#3695 = VERTEX_POINT ( 'NONE', #2999 ) ;
#3696 = DIRECTION ( 'NONE',  ( -0.000000000000000000, 1.000000000000000000, -0.000000000000000000 ) ) ;
#3697 = EDGE_CURVE ( 'NONE', #4139, #201, #4294, .T. ) ;
#3698 = AXIS2_PLACEMENT_3D ( 'NONE', #852, #4201, #1770 ) ;
#3699 = VECTOR ( 'NONE', #2166, 1000.000000000000000 ) ;
#3700 = ORIENTED_EDGE ( 'NONE', *, *, #1791, .T. ) ;
#3701 = EDGE_CURVE ( 'NONE', #298, #2208, #2767, .T. ) ;
#3702 = ORIENTED_EDGE ( 'NONE', *, *, #3212, .T. ) ;
#3703 = ADVANCED_FACE ( 'NONE', ( #4270, #4251 ), #208, .F. ) ;
#3704 = CARTESIAN_POINT ( 'NONE',  ( -0.7000000000000005107, 0.04999999999999999584, -0.2249999999999999500 ) ) ;
#3705 = EDGE_CURVE ( 'NONE', #2734, #318, #2790, .T. ) ;
#3706 = DIRECTION ( 'NONE',  ( 1.000000000000000000, 0.000000000000000000, 1.694065894508600678E-16 ) ) ;
#3707 = CARTESIAN_POINT ( 'NONE',  ( -1.000000000000000444, 0.5935124837953329457, -0.3750000000000001110 ) ) ;
#3708 = AXIS2_PLACEMENT_3D ( 'NONE', #1546, #4016, #4045 ) ;
#3709 = ORIENTED_EDGE ( 'NONE', *, *, #2649, .T. ) ;
#3710 = ORIENTED_EDGE ( 'NONE', *, *, #408, .F. ) ;
#3711 = EDGE_CURVE ( 'NONE', #1646, #2876, #2674, .T. ) ;
#3712 = EDGE_LOOP ( 'NONE', ( #896, #698, #3922, #4022 ) ) ;
#3713 = DIRECTION ( 'NONE',  ( 1.694065894508600678E-16, 0.000000000000000000, -1.000000000000000000 ) ) ;
#3714 = AXIS2_PLACEMENT_3D ( 'NONE', #3912, #3965, #175 ) ;
#3715 = UNCERTAINTY_MEASURE_WITH_UNIT (LENGTH_MEASURE( 1.000000000000000082E-05 ), #213, 'distance_accuracy_value', 'NONE');
#3716 = CARTESIAN_POINT ( 'NONE',  ( 0.8000000000000005995, 0.000000000000000000, 0.2250000000000001443 ) ) ;
#3717 = CARTESIAN_POINT ( 'NONE',  ( 0.7000000000000005107, 0.2030000000000000138, 0.7250000000000001998 ) ) ;
#3718 = DIRECTION ( 'NONE',  ( 0.000000000000000000, 1.000000000000000000, 0.000000000000000000 ) ) ;
#3719 = ORIENTED_EDGE ( 'NONE', *, *, #3083, .F. ) ;
#3720 = ORIENTED_EDGE ( 'NONE', *, *, #2975, .T. ) ;
#3721 = ORIENTED_EDGE ( 'NONE', *, *, #1143, .T. ) ;
#3722 = VERTEX_POINT ( 'NONE', #818 ) ;
#3723 = VECTOR ( 'NONE', #4010, 1000.000000000000000 ) ;
#3724 = LINE ( 'NONE', #146, #2290 ) ;
#3725 = VERTEX_POINT ( 'NONE', #2490 ) ;
#3726 = DIRECTION ( 'NONE',  ( 1.000000000000000000, 0.000000000000000000, 4.065758146820642121E-16 ) ) ;
#3727 = ORIENTED_EDGE ( 'NONE', *, *, #3804, .T. ) ;
#3728 = DIRECTION ( 'NONE',  ( 0.000000000000000000, 0.000000000000000000, 1.000000000000000000 ) ) ;
#3729 = EDGE_CURVE ( 'NONE', #3104, #4304, #4183, .T. ) ;
#3730 = LINE ( 'NONE', #1497, #2129 ) ;
#3731 = VERTEX_POINT ( 'NONE', #1804 ) ;
#3732 = ORIENTED_EDGE ( 'NONE', *, *, #1887, .F. ) ;
#3733 = EDGE_LOOP ( 'NONE', ( #633, #725, #2032, #4209 ) ) ;
#3734 = CARTESIAN_POINT ( 'NONE',  ( -1.000000000000000666, 0.5935124837953329457, -0.6250000000000001110 ) ) ;
#3735 = CARTESIAN_POINT ( 'NONE',  ( 0.7000000000000005107, 0.2030000000000000138, -0.2249999999999999500 ) ) ;
#3736 = EDGE_LOOP ( 'NONE', ( #2569, #3516, #4271, #2082 ) ) ;
#3737 = FACE_OUTER_BOUND ( 'NONE', #720, .T. ) ;
#3738 = EDGE_CURVE ( 'NONE', #4215, #1485, #2822, .T. ) ;
#3739 = LINE ( 'NONE', #2446, #3817 ) ;
#3740 = VERTEX_POINT ( 'NONE', #3517 ) ;
#3741 = ORIENTED_EDGE ( 'NONE', *, *, #949, .T. ) ;
#3742 = ORIENTED_EDGE ( 'NONE', *, *, #883, .T. ) ;
#3743 = DIRECTION ( 'NONE',  ( 1.000000000000000000, 0.000000000000000000, -1.084202172485504040E-15 ) ) ;
#3744 = VECTOR ( 'NONE', #1075, 1000.000000000000000 ) ;
#3745 = DIRECTION ( 'NONE',  ( 0.000000000000000000, 0.000000000000000000, -1.000000000000000000 ) ) ;
#3746 = CARTESIAN_POINT ( 'NONE',  ( -0.8000000000000005995, 0.2030000000000000138, 0.3750000000000001110 ) ) ;
#3747 = LINE ( 'NONE', #4188, #3758 ) ;
#3748 = DIRECTION ( 'NONE',  ( -1.000000000000000000, 0.000000000000000000, -1.084202172485505223E-15 ) ) ;
#3749 = CARTESIAN_POINT ( 'NONE',  ( 0.8000000000000005995, 0.000000000000000000, 0.6250000000000001110 ) ) ;
#3750 = ORIENTED_EDGE ( 'NONE', *, *, #2853, .F. ) ;
#3751 = CLOSED_SHELL ( 'NONE', ( #3936, #3342, #1956, #3703, #1993, #1, #2593, #143, #386, #609, #3844, #4319, #3186, #3586, #3632, #797, #536, #2968, #2949, #1912, #948, #34, #2639, #209, #492, #2139, #922, #2980, #2535, #661, #3519, #2815, #1449, #4142, #2422, #518, #2343, #1401, #4005, #2355, #4227, #1701, #839, #3234, #2835, #2389, #133, #2499, #3948, #2774, #3756, #3222, #565, #1336, #1368, #3014, #2300, #1247, #1738, #2731, #3169, #2548, #3333, #3900, #2583, #91 ) ) ;
#3752 = ORIENTED_EDGE ( 'NONE', *, *, #3049, .T. ) ;
#3753 = CARTESIAN_POINT ( 'NONE',  ( -1.000000000000000444, 0.2030000000000000138, -0.8750000000000001110 ) ) ;
#3754 = DIRECTION ( 'NONE',  ( 0.000000000000000000, 0.000000000000000000, 1.000000000000000000 ) ) ;
#3755 = EDGE_CURVE ( 'NONE', #3631, #1281, #2703, .T. ) ;
#3756 = ADVANCED_FACE ( 'NONE', ( #1310 ), #1241, .F. ) ;
#3757 = VECTOR ( 'NONE', #246, 1000.000000000000000 ) ;
#3758 = VECTOR ( 'NONE', #3794, 1000.000000000000000 ) ;
#3759 = EDGE_CURVE ( 'NONE', #3189, #784, #1189, .T. ) ;
#3760 = EDGE_LOOP ( 'NONE', ( #4185, #2843, #3565, #4077 ) ) ;
#3761 = CARTESIAN_POINT ( 'NONE',  ( 0.8000000000000005995, 0.2030000000000000138, 0.1250000000000001110 ) ) ;
#3762 = VERTEX_POINT ( 'NONE', #1443 ) ;
#3763 = EDGE_LOOP ( 'NONE', ( #1183, #687, #2034, #1973 ) ) ;
#3764 = ORIENTED_EDGE ( 'NONE', *, *, #709, .T. ) ;
#3765 = EDGE_CURVE ( 'NONE', #3999, #1825, #2809, .T. ) ;
#3766 = FACE_OUTER_BOUND ( 'NONE', #2322, .T. ) ;
#3767 = AXIS2_PLACEMENT_3D ( 'NONE', #348, #4108, #4451 ) ;
#3768 = ORIENTED_EDGE ( 'NONE', *, *, #37, .F. ) ;
#3769 = VERTEX_POINT ( 'NONE', #2881 ) ;
#3770 = VERTEX_POINT ( 'NONE', #2171 ) ;
#3771 = AXIS2_PLACEMENT_3D ( 'NONE', #724, #3103, #2651 ) ;
#3772 = DIRECTION ( 'NONE',  ( -1.000000000000000000, 0.000000000000000000, 8.673617379884036458E-16 ) ) ;
#3773 = DIRECTION ( 'NONE',  ( -1.000000000000000000, 0.000000000000000000, 1.084202172485504040E-15 ) ) ;
#3774 = CARTESIAN_POINT ( 'NONE',  ( -0.7000000000000005107, 0.5935124837953329457, -0.7249999999999999778 ) ) ;
#3775 = PRESENTATION_STYLE_ASSIGNMENT (( #1602 ) ) ;
#3776 = VECTOR ( 'NONE', #1405, 1000.000000000000000 ) ;
#3777 = AXIS2_PLACEMENT_3D ( 'NONE', #2781, #1020, #2749 ) ;
#3778 = ORIENTED_EDGE ( 'NONE', *, *, #3055, .T. ) ;
#3779 = EDGE_LOOP ( 'NONE', ( #2435, #613, #3993, #3795 ) ) ;
#3780 = CARTESIAN_POINT ( 'NONE',  ( -0.8000000000000005995, 0.2030000000000000138, 0.8750000000000001110 ) ) ;
#3781 = LINE ( 'NONE', #3612, #2138 ) ;
#3782 = DIRECTION ( 'NONE',  ( 8.673617379884036458E-16, 0.000000000000000000, -1.000000000000000000 ) ) ;
#3783 = SURFACE_STYLE_USAGE ( .BOTH. , #4044 ) ;
#3784 = CYLINDRICAL_SURFACE ( 'NONE', #488, 0.1250000000000000000 ) ;
#3785 = CARTESIAN_POINT ( 'NONE',  ( -0.8000000000000005995, 0.5935124837953329457, 0.6250000000000001110 ) ) ;
#3786 = ORIENTED_EDGE ( 'NONE', *, *, #2215, .F. ) ;
#3787 = ORIENTED_EDGE ( 'NONE', *, *, #823, .F. ) ;
#3788 = ORIENTED_EDGE ( 'NONE', *, *, #1465, .F. ) ;
#3789 = DIRECTION ( 'NONE',  ( -0.000000000000000000, -1.000000000000000000, -0.000000000000000000 ) ) ;
#3790 = LINE ( 'NONE', #1313, #826 ) ;
#3791 = CIRCLE ( 'NONE', #458, 0.1000000000000000472 ) ;
#3792 = DIRECTION ( 'NONE',  ( -0.000000000000000000, -1.000000000000000000, 0.000000000000000000 ) ) ;
#3793 = VERTEX_POINT ( 'NONE', #4233 ) ;
#3794 = DIRECTION ( 'NONE',  ( 0.000000000000000000, -1.000000000000000000, 0.000000000000000000 ) ) ;
#3795 = ORIENTED_EDGE ( 'NONE', *, *, #3887, .T. ) ;
#3796 = EDGE_CURVE ( 'NONE', #3793, #1833, #4216, .T. ) ;
#3797 = PRESENTATION_LAYER_ASSIGNMENT (  '', '', ( #3109 ) ) ;
#3798 = VERTEX_POINT ( 'NONE', #1232 ) ;
#3799 = PRESENTATION_LAYER_ASSIGNMENT (  '', '', ( #2978 ) ) ;
#3800 = VECTOR ( 'NONE', #971, 1000.000000000000000 ) ;
#3801 = ORIENTED_EDGE ( 'NONE', *, *, #1315, .F. ) ;
#3802 = VERTEX_POINT ( 'NONE', #3959 ) ;
#3803 = EDGE_LOOP ( 'NONE', ( #3750, #4338, #610, #789 ) ) ;
#3804 = EDGE_CURVE ( 'NONE', #446, #2287, #2732, .T. ) ;
#3805 = DIRECTION ( 'NONE',  ( -1.000000000000000000, 0.000000000000000000, -1.084202172485504040E-15 ) ) ;
#3806 = DIRECTION ( 'NONE',  ( 0.000000000000000000, 1.000000000000000000, 0.000000000000000000 ) ) ;
#3807 = LINE ( 'NONE', #3707, #2317 ) ;
#3808 = CARTESIAN_POINT ( 'NONE',  ( 0.8000000000000005995, 0.5935124837953329457, -0.6249999999999998890 ) ) ;
#3809 = VECTOR ( 'NONE', #1705, 1000.000000000000000 ) ;
#3810 = ORIENTED_EDGE ( 'NONE', *, *, #26, .F. ) ;
#3811 = ORIENTED_EDGE ( 'NONE', *, *, #883, .F. ) ;
#3812 = DIRECTION ( 'NONE',  ( -1.084202172485505223E-15, 0.000000000000000000, 1.000000000000000000 ) ) ;
#3813 = ORIENTED_EDGE ( 'NONE', *, *, #1771, .F. ) ;
#3814 = LINE ( 'NONE', #3034, #848 ) ;
#3815 = CARTESIAN_POINT ( 'NONE',  ( 0.8000000000000005995, 0.2030000000000000138, -0.1249999999999998890 ) ) ;
#3816 = DIRECTION ( 'NONE',  ( -8.673617379884036458E-16, 0.000000000000000000, -1.000000000000000000 ) ) ;
#3817 = VECTOR ( 'NONE', #2792, 1000.000000000000000 ) ;
#3818 = DIRECTION ( 'NONE',  ( 1.084202172485504434E-16, 0.000000000000000000, 1.000000000000000000 ) ) ;
#3819 = AXIS2_PLACEMENT_3D ( 'NONE', #672, #960, #4117 ) ;
#3820 = EDGE_CURVE ( 'NONE', #3802, #1972, #2833, .T. ) ;
#3821 = EDGE_LOOP ( 'NONE', ( #3029, #1913, #4223, #3138 ) ) ;
#3822 = ORIENTED_EDGE ( 'NONE', *, *, #2684, .F. ) ;
#3823 = DIRECTION ( 'NONE',  ( -0.000000000000000000, -1.000000000000000000, -0.000000000000000000 ) ) ;
#3824 = EDGE_CURVE ( 'NONE', #2974, #303, #1236, .T. ) ;
#3825 = FACE_OUTER_BOUND ( 'NONE', #3896, .T. ) ;
#3826 = CYLINDRICAL_SURFACE ( 'NONE', #1135, 0.1000000000000000472 ) ;
#3827 = VERTEX_POINT ( 'NONE', #3271 ) ;
#3828 = DIRECTION ( 'NONE',  ( 1.000000000000000000, 0.000000000000000000, -2.168404344971008868E-16 ) ) ;
#3829 = ORIENTED_EDGE ( 'NONE', *, *, #2777, .F. ) ;
#3830 = EDGE_CURVE ( 'NONE', #3916, #298, #2668, .T. ) ;
#3831 = EDGE_LOOP ( 'NONE', ( #2047, #1400, #2292, #4331 ) ) ;
#3832 = DIRECTION ( 'NONE',  ( -2.168404344971008868E-16, 0.000000000000000000, -1.000000000000000000 ) ) ;
#3833 = PRESENTATION_LAYER_ASSIGNMENT (  '', '', ( #1166 ) ) ;
#3834 = LINE ( 'NONE', #2387, #862 ) ;
#3835 = LINE ( 'NONE', #1428, #2260 ) ;
#3836 = AXIS2_PLACEMENT_3D ( 'NONE', #566, #4320, #529 ) ;
#3837 = ORIENTED_EDGE ( 'NONE', *, *, #3041, .F. ) ;
#3838 = ORIENTED_EDGE ( 'NONE', *, *, #3463, .F. ) ;
#3839 = DIRECTION ( 'NONE',  ( 0.000000000000000000, -1.000000000000000000, 0.000000000000000000 ) ) ;
#3840 = MANIFOLD_SOLID_BREP ( 'Fillet1', #2453 ) ;
#3841 = DIRECTION ( 'NONE',  ( -1.000000000000000000, 0.000000000000000000, -1.084202172485505223E-15 ) ) ;
#3842 = DIRECTION ( 'NONE',  ( 0.000000000000000000, 1.000000000000000000, 0.000000000000000000 ) ) ;
#3843 = AXIS2_PLACEMENT_3D ( 'NONE', #1532, #1855, #2899 ) ;
#3844 = ADVANCED_FACE ( 'NONE', ( #1607 ), #3209, .T. ) ;
#3845 = CARTESIAN_POINT ( 'NONE',  ( 0.8000000000000005995, 0.2030000000000000138, 0.7250000000000001998 ) ) ;
#3846 = CYLINDRICAL_SURFACE ( 'NONE', #1393, 0.1250000000000000000 ) ;
#3847 = CARTESIAN_POINT ( 'NONE',  ( 0.7000000000000005107, 0.2030000000000000138, 0.7750000000000001332 ) ) ;
#3848 = LINE ( 'NONE', #2555, #3800 ) ;
#3849 = ORIENTED_EDGE ( 'NONE', *, *, #2909, .F. ) ;
#3850 = DIRECTION ( 'NONE',  ( 0.000000000000000000, 1.000000000000000000, 0.000000000000000000 ) ) ;
#3851 = ORIENTED_EDGE ( 'NONE', *, *, #3352, .T. ) ;
#3852 = VECTOR ( 'NONE', #1417, 1000.000000000000000 ) ;
#3853 = DIRECTION ( 'NONE',  ( 0.000000000000000000, 0.000000000000000000, 1.000000000000000000 ) ) ;
#3854 = DIRECTION ( 'NONE',  ( 0.000000000000000000, -1.000000000000000000, 0.000000000000000000 ) ) ;
#3855 = VECTOR ( 'NONE', #3816, 1000.000000000000000 ) ;
#3856 = CARTESIAN_POINT ( 'NONE',  ( 1.000000000000000444, 0.04999999999999999584, 0.1249999999999998890 ) ) ;
#3857 = DIRECTION ( 'NONE',  ( 1.084202172485505223E-15, -0.000000000000000000, 1.000000000000000000 ) ) ;
#3858 = VERTEX_POINT ( 'NONE', #1098 ) ;
#3859 = VERTEX_POINT ( 'NONE', #3985 ) ;
#3860 = ORIENTED_EDGE ( 'NONE', *, *, #4311, .T. ) ;
#3861 = CARTESIAN_POINT ( 'NONE',  ( 0.7000000000000005107, 0.5935124837953329457, -0.7749999999999999112 ) ) ;
#3862 = FACE_OUTER_BOUND ( 'NONE', #1200, .T. ) ;
#3863 = EDGE_CURVE ( 'NONE', #2371, #1548, #131, .T. ) ;
#3864 = VECTOR ( 'NONE', #3281, 1000.000000000000000 ) ;
#3865 = EDGE_LOOP ( 'NONE', ( #3811, #1991, #824, #498, #464, #2201 ) ) ;
#3866 = CARTESIAN_POINT ( 'NONE',  ( -1.000000000000000444, 0.2030000000000000138, 0.1249999999999998890 ) ) ;
#3867 = DIRECTION ( 'NONE',  ( 0.000000000000000000, 1.000000000000000000, 0.000000000000000000 ) ) ;
#3868 = VERTEX_POINT ( 'NONE', #2236 ) ;
#3869 = AXIS2_PLACEMENT_3D ( 'NONE', #1648, #4101, #4154 ) ;
#3870 = VERTEX_POINT ( 'NONE', #2936 ) ;
#3871 = CARTESIAN_POINT ( 'NONE',  ( -0.7000000000000007327, 0.8499999999999999778, -0.5750000000000005107 ) ) ;
#3872 = VECTOR ( 'NONE', #4281, 1000.000000000000000 ) ;
#3873 = ORIENTED_EDGE ( 'NONE', *, *, #3701, .F. ) ;
#3874 = EDGE_LOOP ( 'NONE', ( #2365, #191, #3742, #3741 ) ) ;
#3875 = ORIENTED_EDGE ( 'NONE', *, *, #2244, .F. ) ;
#3876 = EDGE_CURVE ( 'NONE', #2208, #1850, #3068, .T. ) ;
#3877 = DIRECTION ( 'NONE',  ( 0.000000000000000000, -1.000000000000000000, 0.000000000000000000 ) ) ;
#3878 = AXIS2_PLACEMENT_3D ( 'NONE', #1750, #3106, #359 ) ;
#3879 = CARTESIAN_POINT ( 'NONE',  ( 0.8000000000000005995, 0.04999999999999999584, -0.8749999999999998890 ) ) ;
#3880 = ORIENTED_EDGE ( 'NONE', *, *, #302, .T. ) ;
#3881 = EDGE_CURVE ( 'NONE', #1249, #3235, #1542, .T. ) ;
#3882 = CARTESIAN_POINT ( 'NONE',  ( -0.8000000000000005995, 0.2030000000000000138, 0.2750000000000000777 ) ) ;
#3883 = DIRECTION ( 'NONE',  ( 0.000000000000000000, 1.000000000000000000, 0.000000000000000000 ) ) ;
#3884 = VECTOR ( 'NONE', #1796, 1000.000000000000000 ) ;
#3885 = CARTESIAN_POINT ( 'NONE',  ( 6.776263578034389894E-16, 0.05000000000000000278, -0.6249999999999990008 ) ) ;
#3886 = CARTESIAN_POINT ( 'NONE',  ( -0.8000000000000005995, 0.5935124837953329457, -0.1249999999999998890 ) ) ;
#3887 = EDGE_CURVE ( 'NONE', #3870, #3964, #3092, .T. ) ;
#3888 = EDGE_LOOP ( 'NONE', ( #3408, #3064, #132, #1837 ) ) ;
#3889 = ORIENTED_EDGE ( 'NONE', *, *, #197, .T. ) ;
#3890 = CARTESIAN_POINT ( 'NONE',  ( -0.8000000000000005995, 0.5935124837953329457, -0.7249999999999999778 ) ) ;
#3891 = VECTOR ( 'NONE', #3950, 1000.000000000000000 ) ;
#3892 = EDGE_CURVE ( 'NONE', #1139, #1795, #120, .T. ) ;
#3893 = ORIENTED_EDGE ( 'NONE', *, *, #350, .T. ) ;
#3894 = AXIS2_PLACEMENT_3D ( 'NONE', #1882, #2983, #2264 ) ;
#3895 = PLANE ( 'NONE',  #3495 ) ;
#3896 = EDGE_LOOP ( 'NONE', ( #3476, #2041, #4109, #707 ) ) ;
#3897 = CARTESIAN_POINT ( 'NONE',  ( -1.000000000000000666, 0.000000000000000000, 0.3749999999999998890 ) ) ;
#3898 = VECTOR ( 'NONE', #738, 1000.000000000000000 ) ;
#3899 = ORIENTED_EDGE ( 'NONE', *, *, #3918, .T. ) ;
#3900 = ADVANCED_FACE ( 'NONE', ( #3078 ), #43, .F. ) ;
#3901 = CARTESIAN_POINT ( 'NONE',  ( -1.000000000000000666, 0.2030000000000000138, 0.8749999999999998890 ) ) ;
#3902 = EDGE_LOOP ( 'NONE', ( #2184, #2457, #1091, #1114 ) ) ;
#3903 = DIRECTION ( 'NONE',  ( -1.084202172485505223E-15, 0.000000000000000000, 1.000000000000000000 ) ) ;
#3904 = CARTESIAN_POINT ( 'NONE',  ( 1.000000000000000666, 0.5935124837953329457, -0.1250000000000001110 ) ) ;
#3905 = DIRECTION ( 'NONE',  ( 1.000000000000000000, 0.000000000000000000, -1.084202172485505223E-15 ) ) ;
#3906 = DIRECTION ( 'NONE',  ( 0.000000000000000000, -1.000000000000000000, 0.000000000000000000 ) ) ;
#3907 = LINE ( 'NONE', #4372, #3884 ) ;
#3908 = ORIENTED_EDGE ( 'NONE', *, *, #1409, .T. ) ;
#3909 = DIRECTION ( 'NONE',  ( 0.000000000000000000, -0.000000000000000000, -1.000000000000000000 ) ) ;
#3910 = STYLED_ITEM ( 'NONE', ( #4121 ), #3299 ) ;
#3911 =( NAMED_UNIT ( * ) PLANE_ANGLE_UNIT ( ) SI_UNIT ( $, .RADIAN. ) );
#3912 = CARTESIAN_POINT ( 'NONE',  ( -0.8000000000000005995, 0.2030000000000000138, 0.7250000000000001998 ) ) ;
#3913 = CARTESIAN_POINT ( 'NONE',  ( -0.7000000000000005107, 0.2030000000000000138, 0.2750000000000000777 ) ) ;
#3914 = VECTOR ( 'NONE', #1182, 1000.000000000000000 ) ;
#3915 = CARTESIAN_POINT ( 'NONE',  ( -0.8000000000000005995, 0.04999999999999999584, 0.7750000000000001332 ) ) ;
#3916 = VERTEX_POINT ( 'NONE', #2757 ) ;
#3917 = VERTEX_POINT ( 'NONE', #729 ) ;
#3918 = EDGE_CURVE ( 'NONE', #3473, #3917, #1585, .T. ) ;
#3919 = DIRECTION ( 'NONE',  ( 0.000000000000000000, -1.000000000000000000, 0.000000000000000000 ) ) ;
#3920 = CARTESIAN_POINT ( 'NONE',  ( 0.8000000000000005995, 0.2030000000000000138, 0.7250000000000001998 ) ) ;
#3921 = DIRECTION ( 'NONE',  ( 0.000000000000000000, 0.000000000000000000, -1.000000000000000000 ) ) ;
#3922 = ORIENTED_EDGE ( 'NONE', *, *, #3755, .T. ) ;
#3923 = LINE ( 'NONE', #1564, #988 ) ;
#3924 = ORIENTED_EDGE ( 'NONE', *, *, #1790, .T. ) ;
#3925 = CARTESIAN_POINT ( 'NONE',  ( 1.000000000000000666, 0.000000000000000000, -0.1250000000000001110 ) ) ;
#3926 = EDGE_CURVE ( 'NONE', #965, #2115, #1593, .T. ) ;
#3927 = VERTEX_POINT ( 'NONE', #3217 ) ;
#3928 = PRODUCT_DEFINITION_SHAPE ( 'NONE', 'NONE',  #1133 ) ;
#3929 = CARTESIAN_POINT ( 'NONE',  ( 0.3999999999999998557, 0.2030000000000000693, 0.8000000000000002665 ) ) ;
#3930 = CARTESIAN_POINT ( 'NONE',  ( -0.8000000000000005995, 0.2030000000000000138, -0.8749999999999998890 ) ) ;
#3931 = CARTESIAN_POINT ( 'NONE',  ( -0.7000000000000005107, 0.5935124837953329457, -0.7749999999999999112 ) ) ;
#3932 = DIRECTION ( 'NONE',  ( 0.000000000000000000, 0.000000000000000000, -1.000000000000000000 ) ) ;
#3933 = AXIS2_PLACEMENT_3D ( 'NONE', #3028, #4335, #3728 ) ;
#3934 = VECTOR ( 'NONE', #2700, 1000.000000000000000 ) ;
#3935 = ORIENTED_EDGE ( 'NONE', *, *, #2560, .T. ) ;
#3936 = ADVANCED_FACE ( 'NONE', ( #78 ), #4360, .F. ) ;
#3937 = EDGE_CURVE ( 'NONE', #4325, #3695, #2883, .T. ) ;
#3938 = ORIENTED_EDGE ( 'NONE', *, *, #45, .F. ) ;
#3939 = AXIS2_PLACEMENT_3D ( 'NONE', #606, #1953, #1641 ) ;
#3940 = CARTESIAN_POINT ( 'NONE',  ( 0.7000000000000005107, 0.000000000000000000, -0.7249999999999999778 ) ) ;
#3941 = PRESENTATION_STYLE_ASSIGNMENT (( #768 ) ) ;
#3942 = DIRECTION ( 'NONE',  ( 0.000000000000000000, 1.000000000000000000, 0.000000000000000000 ) ) ;
#3943 = CARTESIAN_POINT ( 'NONE',  ( -1.000000000000000444, 0.5935124837953329457, -0.8750000000000001110 ) ) ;
#3944 = AXIS2_PLACEMENT_3D ( 'NONE', #1696, #1429, #1055 ) ;
#3945 = ORIENTED_EDGE ( 'NONE', *, *, #2347, .F. ) ;
#3946 = DIRECTION ( 'NONE',  ( -8.673617379884036458E-16, 0.000000000000000000, 1.000000000000000000 ) ) ;
#3947 = AXIS2_PLACEMENT_3D ( 'NONE', #3193, #56, #3572 ) ;
#3948 = ADVANCED_FACE ( 'NONE', ( #1414 ), #2715, .F. ) ;
#3949 = FACE_OUTER_BOUND ( 'NONE', #1065, .T. ) ;
#3950 = DIRECTION ( 'NONE',  ( -1.355252715606880789E-16, 0.000000000000000000, 1.000000000000000000 ) ) ;
#3951 = CARTESIAN_POINT ( 'NONE',  ( 0.8000000000000005995, 0.2030000000000000138, 0.6250000000000001110 ) ) ;
#3952 = VERTEX_POINT ( 'NONE', #1468 ) ;
#3953 = DIRECTION ( 'NONE',  ( 1.000000000000000000, -0.000000000000000000, 8.673617379884036458E-16 ) ) ;
#3954 = CARTESIAN_POINT ( 'NONE',  ( -0.7000000000000005107, 0.04999999999999999584, -0.7249999999999999778 ) ) ;
#3955 = VECTOR ( 'NONE', #3828, 1000.000000000000000 ) ;
#3956 = CARTESIAN_POINT ( 'NONE',  ( 1.000000000000000444, 0.2030000000000000138, 0.6249999999999998890 ) ) ;
#3957 = EDGE_LOOP ( 'NONE', ( #1816, #2915, #4206, #1552 ) ) ;
#3958 = CARTESIAN_POINT ( 'NONE',  ( 1.000000000000000666, 0.000000000000000000, 0.3749999999999998890 ) ) ;
#3959 = CARTESIAN_POINT ( 'NONE',  ( -1.000000000000000444, 0.2030000000000000138, 0.6249999999999998890 ) ) ;
#3960 =( NAMED_UNIT ( * ) PLANE_ANGLE_UNIT ( ) SI_UNIT ( $, .RADIAN. ) );
#3961 = EDGE_CURVE ( 'NONE', #3456, #2233, #4228, .T. ) ;
#3962 = LINE ( 'NONE', #3443, #2493 ) ;
#3963 = AXIS2_PLACEMENT_3D ( 'NONE', #2132, #2065, #29 ) ;
#3964 = VERTEX_POINT ( 'NONE', #534 ) ;
#3965 = DIRECTION ( 'NONE',  ( 0.000000000000000000, -1.000000000000000000, 0.000000000000000000 ) ) ;
#3966 = FACE_OUTER_BOUND ( 'NONE', #375, .T. ) ;
#3967 = EDGE_CURVE ( 'NONE', #1131, #1850, #1223, .T. ) ;
#3968 = CARTESIAN_POINT ( 'NONE',  ( 0.9999999999999995559, 0.05000000000000000278, 0.3749999999999998890 ) ) ;
#3969 = ADVANCED_FACE ( 'NONE', ( #1231 ), #1128, .T. ) ;
#3970 = ORIENTED_EDGE ( 'NONE', *, *, #1513, .T. ) ;
#3971 = LINE ( 'NONE', #3613, #2455 ) ;
#3972 = VECTOR ( 'NONE', #2878, 1000.000000000000000 ) ;
#3973 = DIRECTION ( 'NONE',  ( 0.000000000000000000, 1.000000000000000000, 0.000000000000000000 ) ) ;
#3974 = DIRECTION ( 'NONE',  ( 0.000000000000000000, 1.000000000000000000, 0.000000000000000000 ) ) ;
#3975 = VERTEX_POINT ( 'NONE', #2489 ) ;
#3976 = DIRECTION ( 'NONE',  ( 0.000000000000000000, 0.000000000000000000, -1.000000000000000000 ) ) ;
#3977 = CARTESIAN_POINT ( 'NONE',  ( 0.7000000000000005107, 0.2030000000000000138, 0.2750000000000000777 ) ) ;
#3978 = STYLED_ITEM ( 'NONE', ( #2738 ), #4173 ) ;
#3979 = FACE_OUTER_BOUND ( 'NONE', #2642, .T. ) ;
#3980 = ORIENTED_EDGE ( 'NONE', *, *, #3037, .T. ) ;
#3981 = CARTESIAN_POINT ( 'NONE',  ( -0.8000000000000005995, 0.5935124837953329457, -0.2749999999999998557 ) ) ;
#3982 = DIRECTION ( 'NONE',  ( 0.000000000000000000, 0.000000000000000000, 1.000000000000000000 ) ) ;
#3983 = ORIENTED_EDGE ( 'NONE', *, *, #328, .T. ) ;
#3984 = CARTESIAN_POINT ( 'NONE',  ( -0.8000000000000005995, 0.5935124837953329457, -0.8749999999999998890 ) ) ;
#3985 = CARTESIAN_POINT ( 'NONE',  ( -1.000000000000000444, 0.000000000000000000, -0.8750000000000001110 ) ) ;
#3986 = DIRECTION ( 'NONE',  ( 0.000000000000000000, 1.000000000000000000, 0.000000000000000000 ) ) ;
#3987 = VECTOR ( 'NONE', #1217, 1000.000000000000000 ) ;
#3988 = EDGE_CURVE ( 'NONE', #751, #2263, #2692, .T. ) ;
#3989 = LINE ( 'NONE', #1888, #1038 ) ;
#3990 = ORIENTED_EDGE ( 'NONE', *, *, #2879, .T. ) ;
#3991 = AXIS2_PLACEMENT_3D ( 'NONE', #95, #2771, #2873 ) ;
#3992 = DIRECTION ( 'NONE',  ( -8.673617379884036458E-16, 0.000000000000000000, 1.000000000000000000 ) ) ;
#3993 = ORIENTED_EDGE ( 'NONE', *, *, #26, .T. ) ;
#3994 = DIRECTION ( 'NONE',  ( 0.000000000000000000, 1.000000000000000000, 0.000000000000000000 ) ) ;
#3995 = DIRECTION ( 'NONE',  ( 0.000000000000000000, 1.000000000000000000, 0.000000000000000000 ) ) ;
#3996 = CYLINDRICAL_SURFACE ( 'NONE', #2103, 0.1000000000000000472 ) ;
#3997 = VECTOR ( 'NONE', #1827, 1000.000000000000000 ) ;
#3998 = DIRECTION ( 'NONE',  ( -1.084202172485505223E-15, 0.000000000000000000, 1.000000000000000000 ) ) ;
#3999 = VERTEX_POINT ( 'NONE', #4093 ) ;
#4000 = AXIS2_PLACEMENT_3D ( 'NONE', #2926, #4374, #2620 ) ;
#4001 = FILL_AREA_STYLE ('',( #1561 ) ) ;
#4002 = VECTOR ( 'NONE', #840, 1000.000000000000000 ) ;
#4003 = LINE ( 'NONE', #1916, #1011 ) ;
#4004 = VERTEX_POINT ( 'NONE', #3386 ) ;
#4005 = ADVANCED_FACE ( 'NONE', ( #4152 ), #4179, .F. ) ;
#4006 = DIRECTION ( 'NONE',  ( 1.000000000000000000, 0.000000000000000000, -1.084202172485504040E-15 ) ) ;
#4007 = DIRECTION ( 'NONE',  ( -1.694065894508600678E-16, -0.000000000000000000, 1.000000000000000000 ) ) ;
#4008 = EDGE_LOOP ( 'NONE', ( #748, #3893, #3980, #2116 ) ) ;
#4009 = DIRECTION ( 'NONE',  ( -1.000000000000000000, 0.000000000000000000, -4.065758146820642614E-16 ) ) ;
#4010 = DIRECTION ( 'NONE',  ( -0.000000000000000000, -1.000000000000000000, -0.000000000000000000 ) ) ;
#4011 = LINE ( 'NONE', #99, #989 ) ;
#4012 = CARTESIAN_POINT ( 'NONE',  ( 1.000000000000000666, 0.2030000000000000138, -0.6250000000000001110 ) ) ;
#4013 = DIRECTION ( 'NONE',  ( 0.000000000000000000, 1.000000000000000000, 0.000000000000000000 ) ) ;
#4014 = ORIENTED_EDGE ( 'NONE', *, *, #2016, .T. ) ;
#4015 = DIRECTION ( 'NONE',  ( 0.000000000000000000, -1.000000000000000000, 0.000000000000000000 ) ) ;
#4016 = DIRECTION ( 'NONE',  ( 0.000000000000000000, 1.000000000000000000, 0.000000000000000000 ) ) ;
#4017 = DIRECTION ( 'NONE',  ( 0.000000000000000000, -1.000000000000000000, 0.000000000000000000 ) ) ;
#4018 = AXIS2_PLACEMENT_3D ( 'NONE', #1172, #2946, #206 ) ;
#4019 = FACE_OUTER_BOUND ( 'NONE', #4190, .T. ) ;
#4020 = FACE_OUTER_BOUND ( 'NONE', #3645, .T. ) ;
#4021 = CARTESIAN_POINT ( 'NONE',  ( -0.4000000000000001332, 0.2030000000000000693, 0.6999999999999998446 ) ) ;
#4022 = ORIENTED_EDGE ( 'NONE', *, *, #63, .T. ) ;
#4023 = CARTESIAN_POINT ( 'NONE',  ( -0.8000000000000005995, 0.2030000000000000138, 0.8750000000000001110 ) ) ;
#4024 = DIRECTION ( 'NONE',  ( 0.000000000000000000, 1.000000000000000000, 0.000000000000000000 ) ) ;
#4025 = FACE_OUTER_BOUND ( 'NONE', #1968, .T. ) ;
#4026 = LINE ( 'NONE', #3525, #4085 ) ;
#4027 = CARTESIAN_POINT ( 'NONE',  ( -1.000000000000000666, 0.05000000000000000278, -0.9999999999999997780 ) ) ;
#4028 = VERTEX_POINT ( 'NONE', #4353 ) ;
#4029 = LINE ( 'NONE', #1940, #4055 ) ;
#4030 = VECTOR ( 'NONE', #1571, 1000.000000000000000 ) ;
#4031 = CARTESIAN_POINT ( 'NONE',  ( -0.8000000000000005995, 0.000000000000000000, -0.1249999999999998890 ) ) ;
#4032 = DIRECTION ( 'NONE',  ( 0.000000000000000000, -0.000000000000000000, 1.000000000000000000 ) ) ;
#4033 = EDGE_LOOP ( 'NONE', ( #1982, #670, #2200, #994 ) ) ;
#4034 = PLANE ( 'NONE',  #2310 ) ;
#4035 = EDGE_CURVE ( 'NONE', #4278, #2626, #4261, .T. ) ;
#4036 = CYLINDRICAL_SURFACE ( 'NONE', #1451, 0.1000000000000000472 ) ;
#4037 = FACE_OUTER_BOUND ( 'NONE', #736, .T. ) ;
#4038 = ADVANCED_FACE ( 'NONE', ( #2640 ), #2770, .T. ) ;
#4039 = DIRECTION ( 'NONE',  ( 1.000000000000000000, -0.000000000000000000, 1.694065894508600678E-16 ) ) ;
#4040 = CARTESIAN_POINT ( 'NONE',  ( 0.8000000000000005995, 0.2030000000000000138, -0.6249999999999998890 ) ) ;
#4041 = ORIENTED_EDGE ( 'NONE', *, *, #551, .T. ) ;
#4042 = EDGE_CURVE ( 'NONE', #940, #2245, #1244, .T. ) ;
#4043 = DIRECTION ( 'NONE',  ( 0.000000000000000000, 0.000000000000000000, 1.000000000000000000 ) ) ;
#4044 = SURFACE_SIDE_STYLE ('',( #2051 ) ) ;
#4045 = DIRECTION ( 'NONE',  ( 0.000000000000000000, -0.000000000000000000, 1.000000000000000000 ) ) ;
#4046 = AXIS2_PLACEMENT_3D ( 'NONE', #3685, #2273, #2603 ) ;
#4047 = SURFACE_STYLE_FILL_AREA ( #3243 ) ;
#4048 = VECTOR ( 'NONE', #3453, 1000.000000000000000 ) ;
#4049 = AXIS2_PLACEMENT_3D ( 'NONE', #879, #2197, #2961 ) ;
#4050 = CARTESIAN_POINT ( 'NONE',  ( -0.7000000000000005107, 0.2030000000000000138, 0.2750000000000000777 ) ) ;
#4051 = ORIENTED_EDGE ( 'NONE', *, *, #3881, .T. ) ;
#4052 = AXIS2_PLACEMENT_3D ( 'NONE', #1082, #1753, #3108 ) ;
#4053 = FILL_AREA_STYLE ('',( #2281 ) ) ;
#4054 = CARTESIAN_POINT ( 'NONE',  ( -0.8000000000000005995, 0.2030000000000000138, -0.2749999999999998557 ) ) ;
#4055 = VECTOR ( 'NONE', #1774, 1000.000000000000000 ) ;
#4056 = VECTOR ( 'NONE', #163, 1000.000000000000000 ) ;
#4057 = CARTESIAN_POINT ( 'NONE',  ( 0.8000000000000005995, 0.2030000000000000138, 0.2250000000000001443 ) ) ;
#4058 = VERTEX_POINT ( 'NONE', #82 ) ;
#4059 = CIRCLE ( 'NONE', #2026, 0.1250000000000000000 ) ;
#4060 = DIRECTION ( 'NONE',  ( 0.000000000000000000, 0.000000000000000000, 1.000000000000000000 ) ) ;
#4061 = MANIFOLD_SOLID_BREP ( 'LPattern2[3]', #659 ) ;
#4062 = ORIENTED_EDGE ( 'NONE', *, *, #551, .F. ) ;
#4063 = DIRECTION ( 'NONE',  ( 1.694065894508600678E-16, 0.000000000000000000, -1.000000000000000000 ) ) ;
#4064 = CARTESIAN_POINT ( 'NONE',  ( -0.7000000000000005107, 0.2030000000000000138, 0.7250000000000001998 ) ) ;
#4065 = FACE_OUTER_BOUND ( 'NONE', #3865, .T. ) ;
#4066 = FACE_OUTER_BOUND ( 'NONE', #875, .T. ) ;
#4067 = EDGE_CURVE ( 'NONE', #757, #2392, #1210, .T. ) ;
#4068 = CARTESIAN_POINT ( 'NONE',  ( -0.8000000000000005995, 0.000000000000000000, 0.6250000000000001110 ) ) ;
#4069 = DIRECTION ( 'NONE',  ( -0.000000000000000000, -1.000000000000000000, -0.000000000000000000 ) ) ;
#4070 = ORIENTED_EDGE ( 'NONE', *, *, #2637, .T. ) ;
#4071 = CARTESIAN_POINT ( 'NONE',  ( 0.8000000000000005995, 0.5935124837953329457, 0.2750000000000000777 ) ) ;
#4072 = CARTESIAN_POINT ( 'NONE',  ( -0.8000000000000005995, 0.2030000000000000138, -0.2249999999999999500 ) ) ;
#4073 = CARTESIAN_POINT ( 'NONE',  ( 0.2999999999999998224, 0.2030000000000000693, 0.8000000000000002665 ) ) ;
#4074 = LINE ( 'NONE', #1259, #2621 ) ;
#4075 = CYLINDRICAL_SURFACE ( 'NONE', #2075, 0.1000000000000000472 ) ;
#4076 = DIRECTION ( 'NONE',  ( -0.000000000000000000, -1.000000000000000000, -0.000000000000000000 ) ) ;
#4077 = ORIENTED_EDGE ( 'NONE', *, *, #1165, .F. ) ;
#4078 = EDGE_CURVE ( 'NONE', #3427, #3052, #2753, .T. ) ;
#4079 = VECTOR ( 'NONE', #3842, 1000.000000000000000 ) ;
#4080 = AXIS2_PLACEMENT_3D ( 'NONE', #1967, #2283, #2318 ) ;
#4081 = ORIENTED_EDGE ( 'NONE', *, *, #1627, .T. ) ;
#4082 = ADVANCED_FACE ( 'NONE', ( #1194 ), #2719, .T. ) ;
#4083 =( GEOMETRIC_REPRESENTATION_CONTEXT ( 3 ) GLOBAL_UNCERTAINTY_ASSIGNED_CONTEXT ( ( #1914 ) ) GLOBAL_UNIT_ASSIGNED_CONTEXT ( ( #51, #3911, #387 ) ) REPRESENTATION_CONTEXT ( 'NONE', 'WORKASPACE' ) );
#4084 = EDGE_CURVE ( 'NONE', #201, #3456, #4147, .T. ) ;
#4085 = VECTOR ( 'NONE', #3460, 1000.000000000000000 ) ;
#4086 = CARTESIAN_POINT ( 'NONE',  ( -0.8000000000000005995, 0.000000000000000000, -0.6249999999999998890 ) ) ;
#4087 = ORIENTED_EDGE ( 'NONE', *, *, #3191, .T. ) ;
#4088 = CARTESIAN_POINT ( 'NONE',  ( 0.7000000000000005107, 0.04999999999999999584, -0.7749999999999999112 ) ) ;
#4089 = VECTOR ( 'NONE', #1101, 1000.000000000000000 ) ;
#4090 = FACE_OUTER_BOUND ( 'NONE', #1692, .T. ) ;
#4091 = CARTESIAN_POINT ( 'NONE',  ( -0.7000000000000005107, 0.2030000000000000138, -0.2749999999999998557 ) ) ;
#4092 = ORIENTED_EDGE ( 'NONE', *, *, #3711, .F. ) ;
#4093 = CARTESIAN_POINT ( 'NONE',  ( 1.000000000000000444, 0.2030000000000000138, 0.1249999999999998890 ) ) ;
#4094 = DIRECTION ( 'NONE',  ( 1.000000000000000000, 0.000000000000000000, -1.084202172485504040E-15 ) ) ;
#4095 = DIRECTION ( 'NONE',  ( -8.673617379884035472E-16, -0.000000000000000000, 1.000000000000000000 ) ) ;
#4096 = CARTESIAN_POINT ( 'NONE',  ( -1.355252715606892129E-16, 0.05000000000000000278, 0.1250000000000009714 ) ) ;
#4097 = DIRECTION ( 'NONE',  ( 0.000000000000000000, -1.000000000000000000, 0.000000000000000000 ) ) ;
#4098 = VECTOR ( 'NONE', #4356, 1000.000000000000000 ) ;
#4099 = CIRCLE ( 'NONE', #526, 0.1000000000000000472 ) ;
#4100 = ORIENTED_EDGE ( 'NONE', *, *, #3372, .T. ) ;
#4101 = DIRECTION ( 'NONE',  ( -0.000000000000000000, -1.000000000000000000, 0.000000000000000000 ) ) ;
#4102 = CIRCLE ( 'NONE', #1078, 0.1000000000000000472 ) ;
#4103 = FACE_OUTER_BOUND ( 'NONE', #931, .T. ) ;
#4104 = ORIENTED_EDGE ( 'NONE', *, *, #1085, .F. ) ;
#4105 =( GEOMETRIC_REPRESENTATION_CONTEXT ( 3 ) GLOBAL_UNCERTAINTY_ASSIGNED_CONTEXT ( ( #3262 ) ) GLOBAL_UNIT_ASSIGNED_CONTEXT ( ( #2454, #1675, #1361 ) ) REPRESENTATION_CONTEXT ( 'NONE', 'WORKASPACE' ) );
#4106 = FACE_OUTER_BOUND ( 'NONE', #3060, .T. ) ;
#4107 = VECTOR ( 'NONE', #3178, 1000.000000000000000 ) ;
#4108 = DIRECTION ( 'NONE',  ( 0.000000000000000000, 1.000000000000000000, 0.000000000000000000 ) ) ;
#4109 = ORIENTED_EDGE ( 'NONE', *, *, #2069, .F. ) ;
#4110 = ADVANCED_FACE ( 'NONE', ( #2727 ), #3044, .F. ) ;
#4111 = CARTESIAN_POINT ( 'NONE',  ( 0.8000000000000005995, 0.2030000000000000138, -0.1249999999999998890 ) ) ;
#4112 = DIRECTION ( 'NONE',  ( -1.000000000000000000, 0.000000000000000000, 1.084202172485504040E-15 ) ) ;
#4113 = EDGE_CURVE ( 'NONE', #561, #364, #4195, .T. ) ;
#4114 = FACE_OUTER_BOUND ( 'NONE', #4269, .T. ) ;
#4115 = ORIENTED_EDGE ( 'NONE', *, *, #1890, .F. ) ;
#4116 = CLOSED_SHELL ( 'NONE', ( #1009, #1903, #4082, #3273 ) ) ;
#4117 = DIRECTION ( 'NONE',  ( 0.000000000000000000, -0.000000000000000000, 1.000000000000000000 ) ) ;
#4118 = CARTESIAN_POINT ( 'NONE',  ( -0.8000000000000005995, 0.000000000000000000, 0.1250000000000001110 ) ) ;
#4119 = DIRECTION ( 'NONE',  ( 1.000000000000000000, -0.000000000000000000, 1.084202172485504040E-15 ) ) ;
#4120 = DIRECTION ( 'NONE',  ( 0.000000000000000000, 1.000000000000000000, -0.000000000000000000 ) ) ;
#4121 = PRESENTATION_STYLE_ASSIGNMENT (( #2628 ) ) ;
#4122 = ORIENTED_EDGE ( 'NONE', *, *, #3395, .F. ) ;
#4123 = DIRECTION ( 'NONE',  ( 0.000000000000000000, 0.000000000000000000, -1.000000000000000000 ) ) ;
#4124 = ORIENTED_EDGE ( 'NONE', *, *, #405, .T. ) ;
#4125 = COLOUR_RGB ( '',0.7921568627450980005, 0.8196078431372548767, 0.9333333333333333481 ) ;
#4126 = DIRECTION ( 'NONE',  ( 0.000000000000000000, 1.000000000000000000, 0.000000000000000000 ) ) ;
#4127 = CIRCLE ( 'NONE', #2591, 0.1000000000000000472 ) ;
#4128 = ORIENTED_EDGE ( 'NONE', *, *, #2045, .F. ) ;
#4129 = CARTESIAN_POINT ( 'NONE',  ( -0.4000000000000001332, 0.000000000000000000, 0.6999999999999998446 ) ) ;
#4130 = ORIENTED_EDGE ( 'NONE', *, *, #3252, .F. ) ;
#4131 = EDGE_CURVE ( 'NONE', #972, #1681, #4205, .T. ) ;
#4132 = AXIS2_PLACEMENT_3D ( 'NONE', #660, #2413, #3401 ) ;
#4133 = LINE ( 'NONE', #2644, #2632 ) ;
#4134 = ORIENTED_EDGE ( 'NONE', *, *, #923, .F. ) ;
#4135 = CARTESIAN_POINT ( 'NONE',  ( -0.3000000000000002665, 0.2030000000000000693, 0.7999999999999999334 ) ) ;
#4136 = DIRECTION ( 'NONE',  ( -0.000000000000000000, -1.000000000000000000, -0.000000000000000000 ) ) ;
#4137 = AXIS2_PLACEMENT_3D ( 'NONE', #3061, #3772, #322 ) ;
#4138 = VECTOR ( 'NONE', #1806, 1000.000000000000000 ) ;
#4139 = VERTEX_POINT ( 'NONE', #1951 ) ;
#4140 = CARTESIAN_POINT ( 'NONE',  ( -1.000000000000000666, 0.05000000000000000278, -0.9999999999999997780 ) ) ;
#4141 = ORIENTED_EDGE ( 'NONE', *, *, #465, .F. ) ;
#4142 = ADVANCED_FACE ( 'NONE', ( #2652 ), #2693, .T. ) ;
#4143 = CARTESIAN_POINT ( 'NONE',  ( -6.776263578034389894E-16, 0.05000000000000000278, -0.6249999999999990008 ) ) ;
#4144 = DIRECTION ( 'NONE',  ( 0.000000000000000000, -1.000000000000000000, 0.000000000000000000 ) ) ;
#4145 = PLANE ( 'NONE',  #903 ) ;
#4146 = PLANE ( 'NONE',  #2396 ) ;
#4147 = CIRCLE ( 'NONE', #144, 0.1000000000000000472 ) ;
#4148 = VECTOR ( 'NONE', #1311, 1000.000000000000000 ) ;
#4149 = ORIENTED_EDGE ( 'NONE', *, *, #3312, .F. ) ;
#4150 = DIRECTION ( 'NONE',  ( 0.000000000000000000, 0.000000000000000000, -1.000000000000000000 ) ) ;
#4151 = ORIENTED_EDGE ( 'NONE', *, *, #3523, .F. ) ;
#4152 = FACE_OUTER_BOUND ( 'NONE', #1937, .T. ) ;
#4153 = CARTESIAN_POINT ( 'NONE',  ( -0.7000000000000005107, 0.2030000000000000138, -0.7749999999999999112 ) ) ;
#4154 = DIRECTION ( 'NONE',  ( 0.000000000000000000, 0.000000000000000000, 1.000000000000000000 ) ) ;
#4155 = LINE ( 'NONE', #1233, #4098 ) ;
#4156 = ORIENTED_EDGE ( 'NONE', *, *, #3321, .F. ) ;
#4157 = EDGE_CURVE ( 'NONE', #3022, #624, #1176, .T. ) ;
#4158 = DIRECTION ( 'NONE',  ( 1.000000000000000000, 0.000000000000000000, 0.000000000000000000 ) ) ;
#4159 = ORIENTED_EDGE ( 'NONE', *, *, #3368, .F. ) ;
#4160 = AXIS2_PLACEMENT_3D ( 'NONE', #3694, #3995, #615 ) ;
#4161 = VECTOR ( 'NONE', #2602, 1000.000000000000000 ) ;
#4162 = LINE ( 'NONE', #1957, #4268 ) ;
#4163 = ORIENTED_EDGE ( 'NONE', *, *, #45, .T. ) ;
#4164 = EDGE_CURVE ( 'NONE', #318, #1614, #4238, .T. ) ;
#4165 = ORIENTED_EDGE ( 'NONE', *, *, #211, .T. ) ;
#4166 = DIRECTION ( 'NONE',  ( -0.000000000000000000, -1.000000000000000000, -0.000000000000000000 ) ) ;
#4167 = DIRECTION ( 'NONE',  ( 0.000000000000000000, 1.000000000000000000, 0.000000000000000000 ) ) ;
#4168 = CARTESIAN_POINT ( 'NONE',  ( -0.8000000000000005995, 0.2030000000000000138, -0.7249999999999999778 ) ) ;
#4169 = VECTOR ( 'NONE', #2311, 1000.000000000000000 ) ;
#4170 = FACE_OUTER_BOUND ( 'NONE', #1191, .T. ) ;
#4171 = ORIENTED_EDGE ( 'NONE', *, *, #3027, .T. ) ;
#4172 = CARTESIAN_POINT ( 'NONE',  ( 0.3999999999999998557, 0.2030000000000000693, 0.7000000000000001776 ) ) ;
#4173 = MANIFOLD_SOLID_BREP ( 'LPattern2[6]', #187 ) ;
#4174 = ORIENTED_EDGE ( 'NONE', *, *, #3937, .F. ) ;
#4175 = CARTESIAN_POINT ( 'NONE',  ( 0.8000000000000005995, 0.2030000000000000138, 0.8750000000000001110 ) ) ;
#4176 = CARTESIAN_POINT ( 'NONE',  ( -0.4999999999999989453, 0.000000000000000000, -0.5000000000000012212 ) ) ;
#4177 = DIRECTION ( 'NONE',  ( -1.000000000000000000, 0.000000000000000000, 0.000000000000000000 ) ) ;
#4178 = CARTESIAN_POINT ( 'NONE',  ( 0.8000000000000005995, 0.000000000000000000, 0.1250000000000001110 ) ) ;
#4179 = CYLINDRICAL_SURFACE ( 'NONE', #4449, 0.1000000000000000472 ) ;
#4180 = CIRCLE ( 'NONE', #844, 0.1000000000000000472 ) ;
#4181 = EDGE_CURVE ( 'NONE', #2224, #3762, #1396, .T. ) ;
#4182 = ORIENTED_EDGE ( 'NONE', *, *, #576, .F. ) ;
#4183 = CIRCLE ( 'NONE', #1002, 0.1000000000000000472 ) ;
#4184 = DIRECTION ( 'NONE',  ( 0.000000000000000000, 0.000000000000000000, 1.000000000000000000 ) ) ;
#4185 = ORIENTED_EDGE ( 'NONE', *, *, #4244, .F. ) ;
#4186 = EDGE_CURVE ( 'NONE', #3504, #866, #2786, .T. ) ;
#4187 = CARTESIAN_POINT ( 'NONE',  ( 0.7000000000000005107, 0.000000000000000000, -0.2249999999999999500 ) ) ;
#4188 = CARTESIAN_POINT ( 'NONE',  ( 1.000000000000000444, 0.2030000000000000138, 0.6249999999999998890 ) ) ;
#4189 = LINE ( 'NONE', #3785, #1187 ) ;
#4190 = EDGE_LOOP ( 'NONE', ( #1647, #3593, #3600, #2206, #1733, #2960 ) ) ;
#4191 = EDGE_CURVE ( 'NONE', #1960, #4278, #1375, .T. ) ;
#4192 = CARTESIAN_POINT ( 'NONE',  ( -0.7000000000000005107, 0.5935124837953329457, -0.2749999999999998557 ) ) ;
#4193 = AXIS2_PLACEMENT_3D ( 'NONE', #4225, #1708, #2068 ) ;
#4194 = ORIENTED_EDGE ( 'NONE', *, *, #3705, .T. ) ;
#4195 = LINE ( 'NONE', #570, #1169 ) ;
#4196 = AXIS2_PLACEMENT_3D ( 'NONE', #2887, #3850, #4242 ) ;
#4197 = FACE_OUTER_BOUND ( 'NONE', #983, .T. ) ;
#4198 = FACE_OUTER_BOUND ( 'NONE', #2254, .T. ) ;
#4199 = COLOUR_RGB ( '',0.7921568627450980005, 0.8196078431372548767, 0.9333333333333333481 ) ;
#4200 = CARTESIAN_POINT ( 'NONE',  ( 0.8000000000000005995, 0.000000000000000000, -0.8749999999999998890 ) ) ;
#4201 = DIRECTION ( 'NONE',  ( 0.000000000000000000, 1.000000000000000000, 0.000000000000000000 ) ) ;
#4202 = ORIENTED_EDGE ( 'NONE', *, *, #4305, .T. ) ;
#4203 = AXIS2_PLACEMENT_3D ( 'NONE', #918, #2635, #3306 ) ;
#4204 = DIRECTION ( 'NONE',  ( 0.000000000000000000, 1.000000000000000000, 0.000000000000000000 ) ) ;
#4205 = CIRCLE ( 'NONE', #3148, 0.1000000000000000472 ) ;
#4206 = ORIENTED_EDGE ( 'NONE', *, *, #2817, .T. ) ;
#4207 = FACE_OUTER_BOUND ( 'NONE', #46, .T. ) ;
#4208 = CARTESIAN_POINT ( 'NONE',  ( 0.7000000000000005107, 0.5935124837953329457, 0.2750000000000000777 ) ) ;
#4209 = ORIENTED_EDGE ( 'NONE', *, *, #1105, .T. ) ;
#4210 = CARTESIAN_POINT ( 'NONE',  ( -0.8000000000000005995, 0.2030000000000000138, 0.2750000000000000777 ) ) ;
#4211 = CARTESIAN_POINT ( 'NONE',  ( 1.000000000000000666, 0.2030000000000000138, 0.8749999999999998890 ) ) ;
#4212 = PLANE ( 'NONE',  #67 ) ;
#4213 = CARTESIAN_POINT ( 'NONE',  ( 1.000000000000000666, 0.2030000000000000138, 0.8749999999999998890 ) ) ;
#4214 = VECTOR ( 'NONE', #3192, 1000.000000000000000 ) ;
#4215 = VERTEX_POINT ( 'NONE', #2993 ) ;
#4216 = LINE ( 'NONE', #2142, #2712 ) ;
#4217 = PLANE ( 'NONE',  #1279 ) ;
#4218 = VERTEX_POINT ( 'NONE', #2664 ) ;
#4219 = EDGE_CURVE ( 'NONE', #2629, #3489, #1404, .T. ) ;
#4220 = VECTOR ( 'NONE', #3625, 1000.000000000000000 ) ;
#4221 = DIRECTION ( 'NONE',  ( 0.000000000000000000, -0.000000000000000000, 1.000000000000000000 ) ) ;
#4222 = FACE_OUTER_BOUND ( 'NONE', #3619, .T. ) ;
#4223 = ORIENTED_EDGE ( 'NONE', *, *, #2501, .T. ) ;
#4224 = AXIS2_PLACEMENT_3D ( 'NONE', #1268, #267, #1621 ) ;
#4225 = CARTESIAN_POINT ( 'NONE',  ( 0.8000000000000005995, 0.04999999999999999584, 0.2750000000000000777 ) ) ;
#4226 = EDGE_LOOP ( 'NONE', ( #2505, #3938, #2492, #888, #532, #853 ) ) ;
#4227 = ADVANCED_FACE ( 'NONE', ( #4377 ), #2580, .T. ) ;
#4228 = LINE ( 'NONE', #3929, #4220 ) ;
#4229 = CARTESIAN_POINT ( 'NONE',  ( 0.8000000000000005995, 0.2030000000000000138, 0.1250000000000001110 ) ) ;
#4230 = VECTOR ( 'NONE', #1989, 1000.000000000000000 ) ;
#4231 = VECTOR ( 'NONE', #2419, 1000.000000000000000 ) ;
#4232 = DIRECTION ( 'NONE',  ( -0.000000000000000000, -1.000000000000000000, -0.000000000000000000 ) ) ;
#4233 = CARTESIAN_POINT ( 'NONE',  ( -0.1999999999999989564, 0.000000000000000000, -0.7999999999999999334 ) ) ;
#4234 = EDGE_CURVE ( 'NONE', #577, #3189, #1316, .T. ) ;
#4235 = VERTEX_POINT ( 'NONE', #1897 ) ;
#4236 = CARTESIAN_POINT ( 'NONE',  ( 0.8000000000000005995, 0.2030000000000000138, 0.6250000000000001110 ) ) ;
#4237 = DIRECTION ( 'NONE',  ( 0.000000000000000000, 0.000000000000000000, 1.000000000000000000 ) ) ;
#4238 = LINE ( 'NONE', #611, #4169 ) ;
#4239 = VECTOR ( 'NONE', #1294, 1000.000000000000000 ) ;
#4240 = ORIENTED_EDGE ( 'NONE', *, *, #338, .F. ) ;
#4241 = VECTOR ( 'NONE', #2517, 1000.000000000000000 ) ;
#4242 = DIRECTION ( 'NONE',  ( 0.000000000000000000, 0.000000000000000000, 1.000000000000000000 ) ) ;
#4243 = ORIENTED_EDGE ( 'NONE', *, *, #1031, .F. ) ;
#4244 = EDGE_CURVE ( 'NONE', #2579, #2802, #4327, .T. ) ;
#4245 = DIRECTION ( 'NONE',  ( 0.000000000000000000, -1.000000000000000000, 0.000000000000000000 ) ) ;
#4246 = CARTESIAN_POINT ( 'NONE',  ( -0.8000000000000005995, 0.2030000000000000138, -0.3749999999999998890 ) ) ;
#4247 = DIRECTION ( 'NONE',  ( -0.000000000000000000, -1.000000000000000000, -0.000000000000000000 ) ) ;
#4248 = DIRECTION ( 'NONE',  ( -0.000000000000000000, -1.000000000000000000, -0.000000000000000000 ) ) ;
#4249 = ADVANCED_FACE ( 'NONE', ( #2880 ), #263, .F. ) ;
#4250 = ORIENTED_EDGE ( 'NONE', *, *, #4405, .T. ) ;
#4251 = FACE_OUTER_BOUND ( 'NONE', #3231, .T. ) ;
#4252 = ORIENTED_EDGE ( 'NONE', *, *, #248, .T. ) ;
#4253 = EDGE_CURVE ( 'NONE', #943, #3189, #4336, .T. ) ;
#4254 = AXIS2_PLACEMENT_3D ( 'NONE', #2439, #1395, #3403 ) ;
#4255 = LINE ( 'NONE', #2154, #2672 ) ;
#4256 = LINE ( 'NONE', #1290, #2754 ) ;
#4257 = PLANE ( 'NONE',  #2198 ) ;
#4258 = CIRCLE ( 'NONE', #3933, 0.1000000000000000472 ) ;
#4259 = DIRECTION ( 'NONE',  ( 1.000000000000000000, 0.000000000000000000, -1.084202172485504040E-15 ) ) ;
#4260 = ORIENTED_EDGE ( 'NONE', *, *, #482, .T. ) ;
#4261 = LINE ( 'NONE', #226, #4161 ) ;
#4262 = LINE ( 'NONE', #3780, #1276 ) ;
#4263 = LINE ( 'NONE', #3605, #4285 ) ;
#4264 = PLANE ( 'NONE',  #3662 ) ;
#4265 = DIRECTION ( 'NONE',  ( 1.000000000000000000, 0.000000000000000000, 1.084202172485505223E-15 ) ) ;
#4266 = DIRECTION ( 'NONE',  ( -0.000000000000000000, -1.000000000000000000, -0.000000000000000000 ) ) ;
#4267 = CARTESIAN_POINT ( 'NONE',  ( 0.8000000000000005995, 0.2030000000000000138, -0.3749999999999998890 ) ) ;
#4268 = VECTOR ( 'NONE', #2448, 1000.000000000000000 ) ;
#4269 = EDGE_LOOP ( 'NONE', ( #741, #2743, #3752, #1459 ) ) ;
#4270 = FACE_BOUND ( 'NONE', #3032, .T. ) ;
#4271 = ORIENTED_EDGE ( 'NONE', *, *, #4157, .T. ) ;
#4272 = CARTESIAN_POINT ( 'NONE',  ( 0.8000000000000005995, 0.000000000000000000, -0.2749999999999998557 ) ) ;
#4273 = CARTESIAN_POINT ( 'NONE',  ( -1.000000000000000666, 0.05000000000000000278, -0.9999999999999997780 ) ) ;
#4274 = VECTOR ( 'NONE', #4441, 1000.000000000000000 ) ;
#4275 = ORIENTED_EDGE ( 'NONE', *, *, #4453, .F. ) ;
#4276 = CIRCLE ( 'NONE', #2605, 0.1000000000000000472 ) ;
#4277 = EDGE_CURVE ( 'NONE', #1686, #3964, #1381, .T. ) ;
#4278 = VERTEX_POINT ( 'NONE', #4021 ) ;
#4279 = CARTESIAN_POINT ( 'NONE',  ( 0.8000000000000005995, 0.2030000000000000138, 0.1250000000000001110 ) ) ;
#4280 = ADVANCED_FACE ( 'NONE', ( #2888 ), #4361, .T. ) ;
#4281 = DIRECTION ( 'NONE',  ( 1.000000000000000000, -0.000000000000000000, -1.084202172485505223E-15 ) ) ;
#4282 = VECTOR ( 'NONE', #3282, 1000.000000000000000 ) ;
#4283 = VECTOR ( 'NONE', #3743, 1000.000000000000000 ) ;
#4284 = CARTESIAN_POINT ( 'NONE',  ( -4.065758146820633739E-16, 0.05000000000000000278, -0.3749999999999990563 ) ) ;
#4285 = VECTOR ( 'NONE', #148, 1000.000000000000000 ) ;
#4286 = DIRECTION ( 'NONE',  ( -0.000000000000000000, 0.000000000000000000, 1.000000000000000000 ) ) ;
#4287 = VERTEX_POINT ( 'NONE', #3633 ) ;
#4288 = LINE ( 'NONE', #2477, #2811 ) ;
#4289 = CARTESIAN_POINT ( 'NONE',  ( -0.7000000000000007327, 0.8499999999999999778, -0.5750000000000005107 ) ) ;
#4290 = LINE ( 'NONE', #1754, #1307 ) ;
#4291 = EDGE_CURVE ( 'NONE', #3211, #3104, #4386, .T. ) ;
#4292 = FACE_OUTER_BOUND ( 'NONE', #3874, .T. ) ;
#4293 = DIRECTION ( 'NONE',  ( 0.000000000000000000, -1.000000000000000000, 0.000000000000000000 ) ) ;
#4294 = LINE ( 'NONE', #3338, #2756 ) ;
#4295 = DIRECTION ( 'NONE',  ( -8.673617379884035472E-16, 0.000000000000000000, -1.000000000000000000 ) ) ;
#4296 =( LENGTH_UNIT ( ) NAMED_UNIT ( * ) SI_UNIT ( .MILLI., .METRE. ) );
#4297 = ORIENTED_EDGE ( 'NONE', *, *, #2158, .T. ) ;
#4298 = DIRECTION ( 'NONE',  ( -1.084202172485505223E-15, 0.000000000000000000, 1.000000000000000000 ) ) ;
#4299 = VECTOR ( 'NONE', #3302, 1000.000000000000000 ) ;
#4300 = LINE ( 'NONE', #3943, #1224 ) ;
#4301 = LINE ( 'NONE', #1348, #1354 ) ;
#4302 = EDGE_CURVE ( 'NONE', #1017, #3512, #2903, .T. ) ;
#4303 = VECTOR ( 'NONE', #3555, 1000.000000000000000 ) ;
#4304 = VERTEX_POINT ( 'NONE', #764 ) ;
#4305 = EDGE_CURVE ( 'NONE', #1548, #3636, #4309, .T. ) ;
#4306 = CARTESIAN_POINT ( 'NONE',  ( 0.7000000000000005107, 0.5935124837953329457, -0.7249999999999999778 ) ) ;
#4307 = CARTESIAN_POINT ( 'NONE',  ( 0.3999999999999998557, 1.991854381999832224, 0.8000000000000002665 ) ) ;
#4308 = DIRECTION ( 'NONE',  ( 1.000000000000000000, 0.000000000000000000, -1.084202172485505223E-15 ) ) ;
#4309 = LINE ( 'NONE', #59, #1323 ) ;
#4310 = VECTOR ( 'NONE', #1195, 1000.000000000000000 ) ;
#4311 = EDGE_CURVE ( 'NONE', #2247, #2286, #2872, .T. ) ;
#4312 = ORIENTED_EDGE ( 'NONE', *, *, #3660, .T. ) ;
#4313 = AXIS2_PLACEMENT_3D ( 'NONE', #376, #746, #2871 ) ;
#4314 = VECTOR ( 'NONE', #1086, 1000.000000000000000 ) ;
#4315 = CARTESIAN_POINT ( 'NONE',  ( 1.355252715606892129E-16, 0.05000000000000000278, 0.1250000000000009714 ) ) ;
#4316 = VECTOR ( 'NONE', #1173, 1000.000000000000000 ) ;
#4317 = CARTESIAN_POINT ( 'NONE',  ( -0.8000000000000005995, 0.2030000000000000138, 0.2750000000000000777 ) ) ;
#4318 = ORIENTED_EDGE ( 'NONE', *, *, #2442, .F. ) ;
#4319 = ADVANCED_FACE ( 'NONE', ( #2917 ), #2504, .T. ) ;
#4320 = DIRECTION ( 'NONE',  ( 0.000000000000000000, -1.000000000000000000, -0.000000000000000000 ) ) ;
#4321 = FACE_OUTER_BOUND ( 'NONE', #1356, .T. ) ;
#4322 = VECTOR ( 'NONE', #2110, 1000.000000000000000 ) ;
#4323 = DIRECTION ( 'NONE',  ( -1.084202172485504434E-16, 0.000000000000000000, -1.000000000000000000 ) ) ;
#4324 = CARTESIAN_POINT ( 'NONE',  ( 0.7000000000000005107, 0.2030000000000000138, 0.2250000000000001443 ) ) ;
#4325 = VERTEX_POINT ( 'NONE', #1028 ) ;
#4326 = CARTESIAN_POINT ( 'NONE',  ( 0.8000000000000005995, 0.5935124837953329457, -0.2749999999999998557 ) ) ;
#4327 = CIRCLE ( 'NONE', #1838, 0.1000000000000000472 ) ;
#4328 = LINE ( 'NONE', #3355, #4283 ) ;
#4329 = CARTESIAN_POINT ( 'NONE',  ( 0.7000000000000005107, 0.5935124837953329457, -0.2249999999999999500 ) ) ;
#4330 = VECTOR ( 'NONE', #859, 1000.000000000000000 ) ;
#4331 = ORIENTED_EDGE ( 'NONE', *, *, #1949, .F. ) ;
#4332 = SURFACE_STYLE_USAGE ( .BOTH. , #4391 ) ;
#4333 = PLANE ( 'NONE',  #3133 ) ;
#4334 = EDGE_CURVE ( 'NONE', #2049, #313, #1421, .T. ) ;
#4335 = DIRECTION ( 'NONE',  ( -0.000000000000000000, -1.000000000000000000, 0.000000000000000000 ) ) ;
#4336 = LINE ( 'NONE', #1645, #4371 ) ;
#4337 = VECTOR ( 'NONE', #1022, 1000.000000000000000 ) ;
#4338 = ORIENTED_EDGE ( 'NONE', *, *, #3293, .T. ) ;
#4339 = CIRCLE ( 'NONE', #886, 0.1000000000000000472 ) ;
#4340 = ORIENTED_EDGE ( 'NONE', *, *, #3830, .F. ) ;
#4341 = VECTOR ( 'NONE', #3992, 1000.000000000000000 ) ;
#4342 = MANIFOLD_SOLID_BREP ( 'LPattern2[4]', #822 ) ;
#4343 = ADVANCED_FACE ( 'NONE', ( #4421 ), #2797, .T. ) ;
#4344 = DIRECTION ( 'NONE',  ( 0.000000000000000000, 1.000000000000000000, 0.000000000000000000 ) ) ;
#4345 = FACE_OUTER_BOUND ( 'NONE', #3188, .T. ) ;
#4346 = CARTESIAN_POINT ( 'NONE',  ( -0.8000000000000005995, 0.5935124837953329457, -0.1249999999999998890 ) ) ;
#4347 = VECTOR ( 'NONE', #3839, 1000.000000000000000 ) ;
#4348 = DIRECTION ( 'NONE',  ( 0.000000000000000000, 1.000000000000000000, 0.000000000000000000 ) ) ;
#4349 = ORIENTED_EDGE ( 'NONE', *, *, #3502, .F. ) ;
#4350 = EDGE_CURVE ( 'NONE', #4139, #1646, #2846, .T. ) ;
#4351 = DIRECTION ( 'NONE',  ( -0.000000000000000000, 0.000000000000000000, 1.000000000000000000 ) ) ;
#4352 = LINE ( 'NONE', #1250, #2991 ) ;
#4353 = CARTESIAN_POINT ( 'NONE',  ( -0.7000000000000005107, 0.2030000000000000138, -0.2249999999999999500 ) ) ;
#4354 = CARTESIAN_POINT ( 'NONE',  ( 0.7000000000000005107, 0.000000000000000000, 0.2750000000000000777 ) ) ;
#4355 = ORIENTED_EDGE ( 'NONE', *, *, #1902, .T. ) ;
#4356 = DIRECTION ( 'NONE',  ( -0.000000000000000000, -1.000000000000000000, -0.000000000000000000 ) ) ;
#4357 = EDGE_CURVE ( 'NONE', #2410, #2675, #4288, .T. ) ;
#4358 = COLOUR_RGB ( '',0.7921568627450980005, 0.8196078431372548767, 0.9333333333333333481 ) ;
#4359 = ADVANCED_FACE ( 'NONE', ( #1370 ), #1364, .T. ) ;
#4360 = CYLINDRICAL_SURFACE ( 'NONE', #3409, 0.1250000000000000000 ) ;
#4361 = PLANE ( 'NONE',  #2706 ) ;
#4362 = VECTOR ( 'NONE', #2291, 1000.000000000000000 ) ;
#4363 = ORIENTED_EDGE ( 'NONE', *, *, #4402, .F. ) ;
#4364 = PLANE ( 'NONE',  #4203 ) ;
#4365 = DIRECTION ( 'NONE',  ( 0.000000000000000000, 1.000000000000000000, 0.000000000000000000 ) ) ;
#4366 = DIRECTION ( 'NONE',  ( 0.000000000000000000, 1.000000000000000000, 0.000000000000000000 ) ) ;
#4367 = EDGE_CURVE ( 'NONE', #2650, #1842, #2941, .T. ) ;
#4368 = AXIS2_PLACEMENT_3D ( 'NONE', #1846, #2473, #2209 ) ;
#4369 = VECTOR ( 'NONE', #4007, 1000.000000000000000 ) ;
#4370 = ORIENTED_EDGE ( 'NONE', *, *, #1839, .T. ) ;
#4371 = VECTOR ( 'NONE', #4076, 1000.000000000000000 ) ;
#4372 = CARTESIAN_POINT ( 'NONE',  ( -0.8000000000000005995, 0.2030000000000000138, -0.1249999999999998890 ) ) ;
#4373 = VECTOR ( 'NONE', #2823, 1000.000000000000000 ) ;
#4374 = DIRECTION ( 'NONE',  ( 0.000000000000000000, 1.000000000000000000, 0.000000000000000000 ) ) ;
#4375 = DIRECTION ( 'NONE',  ( 0.000000000000000000, -1.000000000000000000, 0.000000000000000000 ) ) ;
#4376 = ORIENTED_EDGE ( 'NONE', *, *, #2367, .T. ) ;
#4377 = FACE_OUTER_BOUND ( 'NONE', #2476, .T. ) ;
#4378 = CARTESIAN_POINT ( 'NONE',  ( 1.000000000000000666, 0.2030000000000000138, -0.6250000000000001110 ) ) ;
#4379 = FACE_OUTER_BOUND ( 'NONE', #636, .T. ) ;
#4380 = EDGE_CURVE ( 'NONE', #2286, #695, #4432, .T. ) ;
#4381 = DIRECTION ( 'NONE',  ( 0.000000000000000000, 1.000000000000000000, 0.000000000000000000 ) ) ;
#4382 = CARTESIAN_POINT ( 'NONE',  ( -0.1999999999999984845, 0.05000000000000000278, -0.7999999999999999334 ) ) ;
#4383 = ORIENTED_EDGE ( 'NONE', *, *, #192, .F. ) ;
#4384 = CARTESIAN_POINT ( 'NONE',  ( -0.7000000000000007327, 0.8499999999999999778, -0.7000000000000005107 ) ) ;
#4385 = AXIS2_PLACEMENT_3D ( 'NONE', #4384, #3986, #939 ) ;
#4386 = LINE ( 'NONE', #646, #2806 ) ;
#4387 = DIRECTION ( 'NONE',  ( 1.084202172485504040E-15, 0.000000000000000000, -1.000000000000000000 ) ) ;
#4388 = VECTOR ( 'NONE', #1359, 1000.000000000000000 ) ;
#4389 = EDGE_CURVE ( 'NONE', #3511, #784, #1330, .T. ) ;
#4390 = ORIENTED_EDGE ( 'NONE', *, *, #1095, .T. ) ;
#4391 = SURFACE_SIDE_STYLE ('',( #161 ) ) ;
#4392 = CARTESIAN_POINT ( 'NONE',  ( -0.8000000000000005995, 0.2030000000000000138, 0.8750000000000001110 ) ) ;
#4393 = CARTESIAN_POINT ( 'NONE',  ( 0.000000000000000000, 0.05000000000000000278, 0.000000000000000000 ) ) ;
#4394 = ADVANCED_FACE ( 'NONE', ( #1338 ), #4217, .F. ) ;
#4395 = LINE ( 'NONE', #3316, #4369 ) ;
#4396 = ORIENTED_EDGE ( 'NONE', *, *, #3570, .F. ) ;
#4397 = SURFACE_STYLE_FILL_AREA ( #4444 ) ;
#4398 = PLANE ( 'NONE',  #3344 ) ;
#4399 = CARTESIAN_POINT ( 'NONE',  ( 0.8000000000000005995, 0.5935124837953329457, -0.3749999999999998890 ) ) ;
#4400 = EDGE_CURVE ( 'NONE', #3547, #3539, #1440, .T. ) ;
#4401 = PLANE ( 'NONE',  #155 ) ;
#4402 = EDGE_CURVE ( 'NONE', #3668, #98, #2830, .T. ) ;
#4403 = EDGE_LOOP ( 'NONE', ( #3320, #417, #3446, #1929, #154, #1502 ) ) ;
#4404 = FACE_OUTER_BOUND ( 'NONE', #249, .T. ) ;
#4405 = EDGE_CURVE ( 'NONE', #4218, #553, #3063, .T. ) ;
#4406 = DIRECTION ( 'NONE',  ( -0.000000000000000000, -1.000000000000000000, -0.000000000000000000 ) ) ;
#4407 = CARTESIAN_POINT ( 'NONE',  ( -0.8000000000000005995, 0.2030000000000000138, 0.2250000000000001443 ) ) ;
#4408 = DIRECTION ( 'NONE',  ( -8.673617379884035472E-16, -0.000000000000000000, 1.000000000000000000 ) ) ;
#4409 = ORIENTED_EDGE ( 'NONE', *, *, #145, .T. ) ;
#4410 = CARTESIAN_POINT ( 'NONE',  ( -0.7000000000000005107, 0.000000000000000000, 0.7750000000000001332 ) ) ;
#4411 = AXIS2_PLACEMENT_3D ( 'NONE', #701, #3410, #3328 ) ;
#4412 = CARTESIAN_POINT ( 'NONE',  ( -1.000000000000000666, 0.000000000000000000, 0.8749999999999998890 ) ) ;
#4413 = AXIS2_PLACEMENT_3D ( 'NONE', #304, #1001, #2086 ) ;
#4414 = ORIENTED_EDGE ( 'NONE', *, *, #2543, .T. ) ;
#4415 = CARTESIAN_POINT ( 'NONE',  ( 0.8000000000000005995, 0.04999999999999999584, -0.2749999999999998557 ) ) ;
#4416 = VECTOR ( 'NONE', #3289, 1000.000000000000000 ) ;
#4417 = ORIENTED_EDGE ( 'NONE', *, *, #121, .T. ) ;
#4418 = AXIS2_PLACEMENT_3D ( 'NONE', #2496, #2120, #1109 ) ;
#4419 = CARTESIAN_POINT ( 'NONE',  ( -0.8000000000000005995, 0.5935124837953329457, 0.1250000000000001110 ) ) ;
#4420 = DIRECTION ( 'NONE',  ( 0.000000000000000000, 1.000000000000000000, 0.000000000000000000 ) ) ;
#4421 = FACE_OUTER_BOUND ( 'NONE', #4008, .T. ) ;
#4422 = VECTOR ( 'NONE', #558, 1000.000000000000000 ) ;
#4423 = ORIENTED_EDGE ( 'NONE', *, *, #1829, .F. ) ;
#4424 = DIRECTION ( 'NONE',  ( 0.7071067811865436870, -0.000000000000000000, 0.7071067811865513475 ) ) ;
#4425 = DIRECTION ( 'NONE',  ( -0.000000000000000000, -1.000000000000000000, -0.000000000000000000 ) ) ;
#4426 = DIRECTION ( 'NONE',  ( -1.000000000000000000, 0.000000000000000000, -1.084202172485505223E-15 ) ) ;
#4427 = VECTOR ( 'NONE', #224, 1000.000000000000000 ) ;
#4428 = DIRECTION ( 'NONE',  ( -0.000000000000000000, -1.000000000000000000, -0.000000000000000000 ) ) ;
#4429 = CARTESIAN_POINT ( 'NONE',  ( 1.000000000000000666, 0.5935124837953329457, 0.8749999999999998890 ) ) ;
#4430 = ORIENTED_EDGE ( 'NONE', *, *, #455, .F. ) ;
#4431 = EDGE_CURVE ( 'NONE', #3916, #561, #87, .T. ) ;
#4432 = LINE ( 'NONE', #2728, #4314 ) ;
#4433 = DIRECTION ( 'NONE',  ( 0.000000000000000000, -1.000000000000000000, -0.000000000000000000 ) ) ;
#4434 = VECTOR ( 'NONE', #535, 1000.000000000000000 ) ;
#4435 = VECTOR ( 'NONE', #4293, 1000.000000000000000 ) ;
#4436 = ADVANCED_FACE ( 'NONE', ( #3096 ), #117, .T. ) ;
#4437 = MECHANICAL_DESIGN_GEOMETRIC_PRESENTATION_REPRESENTATION (  '', ( #3910 ), #1494 ) ;
#4438 = CARTESIAN_POINT ( 'NONE',  ( -0.8000000000000005995, 0.2030000000000000138, 0.7250000000000001998 ) ) ;
#4439 = DIRECTION ( 'NONE',  ( 1.000000000000000000, 0.000000000000000000, 1.084202172485505223E-15 ) ) ;
#4440 = ORIENTED_EDGE ( 'NONE', *, *, #1193, .F. ) ;
#4441 = DIRECTION ( 'NONE',  ( -0.000000000000000000, 0.000000000000000000, 1.000000000000000000 ) ) ;
#4442 = COLOUR_RGB ( '',0.7921568627450980005, 0.8196078431372548767, 0.9333333333333333481 ) ;
#4443 = VECTOR ( 'NONE', #19, 1000.000000000000000 ) ;
#4444 = FILL_AREA_STYLE ('',( #3505 ) ) ;
#4445 = PRESENTATION_STYLE_ASSIGNMENT (( #2733 ) ) ;
#4446 = EDGE_LOOP ( 'NONE', ( #2478, #337, #2177, #2404 ) ) ;
#4447 = EDGE_CURVE ( 'NONE', #3512, #3132, #1547, .T. ) ;
#4448 = CARTESIAN_POINT ( 'NONE',  ( 0.7000000000000005107, 0.000000000000000000, -0.2249999999999999500 ) ) ;
#4449 = AXIS2_PLACEMENT_3D ( 'NONE', #3017, #1920, #637 ) ;
#4450 = EDGE_CURVE ( 'NONE', #1517, #656, #3089, .T. ) ;
#4451 = DIRECTION ( 'NONE',  ( 0.000000000000000000, 0.000000000000000000, 1.000000000000000000 ) ) ;
#4452 = LINE ( 'NONE', #4284, #4422 ) ;
#4453 = EDGE_CURVE ( 'NONE', #2263, #965, #57, .T. ) ;
#4454 = DIRECTION ( 'NONE',  ( -1.000000000000000000, 0.000000000000000000, 0.000000000000000000 ) ) ;
#4455 = CARTESIAN_POINT ( 'NONE',  ( -0.8000000000000005995, 0.2030000000000000138, 0.6250000000000001110 ) ) ;
#4456 = ORIENTED_EDGE ( 'NONE', *, *, #2320, .T. ) ;
#4457 = VECTOR ( 'NONE', #366, 1000.000000000000000 ) ;
#4458 = EDGE_CURVE ( 'NONE', #757, #728, #3024, .T. ) ;
#4459 = DIRECTION ( 'NONE',  ( -8.673617379884036458E-16, 0.000000000000000000, 1.000000000000000000 ) ) ;
#4460 = AXIS2_PLACEMENT_3D ( 'NONE', #2758, #4462, #3358 ) ;
#4461 = DIRECTION ( 'NONE',  ( -0.000000000000000000, -1.000000000000000000, -0.000000000000000000 ) ) ;
#4462 = DIRECTION ( 'NONE',  ( 0.000000000000000000, 1.000000000000000000, 0.000000000000000000 ) ) ;
#4463 = CARTESIAN_POINT ( 'NONE',  ( -0.7000000000000005107, 0.2030000000000000138, -0.2749999999999998557 ) ) ;
#4464 = VERTEX_POINT ( 'NONE', #899 ) ;
ENDSEC;
END-ISO-10303-21;
